id_producto,nombre,id_categoria,marca,activo
1,Clavos 00001,222,,NO
2,Taladro 00002,8990,Stanley,NO
3,Cerradura 00003,10555,Truper,TRUE
4,Sierra 00004,5641,,
5,Brocha 00005,4198,Makita,NO
6,Cerradura 00006,613,Truper,NO
7,Tornillo 00007,3028,Stanley,FALSE
8,Tornillo 00008,9422,Total,0
9,Tornillo 00009,2347,,0
10,Pintura 00010,4079,Total,
11,Taladro 00011,6027,EPAHome,SI
12,Reflector 00012,3670,Makita,SI
13,Clavos 00013,4821,Total,
14,Pulidora 00014,9938,,0
15,Reflector 00015,2828,Truper,FALSE
16,Reflector 00016,9841,EPAHome,SI
17,Martillo 00017,2797,Truper,NO
18,Taladro 00018,10541,Truper,0
19,Pintura 00019,4809,Pretul,
20,Brocha 00020,9017,Makita,FALSE
21,Taladro 00021,5240,Bosch,
22,Tornillo 00022,1334,EPAHome,
23,Sierra 00023,313,,TRUE
24,Cerradura 00024,6462,Makita,SI
25,Reflector 00025,2287,Stanley,NO
26,Sierra 00026,8206,Pretul,1
27,Cerradura 00027,2928,Makita,TRUE
28,Pintura 00028,5804,Makita,NO
29,Tornillo 00029,9544,,FALSE
30,Brocha 00030,9710,EPAHome,0
31,Brocha 00031,6050,EPAHome,FALSE
32,Pulidora 00032,5269,,NO
33,,248,Makita,SI
34,Cerradura 00034,1884,Total,FALSE
35,Clavos 00035,10142,Stanley,1
36,Reflector 00036,9148,Pretul,NO
37,Sierra 00037,2805,Bosch,
38,Sierra 00038,1650,Stanley,SI
39,Brocha 00039,4974,EPAHome,0
40,Tornillo 00040,9346,Stanley,TRUE
41,Pulidora 00041,10119,Truper,1
42,Taladro 00042,2653,Bosch,NO
43,Sierra 00043,1483,Bosch,0
44,Brocha 00044,8706,Total,1
45,Cerradura 00045,4640,Stanley,0
46,Taladro 00046,6835,Total,NO
47,Sierra 00047,422,Truper,SI
48,Cerradura 00048,1355,EPAHome,SI
49,Tornillo 00049,201,Makita,SI
50,Pulidora 00050,2380,Bosch,SI
51,Brocha 00051,2057,Total,FALSE
52,Sierra 00052,4311,Makita,0
53,Pintura 00053,4336,,1
54,Tornillo 00054,2837,Stanley,SI
55,Cerradura 00055,7925,Stanley,
56,Taladro 00056,3241,EPAHome,0
57,Brocha 00057,6142,Truper,FALSE
58,Sierra 00058,6594,Makita,TRUE
59,Clavos 00059,851,Truper,0
60,Sierra 00060,6330,Truper,
61,Pintura 00061,5420,Total,FALSE
62,Taladro 00062,10833,,
63,Brocha 00063,4131,Stanley,
64,Brocha 00064,1488,Total,TRUE
65,Tornillo 00065,366,Bosch,0
66,,7726,Bosch,1
67,Reflector 00067,4586,Makita,SI
68,Pulidora 00068,1753,Makita,SI
69,Cerradura 00069,10558,Total,TRUE
70,Cerradura 00070,7892,Truper,0
71,Cerradura 00071,4426,Truper,1
72,Brocha 00072,6508,Bosch,SI
73,Martillo 00073,9765,Total,
74,Pintura 00074,8199,,NO
75,Clavos 00075,5296,Truper,NO
76,Brocha 00076,9488,EPAHome,SI
P77,Cerradura 00077,7749,Bosch,FALSE
78,Clavos 00078,241,EPAHome,1
79,Cerradura 00079,7737,,FALSE
80,Pintura 00080,4644,Makita,FALSE
81,Sierra 00081,4968,Makita,1
82,Reflector 00082,10407,Pretul,NO
83,Pintura 00083,2264,Truper,1
84,Sierra 00084,4625,Bosch,
85,Martillo 00085,1107,Truper,SI
86,Clavos 00086,8146,Pretul,NO
87,Reflector 00087,458,Truper,
88,Pulidora 00088,8383,Truper,NO
89,Pintura 00089,8707,Total,TRUE
90,Brocha 00090,2667,EPAHome,0
91,Pulidora 00091,6,,1
92,Sierra 00092,8870,Total,FALSE
93,Taladro 00093,5062,EPAHome,
94,Sierra 00094,3396,Stanley,
95,Clavos 00095,2234,Truper,SI
96,Clavos 00096,4467,Bosch,1
97,Pulidora 00097,9056,Stanley,NO
98,Cerradura 00098,3441,Pretul,SI
99,,2522,EPAHome,
100,Pintura 00100,1879,Total,1
101,Reflector 00101,1323,Bosch,TRUE
102,Pulidora 00102,10000,Bosch,0
103,Martillo 00103,9952,Makita,FALSE
104,Martillo 00104,4620,Total,SI
105,Sierra 00105,1327,Stanley,1
106,Brocha 00106,8579,,
107,Taladro 00107,703,Bosch,NO
108,Tornillo 00108,2395,Truper,1
109,Pulidora 00109,6491,EPAHome,1
110,Brocha 00110,8634,EPAHome,1
111,Martillo 00111,8775,Pretul,1
112,Sierra 00112,1722,EPAHome,TRUE
113,Pulidora 00113,7415,Stanley,TRUE
114,Pulidora 00114,10245,,SI
115,Martillo 00115,3149,Pretul,SI
116,Brocha 00116,723,Makita,NO
117,Brocha 00117,1310,,FALSE
118,Tornillo 00118,5256,Bosch,FALSE
119,Pintura 00119,2814,Pretul,TRUE
120,Reflector 00120,9186,EPAHome,
121,Reflector 00121,4069,EPAHome,NO
122,Clavos 00122,1022,Makita,FALSE
123,Cerradura 00123,9114,Total,1
124,Reflector 00124,6902,Pretul,NO
125,Pulidora 00125,10762,Truper,TRUE
126,Pulidora 00126,2639,Pretul,NO
127,Pulidora 00127,804,Bosch,NO
128,Brocha 00128,7510,Total,FALSE
129,Sierra 00129,7373,Pretul,TRUE
130,Tornillo 00130,4587,Pretul,
131,Tornillo 00131,374,Stanley,FALSE
132,,6440,Bosch,SI
133,Tornillo 00133,3904,Truper,1
134,Martillo 00134,7361,Stanley,NO
135,Pintura 00135,4284,Pretul,1
136,Pulidora 00136,9448,Bosch,1
137,Sierra 00137,9279,Pretul,0
138,Brocha 00138,733,,0
139,Taladro 00139,5529,,NO
140,Taladro 00140,7805,,FALSE
141,Pulidora 00141,7551,Makita,1
142,Brocha 00142,1845,EPAHome,
143,Tornillo 00143,2128,Truper,SI
144,Cerradura 00144,7944,Stanley,1
145,Taladro 00145,10255,Stanley,FALSE
146,Pulidora 00146,1485,Stanley,0
147,Tornillo 00147,2047,,0
148,Clavos 00148,3801,EPAHome,TRUE
149,Cerradura 00149,2516,Truper,FALSE
150,Tornillo 00150,8731,Stanley,TRUE
151,Pintura 00151,5835,Stanley,1
152,Tornillo 00152,5002,Bosch,
153,Cerradura 00153,3294,Makita,1
P154,Pulidora 00154,1598,Truper,NO
155,Sierra 00155,8405,,TRUE
156,Reflector 00156,1582,Makita,TRUE
157,Brocha 00157,467,Total,TRUE
158,Tornillo 00158,4348,Bosch,1
159,Sierra 00159,1060,,
160,Brocha 00160,1409,Stanley,FALSE
161,Martillo 00161,3398,Stanley,NO
162,Tornillo 00162,5717,Pretul,NO
163,Pulidora 00163,7076,Stanley,NO
164,Reflector 00164,9250,Truper,
165,,7395,Truper,NO
166,Cerradura 00166,10190,,NO
167,Sierra 00167,3775,Bosch,SI
168,Martillo 00168,5312,EPAHome,SI
169,Sierra 00169,10248,Total,SI
170,Pintura 00170,5992,Truper,FALSE
171,Reflector 00171,4249,EPAHome,FALSE
172,Martillo 00172,1944,Bosch,1
173,Martillo 00173,2088,EPAHome,NO
174,Taladro 00174,9188,Stanley,TRUE
175,Pintura 00175,10811,,TRUE
176,Pintura 00176,8236,,TRUE
177,Clavos 00177,2297,Total,1
178,Tornillo 00178,589,Truper,1
179,Cerradura 00179,191,Pretul,TRUE
180,Pulidora 00180,5671,Truper,SI
181,Reflector 00181,4441,,0
182,Sierra 00182,10272,Truper,FALSE
183,Sierra 00183,10729,Bosch,1
184,Clavos 00184,4633,Truper,SI
185,Sierra 00185,7502,Pretul,1
186,Sierra 00186,7912,Truper,0
187,Clavos 00187,19,Bosch,SI
188,Reflector 00188,4007,Truper,0
189,Reflector 00189,10072,Stanley,TRUE
190,Brocha 00190,8131,,1
191,Martillo 00191,385,,FALSE
192,Sierra 00192,3791,Truper,TRUE
193,Martillo 00193,3988,Bosch,NO
194,Martillo 00194,9968,EPAHome,1
195,Pulidora 00195,5169,Makita,0
196,Clavos 00196,4499,,TRUE
197,Tornillo 00197,8062,Makita,FALSE
198,,5526,Makita,NO
199,Clavos 00199,10631,Stanley,NO
200,Pintura 00200,2159,Total,1
201,Reflector 00201,3301,Pretul,0
202,Reflector 00202,8908,Truper,FALSE
203,Pintura 00203,9823,Makita,0
204,Sierra 00204,7735,Pretul,1
205,Sierra 00205,ABC,,TRUE
206,Reflector 00206,4761,Stanley,TRUE
207,Taladro 00207,3752,EPAHome,0
208,Pulidora 00208,1739,Truper,1
209,Reflector 00209,6348,Total,
210,Sierra 00210,3983,,TRUE
211,Tornillo 00211,10530,Makita,FALSE
212,Martillo 00212,1309,Stanley,FALSE
213,Martillo 00213,9373,,0
214,Taladro 00214,7269,Truper,SI
215,Taladro 00215,2897,Total,NO
216,Pintura 00216,8559,Truper,1
217,Pulidora 00217,8632,Pretul,FALSE
218,Tornillo 00218,7272,,NO
219,Clavos 00219,2880,Makita,SI
220,Pulidora 00220,3225,Makita,0
221,Martillo 00221,1352,Stanley,FALSE
222,Sierra 00222,9621,Truper,FALSE
223,Sierra 00223,8465,Makita,
224,Martillo 00224,5508,Makita,SI
225,Taladro 00225,5294,Stanley,TRUE
226,Pulidora 00226,2323,,NO
227,Brocha 00227,379,Stanley,1
228,Martillo 00228,10245,Truper,
229,Brocha 00229,2070,,SI
230,Pintura 00230,7604,Pretul,
P231,,289,Truper,TRUE
232,Taladro 00232,9942,,
233,Brocha 00233,9051,Pretul,0
234,Sierra 00234,5962,Total,NO
235,Pintura 00235,6554,Truper,
236,Clavos 00236,4698,Truper,NO
237,Martillo 00237,868,Pretul,SI
238,Cerradura 00238,963,Truper,
239,Taladro 00239,2947,Truper,NO
240,Brocha 00240,6168,Makita,0
241,Tornillo 00241,5586,,NO
242,Cerradura 00242,6963,Stanley,SI
243,Taladro 00243,4717,Truper,1
244,Reflector 00244,3447,Bosch,NO
245,Brocha 00245,8936,Makita,
246,Clavos 00246,8008,Bosch,FALSE
247,Reflector 00247,101,Bosch,SI
248,Tornillo 00248,3725,Pretul,
249,Pulidora 00249,168,Stanley,TRUE
250,Sierra 00250,8732,Stanley,0
251,Tornillo 00251,7851,Makita,FALSE
252,Pulidora 00252,3266,Total,FALSE
253,Reflector 00253,7187,Stanley,NO
254,Pulidora 00254,232,Bosch,TRUE
255,Clavos 00255,354,EPAHome,NO
256,Tornillo 00256,3181,Pretul,FALSE
257,Pulidora 00257,10221,EPAHome,1
258,Taladro 00258,4336,Total,0
259,Pulidora 00259,6983,Pretul,FALSE
260,Cerradura 00260,8429,Truper,SI
261,Reflector 00261,6286,Stanley,NO
262,Taladro 00262,4637,EPAHome,TRUE
263,Martillo 00263,8078,Pretul,TRUE
264,,915,Bosch,NO
265,Pulidora 00265,3002,Bosch,0
266,Clavos 00266,8124,Makita,FALSE
267,Reflector 00267,4017,,NO
268,Martillo 00268,10386,Bosch,
269,Pintura 00269,3393,EPAHome,FALSE
270,Clavos 00270,8625,Makita,SI
271,Pintura 00271,5411,Pretul,FALSE
272,Brocha 00272,4954,Total,0
273,Reflector 00273,7423,,1
274,Pulidora 00274,10740,Total,0
275,Pintura 00275,5988,EPAHome,1
276,Pulidora 00276,7246,Stanley,FALSE
277,Clavos 00277,5087,Total,
278,Brocha 00278,2337,Total,TRUE
279,Cerradura 00279,8084,Truper,1
280,Sierra 00280,9209,Stanley,
281,Sierra 00281,764,Truper,
282,Pulidora 00282,8156,Total,
283,Clavos 00283,4157,Stanley,1
284,Tornillo 00284,10180,Pretul,SI
285,Martillo 00285,5888,Pretul,
286,Pintura 00286,6425,Bosch,NO
287,Reflector 00287,3833,Bosch,FALSE
288,Reflector 00288,9084,Truper,NO
289,Pulidora 00289,6186,Stanley,TRUE
290,Clavos 00290,3304,Total,
291,Tornillo 00291,24,,0
292,Pintura 00292,10671,Total,0
293,Cerradura 00293,7332,,NO
294,Sierra 00294,9656,EPAHome,TRUE
295,Brocha 00295,7170,Makita,
296,Taladro 00296,6118,Truper,1
297,,10518,Makita,1
298,Taladro 00298,3770,Makita,1
299,Reflector 00299,4379,Pretul,SI
300,Martillo 00300,9454,Makita,SI
301,Reflector 00301,3613,Pretul,TRUE
302,Brocha 00302,1447,Bosch,0
303,Sierra 00303,591,Makita,
304,Tornillo 00304,1384,,FALSE
305,Taladro 00305,3442,Truper,FALSE
306,Martillo 00306,604,Total,
307,Clavos 00307,7290,Total,NO
P308,Clavos 00308,10336,EPAHome,1
309,Reflector 00309,4886,Makita,1
310,Pulidora 00310,5745,Total,1
311,Pintura 00311,8004,Makita,0
312,Cerradura 00312,293,Pretul,
313,Clavos 00313,8429,Makita,NO
314,Brocha 00314,9033,Pretul,0
315,Pintura 00315,6984,EPAHome,
316,Pintura 00316,2826,Stanley,FALSE
317,Reflector 00317,3752,Bosch,
318,Pulidora 00318,3775,,NO
319,Clavos 00319,9426,Makita,SI
320,Taladro 00320,8382,Total,NO
321,Taladro 00321,5910,Total,NO
322,Pintura 00322,6654,Bosch,0
323,Clavos 00323,7280,EPAHome,1
324,Reflector 00324,7748,,TRUE
325,Tornillo 00325,9156,Bosch,TRUE
326,Clavos 00326,10302,Pretul,NO
327,Reflector 00327,8839,Stanley,NO
328,Pulidora 00328,3850,Pretul,
329,Sierra 00329,7744,Pretul,NO
330,,6440,Bosch,FALSE
331,Clavos 00331,9726,Stanley,SI
332,Brocha 00332,952,,1
333,Pintura 00333,6943,,TRUE
334,Martillo 00334,8625,,0
335,Clavos 00335,8751,Makita,TRUE
336,Cerradura 00336,7957,Makita,1
337,Reflector 00337,2753,Total,FALSE
338,Brocha 00338,5435,EPAHome,0
339,Clavos 00339,7240,Total,TRUE
340,Brocha 00340,1070,Pretul,NO
341,Cerradura 00341,10397,Stanley,SI
342,Clavos 00342,1854,EPAHome,TRUE
343,Martillo 00343,9959,Total,TRUE
344,Pulidora 00344,3548,Bosch,FALSE
345,Pulidora 00345,10405,,
346,Pintura 00346,5248,Total,NO
347,Pulidora 00347,939,Pretul,SI
348,Clavos 00348,795,Truper,0
349,Cerradura 00349,8897,Truper,NO
350,Taladro 00350,3492,Makita,FALSE
351,Martillo 00351,468,,0
352,Reflector 00352,2657,EPAHome,0
353,Clavos 00353,8020,,1
354,Taladro 00354,3151,Bosch,0
355,Sierra 00355,8640,EPAHome,0
356,Reflector 00356,10182,Bosch,0
357,Clavos 00357,5106,,1
358,Tornillo 00358,8947,Stanley,NO
359,Brocha 00359,4342,EPAHome,FALSE
360,Sierra 00360,4948,EPAHome,1
361,Pulidora 00361,5979,Bosch,1
362,Clavos 00362,4291,Truper,0
363,,3644,EPAHome,TRUE
364,Cerradura 00364,8929,Makita,0
365,Reflector 00365,9124,Pretul,1
366,Clavos 00366,9469,,SI
367,Brocha 00367,816,,
368,Brocha 00368,1968,Truper,0
369,Pintura 00369,8563,,1
370,Sierra 00370,1806,Truper,
371,Sierra 00371,3759,Stanley,FALSE
372,Clavos 00372,5040,EPAHome,
373,Pulidora 00373,8005,Makita,TRUE
374,Tornillo 00374,823,,1
375,Pulidora 00375,5187,Pretul,
376,Martillo 00376,6473,Truper,FALSE
377,Clavos 00377,7792,Total,FALSE
378,Clavos 00378,10237,Stanley,TRUE
379,Pintura 00379,473,Makita,FALSE
380,Taladro 00380,2642,Makita,1
381,Pintura 00381,2969,Stanley,
382,Clavos 00382,3504,EPAHome,FALSE
383,Cerradura 00383,9593,,0
384,Tornillo 00384,6341,,NO
P385,Martillo 00385,3157,Bosch,SI
386,Martillo 00386,8311,Bosch,
387,Pulidora 00387,3975,EPAHome,TRUE
388,Sierra 00388,8170,EPAHome,FALSE
389,Brocha 00389,1461,Truper,TRUE
390,Tornillo 00390,4507,Makita,
391,Clavos 00391,5666,EPAHome,0
392,Taladro 00392,2370,Bosch,TRUE
393,Taladro 00393,7130,Truper,1
394,Pintura 00394,10088,Bosch,0
395,Clavos 00395,7843,Pretul,TRUE
396,,240,Makita,1
397,Sierra 00397,8064,Makita,1
398,Tornillo 00398,5884,Pretul,
399,Reflector 00399,10756,EPAHome,NO
400,Cerradura 00400,111,EPAHome,SI
401,Pulidora 00401,10732,Truper,1
402,Pulidora 00402,1323,EPAHome,FALSE
403,Sierra 00403,4425,Truper,1
404,Pintura 00404,10532,Bosch,FALSE
405,Brocha 00405,1557,Pretul,
406,Sierra 00406,4931,Bosch,NO
407,Reflector 00407,6435,,FALSE
408,Sierra 00408,5925,Total,0
409,Brocha 00409,66,,1
410,Taladro 00410,ABC,Makita,TRUE
411,Reflector 00411,5551,Pretul,TRUE
412,Cerradura 00412,2212,Bosch,NO
413,Tornillo 00413,3206,Bosch,FALSE
414,Sierra 00414,1476,EPAHome,1
415,Pintura 00415,7574,EPAHome,
416,Reflector 00416,8985,Bosch,1
417,Martillo 00417,3002,EPAHome,
418,Pintura 00418,837,EPAHome,0
419,Cerradura 00419,1042,Stanley,0
420,Martillo 00420,4931,Stanley,0
421,Clavos 00421,9177,Truper,SI
422,Tornillo 00422,5007,Total,FALSE
423,Martillo 00423,9480,Total,
424,Reflector 00424,4613,Total,0
425,Pulidora 00425,7001,Stanley,NO
426,Pintura 00426,5232,Pretul,1
427,Sierra 00427,5382,Truper,1
428,Pulidora 00428,3877,Truper,FALSE
429,,1086,Pretul,NO
430,Tornillo 00430,5358,Truper,1
431,Cerradura 00431,7339,Truper,
432,Martillo 00432,7891,Truper,TRUE
433,Tornillo 00433,266,Pretul,NO
434,Brocha 00434,1627,Truper,0
435,Pulidora 00435,10553,Bosch,0
436,Sierra 00436,6532,Bosch,0
437,Cerradura 00437,8876,Makita,
438,Taladro 00438,2133,EPAHome,FALSE
439,Taladro 00439,1387,Bosch,TRUE
440,Taladro 00440,8540,Makita,FALSE
441,Pulidora 00441,1319,Total,TRUE
442,Martillo 00442,59,EPAHome,TRUE
443,Brocha 00443,9646,,SI
444,Tornillo 00444,8232,EPAHome,
445,Martillo 00445,7756,Stanley,0
446,Sierra 00446,7335,Total,0
447,Clavos 00447,5289,EPAHome,TRUE
448,Brocha 00448,1571,Makita,
449,Sierra 00449,7403,Stanley,FALSE
450,Taladro 00450,296,Makita,SI
451,Brocha 00451,8975,,TRUE
452,Cerradura 00452,2517,Total,TRUE
453,Martillo 00453,143,Makita,TRUE
454,Martillo 00454,8024,,FALSE
455,Pintura 00455,287,Pretul,NO
456,Pulidora 00456,3355,Bosch,NO
457,Pintura 00457,6593,,SI
458,Tornillo 00458,452,,0
459,Martillo 00459,5391,Bosch,TRUE
460,Brocha 00460,9824,Makita,SI
461,Martillo 00461,4746,Total,1
P462,,4532,Stanley,1
463,Pintura 00463,597,Bosch,
464,Brocha 00464,7308,Makita,TRUE
465,Taladro 00465,9352,Total,TRUE
466,Cerradura 00466,1520,EPAHome,NO
467,Pintura 00467,4157,Stanley,NO
468,Pintura 00468,6389,Makita,NO
469,Clavos 00469,4148,Stanley,TRUE
470,Martillo 00470,3513,Bosch,TRUE
471,Clavos 00471,3840,Truper,NO
472,Pintura 00472,3306,Stanley,TRUE
473,Cerradura 00473,304,Stanley,
474,Reflector 00474,9045,Truper,SI
475,Pintura 00475,7082,Stanley,SI
476,Pintura 00476,3907,Total,0
477,Taladro 00477,1799,Stanley,0
478,Taladro 00478,10515,Total,TRUE
479,Sierra 00479,9115,EPAHome,TRUE
480,Pintura 00480,86,Truper,TRUE
481,Pulidora 00481,3965,Total,
482,Martillo 00482,4391,Total,
483,Reflector 00483,10505,,FALSE
484,Taladro 00484,10439,Pretul,TRUE
485,Pulidora 00485,1342,Stanley,SI
486,Reflector 00486,6431,Pretul,1
487,Brocha 00487,2895,Bosch,FALSE
488,Martillo 00488,3136,Stanley,1
489,Sierra 00489,10032,EPAHome,NO
490,Taladro 00490,7475,Total,TRUE
491,Cerradura 00491,8267,EPAHome,0
492,Cerradura 00492,9522,EPAHome,
493,Martillo 00493,9642,Stanley,1
494,Taladro 00494,771,Total,FALSE
495,,7495,Bosch,NO
496,Pulidora 00496,3837,Pretul,NO
497,Martillo 00497,7686,Bosch,SI
498,Brocha 00498,9927,Makita,1
499,Tornillo 00499,5304,Stanley,
500,Brocha 00500,286,Makita,
500,Brocha 00500,286,Makita,
501,Taladro 00501,1267,Pretul,NO
502,Pulidora 00502,10662,Total,0
503,Sierra 00503,4243,,1
504,Pulidora 00504,8644,Truper,FALSE
505,Martillo 00505,3819,Stanley,1
506,Sierra 00506,33,EPAHome,0
507,Brocha 00507,3453,EPAHome,1
508,Taladro 00508,3868,Bosch,FALSE
509,Cerradura 00509,345,Makita,0
510,Tornillo 00510,3690,EPAHome,TRUE
511,Sierra 00511,3184,Truper,NO
512,Reflector 00512,1053,Truper,TRUE
513,Pulidora 00513,628,Makita,0
514,Pulidora 00514,6463,Bosch,1
515,Clavos 00515,7059,EPAHome,
516,Pulidora 00516,5930,Pretul,FALSE
517,Tornillo 00517,276,Makita,TRUE
518,Taladro 00518,7295,Pretul,
519,Pintura 00519,5484,Pretul,0
520,Brocha 00520,8221,Bosch,TRUE
521,Martillo 00521,895,Stanley,0
522,Tornillo 00522,7668,Truper,FALSE
523,Pintura 00523,1224,EPAHome,1
524,Brocha 00524,7236,Pretul,FALSE
525,Martillo 00525,59,Pretul,SI
526,Pulidora 00526,4499,Total,1
527,Brocha 00527,5772,Bosch,FALSE
528,,9997,Truper,1
529,Taladro 00529,6550,Truper,0
530,Reflector 00530,9864,Makita,TRUE
531,Taladro 00531,10427,Stanley,FALSE
532,Brocha 00532,4754,Total,SI
533,Brocha 00533,1964,Pretul,0
534,Taladro 00534,959,,1
535,Tornillo 00535,8141,Total,SI
536,Pintura 00536,3266,,NO
537,Sierra 00537,9668,Pretul,SI
538,Clavos 00538,9536,Truper,0
P539,Sierra 00539,10726,Bosch,NO
540,Martillo 00540,3684,Pretul,0
541,Pintura 00541,10555,Truper,TRUE
542,Clavos 00542,9894,Pretul,NO
543,Brocha 00543,6084,Stanley,FALSE
544,Brocha 00544,4439,,FALSE
545,Reflector 00545,10378,Makita,TRUE
546,Sierra 00546,870,Total,SI
547,Taladro 00547,9145,,FALSE
548,Tornillo 00548,8749,Total,FALSE
549,Brocha 00549,6765,Truper,FALSE
550,Cerradura 00550,8456,,1
551,Cerradura 00551,5977,EPAHome,1
552,Brocha 00552,5165,Pretul,TRUE
553,Martillo 00553,10198,Truper,TRUE
554,Taladro 00554,9464,Bosch,SI
555,Pintura 00555,6468,Total,TRUE
556,Pintura 00556,10496,EPAHome,SI
557,Pulidora 00557,8160,Truper,FALSE
558,Pulidora 00558,9616,EPAHome,1
559,Cerradura 00559,3926,Stanley,
560,Tornillo 00560,3927,Total,0
561,,9971,Stanley,0
562,Cerradura 00562,4114,,0
563,Pintura 00563,8443,Total,
564,Pulidora 00564,5454,Total,1
565,Tornillo 00565,7680,Pretul,0
566,Clavos 00566,7002,Pretul,1
567,Reflector 00567,9327,Makita,1
568,Pintura 00568,1217,EPAHome,TRUE
569,Pulidora 00569,8697,Truper,1
570,Brocha 00570,1729,Pretul,1
571,Sierra 00571,1820,Truper,0
572,Taladro 00572,5222,Stanley,
573,Pulidora 00573,10252,Pretul,
574,Tornillo 00574,5917,Truper,SI
575,Taladro 00575,2693,Pretul,1
576,Reflector 00576,5042,Makita,NO
577,Brocha 00577,10657,EPAHome,NO
578,Reflector 00578,8286,Truper,NO
579,Sierra 00579,5399,Truper,1
580,Pulidora 00580,8168,Makita,SI
581,Pintura 00581,1119,,FALSE
582,Reflector 00582,2011,Stanley,SI
583,Cerradura 00583,819,Truper,
584,Pulidora 00584,8096,Makita,SI
585,Reflector 00585,6553,,NO
586,Sierra 00586,10147,Truper,FALSE
587,Brocha 00587,6203,Stanley,TRUE
588,Tornillo 00588,2913,EPAHome,
589,Tornillo 00589,8268,Stanley,0
590,Pulidora 00590,7330,Pretul,
591,Clavos 00591,6783,EPAHome,NO
592,Pulidora 00592,9004,Pretul,FALSE
593,Clavos 00593,6796,Bosch,1
594,,109,Bosch,0
595,Sierra 00595,5121,Pretul,
596,Pintura 00596,1477,Total,1
597,Reflector 00597,9237,Total,0
598,Reflector 00598,4601,,TRUE
599,Cerradura 00599,1336,Makita,0
600,Clavos 00600,7921,,TRUE
601,Martillo 00601,10737,Bosch,SI
602,Pintura 00602,10483,EPAHome,1
603,Clavos 00603,4654,Truper,FALSE
604,Pintura 00604,10499,EPAHome,
605,Pulidora 00605,6540,,TRUE
606,Taladro 00606,7527,Total,FALSE
607,Pulidora 00607,10075,Truper,FALSE
608,Reflector 00608,6867,Stanley,FALSE
609,Pintura 00609,822,EPAHome,
610,Clavos 00610,9726,Stanley,
611,Reflector 00611,4172,Pretul,
612,Reflector 00612,5334,Stanley,NO
613,Pintura 00613,9727,Truper,0
614,Cerradura 00614,6729,,
615,Brocha 00615,ABC,,1
P616,Reflector 00616,2999,EPAHome,0
617,Cerradura 00617,8104,Stanley,NO
618,Sierra 00618,8195,,NO
619,Reflector 00619,2062,Makita,NO
620,Clavos 00620,840,Stanley,SI
621,Pintura 00621,7326,Total,NO
622,Martillo 00622,2309,Truper,0
623,Pulidora 00623,9678,Truper,FALSE
624,Clavos 00624,5507,Total,1
625,Pintura 00625,3051,Bosch,
626,Martillo 00626,6931,EPAHome,SI
627,,4635,Total,
628,Taladro 00628,2089,Total,NO
629,Pintura 00629,6462,EPAHome,NO
630,Reflector 00630,9255,Pretul,0
631,Taladro 00631,10043,Total,TRUE
632,Brocha 00632,6489,Truper,FALSE
633,Pintura 00633,4365,Makita,TRUE
634,Martillo 00634,2727,Pretul,FALSE
635,Cerradura 00635,4999,Total,NO
636,Martillo 00636,1933,EPAHome,NO
637,Clavos 00637,3799,Truper,
638,Brocha 00638,6489,Bosch,SI
639,Cerradura 00639,2500,Bosch,NO
640,Taladro 00640,5096,Pretul,
641,Reflector 00641,947,Truper,FALSE
642,Reflector 00642,4348,Pretul,0
643,Pintura 00643,6521,Truper,0
644,Martillo 00644,10049,Stanley,0
645,Tornillo 00645,9598,Pretul,1
646,Pintura 00646,9898,,
647,Pulidora 00647,7937,Makita,
648,Pintura 00648,635,Total,TRUE
649,Brocha 00649,7548,Total,0
650,Tornillo 00650,1290,Total,TRUE
651,Brocha 00651,4120,EPAHome,SI
652,Clavos 00652,9434,Bosch,FALSE
653,Pulidora 00653,8688,Pretul,FALSE
654,Reflector 00654,9315,Bosch,0
655,Taladro 00655,4420,Truper,TRUE
656,Taladro 00656,6342,,0
657,Brocha 00657,9005,Bosch,0
658,Pulidora 00658,298,Total,TRUE
659,Pulidora 00659,7201,Bosch,FALSE
660,,692,EPAHome,SI
661,Pintura 00661,4818,Makita,FALSE
662,Clavos 00662,6912,Stanley,
663,Taladro 00663,5007,EPAHome,0
664,Brocha 00664,6129,,1
665,Tornillo 00665,4488,Pretul,NO
666,Pulidora 00666,3648,,TRUE
667,Tornillo 00667,8990,Truper,SI
668,Cerradura 00668,1277,EPAHome,FALSE
669,Martillo 00669,1099,Pretul,1
670,Brocha 00670,5596,EPAHome,SI
671,Sierra 00671,10482,Total,TRUE
672,Clavos 00672,4902,Makita,NO
673,Brocha 00673,3526,EPAHome,TRUE
674,Tornillo 00674,7586,Stanley,FALSE
675,Reflector 00675,2275,Stanley,SI
676,Pintura 00676,357,Total,FALSE
677,Cerradura 00677,7258,Truper,SI
678,Taladro 00678,1084,Truper,0
679,Taladro 00679,2936,Truper,TRUE
680,Pintura 00680,5113,Pretul,FALSE
681,Reflector 00681,1919,Bosch,FALSE
682,Pintura 00682,4838,Bosch,1
683,Clavos 00683,9962,Stanley,1
684,Clavos 00684,6882,Pretul,TRUE
685,Tornillo 00685,4276,Stanley,
686,Cerradura 00686,3720,Total,TRUE
687,Tornillo 00687,3646,Stanley,1
688,Clavos 00688,5729,Makita,1
689,Pulidora 00689,5699,Stanley,TRUE
690,Taladro 00690,2262,Makita,SI
691,Cerradura 00691,3982,Truper,0
692,Martillo 00692,30,Truper,0
P693,,2200,Total,TRUE
694,Reflector 00694,10660,EPAHome,TRUE
695,Pulidora 00695,2616,Pretul,FALSE
696,Tornillo 00696,10454,Pretul,1
697,Clavos 00697,4718,Stanley,1
698,Reflector 00698,7479,Pretul,NO
699,Brocha 00699,10369,Bosch,NO
700,Martillo 00700,10092,Pretul,SI
701,Pintura 00701,7453,Stanley,NO
702,Clavos 00702,7028,Bosch,1
703,Sierra 00703,8113,Truper,1
704,Reflector 00704,2983,,TRUE
705,Cerradura 00705,2184,Pretul,1
706,Martillo 00706,2868,Total,0
707,Martillo 00707,8215,Makita,FALSE
708,Sierra 00708,10815,Total,TRUE
709,Clavos 00709,10227,Stanley,TRUE
710,Clavos 00710,5387,Truper,0
711,Pintura 00711,9594,,NO
712,Pulidora 00712,7967,,
713,Cerradura 00713,10146,EPAHome,SI
714,Cerradura 00714,5873,,
715,Taladro 00715,716,Total,SI
716,Tornillo 00716,8473,Stanley,
717,Sierra 00717,8438,Pretul,1
718,Tornillo 00718,795,EPAHome,NO
719,Martillo 00719,5791,Bosch,SI
720,Pulidora 00720,8118,Bosch,TRUE
721,Taladro 00721,1444,Makita,0
722,Pintura 00722,1498,,0
723,Taladro 00723,1012,Pretul,FALSE
724,Tornillo 00724,10211,Total,1
725,Taladro 00725,6991,Truper,0
726,,667,,TRUE
727,Pintura 00727,9979,Stanley,0
728,Martillo 00728,8508,EPAHome,
729,Cerradura 00729,2696,Total,FALSE
730,Tornillo 00730,2896,Pretul,
731,Taladro 00731,7116,,0
732,Pulidora 00732,8435,Total,NO
733,Tornillo 00733,5560,Truper,SI
734,Tornillo 00734,1693,,0
735,Brocha 00735,10076,Pretul,NO
736,Pintura 00736,3276,Bosch,NO
737,Brocha 00737,2500,Stanley,
738,Brocha 00738,7583,Bosch,FALSE
739,Tornillo 00739,1966,Truper,NO
740,Brocha 00740,10497,,0
741,Pulidora 00741,2143,,NO
742,Pintura 00742,5788,Bosch,NO
743,Cerradura 00743,6837,Pretul,0
744,Tornillo 00744,7732,Pretul,0
745,Clavos 00745,413,EPAHome,SI
746,Tornillo 00746,8722,Total,SI
747,Pintura 00747,9733,Pretul,
748,Pintura 00748,10435,,SI
749,Brocha 00749,885,Pretul,FALSE
750,Cerradura 00750,9795,,TRUE
751,Taladro 00751,8005,Makita,
752,Pulidora 00752,6336,Pretul,0
753,Pulidora 00753,2716,Total,SI
754,Clavos 00754,1871,Stanley,1
755,Cerradura 00755,5755,Stanley,0
756,Clavos 00756,528,,
757,Martillo 00757,6099,Total,NO
758,Tornillo 00758,38,Bosch,TRUE
759,,8423,Truper,TRUE
760,Pulidora 00760,1171,Bosch,SI
761,Pulidora 00761,9509,EPAHome,0
762,Pintura 00762,8056,Truper,1
763,Brocha 00763,4596,Stanley,NO
764,Tornillo 00764,9492,,FALSE
765,Pintura 00765,4702,Stanley,1
766,Taladro 00766,9763,EPAHome,NO
767,Clavos 00767,6508,EPAHome,
768,Clavos 00768,3347,,NO
769,Pintura 00769,3022,Bosch,NO
P770,Brocha 00770,6271,Pretul,1
771,Pulidora 00771,8414,,SI
772,Martillo 00772,2829,Stanley,TRUE
773,Pintura 00773,9353,Pretul,
774,Pintura 00774,4847,EPAHome,SI
775,Brocha 00775,9897,,0
776,Reflector 00776,6752,Bosch,TRUE
777,Martillo 00777,248,Pretul,1
778,Martillo 00778,2274,Bosch,SI
779,Pintura 00779,5250,Makita,
780,Cerradura 00780,9799,Total,FALSE
781,Clavos 00781,2440,Truper,SI
782,Martillo 00782,329,Truper,FALSE
783,Cerradura 00783,4832,Stanley,
784,Reflector 00784,10600,Bosch,1
785,Taladro 00785,8854,Pretul,NO
786,Sierra 00786,702,,
787,Pulidora 00787,1170,Truper,1
788,Reflector 00788,3551,Pretul,FALSE
789,Sierra 00789,9957,Pretul,SI
790,Sierra 00790,5193,Makita,
791,Clavos 00791,2270,Makita,
792,,3915,Makita,SI
793,Cerradura 00793,5085,Bosch,NO
794,Sierra 00794,7143,Stanley,1
795,Tornillo 00795,5260,Truper,TRUE
796,Cerradura 00796,9162,Total,1
797,Pintura 00797,835,Pretul,1
798,Clavos 00798,386,Total,1
799,Martillo 00799,4961,Truper,TRUE
800,Pintura 00800,8645,Total,0
801,Reflector 00801,666,Total,NO
802,Clavos 00802,7189,EPAHome,
803,Tornillo 00803,4267,,TRUE
804,Taladro 00804,2094,,TRUE
805,Martillo 00805,9193,Bosch,0
806,Cerradura 00806,4019,Stanley,1
807,Cerradura 00807,42,Makita,NO
808,Taladro 00808,8944,Stanley,
809,Martillo 00809,6120,Stanley,NO
810,Pintura 00810,5946,Makita,SI
811,Sierra 00811,4774,Truper,FALSE
812,Pulidora 00812,1220,EPAHome,0
813,Sierra 00813,2179,Bosch,1
814,Sierra 00814,1225,Stanley,FALSE
815,Tornillo 00815,3238,Pretul,SI
816,Reflector 00816,9898,Bosch,TRUE
817,Taladro 00817,10678,EPAHome,SI
818,Sierra 00818,8135,Pretul,SI
819,Taladro 00819,5826,,NO
820,Pulidora 00820,ABC,Total,SI
821,Tornillo 00821,1097,EPAHome,0
822,Clavos 00822,10043,Bosch,0
823,Sierra 00823,1393,Makita,TRUE
824,Reflector 00824,1829,Pretul,1
825,,7499,Bosch,NO
826,Taladro 00826,6169,Stanley,SI
827,Cerradura 00827,650,Stanley,0
828,Brocha 00828,253,Makita,FALSE
829,Pintura 00829,8743,Pretul,FALSE
830,Reflector 00830,4036,Bosch,SI
831,Pintura 00831,7733,Stanley,0
832,Cerradura 00832,5147,,SI
833,Reflector 00833,9535,Truper,NO
834,Pintura 00834,2413,Pretul,1
835,Pintura 00835,5756,Stanley,
836,Tornillo 00836,9773,Makita,0
837,Clavos 00837,8663,,0
838,Sierra 00838,4509,Stanley,0
839,Pintura 00839,8163,Bosch,TRUE
840,Pintura 00840,7219,Stanley,0
841,Martillo 00841,10507,,FALSE
842,Martillo 00842,1866,EPAHome,0
843,Clavos 00843,5985,Truper,1
844,Pintura 00844,6752,Bosch,1
845,Cerradura 00845,139,EPAHome,TRUE
846,Tornillo 00846,1306,Pretul,FALSE
P847,Reflector 00847,3473,Truper,0
848,Tornillo 00848,3009,EPAHome,0
849,Reflector 00849,8831,EPAHome,1
850,Tornillo 00850,2299,,1
851,Pulidora 00851,4120,Truper,0
852,Sierra 00852,1077,Makita,NO
853,Reflector 00853,8043,Stanley,SI
854,Brocha 00854,10049,Stanley,0
855,Brocha 00855,4858,Total,NO
856,Sierra 00856,6602,Truper,1
857,Cerradura 00857,4485,Bosch,
858,,4547,,NO
859,Pulidora 00859,7187,Truper,FALSE
860,Pulidora 00860,2554,Truper,FALSE
861,Clavos 00861,40,Bosch,0
862,Brocha 00862,9643,Bosch,1
863,Reflector 00863,8083,EPAHome,SI
864,Sierra 00864,2813,Bosch,1
865,Taladro 00865,8283,Truper,SI
866,Pulidora 00866,1253,Makita,NO
867,Brocha 00867,5825,Stanley,1
868,Tornillo 00868,10006,EPAHome,TRUE
869,Clavos 00869,8258,Stanley,NO
870,Taladro 00870,4041,Pretul,0
871,Tornillo 00871,5761,Total,0
872,Sierra 00872,7628,Stanley,1
873,Martillo 00873,1012,Stanley,SI
874,Cerradura 00874,8975,Makita,0
875,Clavos 00875,5046,EPAHome,FALSE
876,Tornillo 00876,7677,,
877,Reflector 00877,4832,Makita,FALSE
878,Clavos 00878,9511,,TRUE
879,Reflector 00879,3436,Bosch,TRUE
880,Martillo 00880,6959,Truper,TRUE
881,Clavos 00881,5592,Pretul,SI
882,Martillo 00882,9559,Bosch,FALSE
883,Clavos 00883,10717,Total,1
884,Cerradura 00884,10439,EPAHome,
885,Clavos 00885,3922,Total,0
886,Brocha 00886,636,,NO
887,Taladro 00887,7475,Pretul,
888,Cerradura 00888,40,,FALSE
889,Reflector 00889,2409,Bosch,TRUE
890,Brocha 00890,8980,Makita,0
891,,9144,Makita,
892,Taladro 00892,4099,EPAHome,0
893,Clavos 00893,3825,,0
894,Brocha 00894,513,Total,
895,Reflector 00895,1267,EPAHome,0
896,Pintura 00896,8472,Bosch,1
897,Reflector 00897,3412,Truper,1
898,Tornillo 00898,373,Pretul,1
899,Cerradura 00899,8586,,1
900,Brocha 00900,10331,EPAHome,FALSE
901,Clavos 00901,8011,Bosch,NO
902,Martillo 00902,7800,Pretul,SI
903,Clavos 00903,10692,,NO
904,Reflector 00904,6816,Makita,SI
905,Taladro 00905,9283,Makita,0
906,Reflector 00906,2646,Bosch,NO
907,Reflector 00907,3883,Makita,SI
908,Tornillo 00908,9596,Bosch,0
909,Taladro 00909,5588,Truper,
910,Brocha 00910,5301,Makita,FALSE
911,Pulidora 00911,9916,Bosch,
912,Cerradura 00912,7197,,
913,Martillo 00913,9927,Truper,NO
914,Sierra 00914,4570,Total,1
915,Taladro 00915,5548,Stanley,0
916,Pulidora 00916,5365,,TRUE
917,Taladro 00917,8272,Stanley,
918,Reflector 00918,8984,Makita,TRUE
919,Reflector 00919,10360,EPAHome,FALSE
920,Cerradura 00920,9837,EPAHome,SI
921,Cerradura 00921,4811,Stanley,1
922,Sierra 00922,1162,Total,0
923,Brocha 00923,10554,Bosch,0
P924,,4730,,TRUE
925,Martillo 00925,8055,Bosch,1
926,Sierra 00926,9267,Makita,SI
927,Clavos 00927,1242,EPAHome,SI
928,Pintura 00928,10307,Pretul,
929,Brocha 00929,10793,Total,TRUE
930,Cerradura 00930,6450,EPAHome,0
931,Clavos 00931,842,Bosch,NO
932,Reflector 00932,9341,Total,0
933,Pulidora 00933,953,Makita,TRUE
934,Martillo 00934,6382,Makita,SI
935,Pulidora 00935,9553,Total,
936,Brocha 00936,7284,Truper,SI
937,Reflector 00937,1788,EPAHome,SI
938,Tornillo 00938,8402,Bosch,0
939,Sierra 00939,9263,Makita,NO
940,Brocha 00940,793,EPAHome,1
941,Pintura 00941,7703,,SI
942,Sierra 00942,1016,,
943,Clavos 00943,4855,Truper,1
944,Pulidora 00944,9574,Total,
945,Sierra 00945,8387,Makita,TRUE
946,Pintura 00946,6822,Truper,1
947,Reflector 00947,9354,Total,NO
948,Pulidora 00948,5507,Makita,0
949,Clavos 00949,8789,Stanley,NO
950,Pintura 00950,2427,Truper,1
951,Martillo 00951,3506,Bosch,FALSE
952,Cerradura 00952,387,Pretul,NO
953,Reflector 00953,768,Pretul,TRUE
954,Martillo 00954,1003,EPAHome,1
955,Tornillo 00955,3336,,0
956,Cerradura 00956,2197,,0
957,,1553,Bosch,SI
958,Reflector 00958,10786,Bosch,FALSE
959,Pintura 00959,10456,Pretul,TRUE
960,Clavos 00960,6344,Truper,NO
961,Sierra 00961,4937,,NO
962,Brocha 00962,6608,Bosch,FALSE
963,Tornillo 00963,9635,Makita,
964,Pintura 00964,731,EPAHome,NO
965,Taladro 00965,3640,Stanley,0
966,Brocha 00966,932,Makita,NO
967,Pintura 00967,7362,EPAHome,1
968,Martillo 00968,9480,,0
969,Sierra 00969,2649,Stanley,1
970,Martillo 00970,10114,Total,TRUE
971,Pintura 00971,4902,Truper,1
972,Reflector 00972,5678,,TRUE
973,Sierra 00973,9917,Truper,0
974,Taladro 00974,208,Makita,NO
975,Tornillo 00975,5337,,
976,Pulidora 00976,3624,Makita,SI
977,Brocha 00977,7484,EPAHome,FALSE
978,Reflector 00978,9139,,0
979,Reflector 00979,3968,Makita,SI
980,Pulidora 00980,5729,Truper,FALSE
981,Martillo 00981,6559,,SI
982,Sierra 00982,2690,Total,1
983,Brocha 00983,6611,Makita,
984,Pintura 00984,7734,Pretul,SI
985,Clavos 00985,2492,,FALSE
986,Tornillo 00986,9804,Stanley,TRUE
987,Cerradura 00987,6699,EPAHome,1
988,Pintura 00988,4458,Total,TRUE
989,Taladro 00989,2659,EPAHome,
990,,4349,Stanley,1
991,Taladro 00991,5296,Bosch,1
992,Pulidora 00992,3871,EPAHome,
993,Pintura 00993,615,Stanley,1
994,Clavos 00994,9548,Truper,SI
995,Clavos 00995,6629,Total,TRUE
996,Tornillo 00996,10273,EPAHome,1
997,Brocha 00997,6623,Total,SI
998,Brocha 00998,4581,,FALSE
999,Clavos 00999,3904,Total,1
1000,Martillo 01000,1249,Pretul,NO
1000,Martillo 01000,1249,Pretul,NO
P1001,Sierra 01001,349,,SI
1002,Taladro 01002,4976,Stanley,1
1003,Clavos 01003,5115,Bosch,
1004,Martillo 01004,3547,Stanley,0
1005,Clavos 01005,2530,Total,TRUE
1006,Tornillo 01006,7424,Truper,0
1007,Clavos 01007,922,Truper,SI
1008,Brocha 01008,9580,Truper,0
1009,Taladro 01009,3409,EPAHome,
1010,Taladro 01010,1709,Makita,
1011,Taladro 01011,7785,Truper,1
1012,Martillo 01012,4286,Truper,TRUE
1013,Tornillo 01013,4508,Stanley,NO
1014,Pintura 01014,9899,Pretul,SI
1015,Brocha 01015,5055,EPAHome,1
1016,Pulidora 01016,3860,Makita,TRUE
1017,Pulidora 01017,7692,Bosch,SI
1018,Pulidora 01018,4638,Stanley,TRUE
1019,Brocha 01019,8144,Bosch,
1020,Brocha 01020,3489,Makita,NO
1021,Brocha 01021,3184,EPAHome,
1022,Pulidora 01022,8066,EPAHome,0
1023,,9609,Truper,
1024,Clavos 01024,9574,EPAHome,0
1025,Martillo 01025,ABC,Total,1
1026,Pintura 01026,5677,,NO
1027,Martillo 01027,6024,EPAHome,
1028,Pintura 01028,3320,Pretul,SI
1029,Tornillo 01029,2451,Total,SI
1030,Brocha 01030,5815,,TRUE
1031,Tornillo 01031,10445,,
1032,Pulidora 01032,6049,Truper,NO
1033,Brocha 01033,2595,,
1034,Martillo 01034,8735,Truper,FALSE
1035,Reflector 01035,9737,Truper,FALSE
1036,Martillo 01036,6341,,
1037,Reflector 01037,6261,Stanley,FALSE
1038,Sierra 01038,6636,Total,SI
1039,Clavos 01039,8473,Truper,0
1040,Pintura 01040,9504,Total,FALSE
1041,Taladro 01041,1102,Makita,FALSE
1042,Taladro 01042,7130,,0
1043,Taladro 01043,7293,Bosch,0
1044,Cerradura 01044,3772,Makita,SI
1045,Tornillo 01045,8733,Stanley,SI
1046,Taladro 01046,7700,Pretul,TRUE
1047,Cerradura 01047,4106,Bosch,
1048,Brocha 01048,10738,,SI
1049,Reflector 01049,7382,Truper,
1050,Clavos 01050,6005,Stanley,NO
1051,Martillo 01051,987,Makita,SI
1052,Pulidora 01052,9049,Stanley,1
1053,Tornillo 01053,1207,EPAHome,FALSE
1054,Cerradura 01054,8648,EPAHome,TRUE
1055,Reflector 01055,542,EPAHome,1
1056,,6498,Pretul,FALSE
1057,Martillo 01057,7115,,TRUE
1058,Pintura 01058,2659,Stanley,FALSE
1059,Martillo 01059,4517,Pretul,0
1060,Tornillo 01060,3367,,FALSE
1061,Sierra 01061,3131,Makita,FALSE
1062,Reflector 01062,843,Makita,1
1063,Taladro 01063,5105,,NO
1064,Taladro 01064,1490,EPAHome,0
1065,Pintura 01065,2660,Truper,NO
1066,Tornillo 01066,2851,,0
1067,Martillo 01067,5048,Truper,NO
1068,Pintura 01068,9985,Makita,0
1069,Tornillo 01069,5869,Makita,TRUE
1070,Clavos 01070,4120,Makita,TRUE
1071,Tornillo 01071,6039,Pretul,1
1072,Pulidora 01072,7107,Stanley,1
1073,Sierra 01073,10023,Makita,0
1074,Tornillo 01074,5875,Stanley,TRUE
1075,Brocha 01075,3255,Makita,
1076,Pulidora 01076,5987,EPAHome,1
1077,Pintura 01077,7835,EPAHome,TRUE
P1078,Pulidora 01078,2092,Stanley,FALSE
1079,Pulidora 01079,3944,Makita,1
1080,Brocha 01080,3583,Makita,0
1081,Clavos 01081,6786,EPAHome,FALSE
1082,Taladro 01082,1537,EPAHome,FALSE
1083,Clavos 01083,176,Makita,1
1084,Pintura 01084,4024,,FALSE
1085,Clavos 01085,2497,Pretul,
1086,Cerradura 01086,73,Stanley,SI
1087,Taladro 01087,5945,Truper,0
1088,Reflector 01088,10567,Stanley,0
1089,,4090,Truper,FALSE
1090,Pintura 01090,2078,Bosch,NO
1091,Sierra 01091,7185,EPAHome,TRUE
1092,Reflector 01092,2917,,0
1093,Pulidora 01093,10232,Stanley,SI
1094,Pintura 01094,6397,Bosch,FALSE
1095,Taladro 01095,6416,Stanley,NO
1096,Pintura 01096,8227,,FALSE
1097,Tornillo 01097,2039,Stanley,SI
1098,Pintura 01098,9690,Bosch,1
1099,Taladro 01099,2501,EPAHome,
1100,Pintura 01100,7721,Total,0
1101,Clavos 01101,7543,Makita,FALSE
1102,Taladro 01102,331,Stanley,1
1103,Taladro 01103,6487,Bosch,0
1104,Cerradura 01104,7669,Total,
1105,Brocha 01105,4564,Total,SI
1106,Cerradura 01106,5450,EPAHome,1
1107,Taladro 01107,5528,Makita,FALSE
1108,Tornillo 01108,10776,Pretul,
1109,Reflector 01109,5563,Bosch,
1110,Clavos 01110,68,Total,FALSE
1111,Cerradura 01111,8218,,0
1112,Pintura 01112,2279,Makita,FALSE
1113,Cerradura 01113,1721,EPAHome,FALSE
1114,Cerradura 01114,1164,Total,SI
1115,Pulidora 01115,4275,EPAHome,FALSE
1116,Pulidora 01116,3915,Stanley,
1117,Tornillo 01117,10847,Truper,0
1118,Clavos 01118,4180,Bosch,FALSE
1119,Clavos 01119,1592,Total,SI
1120,Cerradura 01120,8310,,NO
1121,Brocha 01121,3030,Total,0
1122,,4858,Bosch,0
1123,Clavos 01123,8500,EPAHome,SI
1124,Pulidora 01124,4338,EPAHome,TRUE
1125,Sierra 01125,3044,Makita,TRUE
1126,Tornillo 01126,7431,,1
1127,Tornillo 01127,1599,Pretul,FALSE
1128,Reflector 01128,2748,Stanley,TRUE
1129,Cerradura 01129,5575,EPAHome,FALSE
1130,Taladro 01130,4370,Bosch,NO
1131,Clavos 01131,220,Makita,0
1132,Clavos 01132,8544,Truper,1
1133,Brocha 01133,8046,Bosch,FALSE
1134,Pintura 01134,4566,Truper,1
1135,Brocha 01135,9751,Stanley,0
1136,Pintura 01136,4079,EPAHome,TRUE
1137,Sierra 01137,4774,Pretul,
1138,Taladro 01138,6525,Pretul,0
1139,Sierra 01139,6164,Total,NO
1140,Sierra 01140,3771,EPAHome,NO
1141,Brocha 01141,834,EPAHome,NO
1142,Reflector 01142,7508,EPAHome,
1143,Reflector 01143,1754,,NO
1144,Tornillo 01144,8810,Total,SI
1145,Sierra 01145,6022,Stanley,1
1146,Pintura 01146,1135,Truper,SI
1147,Clavos 01147,4851,,
1148,Pintura 01148,10514,EPAHome,1
1149,Pulidora 01149,1626,Total,0
1150,Reflector 01150,2361,EPAHome,SI
1151,Taladro 01151,3109,Makita,FALSE
1152,Pintura 01152,3631,Pretul,0
1153,Clavos 01153,10778,Stanley,
1154,Brocha 01154,9467,EPAHome,SI
P1155,,95,Truper,NO
1156,Clavos 01156,10791,Bosch,0
1157,Pintura 01157,9792,Truper,1
1158,Tornillo 01158,8596,Bosch,0
1159,Reflector 01159,136,Stanley,1
1160,Cerradura 01160,6990,,SI
1161,Cerradura 01161,3034,EPAHome,FALSE
1162,Brocha 01162,5505,,1
1163,Pintura 01163,4625,Makita,SI
1164,Cerradura 01164,3459,EPAHome,
1165,Pintura 01165,7622,,SI
1166,Tornillo 01166,6436,Total,FALSE
1167,Taladro 01167,10432,Truper,
1168,Sierra 01168,5384,Pretul,
1169,Reflector 01169,4922,Stanley,0
1170,Pulidora 01170,89,Bosch,FALSE
1171,Reflector 01171,5784,Total,0
1172,Sierra 01172,8741,Pretul,TRUE
1173,Reflector 01173,3129,Bosch,
1174,Cerradura 01174,8512,Truper,FALSE
1175,Reflector 01175,5308,Truper,1
1176,Martillo 01176,2438,Pretul,
1177,Tornillo 01177,10337,Bosch,1
1178,Martillo 01178,246,Truper,1
1179,Cerradura 01179,3612,EPAHome,0
1180,Reflector 01180,508,EPAHome,TRUE
1181,Clavos 01181,7255,Makita,1
1182,Brocha 01182,257,Truper,FALSE
1183,Sierra 01183,134,Truper,SI
1184,Tornillo 01184,8140,Makita,0
1185,Pulidora 01185,6685,,0
1186,Martillo 01186,10765,Truper,SI
1187,Sierra 01187,9331,Makita,
1188,,789,Total,
1189,Tornillo 01189,9102,EPAHome,
1190,Brocha 01190,970,Bosch,FALSE
1191,Reflector 01191,934,Stanley,FALSE
1192,Martillo 01192,6247,Total,SI
1193,Taladro 01193,10176,Stanley,1
1194,Reflector 01194,5471,Stanley,TRUE
1195,Brocha 01195,1917,EPAHome,TRUE
1196,Clavos 01196,7456,Pretul,SI
1197,Reflector 01197,1315,Stanley,NO
1198,Tornillo 01198,10070,Stanley,TRUE
1199,Cerradura 01199,4053,EPAHome,0
1200,Pulidora 01200,3658,Truper,
1201,Pulidora 01201,3953,Stanley,NO
1202,Taladro 01202,4847,EPAHome,1
1203,Taladro 01203,5655,Total,0
1204,Reflector 01204,9176,EPAHome,1
1205,Martillo 01205,6101,,
1206,Sierra 01206,8791,Stanley,FALSE
1207,Clavos 01207,9331,,NO
1208,Brocha 01208,1247,Truper,FALSE
1209,Tornillo 01209,1858,Total,
1210,Sierra 01210,5224,,SI
1211,Reflector 01211,9270,EPAHome,NO
1212,Reflector 01212,88,Truper,FALSE
1213,Pulidora 01213,8804,EPAHome,
1214,Clavos 01214,3171,Total,1
1215,Taladro 01215,4741,Pretul,FALSE
1216,Pintura 01216,2863,EPAHome,NO
1217,Reflector 01217,359,Total,1
1218,Sierra 01218,1226,,NO
1219,Pulidora 01219,6403,Total,1
1220,Tornillo 01220,8328,Total,TRUE
1221,,10298,,
1222,Taladro 01222,7524,Truper,
1223,Taladro 01223,6231,Truper,FALSE
1224,Reflector 01224,1151,Total,SI
1225,Tornillo 01225,1698,Bosch,SI
1226,Clavos 01226,4813,Bosch,0
1227,Taladro 01227,1111,,FALSE
1228,Taladro 01228,2531,Bosch,TRUE
1229,Reflector 01229,6541,Pretul,NO
1230,Reflector 01230,ABC,Pretul,TRUE
1231,Tornillo 01231,7891,Stanley,TRUE
P1232,Reflector 01232,10332,,1
1233,Pintura 01233,6353,Bosch,
1234,Tornillo 01234,4127,Makita,TRUE
1235,Brocha 01235,8670,,0
1236,Pintura 01236,8522,EPAHome,0
1237,Clavos 01237,4622,EPAHome,0
1238,Clavos 01238,5046,Pretul,0
1239,Reflector 01239,5858,Stanley,
1240,Martillo 01240,7800,Total,1
1241,Pintura 01241,7496,Total,
1242,Sierra 01242,9993,Stanley,
1243,Taladro 01243,7913,EPAHome,1
1244,Tornillo 01244,5672,Stanley,
1245,Pintura 01245,6297,EPAHome,
1246,Martillo 01246,4151,EPAHome,SI
1247,Clavos 01247,2805,Pretul,TRUE
1248,Pulidora 01248,1697,Bosch,SI
1249,Pintura 01249,5067,Makita,TRUE
1250,Sierra 01250,2580,Makita,0
1251,Taladro 01251,8745,Bosch,
1252,Martillo 01252,8253,EPAHome,TRUE
1253,Pulidora 01253,4598,EPAHome,
1254,,760,Bosch,TRUE
1255,Brocha 01255,429,Pretul,TRUE
1256,Clavos 01256,1413,Bosch,TRUE
1257,Brocha 01257,4042,Stanley,
1258,Pulidora 01258,3049,Makita,1
1259,Clavos 01259,7839,,NO
1260,Brocha 01260,6104,EPAHome,1
1261,Taladro 01261,9803,Total,SI
1262,Clavos 01262,7416,EPAHome,SI
1263,Cerradura 01263,4571,Total,SI
1264,Taladro 01264,2551,Truper,
1265,Brocha 01265,4681,EPAHome,FALSE
1266,Tornillo 01266,3499,EPAHome,
1267,Martillo 01267,1441,,FALSE
1268,Pulidora 01268,113,EPAHome,NO
1269,Brocha 01269,5143,Makita,NO
1270,Tornillo 01270,8620,Total,1
1271,Pulidora 01271,6743,Pretul,
1272,Sierra 01272,1463,Stanley,SI
1273,Reflector 01273,2601,Bosch,
1274,Pulidora 01274,201,Total,1
1275,Reflector 01275,4180,Makita,NO
1276,Reflector 01276,9525,Truper,SI
1277,Pulidora 01277,602,Total,1
1278,Sierra 01278,2130,Pretul,FALSE
1279,Cerradura 01279,4376,Bosch,NO
1280,Tornillo 01280,4267,Pretul,TRUE
1281,Clavos 01281,9828,Total,
1282,Sierra 01282,7727,Pretul,TRUE
1283,Sierra 01283,3323,,SI
1284,Tornillo 01284,8985,Truper,FALSE
1285,Clavos 01285,8485,Makita,
1286,Pulidora 01286,110,Bosch,FALSE
1287,,1799,Truper,NO
1288,Clavos 01288,5475,Pretul,NO
1289,Brocha 01289,6930,Pretul,0
1290,Reflector 01290,9202,Pretul,NO
1291,Pulidora 01291,1226,Pretul,NO
1292,Pulidora 01292,9408,Pretul,FALSE
1293,Clavos 01293,8938,Pretul,FALSE
1294,Pulidora 01294,1197,Stanley,NO
1295,Pintura 01295,9953,Pretul,1
1296,Sierra 01296,1609,Total,NO
1297,Sierra 01297,7467,Stanley,1
1298,Tornillo 01298,8386,Stanley,
1299,Taladro 01299,5255,Truper,
1300,Taladro 01300,10637,,1
1301,Martillo 01301,2548,Pretul,0
1302,Sierra 01302,5493,Truper,TRUE
1303,Martillo 01303,6583,Makita,0
1304,Taladro 01304,7208,Pretul,0
1305,Pintura 01305,9270,Pretul,TRUE
1306,Clavos 01306,2651,Total,0
1307,Tornillo 01307,10465,Bosch,FALSE
1308,Martillo 01308,3083,Truper,
P1309,Taladro 01309,7043,Total,0
1310,Pintura 01310,8049,Bosch,TRUE
1311,Sierra 01311,7574,EPAHome,FALSE
1312,Pulidora 01312,2539,Bosch,0
1313,Reflector 01313,830,Total,
1314,Cerradura 01314,5261,EPAHome,0
1315,Taladro 01315,3747,Stanley,1
1316,Clavos 01316,1365,Total,1
1317,Taladro 01317,6902,,0
1318,Taladro 01318,4631,Bosch,0
1319,Brocha 01319,3413,Makita,1
1320,,4772,Bosch,1
1321,Pulidora 01321,73,Total,SI
1322,Martillo 01322,2943,Pretul,SI
1323,Tornillo 01323,6461,Total,NO
1324,Cerradura 01324,3806,Pretul,FALSE
1325,Taladro 01325,1155,Makita,NO
1326,Clavos 01326,8787,Bosch,1
1327,Brocha 01327,8981,Total,
1328,Brocha 01328,8409,Total,1
1329,Reflector 01329,293,Truper,0
1330,Martillo 01330,3336,,0
1331,Tornillo 01331,4660,Stanley,NO
1332,Clavos 01332,7004,Makita,0
1333,Pulidora 01333,2379,,
1334,Brocha 01334,6553,Truper,TRUE
1335,Tornillo 01335,8645,Pretul,SI
1336,Reflector 01336,10278,Pretul,
1337,Taladro 01337,7820,Total,NO
1338,Pintura 01338,6696,Stanley,SI
1339,Taladro 01339,4682,Truper,TRUE
1340,Sierra 01340,5452,Truper,TRUE
1341,Martillo 01341,667,Stanley,
1342,Pintura 01342,4021,Truper,TRUE
1343,Taladro 01343,3880,Stanley,FALSE
1344,Martillo 01344,6664,,FALSE
1345,Pintura 01345,9049,EPAHome,SI
1346,Reflector 01346,9307,Total,1
1347,Tornillo 01347,4764,Stanley,TRUE
1348,Sierra 01348,7215,Bosch,
1349,Taladro 01349,3277,,TRUE
1350,Pintura 01350,1777,Makita,
1351,Reflector 01351,6970,Total,SI
1352,Brocha 01352,10026,Pretul,TRUE
1353,,555,EPAHome,1
1354,Brocha 01354,3840,Makita,TRUE
1355,Cerradura 01355,5156,Total,FALSE
1356,Tornillo 01356,809,Pretul,1
1357,Sierra 01357,9162,Makita,1
1358,Pulidora 01358,3851,Pretul,
1359,Cerradura 01359,2739,Truper,NO
1360,Pulidora 01360,10583,Total,
1361,Clavos 01361,4480,Pretul,NO
1362,Taladro 01362,7636,Bosch,FALSE
1363,Tornillo 01363,7039,Total,0
1364,Reflector 01364,7569,Bosch,FALSE
1365,Sierra 01365,73,EPAHome,SI
1366,Cerradura 01366,9770,Total,
1367,Clavos 01367,1149,,NO
1368,Sierra 01368,2172,,
1369,Brocha 01369,7295,Truper,
1370,Pulidora 01370,6518,Truper,NO
1371,Taladro 01371,5985,Bosch,SI
1372,Martillo 01372,9256,EPAHome,SI
1373,Martillo 01373,9011,EPAHome,FALSE
1374,Reflector 01374,9268,Pretul,SI
1375,Brocha 01375,10341,Truper,SI
1376,Brocha 01376,2130,Pretul,TRUE
1377,Clavos 01377,8296,,NO
1378,Brocha 01378,10472,EPAHome,
1379,Reflector 01379,8496,Stanley,SI
1380,Tornillo 01380,4335,Makita,1
1381,Reflector 01381,3889,,TRUE
1382,Cerradura 01382,543,Truper,FALSE
1383,Clavos 01383,2192,Total,TRUE
1384,Pintura 01384,7302,Stanley,0
1385,Brocha 01385,8814,Stanley,SI
P1386,,1815,Bosch,1
1387,Tornillo 01387,5482,Bosch,TRUE
1388,Sierra 01388,3096,Truper,
1389,Martillo 01389,3452,Total,
1390,Martillo 01390,2380,EPAHome,SI
1391,Reflector 01391,6402,Stanley,
1392,Brocha 01392,357,Total,NO
1393,Martillo 01393,8136,Truper,FALSE
1394,Clavos 01394,7584,Makita,
1395,Brocha 01395,1878,,0
1396,Tornillo 01396,10656,EPAHome,0
1397,Reflector 01397,9172,Truper,NO
1398,Tornillo 01398,10147,Makita,SI
1399,Cerradura 01399,1022,Stanley,TRUE
1400,Clavos 01400,10761,EPAHome,0
1401,Tornillo 01401,3723,Total,0
1402,Pulidora 01402,6642,Pretul,1
1403,Cerradura 01403,2370,Total,FALSE
1404,Pulidora 01404,7308,Pretul,0
1405,Cerradura 01405,157,Pretul,FALSE
1406,Tornillo 01406,8177,EPAHome,TRUE
1407,Pintura 01407,7126,Stanley,1
1408,Cerradura 01408,4732,Makita,0
1409,Tornillo 01409,99,,TRUE
1410,Pulidora 01410,1119,,1
1411,Clavos 01411,756,EPAHome,1
1412,Reflector 01412,6604,Pretul,
1413,Reflector 01413,6285,Pretul,NO
1414,Tornillo 01414,1673,Pretul,
1415,Cerradura 01415,2344,Total,0
1416,Cerradura 01416,2162,Stanley,FALSE
1417,Cerradura 01417,9917,,TRUE
1418,Sierra 01418,1117,Stanley,SI
1419,,10362,Bosch,TRUE
1420,Taladro 01420,2443,Truper,
1421,Martillo 01421,1679,Stanley,NO
1422,Reflector 01422,9421,Pretul,FALSE
1423,Sierra 01423,9420,Stanley,1
1424,Pintura 01424,8407,Stanley,SI
1425,Pulidora 01425,8146,Truper,1
1426,Clavos 01426,2358,Total,TRUE
1427,Pintura 01427,4425,Pretul,TRUE
1428,Taladro 01428,5206,Bosch,0
1429,Pintura 01429,10768,Pretul,1
1430,Pintura 01430,75,,TRUE
1431,Sierra 01431,2687,Truper,
1432,Clavos 01432,2134,Stanley,0
1433,Cerradura 01433,2488,EPAHome,NO
1434,Brocha 01434,4111,EPAHome,FALSE
1435,Reflector 01435,ABC,Total,NO
1436,Taladro 01436,9363,Makita,TRUE
1437,Pintura 01437,10464,Total,0
1438,Cerradura 01438,866,EPAHome,TRUE
1439,Cerradura 01439,4484,Truper,1
1440,Sierra 01440,3284,,TRUE
1441,Taladro 01441,9180,Total,
1442,Sierra 01442,7158,Truper,TRUE
1443,Tornillo 01443,985,,SI
1444,Taladro 01444,782,EPAHome,SI
1445,Reflector 01445,10201,Pretul,TRUE
1446,Clavos 01446,6573,Makita,NO
1447,Reflector 01447,6979,Stanley,0
1448,Reflector 01448,4190,Makita,SI
1449,Brocha 01449,1661,Makita,NO
1450,Clavos 01450,6377,Makita,0
1451,Taladro 01451,490,,0
1452,,9796,Total,
1453,Taladro 01453,8236,,FALSE
1454,Taladro 01454,9904,Total,FALSE
1455,Pulidora 01455,8773,Bosch,NO
1456,Taladro 01456,2267,Bosch,SI
1457,Clavos 01457,7900,Truper,0
1458,Clavos 01458,8695,Bosch,TRUE
1459,Cerradura 01459,9106,Makita,SI
1460,Pintura 01460,2181,Makita,FALSE
1461,Clavos 01461,7585,EPAHome,
1462,Pintura 01462,467,Bosch,
P1463,Pulidora 01463,3342,Pretul,SI
1464,Cerradura 01464,6020,Bosch,NO
1465,Pulidora 01465,1918,,FALSE
1466,Sierra 01466,1799,EPAHome,
1467,Tornillo 01467,7809,EPAHome,
1468,Cerradura 01468,8519,Bosch,SI
1469,Clavos 01469,8833,Bosch,FALSE
1470,Pulidora 01470,9255,Makita,NO
1471,Cerradura 01471,7059,EPAHome,FALSE
1472,Cerradura 01472,525,Bosch,0
1473,Martillo 01473,6266,Truper,TRUE
1474,Pulidora 01474,478,Makita,SI
1475,Clavos 01475,1344,Stanley,FALSE
1476,Cerradura 01476,3158,Stanley,NO
1477,Tornillo 01477,3929,EPAHome,TRUE
1478,Tornillo 01478,9592,Bosch,0
1479,Martillo 01479,8547,Bosch,0
1480,Pulidora 01480,7722,Total,FALSE
1481,Sierra 01481,1325,EPAHome,FALSE
1482,Sierra 01482,36,EPAHome,
1483,Pulidora 01483,4993,Truper,SI
1484,Brocha 01484,5216,Truper,SI
1485,,9610,Makita,
1486,Cerradura 01486,3073,Pretul,1
1487,Clavos 01487,266,Bosch,SI
1488,Reflector 01488,6483,Truper,0
1489,Taladro 01489,3639,Makita,FALSE
1490,Sierra 01490,8250,Stanley,SI
1491,Pulidora 01491,4964,,0
1492,Martillo 01492,9948,,0
1493,Taladro 01493,3738,Makita,0
1494,Pulidora 01494,7001,Stanley,1
1495,Reflector 01495,7176,Total,
1496,Martillo 01496,1949,Makita,FALSE
1497,Pulidora 01497,4690,Total,TRUE
1498,Sierra 01498,2158,Bosch,NO
1499,Cerradura 01499,9779,Stanley,FALSE
1500,Sierra 01500,1198,EPAHome,NO
1500,Sierra 01500,1198,EPAHome,NO
1501,Sierra 01501,4169,Makita,FALSE
1502,Reflector 01502,1949,,SI
1503,Cerradura 01503,5756,Bosch,1
1504,Taladro 01504,6604,Total,NO
1505,Pintura 01505,5285,Total,
1506,Cerradura 01506,2194,Total,1
1507,Taladro 01507,1159,Bosch,
1508,Reflector 01508,1036,Truper,
1509,Sierra 01509,5732,Makita,FALSE
1510,Martillo 01510,1249,Total,1
1511,Brocha 01511,6808,Makita,0
1512,Taladro 01512,3245,EPAHome,FALSE
1513,Martillo 01513,7505,Stanley,0
1514,Cerradura 01514,2241,,TRUE
1515,Martillo 01515,5341,Pretul,NO
1516,Sierra 01516,61,Truper,NO
1517,Taladro 01517,5234,Pretul,SI
1518,,5315,EPAHome,
1519,Brocha 01519,1320,Total,TRUE
1520,Pulidora 01520,4657,Total,TRUE
1521,Pulidora 01521,1106,Stanley,NO
1522,Reflector 01522,5661,Pretul,FALSE
1523,Tornillo 01523,6972,Stanley,SI
1524,Pintura 01524,1217,Makita,SI
1525,Cerradura 01525,4489,Makita,0
1526,Martillo 01526,8356,,NO
1527,Cerradura 01527,10200,Makita,FALSE
1528,Cerradura 01528,1824,Pretul,NO
1529,Tornillo 01529,7144,Stanley,FALSE
1530,Clavos 01530,294,Truper,1
1531,Pintura 01531,5738,,FALSE
1532,Cerradura 01532,1247,EPAHome,FALSE
1533,Brocha 01533,6393,EPAHome,0
1534,Tornillo 01534,3117,Bosch,SI
1535,Cerradura 01535,9990,Truper,NO
1536,Taladro 01536,5176,Truper,TRUE
1537,Sierra 01537,7524,EPAHome,1
1538,Pintura 01538,2807,Makita,FALSE
1539,Clavos 01539,10005,Truper,FALSE
P1540,Brocha 01540,4789,Pretul,NO
1541,Taladro 01541,9637,Pretul,0
1542,Sierra 01542,1163,Pretul,TRUE
1543,Brocha 01543,8643,Stanley,SI
1544,Tornillo 01544,4568,Makita,FALSE
1545,Tornillo 01545,3547,Total,1
1546,Reflector 01546,5920,Makita,FALSE
1547,Reflector 01547,9966,Makita,FALSE
1548,Taladro 01548,2964,Pretul,TRUE
1549,Sierra 01549,3907,Stanley,1
1550,Pintura 01550,4343,Bosch,0
1551,,7121,Stanley,SI
1552,Cerradura 01552,9305,Truper,FALSE
1553,Martillo 01553,7796,Bosch,NO
1554,Taladro 01554,8604,,NO
1555,Martillo 01555,3575,Truper,SI
1556,Pulidora 01556,7844,,SI
1557,Sierra 01557,3547,Pretul,0
1558,Sierra 01558,2185,,NO
1559,Cerradura 01559,3638,Stanley,NO
1560,Pintura 01560,5821,Pretul,SI
1561,Reflector 01561,84,Makita,
1562,Taladro 01562,9562,,NO
1563,Pintura 01563,9532,Total,FALSE
1564,Cerradura 01564,7453,Pretul,SI
1565,Cerradura 01565,6126,Makita,
1566,Pulidora 01566,3343,Truper,1
1567,Sierra 01567,635,Stanley,1
1568,Pulidora 01568,7722,Makita,0
1569,Pulidora 01569,10399,Truper,NO
1570,Martillo 01570,1833,EPAHome,0
1571,Pintura 01571,4508,Bosch,
1572,Pintura 01572,6453,Bosch,FALSE
1573,Cerradura 01573,6035,,1
1574,Reflector 01574,5676,Makita,
1575,Taladro 01575,4537,Bosch,FALSE
1576,Martillo 01576,1934,Makita,
1577,Cerradura 01577,4741,Total,1
1578,Pulidora 01578,6239,Makita,1
1579,Cerradura 01579,7607,Stanley,1
1580,Sierra 01580,9779,Bosch,
1581,Brocha 01581,1869,,SI
1582,Tornillo 01582,6610,Pretul,TRUE
1583,Sierra 01583,744,EPAHome,TRUE
1584,,9185,,FALSE
1585,Sierra 01585,5031,Bosch,
1586,Pintura 01586,10752,Bosch,0
1587,Brocha 01587,8688,EPAHome,SI
1588,Clavos 01588,5701,,SI
1589,Pintura 01589,10263,Bosch,NO
1590,Cerradura 01590,7855,Makita,FALSE
1591,Clavos 01591,5510,Makita,SI
1592,Martillo 01592,1708,Stanley,TRUE
1593,Cerradura 01593,2047,EPAHome,FALSE
1594,Pintura 01594,1134,Makita,TRUE
1595,Pulidora 01595,3990,Total,TRUE
1596,Tornillo 01596,7468,Makita,FALSE
1597,Tornillo 01597,9925,Bosch,0
1598,Taladro 01598,6226,Total,NO
1599,Sierra 01599,10714,Bosch,TRUE
1600,Pintura 01600,820,Makita,
1601,Pulidora 01601,2986,Bosch,0
1602,Tornillo 01602,6859,EPAHome,0
1603,Clavos 01603,631,Pretul,SI
1604,Taladro 01604,7234,Stanley,NO
1605,Pintura 01605,9113,,FALSE
1606,Clavos 01606,9375,Truper,1
1607,Martillo 01607,2873,,1
1608,Clavos 01608,6675,EPAHome,SI
1609,Taladro 01609,2777,,
1610,Martillo 01610,10518,,FALSE
1611,Taladro 01611,3874,Bosch,FALSE
1612,Pintura 01612,3304,Stanley,1
1613,Clavos 01613,1463,EPAHome,NO
1614,Pintura 01614,6140,EPAHome,
1615,Pulidora 01615,2293,Truper,FALSE
1616,Martillo 01616,2037,Bosch,FALSE
P1617,,5639,Truper,0
1618,Sierra 01618,7196,Bosch,
1619,Reflector 01619,6106,Stanley,FALSE
1620,Martillo 01620,9617,,FALSE
1621,Tornillo 01621,3484,,SI
1622,Reflector 01622,3892,EPAHome,
1623,Cerradura 01623,4828,,1
1624,Pintura 01624,880,Total,FALSE
1625,Clavos 01625,4471,Bosch,
1626,Pulidora 01626,9743,Truper,FALSE
1627,Reflector 01627,10472,,0
1628,Pintura 01628,6162,Makita,SI
1629,Sierra 01629,8842,Pretul,NO
1630,Clavos 01630,9447,Truper,FALSE
1631,Pintura 01631,10098,Makita,0
1632,Cerradura 01632,7717,,
1633,Brocha 01633,3200,Total,FALSE
1634,Reflector 01634,6901,Total,FALSE
1635,Tornillo 01635,8289,Pretul,FALSE
1636,Pintura 01636,6102,EPAHome,0
1637,Reflector 01637,8938,Truper,SI
1638,Cerradura 01638,9574,Total,1
1639,Martillo 01639,6719,Stanley,TRUE
1640,Reflector 01640,ABC,Total,FALSE
1641,Cerradura 01641,9413,EPAHome,NO
1642,Cerradura 01642,10066,EPAHome,SI
1643,Pulidora 01643,3479,Truper,SI
1644,Clavos 01644,3417,Stanley,
1645,Brocha 01645,1155,Total,NO
1646,Clavos 01646,8573,EPAHome,
1647,Pulidora 01647,3494,Total,TRUE
1648,Pintura 01648,4898,EPAHome,SI
1649,Martillo 01649,10016,EPAHome,0
1650,,658,Makita,1
1651,Cerradura 01651,5055,Total,FALSE
1652,Taladro 01652,3925,Total,FALSE
1653,Taladro 01653,7949,,TRUE
1654,Clavos 01654,9926,EPAHome,NO
1655,Reflector 01655,1930,EPAHome,NO
1656,Tornillo 01656,9505,Truper,NO
1657,Pulidora 01657,7226,Makita,TRUE
1658,Tornillo 01658,1107,,FALSE
1659,Martillo 01659,7758,Total,1
1660,Pulidora 01660,6360,Stanley,NO
1661,Cerradura 01661,4609,,TRUE
1662,Reflector 01662,5994,Bosch,SI
1663,Reflector 01663,6415,Stanley,
1664,Tornillo 01664,610,EPAHome,1
1665,Tornillo 01665,7143,EPAHome,NO
1666,Clavos 01666,4783,Truper,SI
1667,Martillo 01667,4126,Stanley,SI
1668,Cerradura 01668,9195,Makita,SI
1669,Martillo 01669,3631,Pretul,SI
1670,Taladro 01670,1186,EPAHome,TRUE
1671,Sierra 01671,5601,Total,0
1672,Taladro 01672,511,Makita,SI
1673,Clavos 01673,9995,,0
1674,Clavos 01674,1462,Truper,SI
1675,Clavos 01675,7494,Stanley,0
1676,Pintura 01676,3721,Stanley,0
1677,Cerradura 01677,2977,Makita,1
1678,Tornillo 01678,2413,Stanley,NO
1679,Pintura 01679,8909,Truper,0
1680,Sierra 01680,806,EPAHome,FALSE
1681,Taladro 01681,4085,Truper,FALSE
1682,Tornillo 01682,9294,EPAHome,NO
1683,,9814,Makita,
1684,Reflector 01684,9084,EPAHome,SI
1685,Pintura 01685,5232,Truper,TRUE
1686,Pintura 01686,8965,EPAHome,TRUE
1687,Cerradura 01687,2762,Makita,0
1688,Tornillo 01688,6902,Makita,0
1689,Martillo 01689,3319,,SI
1690,Brocha 01690,8228,Truper,NO
1691,Brocha 01691,9550,Stanley,1
1692,Tornillo 01692,2149,Total,TRUE
1693,Cerradura 01693,9406,Pretul,
P1694,Pulidora 01694,665,Total,1
1695,Tornillo 01695,3173,,NO
1696,Reflector 01696,9811,,0
1697,Sierra 01697,2658,,SI
1698,Sierra 01698,3942,Total,0
1699,Cerradura 01699,4232,Truper,TRUE
1700,Sierra 01700,175,Stanley,1
1701,Tornillo 01701,5760,EPAHome,SI
1702,Taladro 01702,2678,EPAHome,1
1703,Reflector 01703,5013,Bosch,SI
1704,Cerradura 01704,2499,Bosch,1
1705,Brocha 01705,10838,Pretul,0
1706,Clavos 01706,5338,EPAHome,
1707,Tornillo 01707,4629,Truper,FALSE
1708,Clavos 01708,2792,,TRUE
1709,Pulidora 01709,3474,Total,0
1710,Taladro 01710,9464,Bosch,NO
1711,Sierra 01711,1129,Makita,NO
1712,Pintura 01712,4136,Truper,NO
1713,Clavos 01713,10202,Makita,SI
1714,Martillo 01714,4517,Stanley,TRUE
1715,Pintura 01715,2303,Truper,FALSE
1716,,2879,,NO
1717,Tornillo 01717,9650,Stanley,FALSE
1718,Pulidora 01718,9605,Truper,
1719,Cerradura 01719,634,Truper,NO
1720,Brocha 01720,747,Truper,
1721,Clavos 01721,6001,EPAHome,FALSE
1722,Cerradura 01722,5032,Truper,0
1723,Pulidora 01723,7485,Makita,TRUE
1724,Taladro 01724,8060,,FALSE
1725,Taladro 01725,2405,EPAHome,1
1726,Cerradura 01726,834,Total,
1727,Sierra 01727,5026,Makita,NO
1728,Cerradura 01728,823,,0
1729,Pintura 01729,7643,Stanley,
1730,Tornillo 01730,10385,Pretul,TRUE
1731,Reflector 01731,5078,Truper,TRUE
1732,Sierra 01732,2971,Makita,1
1733,Pulidora 01733,4916,Pretul,FALSE
1734,Pintura 01734,6754,Bosch,NO
1735,Martillo 01735,881,Truper,0
1736,Pintura 01736,2316,Stanley,
1737,Reflector 01737,8442,Stanley,1
1738,Sierra 01738,2414,,NO
1739,Reflector 01739,7236,,1
1740,Taladro 01740,7130,EPAHome,TRUE
1741,Taladro 01741,2725,,
1742,Tornillo 01742,2485,Truper,
1743,Sierra 01743,929,Bosch,NO
1744,Brocha 01744,9868,Total,0
1745,Tornillo 01745,8532,,0
1746,Pintura 01746,8523,Makita,FALSE
1747,Sierra 01747,8161,EPAHome,FALSE
1748,Pulidora 01748,4339,Makita,SI
1749,,1735,Makita,SI
1750,Sierra 01750,1616,,0
1751,Sierra 01751,3586,,FALSE
1752,Tornillo 01752,5830,Makita,NO
1753,Clavos 01753,7260,Makita,NO
1754,Pintura 01754,809,Total,0
1755,Pintura 01755,9781,Stanley,FALSE
1756,Clavos 01756,2985,Makita,
1757,Brocha 01757,2052,Truper,FALSE
1758,Pintura 01758,4970,Stanley,TRUE
1759,Tornillo 01759,3174,Stanley,SI
1760,Martillo 01760,1637,Makita,TRUE
1761,Clavos 01761,45,EPAHome,TRUE
1762,Martillo 01762,8909,Pretul,FALSE
1763,Reflector 01763,9862,Makita,1
1764,Taladro 01764,6713,EPAHome,TRUE
1765,Pintura 01765,4935,Stanley,FALSE
1766,Pulidora 01766,9343,Bosch,0
1767,Cerradura 01767,1002,Bosch,FALSE
1768,Tornillo 01768,7870,Stanley,NO
1769,Brocha 01769,1572,Makita,FALSE
1770,Sierra 01770,4164,Bosch,SI
P1771,Reflector 01771,4835,Truper,0
1772,Brocha 01772,219,Bosch,SI
1773,Clavos 01773,460,Stanley,
1774,Clavos 01774,3624,Makita,0
1775,Clavos 01775,5403,,NO
1776,Brocha 01776,5620,,0
1777,Sierra 01777,8904,Bosch,
1778,Martillo 01778,2795,,TRUE
1779,Tornillo 01779,2584,Total,1
1780,Cerradura 01780,4865,Pretul,FALSE
1781,Tornillo 01781,7367,,FALSE
1782,,3527,EPAHome,1
1783,Taladro 01783,9976,Bosch,TRUE
1784,Tornillo 01784,3126,Truper,0
1785,Reflector 01785,1471,Truper,NO
1786,Clavos 01786,1366,Stanley,1
1787,Tornillo 01787,2833,Bosch,1
1788,Reflector 01788,3165,Truper,0
1789,Reflector 01789,2321,EPAHome,0
1790,Clavos 01790,7719,Stanley,TRUE
1791,Clavos 01791,5039,Truper,0
1792,Cerradura 01792,1319,EPAHome,TRUE
1793,Pintura 01793,716,Bosch,NO
1794,Martillo 01794,115,Total,SI
1795,Taladro 01795,4090,Pretul,NO
1796,Cerradura 01796,8394,Pretul,NO
1797,Taladro 01797,2043,Bosch,TRUE
1798,Sierra 01798,4393,,0
1799,Pintura 01799,10202,Makita,NO
1800,Brocha 01800,6751,Stanley,NO
1801,Pulidora 01801,1730,Total,SI
1802,Clavos 01802,3306,Total,TRUE
1803,Martillo 01803,1044,,
1804,Cerradura 01804,519,Truper,NO
1805,Clavos 01805,4877,,0
1806,Brocha 01806,3176,,0
1807,Pintura 01807,1397,Bosch,TRUE
1808,Taladro 01808,3316,,SI
1809,Pulidora 01809,8241,Bosch,FALSE
1810,Clavos 01810,3369,Truper,
1811,Martillo 01811,2271,,TRUE
1812,Brocha 01812,2252,Truper,SI
1813,Tornillo 01813,3595,Pretul,FALSE
1814,Brocha 01814,5070,EPAHome,FALSE
1815,,9780,Total,SI
1816,Brocha 01816,9607,,1
1817,Reflector 01817,10712,EPAHome,SI
1818,Pulidora 01818,848,,FALSE
1819,Clavos 01819,4406,Stanley,0
1820,Pintura 01820,4797,Pretul,1
1821,Taladro 01821,2321,Stanley,SI
1822,Pulidora 01822,111,Pretul,1
1823,Tornillo 01823,5848,,0
1824,Cerradura 01824,10478,Bosch,NO
1825,Pintura 01825,9296,Bosch,0
1826,Taladro 01826,4606,Truper,NO
1827,Sierra 01827,3017,Truper,SI
1828,Reflector 01828,10425,Truper,
1829,Reflector 01829,5812,Truper,TRUE
1830,Reflector 01830,9451,Total,
1831,Taladro 01831,893,Pretul,SI
1832,Reflector 01832,6956,Total,NO
1833,Tornillo 01833,5220,,1
1834,Reflector 01834,10054,,FALSE
1835,Martillo 01835,3744,Truper,0
1836,Pintura 01836,6540,Truper,NO
1837,Sierra 01837,7959,Pretul,
1838,Pintura 01838,1735,Makita,NO
1839,Pintura 01839,630,Stanley,FALSE
1840,Taladro 01840,7069,Total,SI
1841,Sierra 01841,923,Stanley,0
1842,Reflector 01842,17,,NO
1843,Brocha 01843,6161,EPAHome,0
1844,Clavos 01844,5837,EPAHome,1
1845,Cerradura 01845,ABC,Total,
1846,Pintura 01846,5300,Bosch,0
1847,Brocha 01847,10105,Stanley,SI
P1848,,8126,Stanley,NO
1849,Pulidora 01849,7586,EPAHome,SI
1850,Clavos 01850,6585,Bosch,TRUE
1851,Taladro 01851,9672,EPAHome,0
1852,Taladro 01852,915,Pretul,
1853,Brocha 01853,5236,Total,NO
1854,Martillo 01854,2652,Makita,0
1855,Tornillo 01855,8928,Pretul,SI
1856,Martillo 01856,3281,Pretul,0
1857,Sierra 01857,7818,Bosch,0
1858,Martillo 01858,3781,,1
1859,Martillo 01859,5380,Total,0
1860,Martillo 01860,8172,,1
1861,Sierra 01861,8244,Stanley,1
1862,Sierra 01862,8769,,TRUE
1863,Cerradura 01863,4232,Pretul,1
1864,Sierra 01864,1901,Stanley,FALSE
1865,Taladro 01865,8429,Truper,FALSE
1866,Tornillo 01866,6243,Makita,0
1867,Martillo 01867,6721,Pretul,1
1868,Clavos 01868,6088,Truper,0
1869,Pulidora 01869,5877,Total,1
1870,Reflector 01870,7415,Total,NO
1871,Taladro 01871,10410,Total,SI
1872,Martillo 01872,2876,Stanley,1
1873,Pintura 01873,6029,Total,NO
1874,Brocha 01874,1270,Makita,FALSE
1875,Taladro 01875,5690,Total,FALSE
1876,Pintura 01876,889,,SI
1877,Clavos 01877,7792,Makita,TRUE
1878,Pulidora 01878,3162,Makita,FALSE
1879,Reflector 01879,484,Bosch,1
1880,Clavos 01880,1541,Total,0
1881,,9233,Truper,SI
1882,Brocha 01882,7999,Makita,SI
1883,Sierra 01883,3959,Stanley,NO
1884,Tornillo 01884,8268,Makita,1
1885,Clavos 01885,7506,Total,FALSE
1886,Tornillo 01886,3471,Truper,TRUE
1887,Tornillo 01887,6566,,0
1888,Martillo 01888,2017,Bosch,SI
1889,Cerradura 01889,9239,Bosch,TRUE
1890,Tornillo 01890,3593,Total,
1891,Martillo 01891,9550,Total,0
1892,Sierra 01892,2242,Pretul,1
1893,Sierra 01893,10129,Stanley,FALSE
1894,Tornillo 01894,3235,Stanley,FALSE
1895,Martillo 01895,5991,Bosch,
1896,Sierra 01896,3238,Makita,TRUE
1897,Taladro 01897,475,Makita,
1898,Cerradura 01898,1966,Pretul,SI
1899,Tornillo 01899,9836,,
1900,Pulidora 01900,7312,Total,TRUE
1901,Pulidora 01901,3337,Makita,SI
1902,Brocha 01902,6012,EPAHome,NO
1903,Brocha 01903,965,,FALSE
1904,Taladro 01904,780,EPAHome,TRUE
1905,Pintura 01905,9867,,1
1906,Martillo 01906,7466,Bosch,NO
1907,Tornillo 01907,10233,,
1908,Tornillo 01908,6943,Pretul,FALSE
1909,Martillo 01909,5993,,0
1910,Sierra 01910,6489,Stanley,0
1911,Cerradura 01911,5184,Pretul,TRUE
1912,Pulidora 01912,1531,EPAHome,TRUE
1913,Tornillo 01913,8971,Bosch,0
1914,,4,Pretul,
1915,Reflector 01915,165,Pretul,TRUE
1916,Pintura 01916,10059,Makita,
1917,Cerradura 01917,116,EPAHome,
1918,Reflector 01918,10073,Total,TRUE
1919,Pulidora 01919,2488,Total,0
1920,Martillo 01920,1372,Total,FALSE
1921,Clavos 01921,10631,Makita,FALSE
1922,Reflector 01922,2200,Bosch,SI
1923,Brocha 01923,3012,Truper,SI
1924,Pulidora 01924,4545,Truper,FALSE
P1925,Pulidora 01925,6911,Total,NO
1926,Clavos 01926,5599,Bosch,FALSE
1927,Clavos 01927,541,Stanley,TRUE
1928,Reflector 01928,2133,Truper,NO
1929,Sierra 01929,6206,Stanley,NO
1930,Pintura 01930,2041,Truper,1
1931,Tornillo 01931,5771,Makita,TRUE
1932,Tornillo 01932,2605,Bosch,TRUE
1933,Clavos 01933,4312,Pretul,1
1934,Clavos 01934,2217,Pretul,FALSE
1935,Pulidora 01935,9646,Stanley,NO
1936,Sierra 01936,10115,Truper,1
1937,Sierra 01937,5393,Total,
1938,Pulidora 01938,9539,EPAHome,1
1939,Tornillo 01939,1358,EPAHome,0
1940,Martillo 01940,9360,,SI
1941,Taladro 01941,916,Truper,SI
1942,Pintura 01942,8117,EPAHome,
1943,Taladro 01943,2592,Bosch,NO
1944,Pulidora 01944,5296,Bosch,FALSE
1945,Reflector 01945,8615,Stanley,0
1946,Pintura 01946,2435,Truper,0
1947,,9422,Stanley,FALSE
1948,Reflector 01948,2590,,1
1949,Pintura 01949,5089,Bosch,NO
1950,Pulidora 01950,644,,
1951,Tornillo 01951,2980,Stanley,FALSE
1952,Cerradura 01952,3082,Bosch,1
1953,Clavos 01953,9001,,NO
1954,Pulidora 01954,2382,Stanley,NO
1955,Pulidora 01955,7670,Bosch,0
1956,Sierra 01956,3902,Truper,FALSE
1957,Cerradura 01957,1268,EPAHome,FALSE
1958,Reflector 01958,8373,,
1959,Cerradura 01959,3982,Stanley,SI
1960,Cerradura 01960,1046,EPAHome,NO
1961,Brocha 01961,5178,Makita,SI
1962,Sierra 01962,9407,Truper,FALSE
1963,Pulidora 01963,7619,Bosch,FALSE
1964,Brocha 01964,8652,Total,TRUE
1965,Taladro 01965,7718,Pretul,NO
1966,Cerradura 01966,6974,Bosch,1
1967,Reflector 01967,9266,Bosch,FALSE
1968,Pintura 01968,5611,Makita,NO
1969,Tornillo 01969,2962,Pretul,1
1970,Tornillo 01970,9780,Pretul,FALSE
1971,Cerradura 01971,4247,Total,
1972,Sierra 01972,2343,,0
1973,Sierra 01973,5417,Truper,SI
1974,Brocha 01974,4887,Makita,0
1975,Tornillo 01975,3628,Pretul,FALSE
1976,Reflector 01976,5180,Total,TRUE
1977,Reflector 01977,1213,Bosch,SI
1978,Clavos 01978,1498,Total,TRUE
1979,Martillo 01979,6360,Makita,1
1980,,8309,Stanley,SI
1981,Clavos 01981,2171,Makita,SI
1982,Tornillo 01982,10302,Stanley,TRUE
1983,Clavos 01983,3416,,NO
1984,Clavos 01984,5494,Total,
1985,Clavos 01985,2802,Stanley,NO
1986,Pulidora 01986,9739,Makita,
1987,Tornillo 01987,5328,EPAHome,0
1988,Pintura 01988,3684,Bosch,SI
1989,Clavos 01989,8205,Total,TRUE
1990,Taladro 01990,6766,EPAHome,1
1991,Tornillo 01991,5298,Pretul,
1992,Martillo 01992,8391,Bosch,TRUE
1993,Reflector 01993,1079,Total,TRUE
1994,Cerradura 01994,6425,,
1995,Tornillo 01995,6395,Truper,NO
1996,Pintura 01996,9119,,NO
1997,Tornillo 01997,10721,Makita,0
1998,Tornillo 01998,439,Bosch,TRUE
1999,Clavos 01999,80,Makita,0
2000,Cerradura 02000,8053,Stanley,
2000,Cerradura 02000,8053,Stanley,
2001,Reflector 02001,9745,Bosch,1
P2002,Martillo 02002,7278,Bosch,0
2003,Taladro 02003,2828,Total,TRUE
2004,Cerradura 02004,5038,EPAHome,SI
2005,Taladro 02005,9299,,FALSE
2006,Sierra 02006,4655,,SI
2007,Tornillo 02007,92,Bosch,SI
2008,Pulidora 02008,1819,Stanley,1
2009,Reflector 02009,9801,EPAHome,SI
2010,Tornillo 02010,6831,Bosch,FALSE
2011,Martillo 02011,4166,Makita,FALSE
2012,Brocha 02012,7904,Total,NO
2013,,3372,Bosch,1
2014,Clavos 02014,4767,Stanley,0
2015,Cerradura 02015,4161,Stanley,TRUE
2016,Taladro 02016,4372,Total,SI
2017,Taladro 02017,5111,Pretul,TRUE
2018,Pulidora 02018,3604,EPAHome,NO
2019,Reflector 02019,9543,Stanley,SI
2020,Brocha 02020,9066,Stanley,
2021,Cerradura 02021,2451,,NO
2022,Tornillo 02022,740,Makita,
2023,Pintura 02023,9924,Truper,
2024,Clavos 02024,364,Truper,1
2025,Pintura 02025,2128,Stanley,0
2026,Cerradura 02026,885,EPAHome,0
2027,Sierra 02027,4042,Total,SI
2028,Pintura 02028,6177,Truper,TRUE
2029,Clavos 02029,86,Total,0
2030,Sierra 02030,6074,EPAHome,
2031,Pulidora 02031,6593,,1
2032,Sierra 02032,956,Stanley,FALSE
2033,Brocha 02033,3676,Makita,0
2034,Clavos 02034,3519,Truper,TRUE
2035,Clavos 02035,326,Bosch,1
2036,Brocha 02036,6312,EPAHome,SI
2037,Pintura 02037,9410,Total,NO
2038,Sierra 02038,2281,,FALSE
2039,Sierra 02039,568,Pretul,1
2040,Martillo 02040,9897,Bosch,1
2041,Pintura 02041,2009,,TRUE
2042,Pulidora 02042,4224,Truper,TRUE
2043,Taladro 02043,10618,Bosch,SI
2044,Reflector 02044,9171,Makita,1
2045,Clavos 02045,7571,Stanley,FALSE
2046,,5636,Pretul,
2047,Pintura 02047,4235,EPAHome,SI
2048,Pintura 02048,5272,Pretul,
2049,Cerradura 02049,8443,,
2050,Brocha 02050,ABC,Truper,NO
2051,Taladro 02051,10458,Bosch,TRUE
2052,Reflector 02052,216,Total,0
2053,Martillo 02053,2774,Stanley,TRUE
2054,Cerradura 02054,2340,,NO
2055,Pintura 02055,6015,,0
2056,Martillo 02056,9990,Truper,NO
2057,Martillo 02057,2483,Makita,1
2058,Tornillo 02058,10685,Makita,NO
2059,Tornillo 02059,5639,Total,1
2060,Sierra 02060,1650,Makita,NO
2061,Cerradura 02061,7444,,
2062,Tornillo 02062,3651,Truper,1
2063,Pulidora 02063,785,Pretul,TRUE
2064,Reflector 02064,6354,Total,TRUE
2065,Reflector 02065,5682,EPAHome,
2066,Tornillo 02066,8042,,
2067,Clavos 02067,8845,Truper,TRUE
2068,Sierra 02068,9371,Pretul,SI
2069,Pintura 02069,8799,Bosch,NO
2070,Sierra 02070,4804,Pretul,
2071,Pintura 02071,8437,EPAHome,FALSE
2072,Reflector 02072,5672,,FALSE
2073,Taladro 02073,9324,,0
2074,Taladro 02074,10831,,
2075,Brocha 02075,3226,Total,0
2076,Tornillo 02076,3121,Bosch,TRUE
2077,Reflector 02077,6673,EPAHome,FALSE
2078,Tornillo 02078,10057,EPAHome,TRUE
P2079,,187,Stanley,SI
2080,Clavos 02080,3253,Bosch,1
2081,Pulidora 02081,4009,Bosch,NO
2082,Pulidora 02082,1225,EPAHome,
2083,Sierra 02083,5855,Stanley,1
2084,Sierra 02084,8439,Pretul,0
2085,Pulidora 02085,643,Truper,0
2086,Martillo 02086,877,Bosch,SI
2087,Cerradura 02087,523,Pretul,0
2088,Cerradura 02088,8442,Truper,1
2089,Taladro 02089,326,Bosch,FALSE
2090,Sierra 02090,3726,Bosch,0
2091,Tornillo 02091,5022,Total,SI
2092,Tornillo 02092,10674,Bosch,1
2093,Martillo 02093,6153,Pretul,NO
2094,Taladro 02094,6631,Total,NO
2095,Cerradura 02095,9727,Pretul,0
2096,Pintura 02096,4255,Bosch,SI
2097,Tornillo 02097,6031,,TRUE
2098,Pulidora 02098,5016,EPAHome,TRUE
2099,Clavos 02099,5029,Pretul,0
2100,Reflector 02100,2525,Makita,
2101,Pulidora 02101,3921,Total,1
2102,Clavos 02102,5272,Truper,NO
2103,Clavos 02103,1197,Truper,
2104,Clavos 02104,2593,Makita,1
2105,Clavos 02105,4847,EPAHome,NO
2106,Brocha 02106,3789,Pretul,TRUE
2107,Reflector 02107,1271,,FALSE
2108,Taladro 02108,10766,Makita,
2109,Brocha 02109,6146,Truper,TRUE
2110,Reflector 02110,2203,Truper,NO
2111,Martillo 02111,8815,EPAHome,FALSE
2112,,2430,Pretul,1
2113,Pintura 02113,2566,Truper,SI
2114,Sierra 02114,1961,Stanley,TRUE
2115,Clavos 02115,9964,EPAHome,
2116,Cerradura 02116,8281,Total,SI
2117,Pulidora 02117,4586,,NO
2118,Tornillo 02118,7506,Bosch,
2119,Reflector 02119,650,Total,TRUE
2120,Cerradura 02120,9531,Pretul,SI
2121,Martillo 02121,1087,Bosch,TRUE
2122,Taladro 02122,10591,Truper,NO
2123,Sierra 02123,3156,Pretul,NO
2124,Brocha 02124,4390,Stanley,SI
2125,Brocha 02125,2953,Makita,1
2126,Taladro 02126,6395,Pretul,FALSE
2127,Tornillo 02127,1267,EPAHome,1
2128,Taladro 02128,2112,Stanley,NO
2129,Reflector 02129,8134,Pretul,NO
2130,Reflector 02130,3621,Makita,0
2131,Pintura 02131,602,Makita,1
2132,Sierra 02132,4874,Makita,SI
2133,Pulidora 02133,9304,Total,0
2134,Brocha 02134,4245,Makita,NO
2135,Pulidora 02135,8287,Makita,0
2136,Tornillo 02136,8576,,1
2137,Pulidora 02137,2316,,FALSE
2138,Reflector 02138,7880,Makita,TRUE
2139,Brocha 02139,3848,EPAHome,
2140,Taladro 02140,8627,Pretul,TRUE
2141,Brocha 02141,6611,Makita,0
2142,Reflector 02142,1724,,SI
2143,Reflector 02143,6641,Bosch,SI
2144,Cerradura 02144,6111,Total,
2145,,6055,Makita,1
2146,Cerradura 02146,5265,EPAHome,
2147,Clavos 02147,9769,Bosch,0
2148,Martillo 02148,1747,Pretul,1
2149,Tornillo 02149,1664,Stanley,0
2150,Taladro 02150,7830,Total,1
2151,Reflector 02151,2522,Bosch,
2152,Martillo 02152,9078,Bosch,
2153,Reflector 02153,10276,,
2154,Pulidora 02154,1635,Pretul,FALSE
2155,Pulidora 02155,8462,Bosch,FALSE
P2156,Clavos 02156,2522,Bosch,SI
2157,Taladro 02157,2837,EPAHome,TRUE
2158,Cerradura 02158,7191,Total,FALSE
2159,Pulidora 02159,1096,Makita,NO
2160,Taladro 02160,4529,Total,1
2161,Clavos 02161,42,Pretul,FALSE
2162,Brocha 02162,7801,Stanley,
2163,Taladro 02163,3807,,
2164,Pintura 02164,10314,Stanley,NO
2165,Martillo 02165,3166,Makita,SI
2166,Pulidora 02166,2431,,NO
2167,Clavos 02167,7667,Pretul,FALSE
2168,Sierra 02168,7726,Stanley,1
2169,Tornillo 02169,4287,EPAHome,FALSE
2170,Pintura 02170,6422,Makita,NO
2171,Brocha 02171,7090,EPAHome,1
2172,Martillo 02172,9101,EPAHome,TRUE
2173,Tornillo 02173,9051,Pretul,0
2174,Clavos 02174,5970,EPAHome,FALSE
2175,Clavos 02175,8565,Pretul,
2176,Tornillo 02176,6486,EPAHome,0
2177,Pulidora 02177,5663,Makita,TRUE
2178,,4110,Makita,FALSE
2179,Brocha 02179,10157,,NO
2180,Martillo 02180,3643,Bosch,TRUE
2181,Cerradura 02181,4312,EPAHome,FALSE
2182,Reflector 02182,4706,Pretul,
2183,Taladro 02183,8499,,SI
2184,Clavos 02184,983,Pretul,1
2185,Pulidora 02185,10439,Total,TRUE
2186,Pintura 02186,6282,Pretul,1
2187,Taladro 02187,8564,,NO
2188,Reflector 02188,285,Total,SI
2189,Clavos 02189,1173,EPAHome,FALSE
2190,Martillo 02190,8486,Truper,0
2191,Reflector 02191,9579,Total,NO
2192,Taladro 02192,4810,Stanley,NO
2193,Sierra 02193,6860,Total,TRUE
2194,Taladro 02194,2950,Makita,SI
2195,Clavos 02195,2686,Makita,1
2196,Reflector 02196,2238,Total,NO
2197,Cerradura 02197,4520,Makita,TRUE
2198,Pulidora 02198,2165,,1
2199,Brocha 02199,7440,Stanley,0
2200,Pulidora 02200,6176,Truper,
2201,Pulidora 02201,9076,Total,SI
2202,Taladro 02202,6196,EPAHome,FALSE
2203,Tornillo 02203,1666,Bosch,TRUE
2204,Clavos 02204,2691,Truper,FALSE
2205,Clavos 02205,3738,Makita,SI
2206,Reflector 02206,4700,Stanley,
2207,Pulidora 02207,302,Total,FALSE
2208,Sierra 02208,8486,Bosch,0
2209,Tornillo 02209,639,Stanley,0
2210,Brocha 02210,7000,,FALSE
2211,,4220,Pretul,0
2212,Pulidora 02212,6805,EPAHome,1
2213,Brocha 02213,2182,EPAHome,1
2214,Clavos 02214,10611,Truper,NO
2215,Martillo 02215,9025,Bosch,1
2216,Reflector 02216,6605,,0
2217,Martillo 02217,4844,Bosch,1
2218,Pulidora 02218,3667,Total,
2219,Sierra 02219,6893,Total,NO
2220,Sierra 02220,3871,Stanley,1
2221,Taladro 02221,5522,,0
2222,Sierra 02222,8491,EPAHome,1
2223,Pulidora 02223,3419,Stanley,SI
2224,Sierra 02224,8325,Total,NO
2225,Pulidora 02225,4903,Truper,TRUE
2226,Brocha 02226,6449,Makita,FALSE
2227,Martillo 02227,8481,Makita,TRUE
2228,Pulidora 02228,6303,Pretul,FALSE
2229,Reflector 02229,1556,Bosch,FALSE
2230,Clavos 02230,3075,EPAHome,TRUE
2231,Cerradura 02231,1649,,1
2232,Pintura 02232,7674,Truper,
P2233,Sierra 02233,1121,Pretul,FALSE
2234,Pulidora 02234,4636,Pretul,
2235,Clavos 02235,5799,Total,0
2236,Pulidora 02236,10076,Total,FALSE
2237,Reflector 02237,9843,Stanley,NO
2238,Martillo 02238,1476,Truper,0
2239,Tornillo 02239,9788,Bosch,SI
2240,Taladro 02240,5369,Total,1
2241,Pintura 02241,5899,Makita,NO
2242,Sierra 02242,6829,Makita,TRUE
2243,Brocha 02243,5812,EPAHome,
2244,,7601,Bosch,SI
2245,Pulidora 02245,1667,,TRUE
2246,Pintura 02246,2622,EPAHome,SI
2247,Taladro 02247,5490,Bosch,
2248,Tornillo 02248,7192,Stanley,SI
2249,Sierra 02249,7670,Stanley,FALSE
2250,Sierra 02250,10715,,SI
2251,Pulidora 02251,7009,Makita,0
2252,Taladro 02252,6561,Makita,FALSE
2253,Tornillo 02253,10220,Makita,1
2254,Brocha 02254,2904,Makita,
2255,Pulidora 02255,ABC,Stanley,SI
2256,Clavos 02256,5900,Truper,NO
2257,Cerradura 02257,5017,Stanley,FALSE
2258,Brocha 02258,10101,Pretul,0
2259,Tornillo 02259,10222,Makita,
2260,Reflector 02260,6134,EPAHome,
2261,Tornillo 02261,8365,Bosch,TRUE
2262,Pulidora 02262,116,EPAHome,FALSE
2263,Clavos 02263,595,Bosch,NO
2264,Pintura 02264,4865,Bosch,
2265,Pintura 02265,2080,EPAHome,NO
2266,Reflector 02266,9175,Stanley,TRUE
2267,Taladro 02267,1750,Makita,SI
2268,Clavos 02268,8488,EPAHome,
2269,Tornillo 02269,10673,Total,TRUE
2270,Clavos 02270,5753,Total,FALSE
2271,Brocha 02271,4458,,FALSE
2272,Cerradura 02272,8720,,FALSE
2273,Sierra 02273,8665,Truper,TRUE
2274,Taladro 02274,6467,Pretul,NO
2275,Clavos 02275,10745,Total,
2276,Clavos 02276,8120,Total,SI
2277,,1449,,SI
2278,Taladro 02278,7087,Total,FALSE
2279,Pulidora 02279,580,Bosch,TRUE
2280,Reflector 02280,3292,Pretul,SI
2281,Sierra 02281,6842,Total,0
2282,Reflector 02282,2614,EPAHome,1
2283,Brocha 02283,6492,Total,SI
2284,Martillo 02284,6251,Total,FALSE
2285,Cerradura 02285,7943,Makita,1
2286,Pintura 02286,9602,Total,0
2287,Tornillo 02287,10152,,
2288,Reflector 02288,10145,Stanley,1
2289,Taladro 02289,1533,Pretul,0
2290,Martillo 02290,2658,Bosch,SI
2291,Taladro 02291,7278,EPAHome,TRUE
2292,Clavos 02292,4685,Bosch,
2293,Cerradura 02293,997,Bosch,NO
2294,Taladro 02294,4305,Truper,NO
2295,Cerradura 02295,3141,Pretul,1
2296,Reflector 02296,3958,Bosch,FALSE
2297,Pulidora 02297,2125,Makita,0
2298,Taladro 02298,7592,Pretul,1
2299,Reflector 02299,7086,EPAHome,NO
2300,Clavos 02300,283,Pretul,TRUE
2301,Brocha 02301,6660,Bosch,TRUE
2302,Martillo 02302,1962,Truper,1
2303,Martillo 02303,8992,,1
2304,Clavos 02304,1240,Stanley,FALSE
2305,Martillo 02305,8979,EPAHome,TRUE
2306,Martillo 02306,5659,Total,SI
2307,Tornillo 02307,10572,EPAHome,0
2308,Brocha 02308,7119,Total,NO
2309,Cerradura 02309,7421,Pretul,1
P2310,,208,Stanley,FALSE
2311,Reflector 02311,3241,Stanley,1
2312,Pulidora 02312,9699,Makita,NO
2313,Reflector 02313,8642,Pretul,SI
2314,Pintura 02314,3902,Truper,NO
2315,Pulidora 02315,4011,Pretul,FALSE
2316,Taladro 02316,4392,,1
2317,Pulidora 02317,2674,,
2318,Martillo 02318,7279,EPAHome,FALSE
2319,Pintura 02319,2420,Total,FALSE
2320,Pulidora 02320,6064,EPAHome,
2321,Sierra 02321,8598,Bosch,NO
2322,Taladro 02322,10419,Stanley,
2323,Clavos 02323,10174,Truper,1
2324,Pintura 02324,7588,Stanley,1
2325,Pintura 02325,789,Truper,SI
2326,Reflector 02326,7836,Total,TRUE
2327,Martillo 02327,9441,Makita,FALSE
2328,Pulidora 02328,4827,Stanley,SI
2329,Tornillo 02329,10175,Truper,0
2330,Taladro 02330,4930,Total,TRUE
2331,Brocha 02331,5760,Truper,TRUE
2332,Pintura 02332,4812,Stanley,TRUE
2333,Pintura 02333,6031,Truper,SI
2334,Pintura 02334,10336,Truper,TRUE
2335,Cerradura 02335,9378,,TRUE
2336,Tornillo 02336,9125,EPAHome,
2337,Tornillo 02337,608,Pretul,TRUE
2338,Cerradura 02338,6762,Truper,FALSE
2339,Taladro 02339,8738,Truper,1
2340,Pulidora 02340,9899,Total,SI
2341,Sierra 02341,9248,Total,1
2342,Pulidora 02342,2317,EPAHome,1
2343,,6591,EPAHome,
2344,Sierra 02344,6621,Makita,FALSE
2345,Cerradura 02345,9703,Stanley,TRUE
2346,Pintura 02346,2292,,NO
2347,Sierra 02347,8498,Stanley,FALSE
2348,Cerradura 02348,3585,Bosch,
2349,Martillo 02349,309,Pretul,1
2350,Sierra 02350,3855,,0
2351,Cerradura 02351,2425,Bosch,SI
2352,Taladro 02352,2390,Truper,
2353,Sierra 02353,6440,Truper,NO
2354,Tornillo 02354,3789,Truper,FALSE
2355,Pulidora 02355,2813,Total,1
2356,Pulidora 02356,438,Truper,TRUE
2357,Sierra 02357,2518,Bosch,0
2358,Martillo 02358,7032,Pretul,TRUE
2359,Taladro 02359,3203,EPAHome,
2360,Taladro 02360,10537,Makita,SI
2361,Tornillo 02361,4655,Total,
2362,Brocha 02362,1781,Bosch,TRUE
2363,Tornillo 02363,7323,Total,SI
2364,Pulidora 02364,1682,Stanley,SI
2365,Cerradura 02365,4193,Truper,FALSE
2366,Taladro 02366,7614,Makita,0
2367,Pulidora 02367,8709,Total,
2368,Taladro 02368,643,Bosch,SI
2369,Brocha 02369,8935,Total,
2370,Brocha 02370,7216,Total,NO
2371,Cerradura 02371,8775,Stanley,SI
2372,Pintura 02372,5600,Bosch,1
2373,Sierra 02373,4738,Pretul,SI
2374,Cerradura 02374,7816,EPAHome,
2375,Reflector 02375,4432,Pretul,
2376,,9391,Pretul,
2377,Pintura 02377,9928,Total,SI
2378,Reflector 02378,1316,EPAHome,1
2379,Pulidora 02379,7723,EPAHome,FALSE
2380,Sierra 02380,10586,Stanley,0
2381,Reflector 02381,8569,Total,SI
2382,Tornillo 02382,1723,Bosch,0
2383,Pintura 02383,8552,EPAHome,NO
2384,Taladro 02384,1966,Truper,FALSE
2385,Pintura 02385,10644,EPAHome,NO
2386,Taladro 02386,7398,Makita,1
P2387,Cerradura 02387,7981,Truper,
2388,Tornillo 02388,9008,Makita,FALSE
2389,Pintura 02389,8972,Pretul,0
2390,Cerradura 02390,9233,Pretul,
2391,Pintura 02391,2786,Pretul,0
2392,Cerradura 02392,9914,Makita,
2393,Martillo 02393,2029,Makita,TRUE
2394,Taladro 02394,9966,Truper,SI
2395,Pintura 02395,826,Stanley,FALSE
2396,Tornillo 02396,10793,Makita,NO
2397,Taladro 02397,4151,Total,
2398,Tornillo 02398,9864,Stanley,NO
2399,Tornillo 02399,4185,Pretul,0
2400,Taladro 02400,1511,Makita,1
2401,Brocha 02401,10031,Makita,FALSE
2402,Sierra 02402,6635,Bosch,1
2403,Pintura 02403,4020,Stanley,
2404,Cerradura 02404,107,Truper,NO
2405,Tornillo 02405,77,Total,TRUE
2406,Brocha 02406,5268,Makita,FALSE
2407,Pintura 02407,2290,Bosch,TRUE
2408,Martillo 02408,339,Stanley,0
2409,,4346,Total,SI
2410,Pintura 02410,8182,Pretul,1
2411,Martillo 02411,2554,EPAHome,SI
2412,Pintura 02412,5182,Total,NO
2413,Pulidora 02413,5608,Truper,FALSE
2414,Cerradura 02414,4152,Pretul,0
2415,Tornillo 02415,2912,,1
2416,Sierra 02416,5257,,1
2417,Pulidora 02417,3565,Makita,FALSE
2418,Martillo 02418,4722,Truper,TRUE
2419,Reflector 02419,344,Total,NO
2420,Martillo 02420,8123,Truper,TRUE
2421,Pintura 02421,10113,Total,
2422,Pulidora 02422,5786,,FALSE
2423,Clavos 02423,4390,Pretul,FALSE
2424,Brocha 02424,10752,Stanley,NO
2425,Clavos 02425,4405,Makita,TRUE
2426,Sierra 02426,284,Truper,1
2427,Clavos 02427,7468,Total,
2428,Reflector 02428,235,Makita,TRUE
2429,Reflector 02429,3538,Truper,FALSE
2430,Taladro 02430,6139,Stanley,
2431,Pintura 02431,4618,,
2432,Cerradura 02432,3311,,NO
2433,Pulidora 02433,1284,,
2434,Taladro 02434,3189,Makita,
2435,Pulidora 02435,10177,EPAHome,SI
2436,Tornillo 02436,6241,,TRUE
2437,Tornillo 02437,994,Stanley,SI
2438,Tornillo 02438,3945,,TRUE
2439,Taladro 02439,84,Truper,FALSE
2440,Brocha 02440,10318,Bosch,
2441,Pintura 02441,2985,Truper,0
2442,,4568,Truper,
2443,Pintura 02443,2930,Bosch,TRUE
2444,Cerradura 02444,7547,,NO
2445,Cerradura 02445,7682,EPAHome,
2446,Pintura 02446,2539,Truper,FALSE
2447,Reflector 02447,4810,Stanley,NO
2448,Tornillo 02448,6217,Pretul,
2449,Reflector 02449,5170,Pretul,NO
2450,Clavos 02450,8403,EPAHome,NO
2451,Taladro 02451,5908,Bosch,NO
2452,Brocha 02452,10145,Bosch,SI
2453,Cerradura 02453,6987,Pretul,
2454,Clavos 02454,4537,,FALSE
2455,Brocha 02455,7594,Makita,NO
2456,Tornillo 02456,1951,Total,0
2457,Cerradura 02457,4334,Makita,NO
2458,Reflector 02458,4376,Makita,NO
2459,Sierra 02459,4853,Pretul,1
2460,Sierra 02460,ABC,Pretul,TRUE
2461,Pulidora 02461,2984,Pretul,TRUE
2462,Taladro 02462,10327,Total,SI
2463,Pintura 02463,8801,,SI
P2464,Tornillo 02464,9078,,TRUE
2465,Tornillo 02465,891,Makita,
2466,Taladro 02466,5563,,SI
2467,Pintura 02467,1723,Bosch,
2468,Cerradura 02468,10788,Stanley,0
2469,Pulidora 02469,9958,EPAHome,SI
2470,Tornillo 02470,4182,EPAHome,1
2471,Pulidora 02471,6888,Pretul,
2472,Reflector 02472,6769,Makita,1
2473,Pulidora 02473,3613,,
2474,Sierra 02474,3291,Truper,
2475,,6095,,NO
2476,Taladro 02476,8955,Stanley,TRUE
2477,Pintura 02477,4893,Bosch,TRUE
2478,Tornillo 02478,1407,Bosch,1
2479,Cerradura 02479,9636,Makita,1
2480,Martillo 02480,3024,Total,NO
2481,Pulidora 02481,4543,Pretul,NO
2482,Pintura 02482,8392,Stanley,TRUE
2483,Clavos 02483,9374,,FALSE
2484,Taladro 02484,6598,Truper,
2485,Pintura 02485,2506,Stanley,
2486,Martillo 02486,107,Pretul,FALSE
2487,Reflector 02487,7746,Makita,NO
2488,Brocha 02488,7783,Stanley,TRUE
2489,Pintura 02489,7231,Makita,1
2490,Brocha 02490,1403,Bosch,FALSE
2491,Cerradura 02491,488,Pretul,0
2492,Reflector 02492,8387,Stanley,SI
2493,Martillo 02493,3012,,TRUE
2494,Pulidora 02494,10812,Bosch,NO
2495,Tornillo 02495,6479,,0
2496,Cerradura 02496,10828,Bosch,SI
2497,Taladro 02497,6865,Total,1
2498,Martillo 02498,5950,,FALSE
2499,Martillo 02499,2094,EPAHome,TRUE
2500,Pintura 02500,8594,Bosch,1
2500,Pintura 02500,8594,Bosch,1
2501,Pintura 02501,10484,Bosch,TRUE
2502,Clavos 02502,4704,Makita,
2503,Clavos 02503,8427,Stanley,FALSE
2504,Martillo 02504,131,,0
2505,Pulidora 02505,7567,Makita,SI
2506,Reflector 02506,1619,Pretul,TRUE
2507,Martillo 02507,9642,Truper,TRUE
2508,,6784,Makita,0
2509,Tornillo 02509,4606,Makita,0
2510,Reflector 02510,2582,Stanley,1
2511,Taladro 02511,9615,Bosch,TRUE
2512,Clavos 02512,8568,Bosch,FALSE
2513,Clavos 02513,5873,Makita,FALSE
2514,Brocha 02514,7395,,FALSE
2515,Pulidora 02515,808,EPAHome,NO
2516,Reflector 02516,10353,Total,TRUE
2517,Taladro 02517,2751,Truper,TRUE
2518,Clavos 02518,9818,EPAHome,NO
2519,Clavos 02519,6433,Truper,1
2520,Pulidora 02520,1206,Truper,0
2521,Taladro 02521,2461,EPAHome,
2522,Pulidora 02522,4022,Makita,1
2523,Cerradura 02523,6066,,NO
2524,Brocha 02524,10846,Truper,NO
2525,Reflector 02525,454,Stanley,TRUE
2526,Clavos 02526,2257,Truper,0
2527,Martillo 02527,1570,Total,FALSE
2528,Cerradura 02528,5348,Makita,TRUE
2529,Tornillo 02529,8174,EPAHome,1
2530,Taladro 02530,6,Bosch,
2531,Martillo 02531,1907,Truper,1
2532,Martillo 02532,7820,EPAHome,
2533,Taladro 02533,2320,Total,SI
2534,Sierra 02534,5341,Stanley,1
2535,Cerradura 02535,4089,Truper,FALSE
2536,Pintura 02536,1651,,SI
2537,Taladro 02537,2564,Makita,0
2538,Pulidora 02538,3625,EPAHome,SI
2539,Pulidora 02539,9941,Stanley,NO
2540,Pintura 02540,9473,Total,FALSE
P2541,,4554,Total,SI
2542,Brocha 02542,4678,Stanley,NO
2543,Martillo 02543,7843,Pretul,FALSE
2544,Martillo 02544,9145,Bosch,FALSE
2545,Cerradura 02545,4896,Stanley,0
2546,Clavos 02546,3371,Makita,TRUE
2547,Brocha 02547,5445,Makita,
2548,Martillo 02548,193,EPAHome,
2549,Sierra 02549,6785,Pretul,
2550,Cerradura 02550,1934,Truper,0
2551,Cerradura 02551,6473,Makita,0
2552,Sierra 02552,8207,Stanley,0
2553,Pulidora 02553,1474,Stanley,0
2554,Brocha 02554,1517,Makita,0
2555,Reflector 02555,526,Truper,0
2556,Cerradura 02556,9823,Makita,NO
2557,Pintura 02557,825,EPAHome,FALSE
2558,Taladro 02558,1179,Truper,TRUE
2559,Reflector 02559,7648,EPAHome,0
2560,Pintura 02560,7294,EPAHome,FALSE
2561,Pintura 02561,6123,Bosch,0
2562,Pintura 02562,170,Bosch,0
2563,Cerradura 02563,2251,Total,0
2564,Clavos 02564,9471,Truper,0
2565,Tornillo 02565,946,Total,1
2566,Brocha 02566,437,Stanley,
2567,Brocha 02567,1396,Pretul,FALSE
2568,Reflector 02568,2174,,1
2569,Brocha 02569,4390,Total,FALSE
2570,Taladro 02570,3990,Truper,NO
2571,Brocha 02571,5784,EPAHome,1
2572,Clavos 02572,3618,Truper,TRUE
2573,Tornillo 02573,9222,Stanley,FALSE
2574,,2919,EPAHome,0
2575,Pulidora 02575,8897,EPAHome,NO
2576,Martillo 02576,9672,EPAHome,TRUE
2577,Reflector 02577,9423,EPAHome,1
2578,Cerradura 02578,9707,Stanley,FALSE
2579,Taladro 02579,3383,Stanley,0
2580,Clavos 02580,3048,Pretul,1
2581,Martillo 02581,2760,Stanley,1
2582,Sierra 02582,2467,Makita,0
2583,Clavos 02583,7242,Makita,NO
2584,Tornillo 02584,400,EPAHome,0
2585,Taladro 02585,3856,EPAHome,
2586,Pintura 02586,6059,Pretul,
2587,Clavos 02587,5365,,SI
2588,Pulidora 02588,3402,Bosch,0
2589,Brocha 02589,10448,Bosch,TRUE
2590,Brocha 02590,8087,EPAHome,1
2591,Pintura 02591,10796,EPAHome,NO
2592,Tornillo 02592,6671,Stanley,
2593,Brocha 02593,9992,Bosch,1
2594,Pintura 02594,6344,Truper,
2595,Sierra 02595,4206,Makita,NO
2596,Sierra 02596,9546,Total,SI
2597,Pintura 02597,6128,Bosch,
2598,Pintura 02598,7028,Total,FALSE
2599,Clavos 02599,5370,Truper,FALSE
2600,Brocha 02600,6405,EPAHome,0
2601,Sierra 02601,8662,EPAHome,SI
2602,Reflector 02602,4203,Total,NO
2603,Reflector 02603,8882,Makita,SI
2604,Pintura 02604,8204,EPAHome,TRUE
2605,Pintura 02605,6725,Total,NO
2606,Sierra 02606,1604,Makita,0
2607,,7209,Pretul,
2608,Pulidora 02608,9035,Bosch,FALSE
2609,Taladro 02609,8969,Total,0
2610,Pulidora 02610,7554,EPAHome,
2611,Clavos 02611,8789,EPAHome,FALSE
2612,Sierra 02612,7600,Total,1
2613,Sierra 02613,5808,Makita,NO
2614,Martillo 02614,9298,Makita,SI
2615,Cerradura 02615,4277,Makita,1
2616,Pulidora 02616,486,Makita,NO
2617,Pintura 02617,2285,Total,0
P2618,Reflector 02618,5048,,SI
2619,Brocha 02619,388,Stanley,SI
2620,Sierra 02620,182,Pretul,NO
2621,Pintura 02621,5110,Makita,NO
2622,Pintura 02622,2642,Total,1
2623,Brocha 02623,5571,EPAHome,NO
2624,Cerradura 02624,8058,Pretul,SI
2625,Taladro 02625,10764,Stanley,
2626,Sierra 02626,4648,Makita,0
2627,Martillo 02627,4489,Stanley,FALSE
2628,Pulidora 02628,4407,Pretul,TRUE
2629,Cerradura 02629,1941,Truper,1
2630,Martillo 02630,1982,Total,FALSE
2631,Cerradura 02631,7637,,SI
2632,Taladro 02632,1663,EPAHome,NO
2633,Brocha 02633,1003,Makita,FALSE
2634,Martillo 02634,4353,,NO
2635,Pintura 02635,2350,EPAHome,0
2636,Martillo 02636,5180,Bosch,FALSE
2637,Sierra 02637,2225,Makita,0
2638,Pintura 02638,1708,Total,NO
2639,Sierra 02639,9686,Pretul,
2640,,8419,Pretul,FALSE
2641,Brocha 02641,1482,Total,SI
2642,Martillo 02642,28,Truper,1
2643,Martillo 02643,6633,Pretul,NO
2644,Clavos 02644,8608,Pretul,
2645,Pintura 02645,8761,EPAHome,FALSE
2646,Reflector 02646,10782,Stanley,1
2647,Taladro 02647,10755,Bosch,1
2648,Brocha 02648,10208,Bosch,TRUE
2649,Taladro 02649,10305,Total,FALSE
2650,Clavos 02650,8449,Truper,0
2651,Tornillo 02651,10521,Truper,1
2652,Pintura 02652,613,Total,1
2653,Martillo 02653,9630,Bosch,0
2654,Pintura 02654,1994,,NO
2655,Martillo 02655,273,Pretul,SI
2656,Martillo 02656,10016,,
2657,Brocha 02657,9787,EPAHome,NO
2658,Pintura 02658,4134,Pretul,
2659,Martillo 02659,8919,Stanley,1
2660,Pintura 02660,7576,EPAHome,TRUE
2661,Reflector 02661,1704,EPAHome,TRUE
2662,Taladro 02662,9177,Total,FALSE
2663,Taladro 02663,2263,Bosch,0
2664,Brocha 02664,2073,Truper,NO
2665,Sierra 02665,ABC,EPAHome,SI
2666,Martillo 02666,878,Pretul,1
2667,Tornillo 02667,1703,Stanley,0
2668,Cerradura 02668,1473,,0
2669,Reflector 02669,5365,Bosch,NO
2670,Cerradura 02670,4118,Makita,0
2671,Reflector 02671,5935,,TRUE
2672,Martillo 02672,4993,Truper,TRUE
2673,,10277,Pretul,
2674,Taladro 02674,6323,Bosch,NO
2675,Clavos 02675,4828,Pretul,0
2676,Pintura 02676,10586,Pretul,0
2677,Tornillo 02677,6493,Truper,FALSE
2678,Sierra 02678,2234,Stanley,NO
2679,Brocha 02679,4059,Total,
2680,Reflector 02680,8759,EPAHome,1
2681,Tornillo 02681,1219,Total,
2682,Cerradura 02682,1472,Total,SI
2683,Cerradura 02683,5423,Pretul,FALSE
2684,Pintura 02684,3514,Truper,TRUE
2685,Tornillo 02685,9370,Pretul,FALSE
2686,Taladro 02686,7095,Truper,0
2687,Pulidora 02687,7151,Makita,NO
2688,Tornillo 02688,6457,Stanley,TRUE
2689,Brocha 02689,1496,Makita,NO
2690,Sierra 02690,6180,Truper,
2691,Pulidora 02691,2014,Stanley,TRUE
2692,Reflector 02692,6824,Bosch,
2693,Brocha 02693,8520,Total,FALSE
2694,Clavos 02694,3634,EPAHome,0
P2695,Brocha 02695,10612,Makita,SI
2696,Clavos 02696,5650,Makita,NO
2697,Cerradura 02697,1788,Pretul,0
2698,Brocha 02698,988,Pretul,FALSE
2699,Brocha 02699,10090,Bosch,FALSE
2700,Cerradura 02700,7003,Total,1
2701,Reflector 02701,5285,Makita,SI
2702,Tornillo 02702,977,Total,SI
2703,Taladro 02703,2603,Truper,NO
2704,Brocha 02704,10692,Stanley,0
2705,Sierra 02705,8090,Makita,FALSE
2706,,8024,Stanley,0
2707,Taladro 02707,3965,Stanley,0
2708,Martillo 02708,6948,Stanley,0
2709,Sierra 02709,5200,Bosch,1
2710,Tornillo 02710,10532,Bosch,NO
2711,Reflector 02711,8492,Truper,0
2712,Pintura 02712,8049,Makita,1
2713,Pintura 02713,9770,Stanley,FALSE
2714,Sierra 02714,6672,Makita,0
2715,Reflector 02715,9720,Pretul,NO
2716,Pulidora 02716,4297,Total,NO
2717,Reflector 02717,1973,EPAHome,
2718,Sierra 02718,3724,Pretul,0
2719,Sierra 02719,8934,Pretul,FALSE
2720,Martillo 02720,66,EPAHome,NO
2721,Cerradura 02721,3051,Truper,TRUE
2722,Tornillo 02722,3554,Total,1
2723,Reflector 02723,161,EPAHome,TRUE
2724,Cerradura 02724,4697,Pretul,SI
2725,Brocha 02725,3290,Makita,FALSE
2726,Cerradura 02726,1272,EPAHome,SI
2727,Pintura 02727,7243,,TRUE
2728,Clavos 02728,9856,Pretul,SI
2729,Reflector 02729,4876,Truper,FALSE
2730,Clavos 02730,1583,Total,FALSE
2731,Reflector 02731,4896,Makita,NO
2732,Clavos 02732,8812,,FALSE
2733,Sierra 02733,5589,Pretul,TRUE
2734,Pintura 02734,6151,,TRUE
2735,Pintura 02735,3684,Truper,SI
2736,Taladro 02736,7114,Makita,NO
2737,Tornillo 02737,9282,Makita,1
2738,Cerradura 02738,8344,Bosch,FALSE
2739,,104,,1
2740,Cerradura 02740,6045,Stanley,0
2741,Pulidora 02741,6678,,
2742,Pintura 02742,9770,Total,
2743,Reflector 02743,7391,Bosch,
2744,Pintura 02744,5038,Truper,NO
2745,Tornillo 02745,10641,Truper,
2746,Tornillo 02746,5693,Truper,TRUE
2747,Cerradura 02747,10230,Total,FALSE
2748,Cerradura 02748,6613,Truper,TRUE
2749,Tornillo 02749,9364,,
2750,Cerradura 02750,3887,Makita,NO
2751,Sierra 02751,9885,Truper,FALSE
2752,Sierra 02752,2483,Truper,
2753,Pulidora 02753,4728,Stanley,FALSE
2754,Tornillo 02754,1624,EPAHome,TRUE
2755,Tornillo 02755,10029,Pretul,TRUE
2756,Tornillo 02756,3769,Bosch,1
2757,Taladro 02757,831,Total,SI
2758,Pintura 02758,4005,Bosch,SI
2759,Tornillo 02759,9567,Bosch,1
2760,Brocha 02760,1549,EPAHome,FALSE
2761,Pintura 02761,7834,Bosch,
2762,Martillo 02762,9946,Makita,TRUE
2763,Reflector 02763,1092,Bosch,SI
2764,Pulidora 02764,10061,Pretul,0
2765,Tornillo 02765,9335,Bosch,FALSE
2766,Tornillo 02766,4654,,SI
2767,Sierra 02767,673,Bosch,
2768,Pulidora 02768,9840,Truper,1
2769,Sierra 02769,4370,Truper,TRUE
2770,Brocha 02770,8279,EPAHome,NO
2771,Clavos 02771,7249,Truper,
P2772,,520,Bosch,1
2773,Cerradura 02773,7830,Makita,0
2774,Pulidora 02774,3134,Pretul,NO
2775,Tornillo 02775,9308,Makita,FALSE
2776,Clavos 02776,3062,Stanley,0
2777,Taladro 02777,1814,EPAHome,1
2778,Pulidora 02778,4533,Pretul,SI
2779,Taladro 02779,8096,Truper,
2780,Pintura 02780,1645,Bosch,
2781,Clavos 02781,8209,Total,0
2782,Tornillo 02782,136,Truper,TRUE
2783,Brocha 02783,3337,Stanley,
2784,Tornillo 02784,2576,Bosch,FALSE
2785,Cerradura 02785,10390,Stanley,NO
2786,Brocha 02786,3809,Total,0
2787,Pintura 02787,1676,Pretul,
2788,Tornillo 02788,2477,Bosch,TRUE
2789,Martillo 02789,685,Truper,0
2790,Pulidora 02790,7987,Truper,
2791,Martillo 02791,5449,Truper,SI
2792,Reflector 02792,1184,EPAHome,FALSE
2793,Pulidora 02793,10216,,
2794,Tornillo 02794,6580,Makita,FALSE
2795,Sierra 02795,6939,Total,0
2796,Pintura 02796,8624,,
2797,Tornillo 02797,747,Total,NO
2798,Reflector 02798,6091,EPAHome,TRUE
2799,Brocha 02799,4173,Bosch,SI
2800,Clavos 02800,4442,EPAHome,SI
2801,Cerradura 02801,1380,Total,0
2802,Martillo 02802,10602,,
2803,Brocha 02803,9286,Truper,NO
2804,Sierra 02804,3203,Total,
2805,,6818,Bosch,1
2806,Pulidora 02806,6088,Total,
2807,Pulidora 02807,7047,Bosch,1
2808,Clavos 02808,3620,Pretul,TRUE
2809,Reflector 02809,8923,Pretul,FALSE
2810,Clavos 02810,5913,Bosch,0
2811,Cerradura 02811,3128,Makita,
2812,Sierra 02812,10346,,0
2813,Sierra 02813,2203,Total,FALSE
2814,Cerradura 02814,1204,EPAHome,FALSE
2815,Sierra 02815,29,Pretul,NO
2816,Sierra 02816,10793,Bosch,
2817,Tornillo 02817,3743,Bosch,TRUE
2818,Brocha 02818,492,EPAHome,0
2819,Pulidora 02819,10031,EPAHome,TRUE
2820,Brocha 02820,1867,Truper,NO
2821,Tornillo 02821,1252,EPAHome,
2822,Reflector 02822,9100,EPAHome,0
2823,Reflector 02823,5468,Pretul,TRUE
2824,Martillo 02824,5515,Stanley,TRUE
2825,Cerradura 02825,10765,EPAHome,0
2826,Sierra 02826,7554,Total,0
2827,Clavos 02827,9994,Total,FALSE
2828,Pintura 02828,10187,Stanley,1
2829,Pintura 02829,1460,,FALSE
2830,Taladro 02830,8765,Stanley,0
2831,Clavos 02831,4314,Total,FALSE
2832,Pulidora 02832,2659,Bosch,0
2833,Cerradura 02833,7998,Truper,SI
2834,Pintura 02834,10303,Makita,0
2835,Pulidora 02835,5226,Total,SI
2836,Taladro 02836,5280,Stanley,NO
2837,Sierra 02837,719,Stanley,
2838,,3002,Stanley,NO
2839,Clavos 02839,5467,Truper,FALSE
2840,Taladro 02840,221,Bosch,1
2841,Martillo 02841,8633,Total,FALSE
2842,Taladro 02842,7936,Bosch,
2843,Cerradura 02843,892,Total,TRUE
2844,Reflector 02844,6983,Total,0
2845,Brocha 02845,8270,Bosch,
2846,Martillo 02846,6393,,
2847,Brocha 02847,6534,Bosch,1
2848,Reflector 02848,10842,Pretul,NO
P2849,Cerradura 02849,7043,Bosch,FALSE
2850,Brocha 02850,6691,,SI
2851,Taladro 02851,1746,Pretul,TRUE
2852,Clavos 02852,8562,Stanley,0
2853,Cerradura 02853,7390,EPAHome,
2854,Reflector 02854,9158,Bosch,SI
2855,Reflector 02855,10126,Stanley,NO
2856,Pulidora 02856,7926,Total,0
2857,Taladro 02857,4925,Pretul,
2858,Pintura 02858,8622,Makita,TRUE
2859,Sierra 02859,4331,Total,TRUE
2860,Clavos 02860,9857,,SI
2861,Cerradura 02861,1323,Makita,1
2862,Pulidora 02862,8087,Pretul,TRUE
2863,Cerradura 02863,1387,Truper,0
2864,Taladro 02864,8295,EPAHome,0
2865,Clavos 02865,4722,Bosch,1
2866,Taladro 02866,6186,Total,0
2867,Tornillo 02867,7504,EPAHome,
2868,Taladro 02868,6667,Total,SI
2869,Reflector 02869,6803,Makita,NO
2870,Pintura 02870,ABC,,NO
2871,,1061,Truper,0
2872,Pulidora 02872,3610,Makita,NO
2873,Sierra 02873,10323,Makita,1
2874,Reflector 02874,8835,EPAHome,0
2875,Taladro 02875,9791,Makita,SI
2876,Martillo 02876,7611,Stanley,FALSE
2877,Cerradura 02877,7672,Total,FALSE
2878,Cerradura 02878,8761,EPAHome,TRUE
2879,Martillo 02879,3165,,NO
2880,Sierra 02880,7838,,TRUE
2881,Clavos 02881,5341,EPAHome,NO
2882,Pulidora 02882,6393,Truper,NO
2883,Reflector 02883,1952,Truper,
2884,Pintura 02884,9881,Truper,FALSE
2885,Cerradura 02885,3715,Bosch,0
2886,Clavos 02886,9358,Stanley,FALSE
2887,Reflector 02887,1812,Total,1
2888,Martillo 02888,5234,Truper,SI
2889,Tornillo 02889,7242,Pretul,FALSE
2890,Pulidora 02890,3866,Pretul,0
2891,Martillo 02891,6741,EPAHome,1
2892,Clavos 02892,2738,Pretul,0
2893,Clavos 02893,536,Makita,0
2894,Clavos 02894,1534,Truper,NO
2895,Tornillo 02895,10278,Truper,FALSE
2896,Sierra 02896,6697,Makita,0
2897,Brocha 02897,3087,Stanley,NO
2898,Martillo 02898,2282,Total,TRUE
2899,Cerradura 02899,8095,Pretul,SI
2900,Cerradura 02900,756,Total,TRUE
2901,Pintura 02901,5015,,SI
2902,Brocha 02902,7519,EPAHome,TRUE
2903,Brocha 02903,3775,Stanley,SI
2904,,3909,Total,NO
2905,Tornillo 02905,7940,,FALSE
2906,Pulidora 02906,3035,,SI
2907,Martillo 02907,878,,TRUE
2908,Clavos 02908,10037,,1
2909,Pintura 02909,7174,Total,NO
2910,Cerradura 02910,6364,Makita,SI
2911,Reflector 02911,4158,Pretul,FALSE
2912,Tornillo 02912,964,Pretul,NO
2913,Clavos 02913,3547,Total,NO
2914,Martillo 02914,2530,Stanley,NO
2915,Reflector 02915,5506,Pretul,NO
2916,Martillo 02916,161,Total,FALSE
2917,Pintura 02917,2784,Bosch,FALSE
2918,Reflector 02918,5144,Truper,NO
2919,Tornillo 02919,2548,,TRUE
2920,Pulidora 02920,6523,Pretul,NO
2921,Brocha 02921,10636,Truper,1
2922,Pulidora 02922,4562,Pretul,1
2923,Clavos 02923,599,Truper,0
2924,Pintura 02924,2195,,NO
2925,Cerradura 02925,4371,EPAHome,1
P2926,Clavos 02926,5794,Pretul,TRUE
2927,Pintura 02927,6520,Makita,FALSE
2928,Martillo 02928,2488,Stanley,NO
2929,Brocha 02929,6622,Stanley,FALSE
2930,Cerradura 02930,9240,Makita,NO
2931,Pulidora 02931,7890,Stanley,1
2932,Tornillo 02932,399,Truper,
2933,Taladro 02933,10419,EPAHome,TRUE
2934,Tornillo 02934,6343,Stanley,1
2935,Tornillo 02935,5996,,
2936,Cerradura 02936,6865,Bosch,TRUE
2937,,1025,Truper,FALSE
2938,Pintura 02938,7348,Pretul,0
2939,Taladro 02939,3271,Truper,SI
2940,Taladro 02940,3885,Truper,0
2941,Pulidora 02941,1875,Makita,SI
2942,Pulidora 02942,5722,EPAHome,SI
2943,Martillo 02943,7334,Truper,SI
2944,Taladro 02944,7016,EPAHome,SI
2945,Clavos 02945,1280,Pretul,FALSE
2946,Taladro 02946,173,Pretul,
2947,Clavos 02947,9237,EPAHome,0
2948,Tornillo 02948,8376,Makita,1
2949,Tornillo 02949,1587,,NO
2950,Pulidora 02950,10227,Makita,
2951,Taladro 02951,5407,Total,TRUE
2952,Pintura 02952,2884,Bosch,TRUE
2953,Taladro 02953,8406,Makita,
2954,Pintura 02954,4156,EPAHome,0
2955,Sierra 02955,5327,EPAHome,
2956,Pulidora 02956,5282,Total,1
2957,Martillo 02957,10047,Bosch,1
2958,Tornillo 02958,9547,Total,0
2959,Cerradura 02959,6767,EPAHome,TRUE
2960,Martillo 02960,10714,Pretul,
2961,Pintura 02961,3891,Truper,
2962,Reflector 02962,6949,Bosch,TRUE
2963,Clavos 02963,1032,Stanley,NO
2964,Pulidora 02964,3410,Makita,1
2965,Pintura 02965,147,Total,1
2966,Pintura 02966,9152,Pretul,
2967,Cerradura 02967,4722,,NO
2968,Martillo 02968,8029,,0
2969,Cerradura 02969,1999,Truper,FALSE
2970,,8964,Makita,FALSE
2971,Taladro 02971,4824,Makita,1
2972,Brocha 02972,8677,Truper,NO
2973,Sierra 02973,602,Truper,TRUE
2974,Cerradura 02974,6721,Makita,1
2975,Reflector 02975,1669,Pretul,NO
2976,Cerradura 02976,5361,Stanley,TRUE
2977,Tornillo 02977,908,,1
2978,Reflector 02978,6522,Stanley,TRUE
2979,Sierra 02979,1084,EPAHome,0
2980,Pintura 02980,4106,Makita,SI
2981,Martillo 02981,3145,Makita,
2982,Brocha 02982,4953,Stanley,1
2983,Pintura 02983,3390,EPAHome,TRUE
2984,Clavos 02984,1388,Stanley,1
2985,Martillo 02985,8060,Truper,0
2986,Tornillo 02986,3611,,
2987,Sierra 02987,3287,Makita,0
2988,Pintura 02988,896,Bosch,TRUE
2989,Sierra 02989,6513,Total,FALSE
2990,Reflector 02990,6761,Bosch,NO
2991,Pulidora 02991,3930,Makita,1
2992,Taladro 02992,9754,Total,0
2993,Pulidora 02993,5701,Bosch,0
2994,Taladro 02994,8596,,1
2995,Brocha 02995,6205,Pretul,NO
2996,Brocha 02996,10003,Truper,0
2997,Cerradura 02997,7112,EPAHome,1
2998,Clavos 02998,3362,Makita,0
2999,Clavos 02999,1146,Stanley,TRUE
3000,Tornillo 03000,7315,Pretul,TRUE
3000,Tornillo 03000,7315,Pretul,TRUE
3001,Clavos 03001,8005,Makita,
3002,Tornillo 03002,3767,Total,1
P3003,,7875,EPAHome,
3004,Pintura 03004,4369,Makita,NO
3005,Cerradura 03005,9034,Truper,NO
3006,Brocha 03006,1081,Makita,NO
3007,Sierra 03007,5226,Bosch,FALSE
3008,Taladro 03008,5455,Bosch,
3009,Clavos 03009,10494,Stanley,1
3010,Brocha 03010,9634,Pretul,
3011,Cerradura 03011,8586,Truper,TRUE
3012,Cerradura 03012,457,Pretul,SI
3013,Martillo 03013,10228,,
3014,Pintura 03014,6199,Pretul,0
3015,Pintura 03015,7698,Pretul,0
3016,Sierra 03016,9384,Total,NO
3017,Reflector 03017,4637,Bosch,SI
3018,Sierra 03018,1995,Stanley,FALSE
3019,Tornillo 03019,5966,Bosch,SI
3020,Brocha 03020,6546,Total,NO
3021,Brocha 03021,10096,EPAHome,FALSE
3022,Pintura 03022,4464,Bosch,TRUE
3023,Brocha 03023,6582,Stanley,SI
3024,Reflector 03024,2729,Total,SI
3025,Pintura 03025,3516,Makita,TRUE
3026,Martillo 03026,3129,EPAHome,TRUE
3027,Reflector 03027,5383,Truper,
3028,Sierra 03028,1021,,
3029,Clavos 03029,8684,EPAHome,0
3030,Clavos 03030,10018,Pretul,0
3031,Martillo 03031,144,Stanley,
3032,Brocha 03032,1604,Makita,FALSE
3033,Reflector 03033,10220,Bosch,FALSE
3034,Reflector 03034,6097,EPAHome,FALSE
3035,Martillo 03035,9567,Total,SI
3036,,6919,Truper,TRUE
3037,Reflector 03037,6618,Total,TRUE
3038,Tornillo 03038,6221,Truper,TRUE
3039,Sierra 03039,5389,Makita,FALSE
3040,Martillo 03040,3235,Bosch,TRUE
3041,Martillo 03041,7181,EPAHome,FALSE
3042,Reflector 03042,3944,,
3043,Brocha 03043,8737,EPAHome,1
3044,Brocha 03044,1890,Total,TRUE
3045,Reflector 03045,8005,Bosch,SI
3046,Pulidora 03046,3586,Stanley,TRUE
3047,Cerradura 03047,9848,Makita,
3048,Taladro 03048,7374,EPAHome,SI
3049,Tornillo 03049,510,Stanley,
3050,Clavos 03050,7656,Pretul,FALSE
3051,Clavos 03051,5351,Pretul,TRUE
3052,Clavos 03052,10267,Stanley,
3053,Pintura 03053,1480,EPAHome,1
3054,Clavos 03054,2894,Truper,FALSE
3055,Pulidora 03055,9701,Makita,SI
3056,Pintura 03056,1427,,0
3057,Martillo 03057,1933,Pretul,
3058,Taladro 03058,3393,Makita,TRUE
3059,Taladro 03059,10773,Truper,0
3060,Reflector 03060,4218,Makita,FALSE
3061,Clavos 03061,6722,Makita,1
3062,Brocha 03062,5029,Total,
3063,Cerradura 03063,1168,Stanley,0
3064,Brocha 03064,1794,Total,0
3065,Reflector 03065,9599,Pretul,1
3066,Clavos 03066,4770,Bosch,FALSE
3067,Pulidora 03067,1032,Pretul,NO
3068,Brocha 03068,1685,Stanley,TRUE
3069,,10210,EPAHome,1
3070,Reflector 03070,4778,Makita,0
3071,Sierra 03071,9758,Bosch,
3072,Pintura 03072,10527,Makita,SI
3073,Pulidora 03073,9255,EPAHome,
3074,Reflector 03074,726,Truper,SI
3075,Clavos 03075,ABC,Truper,
3076,Reflector 03076,9808,,FALSE
3077,Brocha 03077,628,Truper,0
3078,Brocha 03078,5820,Truper,0
3079,Reflector 03079,9340,Bosch,TRUE
P3080,Clavos 03080,5578,Pretul,
3081,Pulidora 03081,5390,Pretul,TRUE
3082,Clavos 03082,5663,Makita,0
3083,Clavos 03083,1505,EPAHome,1
3084,Pulidora 03084,8175,Pretul,
3085,Taladro 03085,5914,Stanley,FALSE
3086,Tornillo 03086,6417,,FALSE
3087,Pintura 03087,179,Makita,SI
3088,Pintura 03088,1538,EPAHome,1
3089,Pulidora 03089,8063,EPAHome,
3090,Sierra 03090,595,Total,0
3091,Sierra 03091,10291,Stanley,FALSE
3092,Clavos 03092,2504,,NO
3093,Martillo 03093,6311,,NO
3094,Pulidora 03094,4148,Bosch,NO
3095,Pintura 03095,7366,Total,
3096,Brocha 03096,5760,Pretul,
3097,Clavos 03097,7956,Total,SI
3098,Taladro 03098,4744,Total,FALSE
3099,Cerradura 03099,518,,FALSE
3100,Brocha 03100,4606,,0
3101,Cerradura 03101,6577,Stanley,0
3102,,5926,,0
3103,Sierra 03103,3019,Bosch,
3104,Sierra 03104,2643,Total,1
3105,Tornillo 03105,862,Truper,
3106,Martillo 03106,10117,Truper,FALSE
3107,Reflector 03107,3081,,1
3108,Pulidora 03108,8693,Total,TRUE
3109,Cerradura 03109,2628,Pretul,NO
3110,Reflector 03110,4723,EPAHome,FALSE
3111,Sierra 03111,7869,Stanley,FALSE
3112,Brocha 03112,5709,EPAHome,
3113,Sierra 03113,6214,,FALSE
3114,Tornillo 03114,6521,Total,0
3115,Cerradura 03115,5826,Pretul,TRUE
3116,Taladro 03116,2779,,TRUE
3117,Taladro 03117,6173,Bosch,SI
3118,Tornillo 03118,3434,Pretul,SI
3119,Pintura 03119,894,EPAHome,NO
3120,Reflector 03120,3497,EPAHome,FALSE
3121,Reflector 03121,8088,Truper,1
3122,Taladro 03122,6143,Pretul,FALSE
3123,Reflector 03123,483,Bosch,TRUE
3124,Brocha 03124,651,Total,FALSE
3125,Reflector 03125,1858,Makita,1
3126,Tornillo 03126,3923,Truper,NO
3127,Taladro 03127,9450,Total,0
3128,Reflector 03128,9488,EPAHome,
3129,Reflector 03129,10152,Bosch,NO
3130,Pulidora 03130,10833,Bosch,FALSE
3131,Brocha 03131,9949,Pretul,0
3132,Taladro 03132,8617,Makita,0
3133,Martillo 03133,6740,Makita,1
3134,Tornillo 03134,5076,Truper,1
3135,,2458,Stanley,
3136,Taladro 03136,7834,Bosch,SI
3137,Cerradura 03137,2563,Truper,
3138,Pulidora 03138,4869,Bosch,NO
3139,Martillo 03139,9198,Total,TRUE
3140,Cerradura 03140,7282,Pretul,1
3141,Tornillo 03141,1168,Stanley,
3142,Cerradura 03142,8847,Stanley,
3143,Clavos 03143,3156,,FALSE
3144,Martillo 03144,6375,Stanley,FALSE
3145,Taladro 03145,3455,Makita,SI
3146,Pintura 03146,5281,Pretul,
3147,Reflector 03147,2578,,FALSE
3148,Pulidora 03148,7906,Pretul,
3149,Pintura 03149,2857,Bosch,0
3150,Taladro 03150,4906,,TRUE
3151,Pulidora 03151,4328,Pretul,
3152,Martillo 03152,8382,Truper,FALSE
3153,Cerradura 03153,1954,Total,SI
3154,Clavos 03154,7244,Stanley,0
3155,Clavos 03155,6335,Bosch,0
3156,Tornillo 03156,6591,EPAHome,NO
P3157,Sierra 03157,785,EPAHome,TRUE
3158,Taladro 03158,986,EPAHome,SI
3159,Pulidora 03159,1396,EPAHome,1
3160,Tornillo 03160,10172,Makita,0
3161,Taladro 03161,680,Bosch,
3162,Cerradura 03162,8608,Pretul,0
3163,Tornillo 03163,3533,,SI
3164,Pulidora 03164,10582,Bosch,0
3165,Sierra 03165,2991,EPAHome,0
3166,Cerradura 03166,1272,Bosch,NO
3167,Brocha 03167,10657,Truper,0
3168,,5024,Makita,0
3169,Cerradura 03169,10001,Total,1
3170,Cerradura 03170,4092,Total,
3171,Taladro 03171,2130,Makita,
3172,Cerradura 03172,7604,Total,1
3173,Brocha 03173,3999,Stanley,SI
3174,Sierra 03174,6041,Bosch,NO
3175,Brocha 03175,8261,Bosch,FALSE
3176,Brocha 03176,6298,Pretul,0
3177,Tornillo 03177,3796,Stanley,TRUE
3178,Reflector 03178,1869,Total,NO
3179,Cerradura 03179,5317,EPAHome,SI
3180,Sierra 03180,5263,Truper,SI
3181,Sierra 03181,4745,Bosch,FALSE
3182,Pintura 03182,2845,Bosch,NO
3183,Pulidora 03183,8940,,0
3184,Reflector 03184,3884,Stanley,TRUE
3185,Reflector 03185,4930,Pretul,0
3186,Taladro 03186,9236,,0
3187,Pintura 03187,8115,Total,NO
3188,Pintura 03188,3245,Stanley,1
3189,Sierra 03189,5416,Total,NO
3190,Sierra 03190,2004,Stanley,FALSE
3191,Pintura 03191,1677,Truper,0
3192,Brocha 03192,5262,Pretul,TRUE
3193,Brocha 03193,7488,Bosch,NO
3194,Sierra 03194,3534,EPAHome,0
3195,Tornillo 03195,5265,EPAHome,NO
3196,Sierra 03196,8302,,NO
3197,Sierra 03197,9256,Pretul,TRUE
3198,Cerradura 03198,7044,Makita,SI
3199,Brocha 03199,2849,,1
3200,Tornillo 03200,10527,Bosch,1
3201,,4838,Total,1
3202,Reflector 03202,1422,,SI
3203,Tornillo 03203,5810,Total,TRUE
3204,Martillo 03204,3699,Bosch,NO
3205,Brocha 03205,10104,Truper,NO
3206,Pintura 03206,6991,Makita,1
3207,Sierra 03207,2655,EPAHome,FALSE
3208,Tornillo 03208,7892,Stanley,FALSE
3209,Pintura 03209,8425,Bosch,TRUE
3210,Pintura 03210,4754,EPAHome,0
3211,Taladro 03211,1322,Makita,FALSE
3212,Cerradura 03212,8011,Truper,SI
3213,Reflector 03213,4635,Pretul,TRUE
3214,Reflector 03214,9970,Stanley,0
3215,Tornillo 03215,3442,Makita,FALSE
3216,Taladro 03216,4721,Makita,FALSE
3217,Martillo 03217,213,Truper,NO
3218,Pintura 03218,1866,,
3219,Sierra 03219,7986,Pretul,FALSE
3220,Brocha 03220,1808,,0
3221,Brocha 03221,1746,,SI
3222,Martillo 03222,4234,EPAHome,
3223,Sierra 03223,2411,Makita,0
3224,Sierra 03224,5743,Makita,
3225,Cerradura 03225,3357,Makita,NO
3226,Pulidora 03226,1936,Stanley,TRUE
3227,Brocha 03227,2843,Makita,TRUE
3228,Pulidora 03228,4376,Stanley,
3229,Sierra 03229,9622,,
3230,Clavos 03230,178,Total,TRUE
3231,Sierra 03231,6087,Stanley,0
3232,Tornillo 03232,1564,Stanley,0
3233,Reflector 03233,3206,Pretul,TRUE
P3234,,9406,Total,FALSE
3235,Sierra 03235,3106,Makita,NO
3236,Brocha 03236,515,Pretul,SI
3237,Martillo 03237,5678,Pretul,SI
3238,Clavos 03238,7525,,FALSE
3239,Cerradura 03239,4108,Makita,
3240,Sierra 03240,4029,,1
3241,Reflector 03241,8436,EPAHome,TRUE
3242,Cerradura 03242,5130,Stanley,NO
3243,Martillo 03243,7333,Pretul,NO
3244,Taladro 03244,1351,Bosch,TRUE
3245,Brocha 03245,8733,EPAHome,NO
3246,Clavos 03246,9431,Truper,
3247,Martillo 03247,7993,,
3248,Clavos 03248,5628,Truper,NO
3249,Pulidora 03249,9400,,FALSE
3250,Cerradura 03250,1577,EPAHome,
3251,Pulidora 03251,862,Truper,0
3252,Sierra 03252,9279,EPAHome,NO
3253,Cerradura 03253,10051,,TRUE
3254,Pulidora 03254,10337,Total,NO
3255,Sierra 03255,4940,Makita,1
3256,Pintura 03256,4840,Total,NO
3257,Pulidora 03257,1078,,1
3258,Clavos 03258,6991,Stanley,
3259,Pulidora 03259,3676,Truper,FALSE
3260,Martillo 03260,2544,Truper,TRUE
3261,Clavos 03261,3080,EPAHome,1
3262,Sierra 03262,10011,,1
3263,Sierra 03263,8860,EPAHome,FALSE
3264,Tornillo 03264,1082,Total,FALSE
3265,Tornillo 03265,2562,EPAHome,1
3266,Brocha 03266,7478,Stanley,0
3267,,10672,Makita,SI
3268,Tornillo 03268,8191,Pretul,FALSE
3269,Brocha 03269,10779,Pretul,SI
3270,Taladro 03270,5939,Bosch,SI
3271,Tornillo 03271,10051,Makita,NO
3272,Reflector 03272,9016,Makita,SI
3273,Clavos 03273,7166,,1
3274,Taladro 03274,6654,Total,NO
3275,Pulidora 03275,10414,,1
3276,Martillo 03276,5972,Makita,TRUE
3277,Pintura 03277,5269,Makita,FALSE
3278,Cerradura 03278,2821,Total,TRUE
3279,Reflector 03279,5061,Makita,1
3280,Martillo 03280,ABC,Truper,1
3281,Clavos 03281,1875,,NO
3282,Taladro 03282,4062,Truper,
3283,Sierra 03283,6489,Truper,FALSE
3284,Clavos 03284,8723,Makita,FALSE
3285,Brocha 03285,10068,EPAHome,SI
3286,Cerradura 03286,4166,EPAHome,NO
3287,Pulidora 03287,3924,Bosch,TRUE
3288,Brocha 03288,10822,Bosch,1
3289,Reflector 03289,9293,Stanley,
3290,Taladro 03290,4969,,FALSE
3291,Clavos 03291,9820,Truper,SI
3292,Brocha 03292,6598,Truper,0
3293,Pintura 03293,7856,,FALSE
3294,Clavos 03294,8451,Bosch,FALSE
3295,Taladro 03295,2571,Total,SI
3296,Pintura 03296,9723,EPAHome,FALSE
3297,Reflector 03297,9884,Pretul,SI
3298,Pintura 03298,7066,Stanley,1
3299,Brocha 03299,3814,Bosch,1
3300,,9837,Pretul,
3301,Clavos 03301,10651,Pretul,TRUE
3302,Pintura 03302,9416,Pretul,
3303,Sierra 03303,2910,Stanley,1
3304,Brocha 03304,10700,Truper,
3305,Taladro 03305,1609,Stanley,NO
3306,Clavos 03306,9100,Stanley,0
3307,Clavos 03307,7689,Makita,0
3308,Cerradura 03308,1323,Total,0
3309,Martillo 03309,8939,,0
3310,Martillo 03310,5999,EPAHome,SI
P3311,Pulidora 03311,5554,Stanley,0
3312,Pintura 03312,4613,Pretul,1
3313,Tornillo 03313,10594,Stanley,
3314,Reflector 03314,9018,Truper,TRUE
3315,Pintura 03315,2242,,0
3316,Pintura 03316,1759,Stanley,NO
3317,Brocha 03317,9575,Truper,TRUE
3318,Clavos 03318,5175,Bosch,NO
3319,Taladro 03319,6784,EPAHome,TRUE
3320,Pintura 03320,7971,Total,1
3321,Cerradura 03321,6897,,FALSE
3322,Reflector 03322,5200,Bosch,FALSE
3323,Pintura 03323,8609,Total,0
3324,Pulidora 03324,10539,Truper,
3325,Martillo 03325,6536,EPAHome,NO
3326,Pulidora 03326,10829,,0
3327,Taladro 03327,9574,Stanley,1
3328,Pintura 03328,1736,Pretul,
3329,Tornillo 03329,1871,Total,0
3330,Tornillo 03330,3663,,0
3331,Pintura 03331,613,,1
3332,Clavos 03332,7677,Total,SI
3333,,9647,Makita,
3334,Pintura 03334,2510,Truper,NO
3335,Clavos 03335,5617,EPAHome,SI
3336,Sierra 03336,9552,Truper,
3337,Brocha 03337,297,,
3338,Pulidora 03338,5329,,TRUE
3339,Pulidora 03339,7816,Stanley,1
3340,Taladro 03340,6371,Truper,TRUE
3341,Tornillo 03341,1797,Bosch,NO
3342,Reflector 03342,4388,EPAHome,TRUE
3343,Taladro 03343,1932,Bosch,0
3344,Martillo 03344,3173,,0
3345,Clavos 03345,1107,Truper,TRUE
3346,Cerradura 03346,10218,Pretul,0
3347,Sierra 03347,6364,Stanley,1
3348,Martillo 03348,5996,Bosch,TRUE
3349,Pulidora 03349,7621,Truper,NO
3350,Tornillo 03350,10683,Bosch,1
3351,Cerradura 03351,793,Bosch,SI
3352,Brocha 03352,5855,Bosch,NO
3353,Cerradura 03353,8770,Stanley,FALSE
3354,Taladro 03354,3636,Stanley,SI
3355,Brocha 03355,2835,Stanley,SI
3356,Clavos 03356,1813,,NO
3357,Cerradura 03357,7753,Stanley,0
3358,Taladro 03358,9112,Truper,1
3359,Tornillo 03359,8149,EPAHome,SI
3360,Martillo 03360,7093,EPAHome,1
3361,Brocha 03361,3953,Stanley,NO
3362,Pintura 03362,5458,Bosch,0
3363,Martillo 03363,4093,Bosch,1
3364,Pintura 03364,233,Stanley,0
3365,Pulidora 03365,2733,Stanley,FALSE
3366,,586,EPAHome,1
3367,Cerradura 03367,10473,,
3368,Cerradura 03368,757,,FALSE
3369,Martillo 03369,10520,Bosch,FALSE
3370,Tornillo 03370,7029,,SI
3371,Martillo 03371,8221,,NO
3372,Martillo 03372,6648,Total,0
3373,Pulidora 03373,9033,Truper,TRUE
3374,Clavos 03374,7771,Pretul,
3375,Pulidora 03375,4750,Truper,
3376,Brocha 03376,9713,EPAHome,1
3377,Cerradura 03377,1675,Bosch,FALSE
3378,Sierra 03378,2535,Bosch,0
3379,Sierra 03379,5998,,FALSE
3380,Pulidora 03380,8717,Truper,FALSE
3381,Cerradura 03381,155,Makita,0
3382,Cerradura 03382,4344,Pretul,SI
3383,Pintura 03383,9258,Makita,NO
3384,Clavos 03384,2029,Stanley,SI
3385,Brocha 03385,7932,Truper,NO
3386,Cerradura 03386,10002,Truper,1
3387,Pulidora 03387,908,Stanley,TRUE
P3388,Clavos 03388,5886,Bosch,SI
3389,Taladro 03389,10295,EPAHome,FALSE
3390,Tornillo 03390,7563,,SI
3391,Tornillo 03391,1688,Pretul,0
3392,Taladro 03392,1235,,0
3393,Sierra 03393,691,Makita,FALSE
3394,Brocha 03394,2586,EPAHome,SI
3395,Taladro 03395,8914,Stanley,1
3396,Sierra 03396,248,Stanley,FALSE
3397,Taladro 03397,27,,FALSE
3398,Sierra 03398,10615,Truper,SI
3399,,5369,Pretul,
3400,Cerradura 03400,984,Total,
3401,Brocha 03401,7860,Stanley,0
3402,Pintura 03402,8243,Stanley,1
3403,Brocha 03403,3950,Total,1
3404,Tornillo 03404,3120,Bosch,0
3405,Clavos 03405,609,Pretul,
3406,Brocha 03406,2458,Makita,
3407,Brocha 03407,5878,Bosch,SI
3408,Pulidora 03408,1296,Total,1
3409,Tornillo 03409,10250,Stanley,TRUE
3410,Martillo 03410,3298,Stanley,SI
3411,Pintura 03411,8594,Truper,
3412,Reflector 03412,7331,Truper,SI
3413,Reflector 03413,6334,Pretul,SI
3414,Martillo 03414,2287,Truper,
3415,Brocha 03415,9618,Truper,NO
3416,Brocha 03416,7557,EPAHome,SI
3417,Martillo 03417,8827,Total,TRUE
3418,Brocha 03418,6685,Total,NO
3419,Clavos 03419,1765,Stanley,0
3420,Reflector 03420,2940,Total,
3421,Pulidora 03421,9655,Pretul,TRUE
3422,Taladro 03422,5561,Bosch,SI
3423,Tornillo 03423,8803,,SI
3424,Pulidora 03424,1328,EPAHome,
3425,Taladro 03425,3354,Pretul,FALSE
3426,Taladro 03426,443,EPAHome,SI
3427,Tornillo 03427,3224,Bosch,FALSE
3428,Pulidora 03428,6607,Stanley,TRUE
3429,Martillo 03429,4518,Truper,NO
3430,Clavos 03430,10717,Total,1
3431,Tornillo 03431,3754,,FALSE
3432,,8085,Stanley,
3433,Sierra 03433,185,,NO
3434,Brocha 03434,9651,Makita,FALSE
3435,Sierra 03435,478,Stanley,0
3436,Brocha 03436,6641,Bosch,NO
3437,Pintura 03437,10382,Stanley,TRUE
3438,Martillo 03438,3095,Stanley,
3439,Sierra 03439,6870,Total,TRUE
3440,Pintura 03440,5939,Truper,SI
3441,Cerradura 03441,6600,Truper,TRUE
3442,Martillo 03442,8323,Makita,
3443,Reflector 03443,9735,EPAHome,TRUE
3444,Sierra 03444,5594,Total,SI
3445,Clavos 03445,8284,Total,0
3446,Reflector 03446,6147,Truper,NO
3447,Clavos 03447,8803,Truper,SI
3448,Reflector 03448,10530,Stanley,
3449,Tornillo 03449,6303,Total,TRUE
3450,Pintura 03450,3318,Bosch,FALSE
3451,Sierra 03451,8747,Stanley,TRUE
3452,Brocha 03452,10509,Pretul,SI
3453,Pulidora 03453,8522,Pretul,
3454,Tornillo 03454,7386,EPAHome,1
3455,Pulidora 03455,8798,Bosch,
3456,Pintura 03456,2788,Total,0
3457,Clavos 03457,1250,Truper,FALSE
3458,Sierra 03458,1960,Truper,
3459,Taladro 03459,5076,,1
3460,Pintura 03460,9374,Truper,NO
3461,Reflector 03461,4894,Pretul,NO
3462,Martillo 03462,4608,Truper,
3463,Reflector 03463,10032,Makita,1
3464,Martillo 03464,5502,,SI
P3465,,1086,EPAHome,SI
3466,Brocha 03466,8055,,
3467,Reflector 03467,3080,Bosch,
3468,Clavos 03468,1065,Pretul,1
3469,Cerradura 03469,9795,Makita,NO
3470,Martillo 03470,7191,Total,1
3471,Clavos 03471,3523,Pretul,SI
3472,Cerradura 03472,3021,Total,
3473,Tornillo 03473,7449,Pretul,FALSE
3474,Clavos 03474,10841,Total,FALSE
3475,Pintura 03475,65,Stanley,FALSE
3476,Martillo 03476,9212,EPAHome,TRUE
3477,Cerradura 03477,10644,EPAHome,1
3478,Reflector 03478,8326,EPAHome,
3479,Martillo 03479,5105,Pretul,NO
3480,Pulidora 03480,8056,Stanley,NO
3481,Sierra 03481,10296,Makita,SI
3482,Pulidora 03482,7460,Truper,
3483,Clavos 03483,9776,Pretul,FALSE
3484,Clavos 03484,10600,Pretul,TRUE
3485,Pulidora 03485,ABC,Stanley,0
3486,Pintura 03486,5873,Total,SI
3487,Sierra 03487,3059,Stanley,NO
3488,Taladro 03488,2571,,0
3489,Martillo 03489,1957,Stanley,1
3490,Brocha 03490,3379,Truper,0
3491,Brocha 03491,1836,Makita,TRUE
3492,Taladro 03492,4953,Total,TRUE
3493,Reflector 03493,7039,Pretul,SI
3494,Sierra 03494,5541,EPAHome,1
3495,Cerradura 03495,5941,Stanley,
3496,Sierra 03496,5837,Total,SI
3497,Cerradura 03497,4151,Stanley,0
3498,,10093,Pretul,NO
3499,Sierra 03499,1670,,0
3500,Cerradura 03500,9824,EPAHome,SI
3500,Cerradura 03500,9824,EPAHome,SI
3501,Tornillo 03501,6339,Pretul,TRUE
3502,Martillo 03502,4669,Bosch,TRUE
3503,Reflector 03503,10500,Makita,TRUE
3504,Cerradura 03504,3552,,0
3505,Martillo 03505,6088,,NO
3506,Martillo 03506,8946,Pretul,NO
3507,Pintura 03507,2683,Truper,FALSE
3508,Tornillo 03508,6036,EPAHome,
3509,Taladro 03509,6353,Truper,NO
3510,Pintura 03510,1604,Makita,
3511,Tornillo 03511,9733,,SI
3512,Martillo 03512,1770,Stanley,TRUE
3513,Pulidora 03513,4891,Stanley,FALSE
3514,Taladro 03514,6530,Bosch,SI
3515,Pintura 03515,9924,Bosch,TRUE
3516,Clavos 03516,6989,Bosch,
3517,Clavos 03517,9283,,
3518,Tornillo 03518,6161,,NO
3519,Pulidora 03519,1828,Makita,FALSE
3520,Taladro 03520,278,Bosch,NO
3521,Martillo 03521,5562,Stanley,FALSE
3522,Cerradura 03522,10812,Bosch,0
3523,Taladro 03523,7423,Truper,SI
3524,Reflector 03524,920,,0
3525,Reflector 03525,2480,Stanley,0
3526,Cerradura 03526,9250,,0
3527,Pintura 03527,10176,Bosch,0
3528,Taladro 03528,1454,,TRUE
3529,Reflector 03529,7100,Truper,SI
3530,Sierra 03530,5233,Pretul,1
3531,,10305,Makita,SI
3532,Pintura 03532,4103,Bosch,TRUE
3533,Brocha 03533,10057,Total,TRUE
3534,Sierra 03534,1108,Pretul,SI
3535,Cerradura 03535,5865,,1
3536,Pintura 03536,1716,EPAHome,
3537,Reflector 03537,1862,Total,SI
3538,Taladro 03538,1169,Stanley,
3539,Taladro 03539,7478,Pretul,TRUE
3540,Sierra 03540,4522,Stanley,NO
3541,Martillo 03541,9892,Makita,TRUE
P3542,Clavos 03542,7136,Truper,0
3543,Reflector 03543,9594,Makita,1
3544,Taladro 03544,7598,Makita,TRUE
3545,Brocha 03545,1708,Stanley,TRUE
3546,Tornillo 03546,8283,,NO
3547,Pintura 03547,10126,Makita,NO
3548,Reflector 03548,6557,Truper,NO
3549,Clavos 03549,8668,Bosch,SI
3550,Reflector 03550,1396,Stanley,TRUE
3551,Tornillo 03551,4534,Makita,0
3552,Pulidora 03552,9829,Makita,FALSE
3553,Tornillo 03553,8592,Total,SI
3554,Tornillo 03554,5957,Pretul,
3555,Pulidora 03555,117,Stanley,SI
3556,Cerradura 03556,8652,Total,1
3557,Martillo 03557,3493,Makita,0
3558,Pintura 03558,9408,Total,
3559,Brocha 03559,4917,Stanley,0
3560,Clavos 03560,5979,Stanley,SI
3561,Brocha 03561,3762,Stanley,1
3562,Pintura 03562,4474,Total,NO
3563,Clavos 03563,9816,Total,SI
3564,,6679,Bosch,TRUE
3565,Clavos 03565,2429,,0
3566,Tornillo 03566,3688,Stanley,1
3567,Cerradura 03567,7984,EPAHome,0
3568,Sierra 03568,4300,,TRUE
3569,Pintura 03569,2125,,1
3570,Tornillo 03570,8751,Makita,
3571,Cerradura 03571,7144,Truper,1
3572,Cerradura 03572,8049,Truper,FALSE
3573,Sierra 03573,4943,Pretul,FALSE
3574,Clavos 03574,5961,Truper,0
3575,Pulidora 03575,6814,Stanley,
3576,Reflector 03576,10270,Total,1
3577,Tornillo 03577,124,,0
3578,Reflector 03578,3260,Truper,SI
3579,Cerradura 03579,3238,Truper,
3580,Brocha 03580,3192,Stanley,TRUE
3581,Brocha 03581,3358,Pretul,0
3582,Martillo 03582,5043,Makita,1
3583,Clavos 03583,518,,0
3584,Reflector 03584,6817,Bosch,
3585,Martillo 03585,8984,,1
3586,Pulidora 03586,2102,Pretul,
3587,Reflector 03587,8602,Stanley,
3588,Clavos 03588,9488,Total,FALSE
3589,Sierra 03589,5242,Makita,FALSE
3590,Clavos 03590,475,,
3591,Clavos 03591,7621,,FALSE
3592,Brocha 03592,9485,Total,
3593,Cerradura 03593,1275,Total,
3594,Brocha 03594,2155,Makita,1
3595,Pulidora 03595,2000,Bosch,0
3596,Tornillo 03596,9362,Makita,0
3597,,4320,Makita,TRUE
3598,Reflector 03598,10533,Bosch,1
3599,Taladro 03599,2527,,SI
3600,Martillo 03600,2589,,NO
3601,Taladro 03601,1825,,1
3602,Cerradura 03602,9822,Bosch,FALSE
3603,Clavos 03603,2112,EPAHome,NO
3604,Brocha 03604,3971,Truper,SI
3605,Clavos 03605,3904,EPAHome,
3606,Sierra 03606,4800,Makita,NO
3607,Pintura 03607,9581,Bosch,FALSE
3608,Reflector 03608,3817,,1
3609,Cerradura 03609,548,Pretul,TRUE
3610,Taladro 03610,2741,Pretul,
3611,Cerradura 03611,8945,Bosch,NO
3612,Cerradura 03612,8927,Makita,SI
3613,Tornillo 03613,4296,Stanley,0
3614,Sierra 03614,2874,Makita,1
3615,Brocha 03615,7507,EPAHome,0
3616,Tornillo 03616,6850,,SI
3617,Pintura 03617,3725,Makita,FALSE
3618,Sierra 03618,8921,Stanley,NO
P3619,Martillo 03619,8159,EPAHome,
3620,Sierra 03620,1715,Makita,TRUE
3621,Pintura 03621,8529,Makita,0
3622,Sierra 03622,8700,Total,0
3623,Tornillo 03623,9165,Makita,FALSE
3624,Pulidora 03624,6771,EPAHome,NO
3625,Cerradura 03625,3054,EPAHome,SI
3626,Sierra 03626,9544,,FALSE
3627,Clavos 03627,2768,Total,FALSE
3628,Pulidora 03628,7764,Pretul,
3629,Sierra 03629,8290,Total,SI
3630,,2122,Truper,NO
3631,Martillo 03631,1587,,FALSE
3632,Pulidora 03632,10654,Total,0
3633,Pulidora 03633,2276,EPAHome,
3634,Tornillo 03634,655,Pretul,
3635,Cerradura 03635,5972,Stanley,0
3636,Martillo 03636,1905,Makita,TRUE
3637,Tornillo 03637,2398,Pretul,1
3638,Reflector 03638,7259,Pretul,0
3639,Pintura 03639,5874,,1
3640,Brocha 03640,4757,Stanley,NO
3641,Taladro 03641,9150,EPAHome,1
3642,Clavos 03642,1658,EPAHome,1
3643,Clavos 03643,5120,,1
3644,Clavos 03644,6546,Bosch,1
3645,Cerradura 03645,3257,Total,SI
3646,Reflector 03646,5614,EPAHome,TRUE
3647,Cerradura 03647,1393,Bosch,NO
3648,Sierra 03648,8646,Pretul,SI
3649,Pulidora 03649,5883,Truper,SI
3650,Clavos 03650,1093,Makita,SI
3651,Brocha 03651,6980,Makita,FALSE
3652,Pintura 03652,2813,Pretul,
3653,Taladro 03653,8819,,NO
3654,Brocha 03654,10661,Total,FALSE
3655,Sierra 03655,669,EPAHome,SI
3656,Sierra 03656,1368,Bosch,FALSE
3657,Tornillo 03657,1217,Makita,FALSE
3658,Pintura 03658,8166,Pretul,SI
3659,Taladro 03659,5960,Bosch,
3660,Martillo 03660,8840,Pretul,
3661,Tornillo 03661,10714,Truper,0
3662,Pulidora 03662,5164,EPAHome,SI
3663,,10484,Truper,1
3664,Tornillo 03664,9564,Total,NO
3665,Pintura 03665,7999,EPAHome,SI
3666,Reflector 03666,7477,Truper,0
3667,Pulidora 03667,6682,Bosch,1
3668,Taladro 03668,3855,Bosch,
3669,Reflector 03669,681,Stanley,
3670,Clavos 03670,7284,Stanley,FALSE
3671,Brocha 03671,10145,Makita,
3672,Sierra 03672,5479,,1
3673,Reflector 03673,6063,,1
3674,Martillo 03674,2568,Truper,0
3675,Pulidora 03675,3540,Makita,NO
3676,Clavos 03676,8161,Stanley,FALSE
3677,Brocha 03677,1132,Bosch,0
3678,Pintura 03678,9887,EPAHome,1
3679,Taladro 03679,2118,Truper,0
3680,Pulidora 03680,1445,Pretul,
3681,Cerradura 03681,9723,Total,
3682,Pulidora 03682,4932,Bosch,NO
3683,Tornillo 03683,5809,Stanley,NO
3684,Brocha 03684,584,Truper,1
3685,Taladro 03685,6501,,
3686,Tornillo 03686,1084,Bosch,1
3687,Martillo 03687,6057,Makita,SI
3688,Reflector 03688,7109,EPAHome,NO
3689,Taladro 03689,5188,Pretul,FALSE
3690,Pulidora 03690,ABC,EPAHome,
3691,Pulidora 03691,5442,Makita,
3692,Cerradura 03692,2927,Total,1
3693,Martillo 03693,7790,EPAHome,TRUE
3694,Tornillo 03694,3832,Total,SI
3695,Sierra 03695,8998,Total,SI
P3696,,5839,Makita,TRUE
3697,Tornillo 03697,7184,Pretul,0
3698,Tornillo 03698,922,Makita,1
3699,Sierra 03699,2531,EPAHome,NO
3700,Pintura 03700,7960,Stanley,0
3701,Reflector 03701,7519,Bosch,TRUE
3702,Brocha 03702,1163,Stanley,FALSE
3703,Martillo 03703,6027,Makita,1
3704,Pulidora 03704,3389,,FALSE
3705,Pintura 03705,2632,Pretul,1
3706,Sierra 03706,676,Total,FALSE
3707,Brocha 03707,2954,Truper,NO
3708,Pintura 03708,7926,Total,0
3709,Sierra 03709,5850,Stanley,SI
3710,Martillo 03710,73,Truper,1
3711,Pulidora 03711,1913,Truper,0
3712,Martillo 03712,2083,Makita,NO
3713,Cerradura 03713,5869,Total,0
3714,Pintura 03714,7393,Pretul,TRUE
3715,Martillo 03715,1536,Truper,
3716,Sierra 03716,2686,Total,1
3717,Clavos 03717,4063,Stanley,FALSE
3718,Reflector 03718,4565,Truper,0
3719,Brocha 03719,2608,Bosch,1
3720,Clavos 03720,6109,Stanley,
3721,Pintura 03721,2191,Makita,TRUE
3722,Martillo 03722,682,Bosch,
3723,Reflector 03723,10726,Stanley,FALSE
3724,Taladro 03724,9761,,0
3725,Pintura 03725,577,Bosch,1
3726,Pintura 03726,5580,Makita,0
3727,Pulidora 03727,590,Total,1
3728,Clavos 03728,6189,Pretul,TRUE
3729,,4743,Pretul,SI
3730,Brocha 03730,5130,Bosch,TRUE
3731,Reflector 03731,1784,Total,
3732,Reflector 03732,6799,Total,0
3733,Brocha 03733,557,Total,1
3734,Clavos 03734,3088,,FALSE
3735,Tornillo 03735,10488,EPAHome,
3736,Cerradura 03736,6750,Stanley,
3737,Tornillo 03737,8902,EPAHome,
3738,Taladro 03738,740,EPAHome,NO
3739,Clavos 03739,4187,EPAHome,0
3740,Taladro 03740,8554,EPAHome,NO
3741,Martillo 03741,2943,Stanley,TRUE
3742,Martillo 03742,7941,,
3743,Sierra 03743,861,,SI
3744,Sierra 03744,3365,,NO
3745,Martillo 03745,1330,Truper,1
3746,Pulidora 03746,10520,,NO
3747,Pulidora 03747,10571,Truper,TRUE
3748,Clavos 03748,317,Pretul,
3749,Reflector 03749,1320,Pretul,
3750,Tornillo 03750,6304,Makita,FALSE
3751,Tornillo 03751,3039,Makita,1
3752,Clavos 03752,6613,Total,0
3753,Martillo 03753,10599,Bosch,0
3754,Martillo 03754,2366,,FALSE
3755,Pulidora 03755,1221,Pretul,0
3756,Cerradura 03756,3207,Makita,NO
3757,Cerradura 03757,7104,Truper,NO
3758,Clavos 03758,724,Truper,
3759,Pintura 03759,316,EPAHome,1
3760,Tornillo 03760,1157,Pretul,0
3761,Pulidora 03761,144,Bosch,FALSE
3762,,2574,Pretul,
3763,Reflector 03763,3174,Makita,FALSE
3764,Clavos 03764,6269,Truper,0
3765,Tornillo 03765,9221,Truper,1
3766,Brocha 03766,4389,Total,NO
3767,Clavos 03767,3165,Makita,1
3768,Brocha 03768,4362,EPAHome,FALSE
3769,Tornillo 03769,8029,,0
3770,Tornillo 03770,306,Stanley,
3771,Brocha 03771,4230,Makita,1
3772,Pintura 03772,1381,EPAHome,NO
P3773,Sierra 03773,7335,Bosch,TRUE
3774,Pintura 03774,9130,,1
3775,Taladro 03775,7823,Pretul,
3776,Clavos 03776,4589,Stanley,SI
3777,Martillo 03777,18,Stanley,NO
3778,Brocha 03778,10005,Makita,TRUE
3779,Tornillo 03779,6058,Pretul,
3780,Cerradura 03780,3050,Bosch,TRUE
3781,Tornillo 03781,290,Stanley,0
3782,Pulidora 03782,1710,Truper,FALSE
3783,Cerradura 03783,9426,Truper,0
3784,Brocha 03784,8195,,NO
3785,Martillo 03785,6244,EPAHome,NO
3786,Pintura 03786,753,EPAHome,FALSE
3787,Clavos 03787,10566,EPAHome,0
3788,Taladro 03788,187,EPAHome,0
3789,Brocha 03789,809,Pretul,0
3790,Brocha 03790,7126,Bosch,TRUE
3791,Tornillo 03791,2067,Pretul,0
3792,Martillo 03792,4288,,
3793,Reflector 03793,7231,Truper,NO
3794,Cerradura 03794,4975,Total,SI
3795,,4351,Stanley,1
3796,Brocha 03796,1860,Pretul,1
3797,Brocha 03797,2455,Stanley,SI
3798,Clavos 03798,6543,Makita,0
3799,Clavos 03799,2995,Bosch,TRUE
3800,Reflector 03800,10432,Makita,1
3801,Clavos 03801,11,EPAHome,
3802,Martillo 03802,8308,Makita,SI
3803,Tornillo 03803,1164,Pretul,TRUE
3804,Taladro 03804,3618,EPAHome,0
3805,Pulidora 03805,10588,,
3806,Cerradura 03806,345,Truper,1
3807,Sierra 03807,6760,Bosch,FALSE
3808,Reflector 03808,6465,EPAHome,
3809,Pintura 03809,5172,Stanley,
3810,Cerradura 03810,8724,Makita,SI
3811,Clavos 03811,7312,Total,SI
3812,Tornillo 03812,4480,Stanley,0
3813,Pintura 03813,8481,EPAHome,TRUE
3814,Pintura 03814,2195,Stanley,1
3815,Clavos 03815,8741,,FALSE
3816,Cerradura 03816,6141,Makita,FALSE
3817,Clavos 03817,3025,Makita,1
3818,Tornillo 03818,6372,Pretul,SI
3819,Brocha 03819,7169,Pretul,1
3820,Taladro 03820,4446,Stanley,TRUE
3821,Sierra 03821,5931,Truper,
3822,Sierra 03822,10110,Bosch,
3823,Pulidora 03823,6144,EPAHome,NO
3824,Clavos 03824,2774,Total,0
3825,Sierra 03825,5713,Pretul,
3826,Pintura 03826,3280,Stanley,TRUE
3827,Reflector 03827,8023,Makita,1
3828,,2919,Makita,FALSE
3829,Pintura 03829,564,Bosch,SI
3830,Brocha 03830,10625,Total,TRUE
3831,Cerradura 03831,7872,Stanley,NO
3832,Sierra 03832,1753,Makita,SI
3833,Clavos 03833,10354,Makita,NO
3834,Pintura 03834,41,Truper,
3835,Pulidora 03835,9756,Truper,NO
3836,Reflector 03836,1614,Stanley,0
3837,Taladro 03837,335,Makita,NO
3838,Reflector 03838,3602,Bosch,
3839,Reflector 03839,1143,EPAHome,TRUE
3840,Pulidora 03840,6135,EPAHome,
3841,Martillo 03841,961,Makita,1
3842,Taladro 03842,3731,Total,SI
3843,Sierra 03843,7492,Pretul,SI
3844,Clavos 03844,6976,Stanley,FALSE
3845,Cerradura 03845,5720,EPAHome,0
3846,Clavos 03846,1933,Pretul,
3847,Brocha 03847,9785,Pretul,FALSE
3848,Pulidora 03848,6666,Makita,FALSE
3849,Sierra 03849,6788,Truper,
P3850,Cerradura 03850,2107,Stanley,
3851,Pulidora 03851,4801,Bosch,1
3852,Sierra 03852,7633,Total,NO
3853,Clavos 03853,10411,,0
3854,Pintura 03854,7450,Truper,FALSE
3855,Sierra 03855,724,EPAHome,FALSE
3856,Sierra 03856,9,Pretul,1
3857,Cerradura 03857,1844,Total,1
3858,Brocha 03858,6092,Makita,SI
3859,Tornillo 03859,299,Pretul,SI
3860,Cerradura 03860,5310,Bosch,TRUE
3861,,8128,,NO
3862,Brocha 03862,9137,Truper,SI
3863,Sierra 03863,4540,Pretul,TRUE
3864,Reflector 03864,8730,Bosch,TRUE
3865,Pintura 03865,5869,Truper,FALSE
3866,Martillo 03866,4828,Truper,1
3867,Clavos 03867,6542,,FALSE
3868,Sierra 03868,10138,Makita,FALSE
3869,Brocha 03869,3953,Stanley,0
3870,Sierra 03870,1927,Truper,TRUE
3871,Taladro 03871,5512,Makita,FALSE
3872,Cerradura 03872,453,Stanley,
3873,Pulidora 03873,6128,Total,SI
3874,Taladro 03874,2737,Pretul,1
3875,Pulidora 03875,5975,Truper,0
3876,Sierra 03876,6346,,FALSE
3877,Pintura 03877,8684,EPAHome,TRUE
3878,Tornillo 03878,9877,Makita,0
3879,Taladro 03879,2019,Total,TRUE
3880,Taladro 03880,8754,Stanley,FALSE
3881,Clavos 03881,9473,EPAHome,1
3882,Sierra 03882,8010,Pretul,FALSE
3883,Martillo 03883,3756,Total,0
3884,Brocha 03884,10243,Total,FALSE
3885,Martillo 03885,7631,Makita,0
3886,Sierra 03886,9092,Pretul,0
3887,Brocha 03887,8811,Bosch,1
3888,Taladro 03888,8017,Truper,SI
3889,Pintura 03889,4153,EPAHome,0
3890,Taladro 03890,3724,Bosch,1
3891,Cerradura 03891,6467,Makita,0
3892,Clavos 03892,1027,Makita,FALSE
3893,Tornillo 03893,2937,Total,0
3894,,6967,Bosch,SI
3895,Pintura 03895,ABC,Bosch,0
3896,Pulidora 03896,8289,Bosch,0
3897,Brocha 03897,2653,EPAHome,1
3898,Tornillo 03898,2126,Stanley,FALSE
3899,Tornillo 03899,800,Total,TRUE
3900,Clavos 03900,6127,Truper,FALSE
3901,Martillo 03901,8884,Truper,
3902,Pulidora 03902,8440,Pretul,FALSE
3903,Sierra 03903,6294,Total,0
3904,Clavos 03904,1418,Total,NO
3905,Brocha 03905,669,Stanley,TRUE
3906,Martillo 03906,1806,,FALSE
3907,Reflector 03907,1286,Makita,FALSE
3908,Pintura 03908,1031,EPAHome,
3909,Pintura 03909,2536,Pretul,NO
3910,Tornillo 03910,10559,Pretul,TRUE
3911,Pintura 03911,3273,Truper,TRUE
3912,Cerradura 03912,5188,Total,FALSE
3913,Martillo 03913,7686,EPAHome,SI
3914,Reflector 03914,9505,Truper,0
3915,Clavos 03915,8891,,FALSE
3916,Taladro 03916,1124,Truper,1
3917,Tornillo 03917,455,Makita,
3918,Martillo 03918,5126,Stanley,SI
3919,Taladro 03919,5144,EPAHome,TRUE
3920,Brocha 03920,4624,Truper,TRUE
3921,Pulidora 03921,3527,Makita,SI
3922,Pintura 03922,1634,Stanley,
3923,Martillo 03923,2017,Truper,NO
3924,Cerradura 03924,9449,Total,NO
3925,Sierra 03925,9845,Pretul,0
3926,Taladro 03926,3195,Total,
P3927,,6015,Total,0
3928,Taladro 03928,5408,Stanley,1
3929,Pintura 03929,8643,Pretul,0
3930,Martillo 03930,7336,Truper,0
3931,Tornillo 03931,10696,Pretul,
3932,Pintura 03932,1641,Bosch,0
3933,Brocha 03933,8217,Stanley,NO
3934,Pintura 03934,48,,FALSE
3935,Pintura 03935,4475,Total,FALSE
3936,Sierra 03936,9019,Makita,FALSE
3937,Pulidora 03937,2182,Makita,NO
3938,Sierra 03938,881,Bosch,0
3939,Brocha 03939,3433,Bosch,NO
3940,Cerradura 03940,115,Makita,FALSE
3941,Cerradura 03941,10377,Stanley,SI
3942,Clavos 03942,2581,Makita,TRUE
3943,Brocha 03943,5023,Stanley,1
3944,Cerradura 03944,1098,,SI
3945,Pulidora 03945,4360,Truper,0
3946,Martillo 03946,3624,EPAHome,TRUE
3947,Taladro 03947,10624,EPAHome,FALSE
3948,Pulidora 03948,8770,Total,1
3949,Martillo 03949,6224,Stanley,0
3950,Pulidora 03950,1062,,TRUE
3951,Martillo 03951,5500,,
3952,Taladro 03952,9060,Makita,FALSE
3953,Martillo 03953,5733,Truper,
3954,Pulidora 03954,7388,Stanley,NO
3955,Cerradura 03955,6755,Pretul,0
3956,Brocha 03956,1534,Stanley,
3957,Brocha 03957,2565,,0
3958,Taladro 03958,2659,Makita,NO
3959,Cerradura 03959,9513,Stanley,0
3960,,608,EPAHome,FALSE
3961,Reflector 03961,3421,Bosch,TRUE
3962,Brocha 03962,906,Pretul,0
3963,Reflector 03963,6543,Stanley,TRUE
3964,Pintura 03964,10585,Makita,NO
3965,Reflector 03965,555,Makita,1
3966,Cerradura 03966,41,EPAHome,0
3967,Cerradura 03967,6942,Total,
3968,Sierra 03968,5015,Bosch,FALSE
3969,Martillo 03969,4307,Stanley,FALSE
3970,Pintura 03970,3319,Pretul,TRUE
3971,Cerradura 03971,6749,Truper,NO
3972,Martillo 03972,2472,Bosch,SI
3973,Taladro 03973,7802,Truper,
3974,Pulidora 03974,10556,Pretul,TRUE
3975,Pulidora 03975,9115,Makita,FALSE
3976,Tornillo 03976,6091,Makita,
3977,Brocha 03977,3497,Stanley,1
3978,Brocha 03978,9660,EPAHome,1
3979,Tornillo 03979,2553,EPAHome,1
3980,Martillo 03980,5956,,
3981,Reflector 03981,4636,Total,FALSE
3982,Tornillo 03982,3059,EPAHome,TRUE
3983,Sierra 03983,10320,Total,SI
3984,Pulidora 03984,9747,Bosch,FALSE
3985,Clavos 03985,1863,Pretul,0
3986,Brocha 03986,807,Bosch,TRUE
3987,Brocha 03987,1930,,
3988,Clavos 03988,902,,TRUE
3989,Pintura 03989,1318,Total,FALSE
3990,Taladro 03990,2252,Truper,TRUE
3991,Martillo 03991,6378,Stanley,SI
3992,Cerradura 03992,5147,Total,0
3993,,8166,Pretul,
3994,Brocha 03994,8402,Bosch,0
3995,Cerradura 03995,1312,Makita,0
3996,Brocha 03996,10845,Makita,SI
3997,Sierra 03997,8590,Total,
3998,Sierra 03998,7773,Makita,FALSE
3999,Clavos 03999,404,,SI
4000,Pintura 04000,7592,Stanley,FALSE
4000,Pintura 04000,7592,Stanley,FALSE
4001,Pulidora 04001,3128,Truper,TRUE
4002,Cerradura 04002,83,,FALSE
4003,Tornillo 04003,244,Truper,
P4004,Pintura 04004,261,Pretul,0
4005,Pulidora 04005,10790,Total,SI
4006,Tornillo 04006,1997,Pretul,0
4007,Reflector 04007,4973,Bosch,FALSE
4008,Pulidora 04008,2923,Bosch,1
4009,Tornillo 04009,9917,Truper,FALSE
4010,Clavos 04010,4347,Total,SI
4011,Brocha 04011,7341,Truper,0
4012,Martillo 04012,3776,Truper,
4013,Pintura 04013,2196,,SI
4014,Pintura 04014,6667,Pretul,FALSE
4015,Reflector 04015,5741,Pretul,TRUE
4016,Sierra 04016,10717,Bosch,SI
4017,Sierra 04017,10318,Stanley,TRUE
4018,Clavos 04018,5273,,SI
4019,Martillo 04019,10360,Stanley,0
4020,Pulidora 04020,155,Pretul,FALSE
4021,Taladro 04021,1063,,FALSE
4022,Brocha 04022,4694,Total,TRUE
4023,Pintura 04023,10471,Stanley,SI
4024,Taladro 04024,4527,Total,
4025,Reflector 04025,196,,FALSE
4026,,7079,,
4027,Taladro 04027,802,EPAHome,1
4028,Sierra 04028,8505,Makita,
4029,Clavos 04029,3331,EPAHome,SI
4030,Martillo 04030,9378,Bosch,NO
4031,Taladro 04031,6519,Makita,0
4032,Pintura 04032,1328,Bosch,1
4033,Reflector 04033,199,EPAHome,1
4034,Cerradura 04034,842,EPAHome,FALSE
4035,Sierra 04035,4762,EPAHome,FALSE
4036,Reflector 04036,9057,Total,
4037,Taladro 04037,7976,Stanley,NO
4038,Taladro 04038,1822,Bosch,TRUE
4039,Cerradura 04039,2748,Stanley,
4040,Brocha 04040,1042,Makita,1
4041,Pulidora 04041,9158,Pretul,FALSE
4042,Taladro 04042,10642,Stanley,0
4043,Taladro 04043,8985,Bosch,NO
4044,Pulidora 04044,2936,Bosch,FALSE
4045,Reflector 04045,1755,Bosch,NO
4046,Cerradura 04046,4914,EPAHome,FALSE
4047,Pintura 04047,10234,EPAHome,NO
4048,Tornillo 04048,5764,Total,TRUE
4049,Pulidora 04049,3465,EPAHome,1
4050,Sierra 04050,1829,EPAHome,0
4051,Sierra 04051,697,,0
4052,Tornillo 04052,7923,Makita,NO
4053,Cerradura 04053,854,Stanley,SI
4054,Pulidora 04054,5154,Makita,NO
4055,Clavos 04055,2776,Stanley,1
4056,Cerradura 04056,3374,Makita,1
4057,Pulidora 04057,5692,EPAHome,NO
4058,Sierra 04058,8146,Bosch,
4059,,2620,Truper,TRUE
4060,Sierra 04060,1985,Total,SI
4061,Martillo 04061,1487,Stanley,TRUE
4062,Brocha 04062,4034,Stanley,NO
4063,Clavos 04063,3597,Bosch,TRUE
4064,Sierra 04064,8112,Stanley,TRUE
4065,Brocha 04065,1888,Makita,SI
4066,Clavos 04066,6584,Pretul,
4067,Pulidora 04067,3853,EPAHome,1
4068,Clavos 04068,4970,Makita,TRUE
4069,Brocha 04069,5159,EPAHome,SI
4070,Pintura 04070,5538,Pretul,
4071,Sierra 04071,1084,Total,0
4072,Clavos 04072,6524,Makita,TRUE
4073,Martillo 04073,3258,,SI
4074,Sierra 04074,4568,Makita,FALSE
4075,Tornillo 04075,8113,Stanley,NO
4076,Clavos 04076,8770,Bosch,FALSE
4077,Sierra 04077,3445,Bosch,1
4078,Pintura 04078,1169,Stanley,
4079,Tornillo 04079,8935,Makita,TRUE
4080,Brocha 04080,3561,Makita,1
P4081,Martillo 04081,1628,Makita,NO
4082,Martillo 04082,5321,Truper,FALSE
4083,Reflector 04083,10460,Total,TRUE
4084,Cerradura 04084,9708,Bosch,TRUE
4085,Taladro 04085,7399,Truper,SI
4086,Reflector 04086,10650,,
4087,Martillo 04087,1073,,FALSE
4088,Martillo 04088,4652,,0
4089,Reflector 04089,1334,EPAHome,
4090,Pintura 04090,2616,Makita,TRUE
4091,Cerradura 04091,7111,Truper,NO
4092,,5237,,NO
4093,Brocha 04093,7622,Pretul,1
4094,Pintura 04094,9568,,NO
4095,Taladro 04095,9875,Pretul,NO
4096,Tornillo 04096,7850,Total,FALSE
4097,Brocha 04097,8848,Makita,0
4098,Taladro 04098,8059,Makita,TRUE
4099,Taladro 04099,5323,Bosch,0
4100,Tornillo 04100,ABC,Pretul,1
4101,Pulidora 04101,338,Makita,1
4102,Martillo 04102,5555,Total,NO
4103,Pulidora 04103,1374,,0
4104,Martillo 04104,9661,Makita,1
4105,Clavos 04105,8922,,FALSE
4106,Tornillo 04106,8476,Pretul,SI
4107,Reflector 04107,8998,Total,FALSE
4108,Cerradura 04108,3726,Bosch,FALSE
4109,Sierra 04109,5754,Stanley,
4110,Taladro 04110,2461,Stanley,NO
4111,Brocha 04111,68,EPAHome,1
4112,Reflector 04112,7703,Stanley,
4113,Martillo 04113,2389,Makita,NO
4114,Pulidora 04114,7554,,NO
4115,Sierra 04115,8681,Total,TRUE
4116,Tornillo 04116,7358,Total,1
4117,Clavos 04117,7331,Truper,0
4118,Pulidora 04118,5844,Stanley,FALSE
4119,Brocha 04119,1944,,NO
4120,Tornillo 04120,4213,Pretul,0
4121,Tornillo 04121,9031,Makita,NO
4122,Pintura 04122,3058,Pretul,NO
4123,Sierra 04123,8036,EPAHome,TRUE
4124,Tornillo 04124,5374,Truper,1
4125,,7448,Pretul,1
4126,Brocha 04126,8386,,TRUE
4127,Pintura 04127,7226,Pretul,FALSE
4128,Cerradura 04128,5287,Pretul,SI
4129,Tornillo 04129,9827,Total,NO
4130,Pulidora 04130,9333,Total,1
4131,Sierra 04131,5199,EPAHome,0
4132,Cerradura 04132,3167,Bosch,SI
4133,Reflector 04133,8418,Pretul,NO
4134,Pintura 04134,4573,Total,FALSE
4135,Tornillo 04135,3164,Truper,NO
4136,Pulidora 04136,9464,Truper,0
4137,Brocha 04137,3273,Truper,0
4138,Tornillo 04138,7972,Bosch,0
4139,Cerradura 04139,4887,Bosch,NO
4140,Reflector 04140,9596,Bosch,SI
4141,Reflector 04141,1094,Total,
4142,Pintura 04142,9046,Truper,0
4143,Sierra 04143,5660,Pretul,NO
4144,Brocha 04144,3208,,TRUE
4145,Taladro 04145,3940,Makita,FALSE
4146,Cerradura 04146,6664,Makita,1
4147,Sierra 04147,2585,Pretul,0
4148,Brocha 04148,3714,Truper,1
4149,Pintura 04149,6727,Total,SI
4150,Martillo 04150,8236,Pretul,SI
4151,Taladro 04151,9590,Stanley,1
4152,Cerradura 04152,2077,Total,SI
4153,Sierra 04153,4681,Pretul,1
4154,Pintura 04154,10678,Pretul,0
4155,Tornillo 04155,4383,Truper,
4156,Brocha 04156,5250,,1
4157,Taladro 04157,8988,,TRUE
P4158,,8674,,FALSE
4159,Martillo 04159,441,EPAHome,TRUE
4160,Brocha 04160,1898,EPAHome,SI
4161,Pintura 04161,10243,Bosch,TRUE
4162,Martillo 04162,7710,,
4163,Reflector 04163,1320,Bosch,SI
4164,Reflector 04164,3492,Stanley,0
4165,Martillo 04165,9884,Truper,FALSE
4166,Martillo 04166,3220,Stanley,NO
4167,Tornillo 04167,6522,Bosch,NO
4168,Martillo 04168,812,Stanley,FALSE
4169,Pulidora 04169,3755,Pretul,NO
4170,Brocha 04170,8355,Total,
4171,Brocha 04171,52,Bosch,TRUE
4172,Clavos 04172,10222,,SI
4173,Cerradura 04173,4562,,SI
4174,Pintura 04174,561,Pretul,1
4175,Pintura 04175,1652,EPAHome,1
4176,Pintura 04176,4058,Bosch,NO
4177,Tornillo 04177,3152,Total,NO
4178,Cerradura 04178,2193,Total,
4179,Martillo 04179,4489,,NO
4180,Brocha 04180,6171,Bosch,1
4181,Taladro 04181,4844,Makita,SI
4182,Clavos 04182,431,,SI
4183,Cerradura 04183,5025,Truper,SI
4184,Taladro 04184,5386,Bosch,NO
4185,Sierra 04185,5200,EPAHome,1
4186,Tornillo 04186,3879,Truper,FALSE
4187,Taladro 04187,334,Total,
4188,Cerradura 04188,2887,Pretul,NO
4189,Sierra 04189,1333,Makita,1
4190,Martillo 04190,6666,Makita,TRUE
4191,,5400,Total,FALSE
4192,Sierra 04192,7325,EPAHome,NO
4193,Reflector 04193,4134,Bosch,TRUE
4194,Taladro 04194,4036,Makita,NO
4195,Brocha 04195,9415,Bosch,1
4196,Reflector 04196,108,EPAHome,TRUE
4197,Pintura 04197,2420,Total,TRUE
4198,Pintura 04198,6193,EPAHome,SI
4199,Tornillo 04199,9076,Truper,0
4200,Brocha 04200,389,EPAHome,1
4201,Cerradura 04201,10392,Truper,FALSE
4202,Martillo 04202,10029,Truper,FALSE
4203,Martillo 04203,8425,Makita,
4204,Martillo 04204,8150,Makita,
4205,Reflector 04205,8926,Total,TRUE
4206,Pulidora 04206,1141,Stanley,NO
4207,Pintura 04207,5183,Total,FALSE
4208,Clavos 04208,9716,Pretul,0
4209,Pulidora 04209,3495,Truper,0
4210,Brocha 04210,10055,EPAHome,NO
4211,Martillo 04211,5779,Pretul,
4212,Pulidora 04212,10458,Truper,SI
4213,Brocha 04213,1345,Pretul,1
4214,Pulidora 04214,4635,Bosch,
4215,Tornillo 04215,5176,Pretul,1
4216,Pintura 04216,9900,Truper,SI
4217,Taladro 04217,433,EPAHome,SI
4218,Taladro 04218,5847,Total,1
4219,Pulidora 04219,3322,,NO
4220,Clavos 04220,10482,EPAHome,0
4221,Brocha 04221,8966,Pretul,NO
4222,Reflector 04222,5058,EPAHome,
4223,Clavos 04223,7069,Pretul,TRUE
4224,,3808,,TRUE
4225,Clavos 04225,10844,Truper,0
4226,Clavos 04226,6179,Truper,0
4227,Pulidora 04227,285,Pretul,NO
4228,Brocha 04228,658,Total,NO
4229,Taladro 04229,6588,Stanley,1
4230,Brocha 04230,4844,Pretul,NO
4231,Pulidora 04231,2780,EPAHome,1
4232,Clavos 04232,2402,Makita,SI
4233,Clavos 04233,4482,Pretul,0
4234,Clavos 04234,6087,Pretul,1
P4235,Pintura 04235,3427,Total,NO
4236,Cerradura 04236,10436,Pretul,1
4237,Reflector 04237,4936,,FALSE
4238,Brocha 04238,2382,Bosch,0
4239,Tornillo 04239,4182,Total,SI
4240,Pintura 04240,7179,Stanley,TRUE
4241,Cerradura 04241,1173,Stanley,
4242,Clavos 04242,1735,Stanley,0
4243,Pintura 04243,10606,Stanley,SI
4244,Reflector 04244,3649,Pretul,
4245,Clavos 04245,9412,Truper,0
4246,Tornillo 04246,5020,Stanley,FALSE
4247,Cerradura 04247,4401,Bosch,TRUE
4248,Clavos 04248,1313,Stanley,TRUE
4249,Cerradura 04249,6428,Stanley,1
4250,Clavos 04250,1245,Total,SI
4251,Clavos 04251,1375,Pretul,TRUE
4252,Clavos 04252,5346,Bosch,
4253,Cerradura 04253,39,Truper,0
4254,Martillo 04254,5128,Makita,FALSE
4255,Martillo 04255,8071,,1
4256,Sierra 04256,8429,Total,FALSE
4257,,708,Stanley,SI
4258,Martillo 04258,10381,Makita,
4259,Cerradura 04259,8851,Total,TRUE
4260,Cerradura 04260,8794,Bosch,TRUE
4261,Cerradura 04261,7938,,1
4262,Taladro 04262,9111,Makita,0
4263,Clavos 04263,4493,Bosch,TRUE
4264,Cerradura 04264,9172,EPAHome,SI
4265,Taladro 04265,80,Stanley,NO
4266,Martillo 04266,7079,Pretul,SI
4267,Reflector 04267,1528,Total,0
4268,Pulidora 04268,5989,Makita,NO
4269,Pulidora 04269,8031,Pretul,
4270,Taladro 04270,4566,,
4271,Martillo 04271,6187,Truper,
4272,Brocha 04272,5258,Truper,1
4273,Reflector 04273,5378,Stanley,
4274,Reflector 04274,2931,,1
4275,Martillo 04275,6534,EPAHome,FALSE
4276,Pintura 04276,8646,Bosch,FALSE
4277,Martillo 04277,1995,,
4278,Clavos 04278,5030,EPAHome,0
4279,Pulidora 04279,2017,Pretul,SI
4280,Martillo 04280,9804,Pretul,FALSE
4281,Pulidora 04281,7968,Makita,
4282,Tornillo 04282,10570,EPAHome,0
4283,Brocha 04283,1421,EPAHome,FALSE
4284,Reflector 04284,5217,EPAHome,
4285,Pintura 04285,2289,Pretul,TRUE
4286,Tornillo 04286,10587,Truper,TRUE
4287,Sierra 04287,1667,Makita,0
4288,Clavos 04288,10449,Bosch,
4289,Sierra 04289,2865,,1
4290,,899,Makita,SI
4291,Pulidora 04291,4616,Makita,NO
4292,Martillo 04292,7679,Pretul,NO
4293,Sierra 04293,3724,Makita,FALSE
4294,Taladro 04294,2119,Truper,1
4295,Pintura 04295,3208,EPAHome,1
4296,Pintura 04296,8034,Pretul,
4297,Clavos 04297,344,Truper,NO
4298,Taladro 04298,8021,,TRUE
4299,Cerradura 04299,10683,,TRUE
4300,Clavos 04300,6334,Makita,0
4301,Brocha 04301,2429,Pretul,0
4302,Sierra 04302,1568,EPAHome,SI
4303,Pintura 04303,4161,Truper,0
4304,Clavos 04304,1513,Makita,1
4305,Pintura 04305,ABC,Total,TRUE
4306,Cerradura 04306,1033,Stanley,FALSE
4307,Martillo 04307,4139,,TRUE
4308,Sierra 04308,435,Bosch,SI
4309,Clavos 04309,4176,Stanley,SI
4310,Tornillo 04310,6320,Total,TRUE
4311,Cerradura 04311,4691,Makita,NO
P4312,Reflector 04312,8307,Bosch,TRUE
4313,Martillo 04313,4896,Makita,TRUE
4314,Pintura 04314,7725,Total,FALSE
4315,Sierra 04315,469,Bosch,SI
4316,Brocha 04316,5366,EPAHome,0
4317,Sierra 04317,9957,EPAHome,TRUE
4318,Clavos 04318,7714,,NO
4319,Cerradura 04319,7546,Makita,SI
4320,Brocha 04320,6527,,1
4321,Pintura 04321,5286,Pretul,TRUE
4322,Pintura 04322,7360,Truper,SI
4323,,9662,EPAHome,
4324,Martillo 04324,5228,Pretul,1
4325,Tornillo 04325,5629,Total,1
4326,Tornillo 04326,691,Truper,NO
4327,Clavos 04327,1221,Pretul,NO
4328,Taladro 04328,5665,Pretul,FALSE
4329,Cerradura 04329,4630,Stanley,NO
4330,Sierra 04330,8759,Makita,
4331,Clavos 04331,10434,,SI
4332,Pintura 04332,5422,Makita,1
4333,Sierra 04333,1857,Pretul,
4334,Clavos 04334,3676,Pretul,TRUE
4335,Pulidora 04335,221,,0
4336,Taladro 04336,10502,Stanley,SI
4337,Sierra 04337,2972,Bosch,
4338,Taladro 04338,2801,Pretul,SI
4339,Cerradura 04339,7791,Makita,1
4340,Pulidora 04340,5563,,FALSE
4341,Taladro 04341,1782,Pretul,0
4342,Cerradura 04342,5883,Truper,SI
4343,Taladro 04343,6162,Makita,0
4344,Taladro 04344,9491,Bosch,0
4345,Cerradura 04345,8018,,1
4346,Taladro 04346,2572,Stanley,TRUE
4347,Cerradura 04347,10328,Truper,TRUE
4348,Tornillo 04348,7464,Truper,TRUE
4349,Reflector 04349,1811,Total,SI
4350,Sierra 04350,3441,Pretul,SI
4351,Pulidora 04351,2214,,SI
4352,Cerradura 04352,7491,Makita,FALSE
4353,Clavos 04353,4470,Pretul,TRUE
4354,Martillo 04354,2292,Truper,1
4355,Cerradura 04355,10131,Makita,FALSE
4356,,6287,EPAHome,
4357,Tornillo 04357,10276,Stanley,
4358,Cerradura 04358,733,Pretul,
4359,Brocha 04359,8912,Makita,SI
4360,Pulidora 04360,9727,EPAHome,NO
4361,Pintura 04361,1577,Bosch,SI
4362,Tornillo 04362,4853,Pretul,TRUE
4363,Brocha 04363,4195,,FALSE
4364,Reflector 04364,9350,Pretul,NO
4365,Pulidora 04365,2655,Total,
4366,Pulidora 04366,208,,SI
4367,Reflector 04367,9689,Bosch,1
4368,Martillo 04368,3587,Bosch,0
4369,Taladro 04369,3558,Stanley,
4370,Brocha 04370,232,Bosch,1
4371,Cerradura 04371,868,Pretul,FALSE
4372,Pintura 04372,4093,Stanley,FALSE
4373,Martillo 04373,2654,,TRUE
4374,Cerradura 04374,4364,EPAHome,1
4375,Sierra 04375,10514,,NO
4376,Pintura 04376,4795,,SI
4377,Brocha 04377,5033,Stanley,TRUE
4378,Reflector 04378,6023,Truper,NO
4379,Clavos 04379,3955,Makita,FALSE
4380,Cerradura 04380,3137,Truper,FALSE
4381,Cerradura 04381,10365,Stanley,FALSE
4382,Taladro 04382,6018,Pretul,1
4383,Pulidora 04383,8586,Stanley,SI
4384,Brocha 04384,2931,Total,SI
4385,Clavos 04385,7964,,0
4386,Reflector 04386,6487,Stanley,NO
4387,Brocha 04387,10621,Bosch,0
4388,Pulidora 04388,9457,Stanley,SI
P4389,,3241,EPAHome,TRUE
4390,Brocha 04390,8940,Total,0
4391,Clavos 04391,6527,,
4392,Pulidora 04392,5026,Bosch,TRUE
4393,Brocha 04393,3685,Bosch,SI
4394,Pulidora 04394,1329,EPAHome,FALSE
4395,Taladro 04395,9985,Truper,TRUE
4396,Reflector 04396,7529,EPAHome,TRUE
4397,Martillo 04397,717,Stanley,TRUE
4398,Pulidora 04398,4578,EPAHome,
4399,Sierra 04399,1511,EPAHome,FALSE
4400,Pintura 04400,3778,Bosch,FALSE
4401,Brocha 04401,207,Stanley,SI
4402,Cerradura 04402,400,EPAHome,
4403,Pintura 04403,10404,Stanley,1
4404,Martillo 04404,5443,Stanley,1
4405,Taladro 04405,6746,Total,0
4406,Pintura 04406,4145,,0
4407,Brocha 04407,7142,Total,
4408,Cerradura 04408,5419,Truper,SI
4409,Sierra 04409,5147,Total,TRUE
4410,Pintura 04410,4527,Makita,1
4411,Brocha 04411,5206,Pretul,0
4412,Taladro 04412,2338,Bosch,FALSE
4413,Brocha 04413,9985,Pretul,NO
4414,Martillo 04414,10076,Pretul,SI
4415,Clavos 04415,3652,,1
4416,Cerradura 04416,2088,Bosch,FALSE
4417,Pulidora 04417,2435,Truper,
4418,Sierra 04418,7933,Makita,1
4419,Pintura 04419,411,,0
4420,Sierra 04420,10123,Total,TRUE
4421,Cerradura 04421,3338,Stanley,FALSE
4422,,2284,Stanley,
4423,Taladro 04423,1585,,NO
4424,Cerradura 04424,2746,,FALSE
4425,Brocha 04425,813,,1
4426,Pintura 04426,4239,Truper,SI
4427,Pulidora 04427,3901,Stanley,1
4428,Pintura 04428,8067,EPAHome,SI
4429,Taladro 04429,2707,Total,0
4430,Reflector 04430,10664,,
4431,Pintura 04431,1341,EPAHome,TRUE
4432,Pintura 04432,7046,Stanley,TRUE
4433,Pintura 04433,9507,Bosch,SI
4434,Cerradura 04434,2694,,TRUE
4435,Cerradura 04435,1618,Bosch,
4436,Reflector 04436,4172,Makita,TRUE
4437,Reflector 04437,5198,Total,NO
4438,Tornillo 04438,4594,Stanley,SI
4439,Martillo 04439,10267,Truper,0
4440,Clavos 04440,4369,,1
4441,Taladro 04441,161,,1
4442,Martillo 04442,833,Bosch,TRUE
4443,Sierra 04443,7204,Stanley,SI
4444,Brocha 04444,6854,,0
4445,Martillo 04445,6048,Total,SI
4446,Brocha 04446,269,,SI
4447,Cerradura 04447,467,Truper,1
4448,Sierra 04448,4716,Bosch,0
4449,Sierra 04449,9554,Truper,TRUE
4450,Pulidora 04450,9889,Pretul,0
4451,Pulidora 04451,8531,EPAHome,SI
4452,Martillo 04452,8562,Total,1
4453,Tornillo 04453,4373,,SI
4454,Pintura 04454,4681,Truper,FALSE
4455,,2148,Stanley,TRUE
4456,Taladro 04456,3011,Makita,
4457,Clavos 04457,436,Pretul,0
4458,Cerradura 04458,5802,,TRUE
4459,Martillo 04459,8998,Makita,FALSE
4460,Pulidora 04460,9513,Total,NO
4461,Cerradura 04461,3898,Truper,FALSE
4462,Brocha 04462,1284,Bosch,
4463,Clavos 04463,733,Stanley,NO
4464,Pintura 04464,4311,,1
4465,Cerradura 04465,10429,Truper,
P4466,Brocha 04466,388,Pretul,FALSE
4467,Clavos 04467,5430,Makita,1
4468,Pulidora 04468,10082,Bosch,
4469,Pintura 04469,9816,EPAHome,1
4470,Reflector 04470,7782,Pretul,FALSE
4471,Cerradura 04471,7995,Bosch,1
4472,Clavos 04472,2971,Makita,
4473,Reflector 04473,9042,,NO
4474,Pintura 04474,5245,Bosch,FALSE
4475,Sierra 04475,6518,,TRUE
4476,Tornillo 04476,7729,Pretul,NO
4477,Clavos 04477,5139,Makita,NO
4478,Pulidora 04478,8651,Bosch,1
4479,Brocha 04479,229,EPAHome,SI
4480,Clavos 04480,7891,,
4481,Pulidora 04481,7797,Makita,TRUE
4482,Brocha 04482,10482,Bosch,1
4483,Pintura 04483,130,Makita,FALSE
4484,Tornillo 04484,3426,Makita,NO
4485,Clavos 04485,2321,Stanley,
4486,Brocha 04486,457,Pretul,
4487,Pulidora 04487,8643,Truper,NO
4488,,3526,Stanley,FALSE
4489,Sierra 04489,3493,Bosch,SI
4490,Tornillo 04490,6831,Stanley,TRUE
4491,Clavos 04491,2113,Makita,
4492,Reflector 04492,7193,Stanley,FALSE
4493,Martillo 04493,7533,EPAHome,0
4494,Martillo 04494,10340,Makita,0
4495,Tornillo 04495,15,Bosch,FALSE
4496,Pintura 04496,171,Stanley,1
4497,Cerradura 04497,9877,Bosch,SI
4498,Martillo 04498,5095,Pretul,TRUE
4499,Sierra 04499,2746,Pretul,1
4500,Martillo 04500,1906,Bosch,FALSE
4500,Martillo 04500,1906,Bosch,FALSE
4501,Martillo 04501,3606,Bosch,0
4502,Tornillo 04502,5006,Pretul,TRUE
4503,Taladro 04503,9978,Total,FALSE
4504,Pintura 04504,9775,Truper,FALSE
4505,Sierra 04505,1165,Truper,0
4506,Martillo 04506,2514,Pretul,NO
4507,Pulidora 04507,8820,EPAHome,SI
4508,Taladro 04508,4507,EPAHome,
4509,Pintura 04509,6693,Total,SI
4510,Martillo 04510,ABC,Bosch,NO
4511,Clavos 04511,3069,Pretul,SI
4512,Taladro 04512,8755,Pretul,1
4513,Brocha 04513,6809,Total,0
4514,Tornillo 04514,3471,EPAHome,1
4515,Cerradura 04515,7071,Makita,
4516,Brocha 04516,5365,Pretul,0
4517,Brocha 04517,7928,Stanley,1
4518,Clavos 04518,10647,Truper,FALSE
4519,Sierra 04519,7347,Pretul,1
4520,Tornillo 04520,10813,Makita,TRUE
4521,,5290,Total,1
4522,Martillo 04522,5031,EPAHome,
4523,Sierra 04523,3169,,0
4524,Martillo 04524,3479,Truper,SI
4525,Pintura 04525,3471,Total,TRUE
4526,Brocha 04526,4879,Makita,NO
4527,Brocha 04527,820,Pretul,
4528,Clavos 04528,1217,Total,SI
4529,Brocha 04529,2589,,0
4530,Reflector 04530,2619,EPAHome,SI
4531,Sierra 04531,4537,,FALSE
4532,Tornillo 04532,7922,EPAHome,
4533,Clavos 04533,7607,EPAHome,0
4534,Clavos 04534,9258,Truper,1
4535,Taladro 04535,9566,,SI
4536,Tornillo 04536,3880,Total,0
4537,Clavos 04537,2863,EPAHome,0
4538,Taladro 04538,351,Truper,
4539,Martillo 04539,8631,EPAHome,NO
4540,Sierra 04540,2997,Stanley,NO
4541,Pulidora 04541,993,,FALSE
4542,Tornillo 04542,6027,EPAHome,NO
P4543,Cerradura 04543,5761,Makita,TRUE
4544,Martillo 04544,976,Truper,TRUE
4545,Pintura 04545,8783,Total,TRUE
4546,Reflector 04546,5423,Makita,TRUE
4547,Reflector 04547,9097,Makita,FALSE
4548,Clavos 04548,10748,Pretul,
4549,Pulidora 04549,4255,Stanley,TRUE
4550,Tornillo 04550,6066,Bosch,TRUE
4551,Pintura 04551,6846,Truper,FALSE
4552,Cerradura 04552,6486,Makita,FALSE
4553,Pulidora 04553,10008,Truper,FALSE
4554,,4072,Stanley,SI
4555,Pintura 04555,5687,Pretul,0
4556,Sierra 04556,802,EPAHome,
4557,Clavos 04557,768,EPAHome,
4558,Brocha 04558,1306,Pretul,TRUE
4559,Cerradura 04559,4171,Makita,FALSE
4560,Pulidora 04560,1507,EPAHome,1
4561,Clavos 04561,458,Stanley,SI
4562,Clavos 04562,1356,Truper,
4563,Clavos 04563,6329,Stanley,FALSE
4564,Sierra 04564,2513,Bosch,FALSE
4565,Reflector 04565,10197,Bosch,TRUE
4566,Cerradura 04566,2169,EPAHome,1
4567,Sierra 04567,2701,Makita,FALSE
4568,Sierra 04568,3324,Stanley,SI
4569,Brocha 04569,6683,Bosch,SI
4570,Sierra 04570,8175,Bosch,NO
4571,Pulidora 04571,189,,NO
4572,Pintura 04572,2651,EPAHome,0
4573,Martillo 04573,10200,Truper,
4574,Cerradura 04574,6895,Truper,1
4575,Clavos 04575,4064,EPAHome,TRUE
4576,Taladro 04576,3041,,0
4577,Taladro 04577,10240,Stanley,TRUE
4578,Sierra 04578,1526,Stanley,
4579,Cerradura 04579,7200,Total,TRUE
4580,Cerradura 04580,955,EPAHome,FALSE
4581,Pintura 04581,9502,Total,TRUE
4582,Sierra 04582,2964,Total,NO
4583,Pintura 04583,8064,Truper,0
4584,Sierra 04584,1980,,1
4585,Tornillo 04585,3153,Total,SI
4586,Cerradura 04586,4263,Bosch,NO
4587,,1890,Truper,
4588,Pulidora 04588,3364,,NO
4589,Clavos 04589,9226,Makita,1
4590,Sierra 04590,5757,,FALSE
4591,Martillo 04591,8155,Pretul,TRUE
4592,Tornillo 04592,7408,EPAHome,FALSE
4593,Cerradura 04593,634,Stanley,FALSE
4594,Brocha 04594,2097,Bosch,FALSE
4595,Cerradura 04595,5827,Makita,SI
4596,Clavos 04596,4870,,NO
4597,Brocha 04597,1816,,NO
4598,Cerradura 04598,9229,Makita,SI
4599,Sierra 04599,3687,,NO
4600,Cerradura 04600,3260,Stanley,NO
4601,Cerradura 04601,7864,Truper,FALSE
4602,Tornillo 04602,1540,Makita,NO
4603,Tornillo 04603,7635,Makita,SI
4604,Sierra 04604,7278,Makita,1
4605,Martillo 04605,4476,Truper,FALSE
4606,Pulidora 04606,4672,Makita,FALSE
4607,Taladro 04607,7160,,NO
4608,Taladro 04608,9507,Makita,1
4609,Pintura 04609,9192,Total,1
4610,Pintura 04610,6195,Bosch,
4611,Clavos 04611,7681,Pretul,FALSE
4612,Sierra 04612,6717,Pretul,0
4613,Cerradura 04613,6717,Pretul,FALSE
4614,Cerradura 04614,5381,Pretul,0
4615,Brocha 04615,10549,Stanley,TRUE
4616,Tornillo 04616,2455,Makita,0
4617,Martillo 04617,8182,EPAHome,0
4618,Clavos 04618,1336,Makita,TRUE
4619,Tornillo 04619,694,Pretul,NO
P4620,,9194,Makita,FALSE
4621,Clavos 04621,10606,Stanley,1
4622,Sierra 04622,1885,Truper,FALSE
4623,Pintura 04623,920,EPAHome,1
4624,Sierra 04624,51,EPAHome,SI
4625,Cerradura 04625,2623,Total,
4626,Reflector 04626,6735,Pretul,TRUE
4627,Pulidora 04627,2916,Pretul,SI
4628,Taladro 04628,7623,Truper,SI
4629,Reflector 04629,9847,,TRUE
4630,Brocha 04630,3854,Bosch,0
4631,Cerradura 04631,3450,Bosch,SI
4632,Clavos 04632,3440,Total,FALSE
4633,Pulidora 04633,3328,,SI
4634,Pulidora 04634,7273,Makita,FALSE
4635,Taladro 04635,680,,TRUE
4636,Martillo 04636,9515,Pretul,1
4637,Reflector 04637,1468,Bosch,1
4638,Reflector 04638,2441,,FALSE
4639,Brocha 04639,2139,,SI
4640,Martillo 04640,4721,Pretul,TRUE
4641,Martillo 04641,8326,Truper,0
4642,Sierra 04642,1433,Truper,
4643,Brocha 04643,4545,Truper,SI
4644,Martillo 04644,2358,EPAHome,SI
4645,Clavos 04645,7354,Pretul,
4646,Pulidora 04646,1746,Total,NO
4647,Pulidora 04647,8264,Truper,NO
4648,Taladro 04648,92,Truper,
4649,Pintura 04649,10433,Pretul,0
4650,Taladro 04650,8575,Bosch,FALSE
4651,Cerradura 04651,5727,EPAHome,NO
4652,Sierra 04652,923,Pretul,0
4653,,9195,Truper,FALSE
4654,Martillo 04654,2805,Total,NO
4655,Sierra 04655,2752,Makita,TRUE
4656,Cerradura 04656,1289,Truper,FALSE
4657,Martillo 04657,10636,EPAHome,1
4658,Sierra 04658,1558,Total,SI
4659,Taladro 04659,6337,Pretul,TRUE
4660,Reflector 04660,2668,Makita,FALSE
4661,Brocha 04661,9491,Total,
4662,Reflector 04662,9489,Bosch,FALSE
4663,Reflector 04663,5601,Total,FALSE
4664,Reflector 04664,9501,Stanley,0
4665,Brocha 04665,7848,,
4666,Martillo 04666,3437,Truper,1
4667,Martillo 04667,6425,,1
4668,Reflector 04668,3953,Pretul,FALSE
4669,Reflector 04669,1842,,0
4670,Sierra 04670,4567,Stanley,TRUE
4671,Martillo 04671,10552,Makita,
4672,Brocha 04672,6314,,FALSE
4673,Pintura 04673,7534,,0
4674,Tornillo 04674,2634,Total,SI
4675,Pulidora 04675,2724,,1
4676,Brocha 04676,4460,Bosch,FALSE
4677,Tornillo 04677,10848,Pretul,SI
4678,Clavos 04678,9210,EPAHome,
4679,Pintura 04679,4462,EPAHome,
4680,Martillo 04680,1206,Truper,TRUE
4681,Reflector 04681,7807,Makita,1
4682,Tornillo 04682,4340,Total,NO
4683,Tornillo 04683,7974,EPAHome,NO
4684,Taladro 04684,404,Total,0
4685,Tornillo 04685,6846,Bosch,TRUE
4686,,4082,Makita,SI
4687,Taladro 04687,840,Bosch,FALSE
4688,Martillo 04688,1180,Bosch,FALSE
4689,Taladro 04689,3002,Truper,TRUE
4690,Clavos 04690,3699,Makita,TRUE
4691,Tornillo 04691,7063,Pretul,NO
4692,Pulidora 04692,6452,EPAHome,SI
4693,Pintura 04693,771,Bosch,0
4694,Taladro 04694,5106,Makita,
4695,Brocha 04695,459,Makita,FALSE
4696,Pulidora 04696,454,Pretul,
P4697,Martillo 04697,4625,Pretul,1
4698,Sierra 04698,8072,,
4699,Reflector 04699,1035,Stanley,TRUE
4700,Brocha 04700,4010,EPAHome,1
4701,Reflector 04701,7276,Pretul,TRUE
4702,Tornillo 04702,5014,Makita,FALSE
4703,Pulidora 04703,7838,Total,TRUE
4704,Sierra 04704,4997,Stanley,SI
4705,Pintura 04705,2109,Total,SI
4706,Clavos 04706,3410,Total,
4707,Brocha 04707,131,,
4708,Taladro 04708,6033,Makita,FALSE
4709,Brocha 04709,4801,Total,0
4710,Clavos 04710,9169,Makita,NO
4711,Sierra 04711,7706,Total,NO
4712,Cerradura 04712,6426,Bosch,SI
4713,Martillo 04713,4193,,SI
4714,Brocha 04714,6656,Truper,FALSE
4715,Brocha 04715,ABC,Truper,1
4716,Pulidora 04716,761,Bosch,SI
4717,Clavos 04717,5420,Bosch,SI
4718,Cerradura 04718,3163,Total,NO
4719,,9310,Total,
4720,Cerradura 04720,1908,,NO
4721,Tornillo 04721,1852,,FALSE
4722,Pulidora 04722,1657,Truper,1
4723,Martillo 04723,1075,Truper,1
4724,Reflector 04724,1284,Stanley,SI
4725,Clavos 04725,7418,,TRUE
4726,Cerradura 04726,5901,Pretul,TRUE
4727,Tornillo 04727,9428,Stanley,TRUE
4728,Reflector 04728,2935,Stanley,TRUE
4729,Brocha 04729,9477,Pretul,FALSE
4730,Tornillo 04730,2798,EPAHome,SI
4731,Martillo 04731,1249,,SI
4732,Cerradura 04732,9944,Bosch,SI
4733,Sierra 04733,3995,Makita,1
4734,Clavos 04734,10626,Truper,1
4735,Taladro 04735,3574,Bosch,SI
4736,Pulidora 04736,1670,Stanley,0
4737,Taladro 04737,4553,Stanley,
4738,Pulidora 04738,1129,Total,1
4739,Clavos 04739,1623,Bosch,FALSE
4740,Martillo 04740,2510,,NO
4741,Pulidora 04741,946,Pretul,SI
4742,Clavos 04742,9850,Pretul,
4743,Martillo 04743,5296,,NO
4744,Pulidora 04744,10329,Truper,
4745,Taladro 04745,8812,,1
4746,Brocha 04746,4862,Stanley,1
4747,Pulidora 04747,5440,EPAHome,NO
4748,Martillo 04748,3777,,FALSE
4749,Reflector 04749,6923,,NO
4750,Martillo 04750,7744,,SI
4751,Brocha 04751,3746,Makita,
4752,,2563,Stanley,NO
4753,Pintura 04753,3977,,0
4754,Tornillo 04754,94,Makita,TRUE
4755,Brocha 04755,4230,Makita,
4756,Taladro 04756,3417,Truper,TRUE
4757,Sierra 04757,1685,Truper,FALSE
4758,Martillo 04758,9793,Stanley,NO
4759,Reflector 04759,6361,Makita,1
4760,Brocha 04760,3766,EPAHome,0
4761,Pulidora 04761,3489,Bosch,FALSE
4762,Taladro 04762,9912,Truper,NO
4763,Martillo 04763,7139,,1
4764,Brocha 04764,10177,Pretul,FALSE
4765,Pulidora 04765,7076,EPAHome,NO
4766,Clavos 04766,1594,Total,1
4767,Brocha 04767,4662,Pretul,0
4768,Pintura 04768,865,Total,0
4769,Pulidora 04769,1215,EPAHome,0
4770,Taladro 04770,6033,EPAHome,
4771,Pintura 04771,2429,EPAHome,SI
4772,Reflector 04772,2116,Total,1
4773,Tornillo 04773,6448,EPAHome,
P4774,Martillo 04774,10619,Pretul,1
4775,Pintura 04775,8092,Makita,FALSE
4776,Sierra 04776,3571,,0
4777,Clavos 04777,9322,Bosch,FALSE
4778,Cerradura 04778,9836,Makita,1
4779,Brocha 04779,2948,Bosch,TRUE
4780,Reflector 04780,4979,Stanley,
4781,Reflector 04781,5448,Bosch,
4782,Brocha 04782,210,Truper,SI
4783,Clavos 04783,10432,Makita,TRUE
4784,Pulidora 04784,8753,Total,FALSE
4785,,9125,,SI
4786,Reflector 04786,1702,Stanley,1
4787,Sierra 04787,3281,Stanley,TRUE
4788,Taladro 04788,5951,Bosch,0
4789,Clavos 04789,4792,Pretul,
4790,Cerradura 04790,10501,,SI
4791,Pulidora 04791,3500,Makita,TRUE
4792,Sierra 04792,3607,Bosch,TRUE
4793,Clavos 04793,6830,EPAHome,FALSE
4794,Cerradura 04794,9220,Pretul,TRUE
4795,Pintura 04795,9535,EPAHome,SI
4796,Taladro 04796,7311,Bosch,1
4797,Reflector 04797,5538,Stanley,NO
4798,Reflector 04798,5201,Makita,TRUE
4799,Sierra 04799,6379,,SI
4800,Pulidora 04800,7562,Pretul,1
4801,Pulidora 04801,4555,EPAHome,
4802,Cerradura 04802,4989,Truper,TRUE
4803,Sierra 04803,8424,Stanley,1
4804,Clavos 04804,3026,Stanley,FALSE
4805,Tornillo 04805,2516,,0
4806,Pintura 04806,9295,Stanley,0
4807,Taladro 04807,7434,Makita,NO
4808,Cerradura 04808,6859,Total,FALSE
4809,Taladro 04809,2310,Makita,TRUE
4810,Tornillo 04810,6950,Makita,NO
4811,Reflector 04811,3040,,SI
4812,Taladro 04812,4086,,1
4813,Brocha 04813,59,Bosch,SI
4814,Cerradura 04814,3602,Truper,SI
4815,Taladro 04815,10041,Pretul,SI
4816,Pulidora 04816,1779,Pretul,NO
4817,Cerradura 04817,6996,Total,0
4818,,3640,Stanley,
4819,Brocha 04819,2741,Truper,FALSE
4820,Brocha 04820,3954,Stanley,NO
4821,Taladro 04821,2292,Stanley,0
4822,Cerradura 04822,9734,Truper,0
4823,Taladro 04823,7910,Bosch,0
4824,Tornillo 04824,7933,Bosch,FALSE
4825,Tornillo 04825,1961,,NO
4826,Reflector 04826,9631,Bosch,FALSE
4827,Reflector 04827,33,EPAHome,NO
4828,Cerradura 04828,5762,Bosch,1
4829,Cerradura 04829,5202,Bosch,SI
4830,Cerradura 04830,9797,Stanley,TRUE
4831,Taladro 04831,10827,Pretul,1
4832,Tornillo 04832,5223,Total,1
4833,Brocha 04833,5552,Pretul,1
4834,Taladro 04834,6261,Pretul,SI
4835,Sierra 04835,9788,Total,1
4836,Sierra 04836,7486,Total,NO
4837,Reflector 04837,8263,Truper,NO
4838,Martillo 04838,5958,,
4839,Pulidora 04839,6518,,TRUE
4840,Brocha 04840,7256,,TRUE
4841,Brocha 04841,9884,Bosch,FALSE
4842,Reflector 04842,5647,Makita,TRUE
4843,Clavos 04843,6769,Bosch,0
4844,Pulidora 04844,7028,EPAHome,0
4845,Pintura 04845,2297,,TRUE
4846,Taladro 04846,10327,Total,TRUE
4847,Pintura 04847,4833,Stanley,NO
4848,Pulidora 04848,4763,Total,NO
4849,Brocha 04849,4058,Stanley,NO
4850,Pintura 04850,10269,Makita,
P4851,,4817,Makita,1
4852,Cerradura 04852,8443,Stanley,NO
4853,Martillo 04853,4554,Truper,1
4854,Brocha 04854,3632,Total,TRUE
4855,Brocha 04855,2990,Makita,1
4856,Pintura 04856,996,Makita,TRUE
4857,Sierra 04857,6984,Bosch,NO
4858,Reflector 04858,6468,Stanley,1
4859,Clavos 04859,1759,,1
4860,Martillo 04860,10135,Makita,SI
4861,Taladro 04861,4458,Truper,SI
4862,Tornillo 04862,3648,Makita,1
4863,Pulidora 04863,4551,Makita,1
4864,Cerradura 04864,8402,Stanley,
4865,Brocha 04865,3753,Makita,SI
4866,Taladro 04866,5650,Truper,TRUE
4867,Taladro 04867,9148,Bosch,SI
4868,Brocha 04868,143,Pretul,0
4869,Pintura 04869,2840,Bosch,0
4870,Martillo 04870,1560,Pretul,0
4871,Taladro 04871,7936,Total,NO
4872,Reflector 04872,7686,Truper,1
4873,Cerradura 04873,7695,Makita,NO
4874,Pintura 04874,6737,Truper,NO
4875,Pintura 04875,4049,EPAHome,1
4876,Tornillo 04876,7209,,1
4877,Pulidora 04877,10746,,NO
4878,Brocha 04878,9624,Total,TRUE
4879,Cerradura 04879,7330,Pretul,0
4880,Tornillo 04880,800,Makita,1
4881,Pintura 04881,2720,EPAHome,0
4882,Tornillo 04882,8409,Truper,
4883,Pintura 04883,2597,Pretul,TRUE
4884,,10304,EPAHome,
4885,Clavos 04885,8934,Stanley,1
4886,Pintura 04886,9932,Truper,SI
4887,Pintura 04887,5838,EPAHome,
4888,Pintura 04888,3310,,1
4889,Taladro 04889,4329,,TRUE
4890,Taladro 04890,8234,EPAHome,
4891,Cerradura 04891,6500,Total,NO
4892,Tornillo 04892,1186,Total,SI
4893,Reflector 04893,5460,EPAHome,NO
4894,Clavos 04894,5162,Makita,NO
4895,Sierra 04895,9040,EPAHome,0
4896,Brocha 04896,4279,Total,FALSE
4897,Pintura 04897,10025,Pretul,FALSE
4898,Sierra 04898,736,,FALSE
4899,Taladro 04899,4220,Truper,FALSE
4900,Cerradura 04900,6107,Total,NO
4901,Pulidora 04901,10234,Truper,FALSE
4902,Cerradura 04902,10530,Makita,SI
4903,Clavos 04903,5575,Pretul,
4904,Sierra 04904,5103,Makita,TRUE
4905,Taladro 04905,6882,Pretul,FALSE
4906,Cerradura 04906,10790,Pretul,0
4907,Tornillo 04907,10840,EPAHome,1
4908,Taladro 04908,5645,EPAHome,0
4909,Cerradura 04909,4571,,SI
4910,Clavos 04910,7004,Stanley,
4911,Clavos 04911,3840,Bosch,
4912,Tornillo 04912,7881,Stanley,1
4913,Martillo 04913,3936,,FALSE
4914,Clavos 04914,9128,Bosch,SI
4915,Sierra 04915,57,Stanley,1
4916,Brocha 04916,6320,Truper,0
4917,,5521,Stanley,FALSE
4918,Cerradura 04918,329,Truper,SI
4919,Pulidora 04919,10830,,1
4920,Pulidora 04920,ABC,Pretul,FALSE
4921,Cerradura 04921,5022,EPAHome,0
4922,Sierra 04922,2505,Stanley,1
4923,Brocha 04923,6272,EPAHome,NO
4924,Taladro 04924,10673,Truper,NO
4925,Cerradura 04925,2723,EPAHome,TRUE
4926,Sierra 04926,10052,,
4927,Taladro 04927,138,Total,NO
P4928,Pintura 04928,3589,Makita,0
4929,Clavos 04929,6311,Makita,1
4930,Pintura 04930,9201,Total,
4931,Cerradura 04931,2408,Stanley,1
4932,Brocha 04932,2970,Stanley,SI
4933,Clavos 04933,2204,Pretul,NO
4934,Sierra 04934,7524,Total,1
4935,Pulidora 04935,2232,Bosch,SI
4936,Pulidora 04936,3499,,TRUE
4937,Martillo 04937,10025,Truper,
4938,Martillo 04938,6400,Stanley,SI
4939,Martillo 04939,6115,Total,SI
4940,Brocha 04940,757,Truper,FALSE
4941,Reflector 04941,10684,EPAHome,NO
4942,Clavos 04942,7513,Makita,SI
4943,Brocha 04943,2483,EPAHome,FALSE
4944,Reflector 04944,3997,Makita,NO
4945,Taladro 04945,9855,EPAHome,SI
4946,Tornillo 04946,2917,Total,
4947,Sierra 04947,6236,EPAHome,NO
4948,Reflector 04948,10230,Pretul,SI
4949,Pintura 04949,1823,Makita,
4950,,2557,Bosch,TRUE
4951,Sierra 04951,10376,Makita,
4952,Tornillo 04952,4864,Stanley,FALSE
4953,Clavos 04953,995,Makita,NO
4954,Tornillo 04954,5373,Stanley,NO
4955,Clavos 04955,2694,Stanley,TRUE
4956,Pintura 04956,4665,Total,1
4957,Brocha 04957,3137,Makita,SI
4958,Taladro 04958,1759,Truper,1
4959,Cerradura 04959,3425,Makita,NO
4960,Sierra 04960,7485,,0
4961,Sierra 04961,2028,Stanley,NO
4962,Taladro 04962,7906,Pretul,SI
4963,Taladro 04963,10781,Stanley,NO
4964,Pulidora 04964,6568,Bosch,SI
4965,Pulidora 04965,2342,Truper,
4966,Reflector 04966,1494,,
4967,Pintura 04967,573,Stanley,0
4968,Reflector 04968,8022,EPAHome,TRUE
4969,Cerradura 04969,6024,Total,FALSE
4970,Sierra 04970,10080,Makita,
4971,Reflector 04971,9012,EPAHome,1
4972,Taladro 04972,3964,Stanley,1
4973,Cerradura 04973,6917,EPAHome,NO
4974,Pulidora 04974,9663,Total,TRUE
4975,Brocha 04975,10691,Makita,FALSE
4976,Clavos 04976,7951,EPAHome,NO
4977,Tornillo 04977,8157,Truper,0
4978,Sierra 04978,3358,Stanley,FALSE
4979,Taladro 04979,2059,Bosch,NO
4980,Clavos 04980,7163,Truper,NO
4981,Taladro 04981,10046,EPAHome,FALSE
4982,Tornillo 04982,10133,Stanley,NO
4983,,9900,Truper,FALSE
4984,Taladro 04984,10749,Stanley,
4985,Brocha 04985,3489,Stanley,SI
4986,Martillo 04986,4663,Makita,1
4987,Clavos 04987,7981,,NO
4988,Tornillo 04988,6384,Bosch,
4989,Tornillo 04989,3271,EPAHome,1
4990,Taladro 04990,7925,Total,NO
4991,Cerradura 04991,5381,,1
4992,Tornillo 04992,7839,EPAHome,NO
4993,Reflector 04993,1322,Bosch,FALSE
4994,Tornillo 04994,1248,Bosch,NO
4995,Sierra 04995,791,,0
4996,Pintura 04996,9856,,0
4997,Martillo 04997,2623,EPAHome,0
4998,Cerradura 04998,5746,,FALSE
4999,Pulidora 04999,5702,Truper,FALSE
5000,Pintura 05000,863,Truper,0
5000,Pintura 05000,863,Truper,0
5001,Reflector 05001,2343,Pretul,1
5002,Pulidora 05002,7477,Bosch,0
5003,Cerradura 05003,3835,Bosch,NO
5004,Pulidora 05004,9877,EPAHome,TRUE
P5005,Reflector 05005,5656,Truper,0
5006,Reflector 05006,9349,Total,TRUE
5007,Sierra 05007,7362,Truper,0
5008,Pintura 05008,6943,Pretul,
5009,Cerradura 05009,658,Pretul,TRUE
5010,Tornillo 05010,5658,Stanley,FALSE
5011,Reflector 05011,6508,Total,1
5012,Taladro 05012,7037,Pretul,TRUE
5013,Cerradura 05013,4869,Total,NO
5014,Sierra 05014,7958,Stanley,TRUE
5015,Cerradura 05015,361,Pretul,1
5016,,5759,Truper,
5017,Taladro 05017,2290,Makita,SI
5018,Martillo 05018,5732,,
5019,Cerradura 05019,9784,EPAHome,FALSE
5020,Pintura 05020,9455,EPAHome,SI
5021,Martillo 05021,7800,Makita,
5022,Martillo 05022,9728,Truper,SI
5023,Brocha 05023,6316,Bosch,FALSE
5024,Tornillo 05024,1309,,1
5025,Pintura 05025,10073,Bosch,TRUE
5026,Brocha 05026,5582,Truper,0
5027,Clavos 05027,9324,Pretul,SI
5028,Reflector 05028,3932,EPAHome,TRUE
5029,Martillo 05029,4931,Bosch,FALSE
5030,Martillo 05030,3295,Makita,
5031,Brocha 05031,4285,Truper,NO
5032,Tornillo 05032,4141,Makita,NO
5033,Sierra 05033,10039,EPAHome,FALSE
5034,Tornillo 05034,6833,Bosch,
5035,Sierra 05035,917,Pretul,TRUE
5036,Cerradura 05036,7041,Bosch,NO
5037,Sierra 05037,7156,Total,1
5038,Tornillo 05038,9686,Makita,FALSE
5039,Tornillo 05039,10782,Truper,0
5040,Pintura 05040,8575,Truper,1
5041,Pulidora 05041,579,Total,
5042,Pulidora 05042,1623,,
5043,Cerradura 05043,4776,Stanley,TRUE
5044,Tornillo 05044,9643,EPAHome,1
5045,Pintura 05045,9008,Stanley,NO
5046,Brocha 05046,5077,Truper,NO
5047,Brocha 05047,6620,Truper,0
5048,Taladro 05048,5581,Stanley,TRUE
5049,,4910,Pretul,0
5050,Sierra 05050,7529,,
5051,Tornillo 05051,4848,,FALSE
5052,Pulidora 05052,9183,Truper,FALSE
5053,Tornillo 05053,8965,Total,1
5054,Pintura 05054,8589,Truper,FALSE
5055,Brocha 05055,409,Makita,SI
5056,Sierra 05056,3023,Pretul,FALSE
5057,Cerradura 05057,8636,Total,NO
5058,Reflector 05058,5492,Pretul,1
5059,Reflector 05059,207,Pretul,SI
5060,Reflector 05060,8097,Truper,TRUE
5061,Tornillo 05061,7669,,TRUE
5062,Reflector 05062,4885,,SI
5063,Sierra 05063,8494,Stanley,0
5064,Brocha 05064,6851,,NO
5065,Cerradura 05065,5382,Truper,TRUE
5066,Cerradura 05066,4541,Bosch,FALSE
5067,Clavos 05067,9963,,TRUE
5068,Sierra 05068,3934,Makita,NO
5069,Clavos 05069,2170,Stanley,0
5070,Pintura 05070,4297,Makita,
5071,Pintura 05071,6373,EPAHome,TRUE
5072,Pintura 05072,7421,EPAHome,FALSE
5073,Tornillo 05073,9272,EPAHome,SI
5074,Martillo 05074,4401,Stanley,
5075,Reflector 05075,9921,EPAHome,SI
5076,Cerradura 05076,8578,Stanley,TRUE
5077,Pulidora 05077,1642,,SI
5078,Pulidora 05078,2603,Total,1
5079,Pintura 05079,9872,Bosch,FALSE
5080,Reflector 05080,9767,Makita,1
5081,Tornillo 05081,818,Pretul,
P5082,,7905,Truper,TRUE
5083,Brocha 05083,3667,Stanley,0
5084,Pulidora 05084,6251,Pretul,FALSE
5085,Taladro 05085,7290,Pretul,SI
5086,Taladro 05086,10737,Bosch,TRUE
5087,Clavos 05087,5602,Total,0
5088,Clavos 05088,5956,Total,FALSE
5089,Sierra 05089,5276,Truper,NO
5090,Martillo 05090,4102,Truper,TRUE
5091,Pintura 05091,5110,Total,1
5092,Clavos 05092,5429,Stanley,TRUE
5093,Clavos 05093,3272,Truper,SI
5094,Taladro 05094,3758,Total,0
5095,Pulidora 05095,4424,,0
5096,Sierra 05096,10591,EPAHome,NO
5097,Pintura 05097,2740,Pretul,SI
5098,Brocha 05098,2238,Pretul,0
5099,Cerradura 05099,4284,Total,
5100,Sierra 05100,2852,Makita,FALSE
5101,Tornillo 05101,8936,Truper,NO
5102,Cerradura 05102,10625,,TRUE
5103,Clavos 05103,10823,Truper,FALSE
5104,Brocha 05104,10583,Truper,0
5105,Martillo 05105,4277,Total,1
5106,Martillo 05106,4538,EPAHome,
5107,Clavos 05107,8875,Truper,NO
5108,Tornillo 05108,3424,Pretul,TRUE
5109,Martillo 05109,1845,Bosch,TRUE
5110,Martillo 05110,1262,Total,1
5111,Pulidora 05111,7222,Truper,
5112,Pulidora 05112,2448,Total,1
5113,Taladro 05113,7783,Makita,1
5114,Reflector 05114,3465,Makita,TRUE
5115,,9676,Bosch,
5116,Pulidora 05116,7493,Total,TRUE
5117,Tornillo 05117,6270,,0
5118,Sierra 05118,8697,Makita,FALSE
5119,Taladro 05119,10508,Bosch,
5120,Taladro 05120,7540,,
5121,Tornillo 05121,2015,Stanley,0
5122,Clavos 05122,5414,Bosch,NO
5123,Reflector 05123,3513,,FALSE
5124,Brocha 05124,4239,Stanley,0
5125,Clavos 05125,ABC,Bosch,1
5126,Cerradura 05126,7898,Pretul,SI
5127,Reflector 05127,9340,Bosch,
5128,Pintura 05128,4130,Bosch,TRUE
5129,Cerradura 05129,4686,,
5130,Pulidora 05130,9042,Pretul,
5131,Martillo 05131,1246,Truper,SI
5132,Cerradura 05132,7925,EPAHome,TRUE
5133,Sierra 05133,249,Makita,
5134,Brocha 05134,4469,Bosch,NO
5135,Brocha 05135,3245,Total,SI
5136,Taladro 05136,9888,Stanley,1
5137,Sierra 05137,1900,Makita,NO
5138,Pulidora 05138,5379,Truper,SI
5139,Pulidora 05139,2272,Makita,0
5140,Brocha 05140,5847,EPAHome,FALSE
5141,Tornillo 05141,7956,Truper,SI
5142,Pulidora 05142,6095,Stanley,FALSE
5143,Reflector 05143,8379,Bosch,SI
5144,Martillo 05144,10316,Truper,0
5145,Taladro 05145,9078,Total,FALSE
5146,Clavos 05146,6056,Total,TRUE
5147,Cerradura 05147,908,Pretul,SI
5148,,4534,Truper,NO
5149,Clavos 05149,9588,Pretul,0
5150,Brocha 05150,5359,Total,0
5151,Sierra 05151,689,Bosch,TRUE
5152,Brocha 05152,2497,EPAHome,FALSE
5153,Pintura 05153,7077,Total,TRUE
5154,Sierra 05154,1867,Truper,1
5155,Cerradura 05155,7616,EPAHome,SI
5156,Pulidora 05156,6187,Total,FALSE
5157,Cerradura 05157,8293,Total,FALSE
5158,Martillo 05158,1401,Makita,TRUE
P5159,Cerradura 05159,4631,Total,SI
5160,Brocha 05160,864,,1
5161,Taladro 05161,2139,Total,0
5162,Clavos 05162,3296,Truper,0
5163,Pulidora 05163,8449,,SI
5164,Tornillo 05164,5658,EPAHome,0
5165,Reflector 05165,7065,Pretul,NO
5166,Brocha 05166,9000,Stanley,NO
5167,Brocha 05167,2774,Makita,TRUE
5168,Clavos 05168,6113,Truper,FALSE
5169,Taladro 05169,5985,Stanley,1
5170,Pintura 05170,1311,EPAHome,1
5171,Reflector 05171,3554,Truper,NO
5172,Cerradura 05172,6976,Pretul,TRUE
5173,Cerradura 05173,8832,Pretul,NO
5174,Sierra 05174,4982,Pretul,
5175,Taladro 05175,5617,Stanley,FALSE
5176,Martillo 05176,3504,EPAHome,TRUE
5177,Martillo 05177,2555,,0
5178,Tornillo 05178,10275,Total,1
5179,Sierra 05179,8969,Bosch,0
5180,Sierra 05180,145,Total,NO
5181,,309,Total,1
5182,Pintura 05182,3771,Total,0
5183,Clavos 05183,6788,EPAHome,SI
5184,Pintura 05184,61,Stanley,SI
5185,Clavos 05185,4316,Pretul,SI
5186,Tornillo 05186,3446,,NO
5187,Brocha 05187,9204,EPAHome,NO
5188,Reflector 05188,7630,Pretul,1
5189,Taladro 05189,3669,Bosch,0
5190,Pulidora 05190,6554,EPAHome,TRUE
5191,Reflector 05191,1580,Truper,
5192,Cerradura 05192,3657,,
5193,Clavos 05193,4849,Truper,FALSE
5194,Brocha 05194,1160,Pretul,0
5195,Pintura 05195,4566,Stanley,SI
5196,Reflector 05196,528,Truper,SI
5197,Reflector 05197,10207,,SI
5198,Clavos 05198,9127,Stanley,0
5199,Cerradura 05199,6231,Bosch,FALSE
5200,Martillo 05200,3739,Total,NO
5201,Reflector 05201,1024,Pretul,TRUE
5202,Sierra 05202,2848,,TRUE
5203,Pulidora 05203,6142,,NO
5204,Cerradura 05204,7451,Truper,0
5205,Brocha 05205,10102,Total,FALSE
5206,Pintura 05206,19,Total,SI
5207,Pintura 05207,7423,EPAHome,TRUE
5208,Clavos 05208,3271,EPAHome,1
5209,Martillo 05209,10370,EPAHome,
5210,Pulidora 05210,3614,Pretul,SI
5211,Pulidora 05211,3773,Stanley,1
5212,Taladro 05212,730,,TRUE
5213,Martillo 05213,4419,Total,SI
5214,,6730,Stanley,1
5215,Brocha 05215,7633,Pretul,
5216,Pintura 05216,5818,Pretul,0
5217,Pulidora 05217,661,EPAHome,FALSE
5218,Pulidora 05218,644,Makita,SI
5219,Clavos 05219,518,Total,
5220,Reflector 05220,2490,Stanley,TRUE
5221,Reflector 05221,303,Stanley,
5222,Pulidora 05222,7982,Pretul,0
5223,Tornillo 05223,10483,,TRUE
5224,Tornillo 05224,3813,Makita,SI
5225,Taladro 05225,10079,Bosch,NO
5226,Sierra 05226,5120,Stanley,NO
5227,Clavos 05227,10545,Truper,NO
5228,Pulidora 05228,3298,Pretul,SI
5229,Cerradura 05229,2727,EPAHome,SI
5230,Sierra 05230,8922,Total,
5231,Cerradura 05231,3455,,FALSE
5232,Martillo 05232,4351,Pretul,
5233,Brocha 05233,4297,Total,NO
5234,Cerradura 05234,1023,Pretul,FALSE
5235,Clavos 05235,8889,Total,FALSE
P5236,Brocha 05236,2592,Stanley,0
5237,Reflector 05237,7758,,0
5238,Tornillo 05238,2365,Stanley,FALSE
5239,Pintura 05239,5426,,TRUE
5240,Brocha 05240,5103,EPAHome,
5241,Clavos 05241,8537,Bosch,NO
5242,Taladro 05242,2847,Truper,SI
5243,Taladro 05243,8495,,NO
5244,Tornillo 05244,8074,EPAHome,TRUE
5245,Reflector 05245,5308,Makita,
5246,Pintura 05246,1706,Pretul,1
5247,,5590,EPAHome,0
5248,Clavos 05248,825,Makita,0
5249,Reflector 05249,7672,Makita,NO
5250,Sierra 05250,5142,EPAHome,FALSE
5251,Tornillo 05251,3929,EPAHome,0
5252,Clavos 05252,2743,Makita,SI
5253,Cerradura 05253,10748,Makita,
5254,Tornillo 05254,3736,Total,TRUE
5255,Martillo 05255,6088,,1
5256,Martillo 05256,2516,Truper,SI
5257,Sierra 05257,206,,0
5258,Taladro 05258,1942,Bosch,SI
5259,Pintura 05259,4180,Total,NO
5260,Martillo 05260,9002,Pretul,1
5261,Taladro 05261,202,Total,NO
5262,Pulidora 05262,8009,Makita,0
5263,Brocha 05263,3767,Pretul,SI
5264,Pulidora 05264,6455,,SI
5265,Cerradura 05265,1547,Makita,
5266,Reflector 05266,2985,,SI
5267,Cerradura 05267,6536,Stanley,1
5268,Taladro 05268,3551,EPAHome,NO
5269,Cerradura 05269,6058,Stanley,TRUE
5270,Martillo 05270,3635,Pretul,1
5271,Brocha 05271,8787,,1
5272,Sierra 05272,4241,Bosch,FALSE
5273,Reflector 05273,10072,,FALSE
5274,Clavos 05274,2363,,0
5275,Tornillo 05275,5589,Bosch,TRUE
5276,Taladro 05276,8621,,
5277,Sierra 05277,10085,Total,FALSE
5278,Sierra 05278,5979,Makita,NO
5279,Martillo 05279,6918,,1
5280,,5064,,
5281,Cerradura 05281,5511,Pretul,NO
5282,Tornillo 05282,3592,Bosch,0
5283,Tornillo 05283,2159,Total,TRUE
5284,Cerradura 05284,4416,Makita,NO
5285,Cerradura 05285,10650,Stanley,TRUE
5286,Clavos 05286,5886,Truper,TRUE
5287,Reflector 05287,8804,Pretul,TRUE
5288,Brocha 05288,389,EPAHome,
5289,Cerradura 05289,4739,Total,SI
5290,Cerradura 05290,3265,Pretul,TRUE
5291,Brocha 05291,2794,Truper,TRUE
5292,Reflector 05292,1391,Makita,SI
5293,Sierra 05293,6374,EPAHome,FALSE
5294,Pintura 05294,10336,Truper,TRUE
5295,Tornillo 05295,1357,EPAHome,FALSE
5296,Reflector 05296,4973,Makita,1
5297,Sierra 05297,7961,,
5298,Sierra 05298,6934,Makita,TRUE
5299,Clavos 05299,4619,Total,SI
5300,Tornillo 05300,6236,Makita,1
5301,Brocha 05301,317,Total,SI
5302,Sierra 05302,5644,Truper,0
5303,Clavos 05303,7406,Pretul,1
5304,Cerradura 05304,6128,Total,1
5305,Pintura 05305,10806,EPAHome,NO
5306,Taladro 05306,4466,EPAHome,NO
5307,Clavos 05307,2829,EPAHome,1
5308,Reflector 05308,9443,EPAHome,SI
5309,Brocha 05309,3229,,FALSE
5310,Tornillo 05310,3636,,0
5311,Pintura 05311,1938,Makita,TRUE
5312,Reflector 05312,2269,Makita,1
P5313,,4247,Stanley,1
5314,Taladro 05314,1847,,SI
5315,Taladro 05315,939,EPAHome,NO
5316,Pulidora 05316,9884,,FALSE
5317,Pintura 05317,8854,Pretul,1
5318,Brocha 05318,679,Total,SI
5319,Pintura 05319,8509,Bosch,SI
5320,Clavos 05320,2601,Total,FALSE
5321,Clavos 05321,9554,Bosch,
5322,Taladro 05322,3319,EPAHome,TRUE
5323,Pulidora 05323,235,Stanley,NO
5324,Clavos 05324,1543,Bosch,FALSE
5325,Clavos 05325,651,Stanley,SI
5326,Sierra 05326,5105,Bosch,TRUE
5327,Tornillo 05327,2889,Bosch,SI
5328,Brocha 05328,3043,Pretul,TRUE
5329,Pintura 05329,3580,,
5330,Taladro 05330,ABC,Makita,1
5331,Taladro 05331,6558,EPAHome,NO
5332,Clavos 05332,1300,EPAHome,NO
5333,Martillo 05333,4563,Pretul,SI
5334,Clavos 05334,2388,,SI
5335,Clavos 05335,4041,Stanley,NO
5336,Brocha 05336,9618,,
5337,Cerradura 05337,7770,Bosch,NO
5338,Pintura 05338,4489,Makita,SI
5339,Martillo 05339,656,Total,NO
5340,Clavos 05340,4573,Pretul,TRUE
5341,Tornillo 05341,1012,,FALSE
5342,Brocha 05342,6546,Makita,FALSE
5343,Taladro 05343,6339,Stanley,NO
5344,Sierra 05344,4267,Total,SI
5345,Pintura 05345,1850,,NO
5346,,2756,Bosch,0
5347,Sierra 05347,7642,Stanley,1
5348,Martillo 05348,7656,Stanley,TRUE
5349,Tornillo 05349,7713,EPAHome,1
5350,Clavos 05350,4256,Makita,1
5351,Cerradura 05351,3573,EPAHome,NO
5352,Clavos 05352,4057,EPAHome,
5353,Brocha 05353,5664,Pretul,1
5354,Pintura 05354,8812,Bosch,0
5355,Sierra 05355,4950,Makita,SI
5356,Pulidora 05356,6581,Stanley,
5357,Clavos 05357,6082,Truper,0
5358,Taladro 05358,1075,Pretul,
5359,Clavos 05359,4684,Total,
5360,Martillo 05360,7536,Stanley,NO
5361,Clavos 05361,3180,Pretul,1
5362,Reflector 05362,337,Truper,1
5363,Sierra 05363,10546,Total,TRUE
5364,Sierra 05364,525,Bosch,SI
5365,Pulidora 05365,3259,Bosch,TRUE
5366,Pulidora 05366,8953,EPAHome,1
5367,Tornillo 05367,6105,Pretul,SI
5368,Taladro 05368,3283,Truper,SI
5369,Taladro 05369,4551,,0
5370,Tornillo 05370,2515,Stanley,
5371,Pintura 05371,1818,Truper,SI
5372,Cerradura 05372,1249,Total,FALSE
5373,Pulidora 05373,5807,Total,SI
5374,Brocha 05374,6593,Truper,SI
5375,Pulidora 05375,2348,Bosch,0
5376,Sierra 05376,2934,Bosch,TRUE
5377,Cerradura 05377,1630,Stanley,
5378,Clavos 05378,2834,EPAHome,0
5379,,5444,Bosch,1
5380,Reflector 05380,3316,,FALSE
5381,Taladro 05381,2813,Bosch,FALSE
5382,Pulidora 05382,631,Pretul,0
5383,Pulidora 05383,1495,Makita,SI
5384,Martillo 05384,9337,EPAHome,NO
5385,Reflector 05385,7449,Total,1
5386,Pulidora 05386,4537,EPAHome,0
5387,Clavos 05387,1052,,NO
5388,Brocha 05388,8189,Bosch,
5389,Tornillo 05389,861,Makita,1
P5390,Reflector 05390,3880,Makita,NO
5391,Sierra 05391,7377,Stanley,NO
5392,Pintura 05392,10322,Total,0
5393,Sierra 05393,5079,Truper,0
5394,Clavos 05394,10129,Makita,NO
5395,Pulidora 05395,4856,Bosch,NO
5396,Reflector 05396,7973,Pretul,0
5397,Cerradura 05397,10011,,TRUE
5398,Taladro 05398,10812,,SI
5399,Pulidora 05399,3837,,TRUE
5400,Clavos 05400,3280,Bosch,
5401,Taladro 05401,8373,Total,0
5402,Pulidora 05402,7078,Stanley,1
5403,Sierra 05403,2789,Makita,
5404,Clavos 05404,10397,Stanley,1
5405,Tornillo 05405,10776,EPAHome,0
5406,Cerradura 05406,9030,EPAHome,NO
5407,Taladro 05407,780,Pretul,0
5408,Taladro 05408,9834,Stanley,1
5409,Reflector 05409,2430,Stanley,0
5410,Taladro 05410,222,Stanley,SI
5411,Sierra 05411,10716,Stanley,0
5412,,10837,,NO
5413,Cerradura 05413,7258,Makita,SI
5414,Pulidora 05414,3934,EPAHome,1
5415,Pintura 05415,2553,Total,NO
5416,Cerradura 05416,2136,Total,FALSE
5417,Taladro 05417,9414,,0
5418,Sierra 05418,7054,EPAHome,FALSE
5419,Taladro 05419,8190,,SI
5420,Sierra 05420,699,Makita,SI
5421,Pintura 05421,9091,EPAHome,SI
5422,Sierra 05422,2243,Bosch,FALSE
5423,Cerradura 05423,5570,,
5424,Reflector 05424,7708,Pretul,NO
5425,Pulidora 05425,5334,Stanley,SI
5426,Pulidora 05426,2087,Total,NO
5427,Clavos 05427,5816,Pretul,NO
5428,Clavos 05428,9167,Total,FALSE
5429,Tornillo 05429,347,Bosch,
5430,Tornillo 05430,1006,Pretul,SI
5431,Brocha 05431,9586,Truper,0
5432,Cerradura 05432,10668,,TRUE
5433,Sierra 05433,10127,Total,0
5434,Sierra 05434,10031,Makita,FALSE
5435,Clavos 05435,4547,EPAHome,FALSE
5436,Sierra 05436,953,Truper,1
5437,Sierra 05437,1480,Stanley,SI
5438,Pintura 05438,2499,EPAHome,FALSE
5439,Martillo 05439,2302,Truper,1
5440,Sierra 05440,8207,Truper,TRUE
5441,Tornillo 05441,4007,Total,NO
5442,Martillo 05442,6751,Makita,NO
5443,Brocha 05443,4015,Stanley,
5444,Reflector 05444,10675,,TRUE
5445,,6249,Total,FALSE
5446,Pintura 05446,6459,EPAHome,NO
5447,Brocha 05447,8356,,0
5448,Pulidora 05448,7423,Total,TRUE
5449,Reflector 05449,6459,Total,0
5450,Clavos 05450,5385,,0
5451,Pulidora 05451,7369,Pretul,NO
5452,Brocha 05452,1505,Pretul,NO
5453,Tornillo 05453,835,Bosch,0
5454,Taladro 05454,3347,Makita,
5455,Tornillo 05455,8241,Truper,
5456,Cerradura 05456,1971,EPAHome,SI
5457,Pintura 05457,5232,,NO
5458,Pintura 05458,9291,Makita,NO
5459,Clavos 05459,4336,Stanley,NO
5460,Reflector 05460,9576,EPAHome,0
5461,Clavos 05461,10168,Total,FALSE
5462,Tornillo 05462,5732,Bosch,FALSE
5463,Pulidora 05463,888,Bosch,NO
5464,Pulidora 05464,4344,Truper,FALSE
5465,Cerradura 05465,3198,Stanley,NO
5466,Sierra 05466,1973,Truper,
P5467,Martillo 05467,38,Total,FALSE
5468,Cerradura 05468,6098,,TRUE
5469,Brocha 05469,1386,,
5470,Sierra 05470,6853,Stanley,NO
5471,Pintura 05471,9542,Stanley,SI
5472,Clavos 05472,8694,EPAHome,1
5473,Cerradura 05473,10752,Bosch,0
5474,Brocha 05474,2417,,SI
5475,Pintura 05475,2871,Pretul,FALSE
5476,Brocha 05476,9569,Total,0
5477,Brocha 05477,9676,Total,
5478,,5960,EPAHome,FALSE
5479,Cerradura 05479,9957,EPAHome,1
5480,Pintura 05480,937,Total,TRUE
5481,Cerradura 05481,7323,Truper,NO
5482,Sierra 05482,8577,Total,TRUE
5483,Martillo 05483,702,Truper,0
5484,Taladro 05484,6420,Truper,SI
5485,Cerradura 05485,4716,Stanley,TRUE
5486,Pulidora 05486,8981,Makita,NO
5487,Brocha 05487,10599,Total,
5488,Pulidora 05488,6629,Makita,FALSE
5489,Taladro 05489,1088,EPAHome,SI
5490,Sierra 05490,2478,Makita,SI
5491,Taladro 05491,7391,Stanley,TRUE
5492,Tornillo 05492,2515,Truper,NO
5493,Martillo 05493,9854,Bosch,SI
5494,Martillo 05494,6459,Pretul,TRUE
5495,Brocha 05495,10162,,SI
5496,Reflector 05496,33,Stanley,1
5497,Pulidora 05497,1728,Makita,FALSE
5498,Reflector 05498,611,Truper,SI
5499,Pulidora 05499,1089,Bosch,1
5500,Clavos 05500,4701,Bosch,FALSE
5500,Clavos 05500,4701,Bosch,FALSE
5501,Pulidora 05501,9200,Stanley,
5502,Sierra 05502,9480,Makita,0
5503,Tornillo 05503,5690,Makita,SI
5504,Cerradura 05504,6876,Stanley,1
5505,Sierra 05505,2443,Bosch,0
5506,Clavos 05506,3532,Total,SI
5507,Sierra 05507,8727,Bosch,NO
5508,Pintura 05508,8569,Stanley,FALSE
5509,Pintura 05509,1862,Bosch,TRUE
5510,Pintura 05510,2841,Pretul,
5511,,7393,Bosch,NO
5512,Pulidora 05512,6020,Stanley,FALSE
5513,Tornillo 05513,3109,Truper,TRUE
5514,Pintura 05514,1377,Stanley,0
5515,Clavos 05515,5976,Stanley,0
5516,Taladro 05516,3374,Pretul,TRUE
5517,Reflector 05517,1195,,TRUE
5518,Taladro 05518,4819,Bosch,
5519,Clavos 05519,6405,Pretul,FALSE
5520,Tornillo 05520,200,EPAHome,FALSE
5521,Martillo 05521,5806,,1
5522,Taladro 05522,2292,EPAHome,SI
5523,Reflector 05523,9038,Total,
5524,Reflector 05524,5735,,1
5525,Tornillo 05525,3573,Truper,NO
5526,Taladro 05526,6370,Bosch,NO
5527,Pulidora 05527,7458,Pretul,FALSE
5528,Martillo 05528,10512,Truper,0
5529,Pulidora 05529,6167,Total,NO
5530,Reflector 05530,9515,Bosch,1
5531,Cerradura 05531,4990,Truper,0
5532,Tornillo 05532,7807,Bosch,SI
5533,Tornillo 05533,5233,Makita,0
5534,Cerradura 05534,9850,,NO
5535,Reflector 05535,ABC,EPAHome,
5536,Pintura 05536,9941,,
5537,Reflector 05537,9138,Truper,NO
5538,Cerradura 05538,5262,Total,SI
5539,Pulidora 05539,5890,Bosch,1
5540,Pintura 05540,5437,,
5541,Taladro 05541,2741,EPAHome,
5542,Tornillo 05542,6509,Total,SI
5543,Pulidora 05543,9695,EPAHome,TRUE
P5544,,9469,EPAHome,FALSE
5545,Pulidora 05545,50,EPAHome,
5546,Brocha 05546,5534,Total,NO
5547,Martillo 05547,8521,EPAHome,NO
5548,Tornillo 05548,5315,EPAHome,SI
5549,Pulidora 05549,7946,Stanley,0
5550,Cerradura 05550,4793,Pretul,SI
5551,Reflector 05551,5596,Truper,NO
5552,Reflector 05552,3241,Stanley,1
5553,Pulidora 05553,10596,Total,1
5554,Clavos 05554,7357,Stanley,0
5555,Reflector 05555,10164,EPAHome,FALSE
5556,Cerradura 05556,5334,EPAHome,
5557,Pintura 05557,8552,EPAHome,TRUE
5558,Pintura 05558,8063,EPAHome,SI
5559,Reflector 05559,7485,Total,TRUE
5560,Reflector 05560,4260,Makita,FALSE
5561,Sierra 05561,5054,Total,
5562,Pintura 05562,5755,Makita,0
5563,Tornillo 05563,10151,Bosch,FALSE
5564,Pulidora 05564,7112,Bosch,0
5565,Tornillo 05565,3976,Total,FALSE
5566,Clavos 05566,9050,Truper,TRUE
5567,Taladro 05567,9871,Pretul,SI
5568,Taladro 05568,2222,Makita,NO
5569,Reflector 05569,6461,EPAHome,1
5570,Tornillo 05570,2895,,NO
5571,Cerradura 05571,6702,Pretul,FALSE
5572,Brocha 05572,5790,Truper,
5573,Tornillo 05573,6040,Truper,FALSE
5574,Cerradura 05574,1281,Total,FALSE
5575,Martillo 05575,5268,Makita,0
5576,Clavos 05576,576,Stanley,NO
5577,,8737,Makita,NO
5578,Cerradura 05578,9274,Makita,1
5579,Reflector 05579,6820,EPAHome,0
5580,Taladro 05580,2619,Pretul,TRUE
5581,Reflector 05581,3172,Total,
5582,Brocha 05582,7664,Makita,SI
5583,Taladro 05583,6519,Total,0
5584,Martillo 05584,7439,EPAHome,
5585,Taladro 05585,964,Makita,0
5586,Tornillo 05586,3657,Bosch,0
5587,Tornillo 05587,8317,Truper,NO
5588,Reflector 05588,3391,,1
5589,Brocha 05589,6860,Makita,TRUE
5590,Sierra 05590,4599,Total,SI
5591,Reflector 05591,3392,Pretul,0
5592,Taladro 05592,604,EPAHome,
5593,Pintura 05593,3849,,SI
5594,Brocha 05594,9438,Makita,TRUE
5595,Pintura 05595,1002,EPAHome,NO
5596,Pintura 05596,3993,Makita,SI
5597,Tornillo 05597,9039,Total,
5598,Pulidora 05598,8457,Makita,NO
5599,Tornillo 05599,3907,Stanley,SI
5600,Tornillo 05600,8586,Pretul,SI
5601,Pintura 05601,5625,Pretul,0
5602,Sierra 05602,1179,Pretul,NO
5603,Brocha 05603,1110,Pretul,SI
5604,Tornillo 05604,7127,EPAHome,SI
5605,Cerradura 05605,1209,Bosch,FALSE
5606,Reflector 05606,3582,Makita,FALSE
5607,Pulidora 05607,454,,SI
5608,Clavos 05608,6337,Makita,NO
5609,Tornillo 05609,2593,,0
5610,,6898,Bosch,TRUE
5611,Reflector 05611,4245,Stanley,1
5612,Tornillo 05612,3110,Pretul,NO
5613,Tornillo 05613,7094,Stanley,FALSE
5614,Martillo 05614,1096,Stanley,TRUE
5615,Clavos 05615,10621,Bosch,FALSE
5616,Cerradura 05616,2722,EPAHome,FALSE
5617,Reflector 05617,5036,EPAHome,NO
5618,Pintura 05618,4485,Pretul,1
5619,Reflector 05619,7856,Pretul,0
5620,Sierra 05620,9753,Pretul,NO
P5621,Martillo 05621,3599,Makita,NO
5622,Cerradura 05622,6162,Bosch,NO
5623,Pulidora 05623,9503,,TRUE
5624,Tornillo 05624,3321,Bosch,TRUE
5625,Cerradura 05625,2884,Pretul,NO
5626,Brocha 05626,3492,Truper,SI
5627,Reflector 05627,5538,Total,FALSE
5628,Cerradura 05628,3296,Makita,SI
5629,Cerradura 05629,6631,Makita,1
5630,Martillo 05630,2016,,0
5631,Tornillo 05631,3403,Bosch,SI
5632,Pulidora 05632,10336,Total,FALSE
5633,Pintura 05633,7487,Bosch,NO
5634,Reflector 05634,5891,Bosch,0
5635,Pintura 05635,3614,Pretul,
5636,Sierra 05636,5209,Stanley,SI
5637,Tornillo 05637,2755,Stanley,1
5638,Reflector 05638,9129,Bosch,FALSE
5639,Reflector 05639,6375,Truper,1
5640,Martillo 05640,780,Truper,0
5641,Pulidora 05641,9898,EPAHome,
5642,Tornillo 05642,3546,Total,TRUE
5643,,3052,Pretul,NO
5644,Cerradura 05644,3731,Truper,FALSE
5645,Brocha 05645,2080,Makita,
5646,Pulidora 05646,1954,Stanley,TRUE
5647,Tornillo 05647,2715,EPAHome,NO
5648,Sierra 05648,9564,Pretul,SI
5649,Martillo 05649,9411,Bosch,NO
5650,Clavos 05650,9817,EPAHome,0
5651,Pulidora 05651,5779,Makita,FALSE
5652,Tornillo 05652,7328,Pretul,NO
5653,Cerradura 05653,6917,Total,FALSE
5654,Sierra 05654,10133,Pretul,TRUE
5655,Cerradura 05655,8144,Pretul,FALSE
5656,Clavos 05656,4392,Pretul,
5657,Clavos 05657,4645,,SI
5658,Tornillo 05658,2517,EPAHome,TRUE
5659,Sierra 05659,7186,Bosch,FALSE
5660,Sierra 05660,7888,,
5661,Brocha 05661,8628,Total,0
5662,Reflector 05662,6336,Makita,NO
5663,Pulidora 05663,6585,Bosch,FALSE
5664,Tornillo 05664,7168,EPAHome,
5665,Tornillo 05665,1633,Total,FALSE
5666,Pintura 05666,3924,Makita,1
5667,Brocha 05667,8656,,
5668,Clavos 05668,7487,Pretul,SI
5669,Pintura 05669,8959,Total,NO
5670,Tornillo 05670,5377,Stanley,TRUE
5671,Pintura 05671,10121,EPAHome,
5672,Taladro 05672,10687,Makita,0
5673,Clavos 05673,3626,Total,TRUE
5674,Taladro 05674,6098,Bosch,TRUE
5675,Taladro 05675,6676,Total,0
5676,,9364,Pretul,1
5677,Brocha 05677,3028,Bosch,0
5678,Clavos 05678,9735,Bosch,NO
5679,Brocha 05679,4393,Truper,
5680,Taladro 05680,6639,Total,TRUE
5681,Pintura 05681,1988,Bosch,1
5682,Brocha 05682,2279,Truper,1
5683,Clavos 05683,5322,Makita,NO
5684,Reflector 05684,4443,,NO
5685,Clavos 05685,2690,Makita,TRUE
5686,Tornillo 05686,5174,Bosch,SI
5687,Brocha 05687,8466,,SI
5688,Tornillo 05688,6226,Total,NO
5689,Cerradura 05689,10062,Total,
5690,Martillo 05690,7904,Truper,
5691,Taladro 05691,402,Total,0
5692,Tornillo 05692,4028,EPAHome,0
5693,Brocha 05693,9522,Total,0
5694,Brocha 05694,10100,Total,NO
5695,Clavos 05695,4370,EPAHome,NO
5696,Reflector 05696,7493,Stanley,SI
5697,Taladro 05697,10195,Total,0
P5698,Taladro 05698,2308,EPAHome,SI
5699,Taladro 05699,4557,Total,1
5700,Taladro 05700,4985,EPAHome,1
5701,Taladro 05701,1645,Makita,SI
5702,Martillo 05702,739,Bosch,0
5703,Pulidora 05703,6551,Stanley,SI
5704,Clavos 05704,7997,Truper,TRUE
5705,Taladro 05705,5270,,TRUE
5706,Brocha 05706,10147,Stanley,SI
5707,Clavos 05707,1084,Truper,TRUE
5708,Sierra 05708,6777,Pretul,TRUE
5709,,8328,Truper,FALSE
5710,Martillo 05710,5649,Pretul,1
5711,Brocha 05711,7824,Total,
5712,Taladro 05712,3774,Pretul,FALSE
5713,Sierra 05713,7985,Makita,NO
5714,Martillo 05714,9247,Stanley,NO
5715,Pintura 05715,647,,NO
5716,Pulidora 05716,39,Bosch,SI
5717,Sierra 05717,3070,Bosch,TRUE
5718,Tornillo 05718,509,Pretul,
5719,Martillo 05719,10058,Total,FALSE
5720,Pintura 05720,5693,EPAHome,0
5721,Martillo 05721,6920,Truper,FALSE
5722,Taladro 05722,7222,,NO
5723,Reflector 05723,5038,Total,0
5724,Martillo 05724,8858,EPAHome,1
5725,Tornillo 05725,6198,EPAHome,1
5726,Tornillo 05726,481,Makita,
5727,Sierra 05727,5184,Total,FALSE
5728,Clavos 05728,6597,Stanley,FALSE
5729,Sierra 05729,10381,Total,SI
5730,Sierra 05730,2772,Truper,NO
5731,Cerradura 05731,4657,Makita,1
5732,Clavos 05732,1584,Truper,NO
5733,Brocha 05733,7857,Makita,
5734,Sierra 05734,10265,Total,SI
5735,Sierra 05735,5247,Truper,
5736,Taladro 05736,10017,Bosch,SI
5737,Martillo 05737,9775,Bosch,SI
5738,Pintura 05738,7396,Truper,SI
5739,Martillo 05739,2803,Pretul,0
5740,Sierra 05740,ABC,Bosch,SI
5741,Pulidora 05741,5926,EPAHome,SI
5742,,3283,Total,
5743,Sierra 05743,7456,,SI
5744,Martillo 05744,4179,Truper,TRUE
5745,Taladro 05745,5665,Pretul,SI
5746,Brocha 05746,2577,Bosch,1
5747,Tornillo 05747,5032,,FALSE
5748,Pulidora 05748,2159,Pretul,0
5749,Brocha 05749,10254,Stanley,1
5750,Cerradura 05750,8507,Truper,FALSE
5751,Brocha 05751,3227,Stanley,NO
5752,Brocha 05752,6695,Truper,
5753,Martillo 05753,1174,Total,NO
5754,Taladro 05754,6919,EPAHome,
5755,Cerradura 05755,4973,Stanley,FALSE
5756,Brocha 05756,4069,Pretul,NO
5757,Tornillo 05757,5407,,TRUE
5758,Tornillo 05758,1011,,NO
5759,Cerradura 05759,8094,Truper,
5760,Reflector 05760,5448,Makita,NO
5761,Clavos 05761,9891,Pretul,1
5762,Reflector 05762,1076,Stanley,FALSE
5763,Pintura 05763,2387,,SI
5764,Sierra 05764,4773,,TRUE
5765,Pintura 05765,8353,Truper,1
5766,Reflector 05766,1796,,0
5767,Cerradura 05767,8344,Truper,SI
5768,Reflector 05768,2698,Bosch,TRUE
5769,Sierra 05769,6786,,0
5770,Sierra 05770,242,Pretul,
5771,Reflector 05771,7323,Truper,FALSE
5772,Pintura 05772,1986,Pretul,
5773,Pintura 05773,3667,Pretul,NO
5774,Pulidora 05774,3805,,TRUE
P5775,,7658,Total,0
5776,Pulidora 05776,10612,Stanley,NO
5777,Sierra 05777,6773,Pretul,TRUE
5778,Brocha 05778,3336,Pretul,1
5779,Reflector 05779,570,Bosch,SI
5780,Cerradura 05780,3983,Makita,1
5781,Pulidora 05781,7371,Pretul,1
5782,Brocha 05782,10055,Bosch,SI
5783,Clavos 05783,9044,EPAHome,SI
5784,Martillo 05784,8847,Truper,1
5785,Taladro 05785,5714,Makita,SI
5786,Pintura 05786,3941,Truper,1
5787,Martillo 05787,5397,Makita,SI
5788,Cerradura 05788,5124,Bosch,
5789,Pintura 05789,4651,Total,0
5790,Brocha 05790,2474,Makita,SI
5791,Clavos 05791,10619,,FALSE
5792,Sierra 05792,1948,Truper,0
5793,Clavos 05793,10455,Bosch,SI
5794,Sierra 05794,10588,Bosch,
5795,Pintura 05795,6783,EPAHome,
5796,Pintura 05796,3032,EPAHome,FALSE
5797,Brocha 05797,2931,Bosch,SI
5798,Taladro 05798,3102,Stanley,
5799,Sierra 05799,10461,Pretul,TRUE
5800,Pulidora 05800,1422,Pretul,FALSE
5801,Pintura 05801,7701,Total,NO
5802,Martillo 05802,4617,Stanley,
5803,Brocha 05803,1274,Stanley,1
5804,Tornillo 05804,3771,Stanley,0
5805,Sierra 05805,6648,Bosch,
5806,Reflector 05806,5058,Total,0
5807,Taladro 05807,1881,Truper,0
5808,,8571,EPAHome,TRUE
5809,Tornillo 05809,5795,Makita,NO
5810,Martillo 05810,9237,EPAHome,FALSE
5811,Brocha 05811,1570,EPAHome,FALSE
5812,Pulidora 05812,2237,Bosch,FALSE
5813,Clavos 05813,5503,Pretul,0
5814,Brocha 05814,3265,EPAHome,0
5815,Brocha 05815,7151,Makita,FALSE
5816,Cerradura 05816,5940,EPAHome,NO
5817,Clavos 05817,2347,Makita,1
5818,Clavos 05818,946,Stanley,0
5819,Taladro 05819,7423,Bosch,FALSE
5820,Clavos 05820,509,Stanley,NO
5821,Tornillo 05821,4664,Total,1
5822,Sierra 05822,3463,EPAHome,FALSE
5823,Pintura 05823,6115,EPAHome,NO
5824,Sierra 05824,8138,Stanley,FALSE
5825,Cerradura 05825,9395,EPAHome,1
5826,Cerradura 05826,248,,
5827,Cerradura 05827,5036,Pretul,TRUE
5828,Martillo 05828,7947,Makita,NO
5829,Martillo 05829,8024,Total,NO
5830,Pintura 05830,2243,Bosch,
5831,Clavos 05831,6997,Pretul,0
5832,Clavos 05832,5495,Total,SI
5833,Taladro 05833,6917,Stanley,SI
5834,Tornillo 05834,2360,Truper,NO
5835,Martillo 05835,5824,,0
5836,Cerradura 05836,10771,Stanley,
5837,Reflector 05837,10521,Makita,0
5838,Reflector 05838,1762,Makita,
5839,Tornillo 05839,618,Total,TRUE
5840,Brocha 05840,168,Bosch,NO
5841,,1387,Bosch,TRUE
5842,Tornillo 05842,1719,,TRUE
5843,Pintura 05843,3260,Makita,1
5844,Pulidora 05844,6290,Total,
5845,Pulidora 05845,5829,Bosch,0
5846,Martillo 05846,9575,Makita,FALSE
5847,Clavos 05847,8029,Pretul,NO
5848,Cerradura 05848,8540,EPAHome,TRUE
5849,Taladro 05849,4505,Truper,TRUE
5850,Sierra 05850,9744,Stanley,
5851,Brocha 05851,2107,Total,TRUE
P5852,Pintura 05852,5299,Stanley,NO
5853,Clavos 05853,5214,Bosch,0
5854,Cerradura 05854,7184,EPAHome,NO
5855,Martillo 05855,8282,Pretul,FALSE
5856,Pintura 05856,9714,Bosch,
5857,Pintura 05857,8617,Bosch,1
5858,Sierra 05858,5920,Truper,NO
5859,Sierra 05859,8045,Bosch,
5860,Cerradura 05860,9125,,FALSE
5861,Pulidora 05861,8400,Truper,TRUE
5862,Martillo 05862,10718,EPAHome,TRUE
5863,Pulidora 05863,9070,Bosch,1
5864,Clavos 05864,371,Pretul,1
5865,Sierra 05865,7126,Truper,0
5866,Sierra 05866,10705,Stanley,SI
5867,Reflector 05867,1176,Stanley,1
5868,Tornillo 05868,4863,Makita,
5869,Cerradura 05869,9832,,0
5870,Clavos 05870,9698,Stanley,TRUE
5871,Taladro 05871,4969,Stanley,0
5872,Martillo 05872,10171,Makita,FALSE
5873,Martillo 05873,10455,Total,NO
5874,,1520,Total,0
5875,Reflector 05875,5794,Stanley,0
5876,Tornillo 05876,630,Stanley,NO
5877,Cerradura 05877,4204,Truper,1
5878,Pulidora 05878,1766,Makita,TRUE
5879,Pintura 05879,8445,Stanley,1
5880,Brocha 05880,4247,Makita,NO
5881,Tornillo 05881,9796,Pretul,
5882,Pulidora 05882,8556,Truper,1
5883,Pintura 05883,6897,Truper,NO
5884,Martillo 05884,1801,Stanley,0
5885,Sierra 05885,3825,Truper,TRUE
5886,Clavos 05886,8344,EPAHome,TRUE
5887,Clavos 05887,5099,Total,NO
5888,Tornillo 05888,3918,Bosch,SI
5889,Cerradura 05889,6119,,FALSE
5890,Tornillo 05890,8219,Pretul,1
5891,Sierra 05891,1499,Truper,FALSE
5892,Taladro 05892,6673,,SI
5893,Pintura 05893,7299,EPAHome,0
5894,Martillo 05894,3035,Bosch,SI
5895,Pulidora 05895,7122,Stanley,0
5896,Sierra 05896,10786,Total,
5897,Taladro 05897,3725,Stanley,NO
5898,Martillo 05898,5251,Truper,SI
5899,Reflector 05899,6929,Stanley,TRUE
5900,Cerradura 05900,3682,,
5901,Pintura 05901,7062,Total,0
5902,Clavos 05902,3565,Bosch,TRUE
5903,Pintura 05903,9802,Truper,NO
5904,Tornillo 05904,5507,Bosch,
5905,Martillo 05905,3633,Bosch,NO
5906,Pulidora 05906,8959,,TRUE
5907,,7577,Bosch,0
5908,Pulidora 05908,1724,Pretul,TRUE
5909,Reflector 05909,7979,Pretul,NO
5910,Cerradura 05910,7990,Stanley,SI
5911,Sierra 05911,4126,Makita,NO
5912,Pulidora 05912,8960,Stanley,1
5913,Martillo 05913,10539,Truper,FALSE
5914,Pulidora 05914,3342,Bosch,
5915,Martillo 05915,7940,,NO
5916,Taladro 05916,6751,Bosch,1
5917,Tornillo 05917,3659,Stanley,TRUE
5918,Tornillo 05918,3786,Bosch,
5919,Tornillo 05919,5629,Makita,0
5920,Taladro 05920,8493,Bosch,FALSE
5921,Sierra 05921,1505,Stanley,
5922,Tornillo 05922,116,Makita,FALSE
5923,Cerradura 05923,6235,Truper,0
5924,Sierra 05924,9822,Total,1
5925,Pintura 05925,9542,Total,NO
5926,Sierra 05926,651,Makita,FALSE
5927,Sierra 05927,8180,Total,TRUE
5928,Clavos 05928,10454,Bosch,FALSE
P5929,Reflector 05929,5540,Stanley,NO
5930,Martillo 05930,9772,Makita,0
5931,Cerradura 05931,3106,Pretul,NO
5932,Clavos 05932,9138,Total,SI
5933,Sierra 05933,1771,EPAHome,1
5934,Tornillo 05934,5796,Pretul,SI
5935,Reflector 05935,8688,Total,
5936,Reflector 05936,618,Makita,FALSE
5937,Brocha 05937,7194,,SI
5938,Pintura 05938,1396,Makita,1
5939,Tornillo 05939,1488,Makita,0
5940,,1060,Stanley,NO
5941,Brocha 05941,8985,Bosch,SI
5942,Sierra 05942,5888,Bosch,FALSE
5943,Taladro 05943,2486,Total,FALSE
5944,Reflector 05944,7170,Stanley,1
5945,Pulidora 05945,ABC,EPAHome,TRUE
5946,Clavos 05946,7335,EPAHome,NO
5947,Reflector 05947,597,Pretul,FALSE
5948,Tornillo 05948,3821,Truper,1
5949,Reflector 05949,2386,Bosch,TRUE
5950,Martillo 05950,2032,Pretul,NO
5951,Cerradura 05951,8149,Makita,
5952,Brocha 05952,9689,Makita,SI
5953,Tornillo 05953,7031,Truper,NO
5954,Taladro 05954,2378,,NO
5955,Sierra 05955,10215,EPAHome,1
5956,Clavos 05956,1533,Truper,0
5957,Martillo 05957,2128,Makita,FALSE
5958,Clavos 05958,518,,SI
5959,Tornillo 05959,1008,Total,0
5960,Taladro 05960,7161,Pretul,NO
5961,Pulidora 05961,4283,Bosch,NO
5962,Tornillo 05962,1223,Bosch,1
5963,Pintura 05963,7209,Total,1
5964,Sierra 05964,10769,Bosch,1
5965,Cerradura 05965,1013,Total,FALSE
5966,Clavos 05966,6133,EPAHome,0
5967,Clavos 05967,10019,Makita,SI
5968,Pintura 05968,2803,Bosch,FALSE
5969,Cerradura 05969,8703,,1
5970,Clavos 05970,3286,Total,NO
5971,Pintura 05971,1651,Truper,TRUE
5972,Tornillo 05972,6281,,NO
5973,,9484,EPAHome,SI
5974,Pulidora 05974,8674,EPAHome,1
5975,Pulidora 05975,5715,Truper,FALSE
5976,Reflector 05976,3674,Pretul,FALSE
5977,Pulidora 05977,553,Truper,
5978,Sierra 05978,7680,EPAHome,FALSE
5979,Pintura 05979,8742,EPAHome,TRUE
5980,Martillo 05980,2327,EPAHome,FALSE
5981,Pulidora 05981,10099,Truper,
5982,Tornillo 05982,491,Makita,1
5983,Cerradura 05983,10463,EPAHome,SI
5984,Pulidora 05984,3788,Total,FALSE
5985,Taladro 05985,8030,Truper,0
5986,Martillo 05986,7491,Pretul,TRUE
5987,Reflector 05987,7699,Stanley,TRUE
5988,Martillo 05988,622,Makita,1
5989,Brocha 05989,300,Stanley,NO
5990,Pintura 05990,1360,Truper,1
5991,Reflector 05991,10784,Pretul,NO
5992,Martillo 05992,2350,EPAHome,FALSE
5993,Reflector 05993,9464,Truper,NO
5994,Pulidora 05994,8972,Truper,TRUE
5995,Reflector 05995,7664,Stanley,
5996,Cerradura 05996,6817,,
5997,Martillo 05997,7808,Stanley,FALSE
5998,Martillo 05998,2938,Truper,SI
5999,Pulidora 05999,4639,Pretul,
6000,Sierra 06000,3354,EPAHome,TRUE
6000,Sierra 06000,3354,EPAHome,TRUE
6001,Tornillo 06001,10108,EPAHome,TRUE
6002,Taladro 06002,7512,Bosch,0
6003,Pulidora 06003,6232,Bosch,FALSE
6004,Reflector 06004,8469,Total,
6005,Pintura 06005,4870,Makita,0
P6006,,9157,Bosch,
6007,Clavos 06007,5286,Stanley,FALSE
6008,Sierra 06008,5925,Pretul,TRUE
6009,Brocha 06009,5853,Bosch,
6010,Clavos 06010,2417,Bosch,NO
6011,Martillo 06011,10239,Bosch,SI
6012,Sierra 06012,6267,EPAHome,0
6013,Sierra 06013,1457,Pretul,FALSE
6014,Taladro 06014,4040,Stanley,NO
6015,Tornillo 06015,3957,Bosch,0
6016,Sierra 06016,568,,
6017,Sierra 06017,1567,Bosch,NO
6018,Brocha 06018,8024,,FALSE
6019,Taladro 06019,8843,Stanley,NO
6020,Martillo 06020,6553,EPAHome,TRUE
6021,Reflector 06021,10564,EPAHome,SI
6022,Cerradura 06022,3153,,FALSE
6023,Brocha 06023,4292,Bosch,SI
6024,Sierra 06024,727,Pretul,FALSE
6025,Pulidora 06025,5246,Pretul,NO
6026,Reflector 06026,7244,Bosch,NO
6027,Tornillo 06027,6490,,
6028,Sierra 06028,8104,EPAHome,0
6029,Brocha 06029,9038,Total,1
6030,Pulidora 06030,9334,Total,NO
6031,Pulidora 06031,3681,Total,NO
6032,Sierra 06032,2601,Stanley,FALSE
6033,Brocha 06033,5105,EPAHome,SI
6034,Martillo 06034,4352,Truper,FALSE
6035,Brocha 06035,6971,,0
6036,Pintura 06036,5652,Makita,SI
6037,Brocha 06037,5339,EPAHome,0
6038,Reflector 06038,10390,,TRUE
6039,,2066,Stanley,
6040,Reflector 06040,5788,Truper,FALSE
6041,Clavos 06041,7555,,SI
6042,Pulidora 06042,6510,Stanley,1
6043,Cerradura 06043,10418,,0
6044,Pintura 06044,6128,Total,FALSE
6045,Pulidora 06045,7827,EPAHome,NO
6046,Brocha 06046,4094,Truper,1
6047,Cerradura 06047,8356,EPAHome,FALSE
6048,Tornillo 06048,1714,EPAHome,
6049,Martillo 06049,8431,,0
6050,Tornillo 06050,7040,Total,1
6051,Clavos 06051,7402,Truper,1
6052,Reflector 06052,1009,Bosch,TRUE
6053,Martillo 06053,1492,Truper,NO
6054,Cerradura 06054,10801,EPAHome,FALSE
6055,Sierra 06055,4804,Stanley,NO
6056,Clavos 06056,7510,Makita,TRUE
6057,Brocha 06057,2633,Makita,FALSE
6058,Tornillo 06058,4793,Truper,
6059,Cerradura 06059,6071,Pretul,SI
6060,Brocha 06060,4224,Bosch,
6061,Tornillo 06061,1068,Total,0
6062,Brocha 06062,7584,Makita,NO
6063,Reflector 06063,9426,Stanley,NO
6064,Sierra 06064,9454,Truper,
6065,Clavos 06065,10017,Bosch,
6066,Martillo 06066,3271,Bosch,0
6067,Clavos 06067,5626,Makita,FALSE
6068,Pintura 06068,9365,Makita,TRUE
6069,Brocha 06069,5547,Truper,0
6070,Sierra 06070,3658,Total,1
6071,Cerradura 06071,7471,Bosch,0
6072,,1620,Stanley,SI
6073,Martillo 06073,6045,Stanley,TRUE
6074,Brocha 06074,7857,EPAHome,TRUE
6075,Clavos 06075,7538,Pretul,NO
6076,Pintura 06076,8208,EPAHome,NO
6077,Pulidora 06077,1847,Makita,NO
6078,Sierra 06078,8978,EPAHome,FALSE
6079,Clavos 06079,399,Pretul,1
6080,Pintura 06080,9039,,SI
6081,Pintura 06081,7486,Truper,NO
6082,Reflector 06082,7808,Pretul,FALSE
P6083,Martillo 06083,199,EPAHome,TRUE
6084,Reflector 06084,10583,Makita,1
6085,Tornillo 06085,3004,Pretul,TRUE
6086,Reflector 06086,6118,Stanley,1
6087,Martillo 06087,7102,EPAHome,0
6088,Brocha 06088,558,Pretul,TRUE
6089,Martillo 06089,10365,Pretul,TRUE
6090,Sierra 06090,9208,Bosch,SI
6091,Cerradura 06091,10017,Bosch,1
6092,Reflector 06092,10596,Pretul,TRUE
6093,Pulidora 06093,3417,,FALSE
6094,Reflector 06094,9642,Makita,
6095,Brocha 06095,1013,Makita,SI
6096,Pintura 06096,7318,Total,
6097,Pintura 06097,2707,Truper,1
6098,Sierra 06098,9621,EPAHome,FALSE
6099,Cerradura 06099,7253,,NO
6100,Pintura 06100,2038,Total,SI
6101,Clavos 06101,10820,Makita,FALSE
6102,Pulidora 06102,663,Total,SI
6103,Tornillo 06103,5869,,1
6104,Tornillo 06104,9497,Bosch,FALSE
6105,,10567,Total,TRUE
6106,Brocha 06106,5236,Stanley,NO
6107,Brocha 06107,6221,Truper,FALSE
6108,Pintura 06108,3984,EPAHome,NO
6109,Martillo 06109,9816,Pretul,0
6110,Pintura 06110,6369,Total,SI
6111,Cerradura 06111,9102,EPAHome,FALSE
6112,Reflector 06112,3973,Pretul,TRUE
6113,Cerradura 06113,5246,Stanley,1
6114,Martillo 06114,1245,Makita,NO
6115,Taladro 06115,3744,Makita,0
6116,Sierra 06116,7610,Total,SI
6117,Reflector 06117,5908,Stanley,TRUE
6118,Clavos 06118,6972,Pretul,1
6119,Martillo 06119,369,Makita,NO
6120,Brocha 06120,7741,Bosch,
6121,Pulidora 06121,3576,,1
6122,Sierra 06122,4166,Bosch,FALSE
6123,Reflector 06123,1399,Truper,1
6124,Sierra 06124,3282,,NO
6125,Martillo 06125,6856,Makita,1
6126,Pintura 06126,4569,Truper,SI
6127,Reflector 06127,7209,Bosch,
6128,Martillo 06128,8878,Total,FALSE
6129,Brocha 06129,5863,Pretul,0
6130,Pintura 06130,4514,Stanley,0
6131,Cerradura 06131,6395,Pretul,NO
6132,Pintura 06132,636,Bosch,
6133,Reflector 06133,6947,Total,
6134,Taladro 06134,8829,Pretul,FALSE
6135,Tornillo 06135,3285,EPAHome,
6136,Tornillo 06136,960,Pretul,FALSE
6137,Tornillo 06137,7815,Stanley,1
6138,,5358,Makita,
6139,Reflector 06139,7987,EPAHome,FALSE
6140,Martillo 06140,10445,Stanley,0
6141,Clavos 06141,1657,Truper,SI
6142,Clavos 06142,1903,Pretul,NO
6143,Pintura 06143,3904,Truper,SI
6144,Taladro 06144,7817,Truper,1
6145,Brocha 06145,1488,Bosch,1
6146,Reflector 06146,1893,Truper,SI
6147,Cerradura 06147,4929,Bosch,
6148,Taladro 06148,6718,,0
6149,Clavos 06149,4360,Stanley,0
6150,Pintura 06150,ABC,EPAHome,NO
6151,Martillo 06151,5589,,SI
6152,Reflector 06152,425,Truper,SI
6153,Clavos 06153,6636,Stanley,SI
6154,Tornillo 06154,5618,Stanley,NO
6155,Martillo 06155,543,Pretul,NO
6156,Cerradura 06156,4353,,
6157,Cerradura 06157,10626,Pretul,TRUE
6158,Clavos 06158,8559,Total,TRUE
6159,Pulidora 06159,6486,Pretul,NO
P6160,Sierra 06160,2477,,
6161,Brocha 06161,144,,TRUE
6162,Taladro 06162,1084,Bosch,NO
6163,Pintura 06163,3430,Makita,FALSE
6164,Tornillo 06164,3878,Bosch,FALSE
6165,Brocha 06165,1640,Truper,NO
6166,Pintura 06166,8967,Stanley,
6167,Taladro 06167,9012,Makita,TRUE
6168,Pintura 06168,4191,Truper,SI
6169,Reflector 06169,1374,Makita,1
6170,Taladro 06170,1857,Stanley,
6171,,5179,EPAHome,
6172,Pintura 06172,10358,Makita,1
6173,Pintura 06173,3011,Truper,NO
6174,Taladro 06174,6849,EPAHome,NO
6175,Cerradura 06175,4215,Pretul,1
6176,Taladro 06176,8039,Stanley,
6177,Taladro 06177,10453,Truper,0
6178,Taladro 06178,6822,,0
6179,Clavos 06179,7776,Truper,
6180,Tornillo 06180,1036,Total,TRUE
6181,Pulidora 06181,10765,EPAHome,TRUE
6182,Sierra 06182,2518,EPAHome,
6183,Clavos 06183,6138,EPAHome,NO
6184,Clavos 06184,4655,Total,
6185,Pintura 06185,7825,Makita,TRUE
6186,Pintura 06186,10409,Truper,0
6187,Sierra 06187,8461,Truper,FALSE
6188,Reflector 06188,10387,Pretul,SI
6189,Clavos 06189,8280,,
6190,Reflector 06190,6303,Stanley,
6191,Brocha 06191,4867,Total,SI
6192,Martillo 06192,3511,,0
6193,Martillo 06193,4867,Stanley,TRUE
6194,Taladro 06194,9920,Pretul,FALSE
6195,Pulidora 06195,8866,Total,0
6196,Brocha 06196,10114,,0
6197,Cerradura 06197,1409,Pretul,TRUE
6198,Martillo 06198,9674,Total,1
6199,Cerradura 06199,10457,Bosch,TRUE
6200,Cerradura 06200,5841,Total,SI
6201,Clavos 06201,5247,Makita,SI
6202,Reflector 06202,8571,EPAHome,NO
6203,Tornillo 06203,9129,Stanley,1
6204,,4241,Pretul,FALSE
6205,Sierra 06205,1879,Truper,SI
6206,Sierra 06206,5509,Pretul,0
6207,Tornillo 06207,782,Bosch,NO
6208,Cerradura 06208,8979,Makita,NO
6209,Cerradura 06209,10063,Stanley,1
6210,Sierra 06210,8061,Makita,SI
6211,Sierra 06211,6860,Pretul,SI
6212,Cerradura 06212,8744,Pretul,0
6213,Cerradura 06213,4062,Makita,FALSE
6214,Cerradura 06214,8719,Total,FALSE
6215,Pulidora 06215,10778,Bosch,1
6216,Martillo 06216,6700,Total,
6217,Reflector 06217,7759,,SI
6218,Martillo 06218,6995,Makita,SI
6219,Cerradura 06219,2745,EPAHome,
6220,Brocha 06220,1865,,1
6221,Cerradura 06221,2679,Stanley,1
6222,Reflector 06222,7023,Total,1
6223,Sierra 06223,10137,Stanley,FALSE
6224,Sierra 06224,721,,FALSE
6225,Reflector 06225,7313,EPAHome,TRUE
6226,Cerradura 06226,7387,,1
6227,Pintura 06227,6445,EPAHome,0
6228,Clavos 06228,4724,Pretul,SI
6229,Clavos 06229,7228,EPAHome,1
6230,Reflector 06230,3229,,
6231,Pulidora 06231,5717,Pretul,FALSE
6232,Clavos 06232,10843,Pretul,FALSE
6233,Cerradura 06233,25,Bosch,1
6234,Pintura 06234,9712,Truper,NO
6235,Sierra 06235,8461,Makita,
6236,Clavos 06236,2091,EPAHome,0
P6237,,5368,,SI
6238,Reflector 06238,10530,Bosch,1
6239,Martillo 06239,5253,Stanley,1
6240,Reflector 06240,2201,Bosch,
6241,Clavos 06241,6547,Pretul,0
6242,Taladro 06242,6723,Total,NO
6243,Cerradura 06243,7570,Makita,
6244,Tornillo 06244,2433,Makita,
6245,Pulidora 06245,6249,Stanley,FALSE
6246,Pulidora 06246,9485,Makita,
6247,Sierra 06247,7627,Makita,1
6248,Sierra 06248,6416,Truper,TRUE
6249,Pintura 06249,5961,Stanley,FALSE
6250,Reflector 06250,409,Truper,
6251,Clavos 06251,5422,Pretul,0
6252,Taladro 06252,1338,Truper,
6253,Taladro 06253,780,Truper,0
6254,Sierra 06254,4315,Stanley,TRUE
6255,Martillo 06255,4361,EPAHome,
6256,Pintura 06256,10440,EPAHome,0
6257,Brocha 06257,8345,Makita,FALSE
6258,Pulidora 06258,1830,Bosch,NO
6259,Cerradura 06259,9891,Makita,FALSE
6260,Martillo 06260,10448,Total,
6261,Clavos 06261,2750,Makita,SI
6262,Cerradura 06262,2966,Total,1
6263,Tornillo 06263,9166,Total,NO
6264,Brocha 06264,1771,Makita,NO
6265,Brocha 06265,8742,EPAHome,TRUE
6266,Sierra 06266,8534,Pretul,1
6267,Martillo 06267,2667,EPAHome,SI
6268,Taladro 06268,7142,Stanley,SI
6269,Martillo 06269,10030,Truper,1
6270,,10839,Truper,
6271,Pulidora 06271,10257,,0
6272,Tornillo 06272,9024,Truper,TRUE
6273,Sierra 06273,3614,Makita,NO
6274,Martillo 06274,1882,Total,NO
6275,Clavos 06275,8978,Bosch,TRUE
6276,Taladro 06276,2411,Pretul,
6277,Brocha 06277,2998,EPAHome,
6278,Clavos 06278,4,Bosch,NO
6279,Brocha 06279,7972,Pretul,1
6280,Brocha 06280,7026,Makita,SI
6281,Brocha 06281,4414,Total,SI
6282,Pintura 06282,2616,Makita,SI
6283,Taladro 06283,5404,EPAHome,0
6284,Martillo 06284,9129,,SI
6285,Cerradura 06285,2170,,1
6286,Tornillo 06286,4529,,NO
6287,Tornillo 06287,1159,Makita,NO
6288,Tornillo 06288,8663,Truper,
6289,Tornillo 06289,8282,Bosch,SI
6290,Reflector 06290,2706,Total,0
6291,Pintura 06291,2680,Total,0
6292,Sierra 06292,8086,EPAHome,0
6293,Pintura 06293,1886,Truper,TRUE
6294,Tornillo 06294,10498,,
6295,Cerradura 06295,5751,Total,1
6296,Taladro 06296,10302,Pretul,0
6297,Reflector 06297,364,Makita,NO
6298,Cerradura 06298,3906,Makita,
6299,Clavos 06299,7067,Pretul,
6300,Clavos 06300,4696,,FALSE
6301,Clavos 06301,6910,,NO
6302,Reflector 06302,6593,,SI
6303,,8612,Pretul,SI
6304,Taladro 06304,2519,EPAHome,NO
6305,Cerradura 06305,8704,Truper,TRUE
6306,Martillo 06306,3028,Total,TRUE
6307,Clavos 06307,6952,Makita,SI
6308,Brocha 06308,1829,Total,FALSE
6309,Cerradura 06309,2843,Pretul,SI
6310,Clavos 06310,2042,,FALSE
6311,Pulidora 06311,9121,Stanley,0
6312,Brocha 06312,9941,,1
6313,Martillo 06313,3542,Stanley,1
P6314,Martillo 06314,5647,Total,0
6315,Clavos 06315,9401,,NO
6316,Clavos 06316,10294,Makita,TRUE
6317,Cerradura 06317,7251,Bosch,TRUE
6318,Cerradura 06318,7477,Pretul,TRUE
6319,Martillo 06319,6005,Truper,0
6320,Cerradura 06320,4832,Stanley,
6321,Reflector 06321,130,Stanley,TRUE
6322,Clavos 06322,4501,Bosch,SI
6323,Tornillo 06323,7313,Pretul,1
6324,Reflector 06324,1708,Truper,
6325,Clavos 06325,4266,,
6326,Martillo 06326,5351,Truper,SI
6327,Pulidora 06327,6249,Bosch,NO
6328,Tornillo 06328,4339,Stanley,0
6329,Sierra 06329,3020,,1
6330,Pintura 06330,6947,Pretul,FALSE
6331,Tornillo 06331,3582,Pretul,0
6332,Pulidora 06332,5022,EPAHome,SI
6333,Martillo 06333,9597,Truper,1
6334,Cerradura 06334,1024,EPAHome,NO
6335,Reflector 06335,9535,Pretul,0
6336,,6575,Total,
6337,Clavos 06337,3342,EPAHome,1
6338,Taladro 06338,7800,Stanley,TRUE
6339,Sierra 06339,9273,Makita,1
6340,Sierra 06340,2995,Bosch,
6341,Pulidora 06341,9647,Makita,TRUE
6342,Pintura 06342,8111,Makita,FALSE
6343,Clavos 06343,6367,Pretul,TRUE
6344,Reflector 06344,5081,,NO
6345,Clavos 06345,8365,Total,0
6346,Martillo 06346,8420,EPAHome,FALSE
6347,Taladro 06347,9232,Truper,
6348,Clavos 06348,8674,EPAHome,SI
6349,Martillo 06349,4969,EPAHome,NO
6350,Reflector 06350,260,Bosch,0
6351,Pintura 06351,2575,Truper,SI
6352,Reflector 06352,8746,Makita,1
6353,Taladro 06353,7466,Makita,NO
6354,Reflector 06354,6070,Pretul,NO
6355,Pulidora 06355,ABC,Makita,NO
6356,Martillo 06356,1532,Makita,1
6357,Pintura 06357,4054,Truper,SI
6358,Clavos 06358,4709,Truper,0
6359,Brocha 06359,1548,,0
6360,Taladro 06360,6266,Pretul,NO
6361,Cerradura 06361,4904,EPAHome,0
6362,Reflector 06362,5209,,1
6363,Brocha 06363,3487,,
6364,Sierra 06364,3238,EPAHome,FALSE
6365,Taladro 06365,8745,,TRUE
6366,Brocha 06366,4206,Bosch,0
6367,Brocha 06367,8463,EPAHome,SI
6368,Taladro 06368,3233,Stanley,TRUE
6369,,6409,Makita,FALSE
6370,Clavos 06370,10318,Makita,
6371,Pintura 06371,792,Makita,SI
6372,Martillo 06372,6523,Makita,
6373,Brocha 06373,10761,Makita,FALSE
6374,Cerradura 06374,376,Stanley,0
6375,Brocha 06375,2378,,
6376,Martillo 06376,219,Stanley,FALSE
6377,Cerradura 06377,4855,EPAHome,NO
6378,Brocha 06378,13,Truper,TRUE
6379,Sierra 06379,2618,Truper,
6380,Pulidora 06380,1709,Stanley,TRUE
6381,Tornillo 06381,4683,Truper,SI
6382,Sierra 06382,3019,Makita,SI
6383,Clavos 06383,6851,Total,0
6384,Martillo 06384,10808,EPAHome,0
6385,Martillo 06385,8129,,
6386,Cerradura 06386,2082,Bosch,1
6387,Pulidora 06387,9820,Bosch,FALSE
6388,Clavos 06388,1723,EPAHome,TRUE
6389,Cerradura 06389,3288,Stanley,0
6390,Martillo 06390,8512,Stanley,TRUE
P6391,Sierra 06391,9945,Pretul,SI
6392,Cerradura 06392,1727,Pretul,0
6393,Pulidora 06393,2147,EPAHome,NO
6394,Pulidora 06394,8807,,
6395,Martillo 06395,3785,Total,0
6396,Reflector 06396,8338,Stanley,SI
6397,Brocha 06397,10061,Bosch,
6398,Cerradura 06398,3084,,1
6399,Clavos 06399,6602,Stanley,0
6400,Pulidora 06400,6312,Pretul,0
6401,Brocha 06401,7141,,
6402,,1323,Total,NO
6403,Tornillo 06403,8458,Total,0
6404,Cerradura 06404,3619,Stanley,FALSE
6405,Tornillo 06405,6261,EPAHome,TRUE
6406,Reflector 06406,2146,Truper,NO
6407,Cerradura 06407,9131,,NO
6408,Pintura 06408,452,Stanley,0
6409,Cerradura 06409,7121,Stanley,0
6410,Reflector 06410,957,Pretul,0
6411,Cerradura 06411,1553,,0
6412,Pintura 06412,2434,Makita,0
6413,Brocha 06413,7034,Stanley,1
6414,Clavos 06414,3683,,1
6415,Martillo 06415,634,Bosch,1
6416,Brocha 06416,705,Stanley,FALSE
6417,Tornillo 06417,5782,EPAHome,FALSE
6418,Pulidora 06418,460,Stanley,SI
6419,Sierra 06419,2858,Bosch,1
6420,Tornillo 06420,1524,,NO
6421,Tornillo 06421,4936,EPAHome,NO
6422,Cerradura 06422,1307,Truper,NO
6423,Pulidora 06423,5063,Total,NO
6424,Reflector 06424,2528,Stanley,1
6425,Reflector 06425,5015,Makita,TRUE
6426,Sierra 06426,5829,Pretul,SI
6427,Clavos 06427,1760,EPAHome,SI
6428,Reflector 06428,2915,Stanley,SI
6429,Martillo 06429,9839,Truper,
6430,Brocha 06430,10749,Truper,
6431,Pintura 06431,6468,Stanley,FALSE
6432,Pulidora 06432,9057,Truper,TRUE
6433,Tornillo 06433,5705,Total,TRUE
6434,Tornillo 06434,1198,,
6435,,8207,Makita,TRUE
6436,Reflector 06436,5862,Makita,FALSE
6437,Martillo 06437,9143,,NO
6438,Brocha 06438,8466,,0
6439,Taladro 06439,6241,Stanley,0
6440,Brocha 06440,6559,Pretul,SI
6441,Tornillo 06441,8173,Total,1
6442,Cerradura 06442,2420,EPAHome,NO
6443,Brocha 06443,8269,,
6444,Brocha 06444,3720,Bosch,SI
6445,Cerradura 06445,9481,Makita,NO
6446,Clavos 06446,273,Truper,SI
6447,Sierra 06447,9839,Pretul,1
6448,Cerradura 06448,4866,Makita,SI
6449,Cerradura 06449,6141,Makita,0
6450,Taladro 06450,5710,Pretul,FALSE
6451,Taladro 06451,8008,Makita,SI
6452,Martillo 06452,10753,Stanley,0
6453,Taladro 06453,3487,Total,SI
6454,Brocha 06454,5984,Total,FALSE
6455,Cerradura 06455,7502,Total,NO
6456,Brocha 06456,3275,EPAHome,0
6457,Clavos 06457,4588,Truper,0
6458,Martillo 06458,2216,Makita,0
6459,Clavos 06459,9850,Total,TRUE
6460,Cerradura 06460,5051,Truper,FALSE
6461,Pintura 06461,8444,,SI
6462,Pulidora 06462,8441,Pretul,0
6463,Reflector 06463,2653,Pretul,FALSE
6464,Reflector 06464,1617,,FALSE
6465,Cerradura 06465,1846,Truper,0
6466,Brocha 06466,4418,,
6467,Brocha 06467,5027,Truper,TRUE
P6468,,1622,Stanley,
6469,Clavos 06469,9640,Bosch,SI
6470,Reflector 06470,2717,Total,SI
6471,Pintura 06471,10589,Pretul,NO
6472,Cerradura 06472,9488,Truper,1
6473,Taladro 06473,5368,Stanley,
6474,Brocha 06474,10024,Pretul,FALSE
6475,Reflector 06475,2412,Stanley,TRUE
6476,Pintura 06476,6608,Bosch,NO
6477,Pintura 06477,7753,Truper,FALSE
6478,Taladro 06478,2820,Truper,0
6479,Pintura 06479,8871,Stanley,
6480,Tornillo 06480,8294,Total,
6481,Pulidora 06481,8107,Stanley,SI
6482,Sierra 06482,10109,Bosch,TRUE
6483,Reflector 06483,6962,Makita,TRUE
6484,Clavos 06484,5701,EPAHome,SI
6485,Tornillo 06485,4942,Total,1
6486,Pulidora 06486,6699,Pretul,NO
6487,Martillo 06487,1266,Bosch,0
6488,Tornillo 06488,6028,Truper,
6489,Cerradura 06489,10335,Total,
6490,Martillo 06490,10297,,
6491,Tornillo 06491,1272,Total,0
6492,Taladro 06492,7652,Makita,NO
6493,Taladro 06493,4672,Bosch,0
6494,Tornillo 06494,3406,Pretul,FALSE
6495,Sierra 06495,5980,Bosch,0
6496,Pulidora 06496,435,Pretul,
6497,Martillo 06497,10718,Pretul,
6498,Pulidora 06498,3232,Makita,
6499,Clavos 06499,767,,FALSE
6500,Tornillo 06500,1561,Bosch,TRUE
6500,Tornillo 06500,1561,Bosch,TRUE
6501,,1417,Truper,SI
6502,Martillo 06502,9249,EPAHome,0
6503,Martillo 06503,6152,Truper,FALSE
6504,Pulidora 06504,4559,Makita,0
6505,Tornillo 06505,5866,EPAHome,FALSE
6506,Clavos 06506,6500,Pretul,SI
6507,Martillo 06507,9842,Bosch,NO
6508,Taladro 06508,825,Pretul,FALSE
6509,Taladro 06509,5978,Stanley,SI
6510,Cerradura 06510,6906,,FALSE
6511,Cerradura 06511,3442,Total,
6512,Martillo 06512,8885,Stanley,
6513,Brocha 06513,8182,Bosch,NO
6514,Martillo 06514,2183,Pretul,TRUE
6515,Pulidora 06515,6897,EPAHome,0
6516,Cerradura 06516,3908,EPAHome,SI
6517,Reflector 06517,1711,Makita,1
6518,Martillo 06518,10460,Bosch,FALSE
6519,Reflector 06519,376,Truper,SI
6520,Martillo 06520,5077,Stanley,SI
6521,Martillo 06521,2678,,
6522,Brocha 06522,6523,,FALSE
6523,Reflector 06523,4120,Total,SI
6524,Brocha 06524,10457,Truper,FALSE
6525,Clavos 06525,9129,EPAHome,SI
6526,Tornillo 06526,9585,Pretul,
6527,Clavos 06527,8751,Total,0
6528,Tornillo 06528,10573,Makita,0
6529,Pintura 06529,4070,Truper,NO
6530,Tornillo 06530,1948,Truper,0
6531,Pintura 06531,1862,Stanley,NO
6532,Pintura 06532,7597,Stanley,0
6533,Martillo 06533,8789,Bosch,1
6534,,4631,EPAHome,
6535,Brocha 06535,2471,,TRUE
6536,Cerradura 06536,5058,,FALSE
6537,Reflector 06537,925,Truper,0
6538,Martillo 06538,5486,Total,TRUE
6539,Sierra 06539,9731,Pretul,FALSE
6540,Pulidora 06540,7460,Pretul,FALSE
6541,Pintura 06541,10691,Pretul,TRUE
6542,Martillo 06542,9804,Stanley,FALSE
6543,Taladro 06543,7889,Stanley,0
6544,Sierra 06544,9927,Stanley,TRUE
P6545,Taladro 06545,8646,Truper,TRUE
6546,Reflector 06546,6903,Makita,SI
6547,Reflector 06547,8771,Makita,
6548,Reflector 06548,9167,EPAHome,FALSE
6549,Clavos 06549,4602,Bosch,0
6550,Pulidora 06550,172,Stanley,SI
6551,Tornillo 06551,5832,Bosch,FALSE
6552,Clavos 06552,234,Stanley,NO
6553,Sierra 06553,2068,Makita,NO
6554,Clavos 06554,3652,EPAHome,0
6555,Pintura 06555,5395,,1
6556,Tornillo 06556,2276,Bosch,0
6557,Pulidora 06557,8630,EPAHome,
6558,Brocha 06558,8582,Bosch,0
6559,Pulidora 06559,6962,Truper,1
6560,Reflector 06560,ABC,,
6561,Cerradura 06561,5135,Pretul,1
6562,Taladro 06562,9422,Stanley,1
6563,Sierra 06563,3617,Total,SI
6564,Brocha 06564,1607,EPAHome,0
6565,Pintura 06565,3998,EPAHome,FALSE
6566,Taladro 06566,1874,Bosch,NO
6567,,4717,Bosch,TRUE
6568,Sierra 06568,3138,,TRUE
6569,Pintura 06569,5115,Bosch,1
6570,Pintura 06570,4812,EPAHome,
6571,Clavos 06571,7840,Makita,
6572,Cerradura 06572,9155,Bosch,
6573,Pulidora 06573,10436,Bosch,SI
6574,Sierra 06574,6181,Truper,NO
6575,Pulidora 06575,5920,EPAHome,TRUE
6576,Pintura 06576,9128,Stanley,FALSE
6577,Tornillo 06577,10178,Total,
6578,Clavos 06578,8684,Truper,NO
6579,Martillo 06579,1278,EPAHome,0
6580,Clavos 06580,6288,Total,1
6581,Clavos 06581,3984,Pretul,FALSE
6582,Tornillo 06582,10188,Bosch,1
6583,Martillo 06583,6729,Pretul,FALSE
6584,Clavos 06584,1726,,TRUE
6585,Pulidora 06585,1601,Total,
6586,Martillo 06586,10168,Pretul,0
6587,Martillo 06587,9545,Total,
6588,Tornillo 06588,989,Makita,TRUE
6589,Tornillo 06589,7322,,0
6590,Tornillo 06590,8699,Truper,0
6591,Brocha 06591,8780,Truper,0
6592,Martillo 06592,5814,Stanley,NO
6593,Taladro 06593,9661,Truper,0
6594,Tornillo 06594,8341,Total,1
6595,Tornillo 06595,679,Makita,1
6596,Reflector 06596,1049,Pretul,1
6597,Sierra 06597,3852,Makita,1
6598,Reflector 06598,1546,Total,SI
6599,Clavos 06599,7050,Makita,0
6600,,5773,Total,FALSE
6601,Taladro 06601,3666,Pretul,1
6602,Clavos 06602,4692,Stanley,TRUE
6603,Taladro 06603,10748,Pretul,1
6604,Cerradura 06604,9812,Truper,
6605,Taladro 06605,10411,Makita,
6606,Martillo 06606,9108,Truper,1
6607,Sierra 06607,8517,,SI
6608,Cerradura 06608,2535,Bosch,NO
6609,Pulidora 06609,5265,Makita,SI
6610,Pulidora 06610,3219,,NO
6611,Reflector 06611,6577,,NO
6612,Tornillo 06612,9876,Total,TRUE
6613,Clavos 06613,1686,Pretul,FALSE
6614,Clavos 06614,8413,Total,TRUE
6615,Sierra 06615,4886,Total,TRUE
6616,Pintura 06616,5944,,1
6617,Taladro 06617,2781,Bosch,0
6618,Sierra 06618,6192,Stanley,TRUE
6619,Cerradura 06619,7510,Bosch,SI
6620,Tornillo 06620,7271,,
6621,Cerradura 06621,5787,Makita,NO
P6622,Pintura 06622,3518,Total,
6623,Tornillo 06623,563,EPAHome,NO
6624,Sierra 06624,1244,Bosch,NO
6625,Reflector 06625,7793,EPAHome,SI
6626,Reflector 06626,6324,Pretul,TRUE
6627,Martillo 06627,7185,Stanley,SI
6628,Cerradura 06628,8094,Pretul,TRUE
6629,Pintura 06629,1832,Truper,1
6630,Taladro 06630,4617,Makita,
6631,Brocha 06631,8111,EPAHome,0
6632,Taladro 06632,5407,Bosch,TRUE
6633,,2149,Pretul,TRUE
6634,Brocha 06634,5632,,
6635,Reflector 06635,4442,Stanley,SI
6636,Clavos 06636,8816,Bosch,1
6637,Pulidora 06637,5232,Pretul,1
6638,Clavos 06638,2043,Total,NO
6639,Pintura 06639,1197,Bosch,SI
6640,Brocha 06640,1283,Truper,FALSE
6641,Sierra 06641,3424,Bosch,1
6642,Pulidora 06642,7642,Makita,TRUE
6643,Pulidora 06643,4216,Total,FALSE
6644,Sierra 06644,6308,Bosch,1
6645,Sierra 06645,8150,Makita,TRUE
6646,Cerradura 06646,5723,Truper,SI
6647,Pintura 06647,10606,EPAHome,1
6648,Martillo 06648,6724,Pretul,FALSE
6649,Sierra 06649,6328,EPAHome,NO
6650,Martillo 06650,1576,Makita,SI
6651,Cerradura 06651,8146,EPAHome,SI
6652,Brocha 06652,3098,EPAHome,
6653,Brocha 06653,3880,Truper,0
6654,Cerradura 06654,6453,,
6655,Reflector 06655,759,,0
6656,Pulidora 06656,10249,EPAHome,1
6657,Brocha 06657,273,Total,0
6658,Pulidora 06658,7121,Stanley,TRUE
6659,Pulidora 06659,1609,EPAHome,
6660,Pintura 06660,7031,,1
6661,Clavos 06661,7090,EPAHome,SI
6662,Clavos 06662,8795,Stanley,1
6663,Tornillo 06663,7574,,0
6664,Clavos 06664,7813,Makita,NO
6665,Taladro 06665,7245,Truper,FALSE
6666,,5955,Stanley,NO
6667,Tornillo 06667,5425,EPAHome,TRUE
6668,Pintura 06668,8598,Truper,SI
6669,Brocha 06669,1365,Bosch,1
6670,Martillo 06670,539,EPAHome,FALSE
6671,Clavos 06671,1414,Stanley,FALSE
6672,Cerradura 06672,2814,Truper,0
6673,Tornillo 06673,1901,Bosch,
6674,Taladro 06674,1973,EPAHome,0
6675,Pintura 06675,1955,Pretul,0
6676,Sierra 06676,6052,Bosch,FALSE
6677,Pulidora 06677,3032,Bosch,TRUE
6678,Pulidora 06678,1101,Makita,0
6679,Pintura 06679,6622,Truper,NO
6680,Pulidora 06680,3763,Pretul,0
6681,Pintura 06681,7186,EPAHome,SI
6682,Cerradura 06682,5569,,
6683,Cerradura 06683,656,Truper,0
6684,Sierra 06684,9620,Makita,0
6685,Taladro 06685,2539,Pretul,0
6686,Martillo 06686,6420,Pretul,1
6687,Brocha 06687,10188,Bosch,FALSE
6688,Reflector 06688,1145,Bosch,SI
6689,Reflector 06689,1007,Makita,TRUE
6690,Reflector 06690,759,Truper,SI
6691,Taladro 06691,9232,Stanley,1
6692,Brocha 06692,2987,,FALSE
6693,Brocha 06693,6297,Stanley,
6694,Tornillo 06694,8443,Total,1
6695,Taladro 06695,4804,Bosch,
6696,Pulidora 06696,9861,Total,FALSE
6697,Sierra 06697,1768,EPAHome,SI
6698,Taladro 06698,9891,Makita,0
P6699,,2635,Stanley,
6700,Tornillo 06700,8315,Bosch,SI
6701,Pintura 06701,4981,Makita,1
6702,Reflector 06702,8079,Stanley,TRUE
6703,Cerradura 06703,10323,Makita,0
6704,Sierra 06704,10543,,SI
6705,Reflector 06705,5032,Pretul,NO
6706,Clavos 06706,6971,Total,FALSE
6707,Martillo 06707,5888,Bosch,SI
6708,Tornillo 06708,9750,Stanley,SI
6709,Martillo 06709,5642,Total,0
6710,Brocha 06710,3651,,0
6711,Reflector 06711,1321,Stanley,SI
6712,Taladro 06712,7355,Stanley,0
6713,Clavos 06713,4151,Pretul,0
6714,Tornillo 06714,1424,EPAHome,NO
6715,Pulidora 06715,3979,EPAHome,TRUE
6716,Taladro 06716,3762,Truper,TRUE
6717,Taladro 06717,7921,Pretul,FALSE
6718,Clavos 06718,7158,Truper,NO
6719,Clavos 06719,2095,Makita,TRUE
6720,Clavos 06720,6230,Truper,1
6721,Brocha 06721,2194,Total,SI
6722,Brocha 06722,8248,Total,
6723,Taladro 06723,2739,Pretul,0
6724,Tornillo 06724,3806,Total,1
6725,Reflector 06725,2498,Total,NO
6726,Sierra 06726,3973,Stanley,
6727,Cerradura 06727,4435,Stanley,NO
6728,Martillo 06728,803,Bosch,TRUE
6729,Taladro 06729,6739,Truper,FALSE
6730,Reflector 06730,4903,Total,FALSE
6731,Tornillo 06731,9663,Pretul,FALSE
6732,,4011,Bosch,SI
6733,Brocha 06733,6698,Makita,0
6734,Pulidora 06734,4729,Pretul,0
6735,Tornillo 06735,7695,EPAHome,FALSE
6736,Taladro 06736,6738,Pretul,1
6737,Clavos 06737,3622,Makita,TRUE
6738,Tornillo 06738,6143,Total,TRUE
6739,Pulidora 06739,10726,Bosch,FALSE
6740,Brocha 06740,7649,,0
6741,Taladro 06741,4531,EPAHome,1
6742,Tornillo 06742,10587,EPAHome,
6743,Pulidora 06743,46,Pretul,
6744,Taladro 06744,805,Stanley,SI
6745,Clavos 06745,8374,EPAHome,
6746,Sierra 06746,927,Total,FALSE
6747,Pintura 06747,8311,Pretul,
6748,Pintura 06748,9387,Stanley,
6749,Pintura 06749,4533,Pretul,TRUE
6750,Sierra 06750,10523,Bosch,SI
6751,Clavos 06751,9640,Bosch,FALSE
6752,Sierra 06752,5229,Total,FALSE
6753,Cerradura 06753,5239,Total,FALSE
6754,Pintura 06754,977,EPAHome,NO
6755,Cerradura 06755,210,Stanley,TRUE
6756,Reflector 06756,7528,Stanley,NO
6757,Taladro 06757,1069,Truper,
6758,Tornillo 06758,1054,Bosch,
6759,Cerradura 06759,4482,Truper,FALSE
6760,Pintura 06760,9184,EPAHome,0
6761,Sierra 06761,8103,EPAHome,SI
6762,Taladro 06762,4185,EPAHome,0
6763,Pulidora 06763,8731,EPAHome,
6764,Pulidora 06764,8105,Pretul,NO
6765,,ABC,Total,NO
6766,Reflector 06766,8182,Truper,TRUE
6767,Pintura 06767,4348,,SI
6768,Clavos 06768,6302,Bosch,FALSE
6769,Clavos 06769,4032,Truper,0
6770,Tornillo 06770,10533,Truper,0
6771,Brocha 06771,3643,Truper,NO
6772,Sierra 06772,9117,Stanley,1
6773,Clavos 06773,3490,Stanley,
6774,Tornillo 06774,8150,Pretul,SI
6775,Pulidora 06775,3876,Bosch,0
P6776,Pintura 06776,10021,Stanley,FALSE
6777,Reflector 06777,7408,Pretul,SI
6778,Tornillo 06778,5592,Stanley,SI
6779,Martillo 06779,9247,Truper,0
6780,Tornillo 06780,1160,EPAHome,
6781,Tornillo 06781,2740,Bosch,FALSE
6782,Clavos 06782,8617,Pretul,
6783,Martillo 06783,8282,Pretul,FALSE
6784,Pulidora 06784,5756,Truper,NO
6785,Cerradura 06785,4214,Stanley,TRUE
6786,Pulidora 06786,9394,Truper,1
6787,Taladro 06787,1955,Stanley,0
6788,Martillo 06788,9880,Bosch,FALSE
6789,Reflector 06789,2310,Bosch,FALSE
6790,Brocha 06790,6781,Stanley,TRUE
6791,Sierra 06791,4439,,TRUE
6792,Cerradura 06792,2985,,SI
6793,Pintura 06793,10352,Stanley,0
6794,Pulidora 06794,3533,EPAHome,
6795,Tornillo 06795,74,EPAHome,FALSE
6796,Pulidora 06796,10066,Stanley,FALSE
6797,Martillo 06797,5336,Bosch,1
6798,,4248,EPAHome,TRUE
6799,Tornillo 06799,9438,EPAHome,SI
6800,Brocha 06800,1012,Stanley,1
6801,Reflector 06801,1560,EPAHome,1
6802,Cerradura 06802,4650,Stanley,
6803,Sierra 06803,3987,Makita,
6804,Pulidora 06804,4713,Truper,FALSE
6805,Taladro 06805,234,Makita,0
6806,Martillo 06806,374,Total,1
6807,Martillo 06807,9614,Stanley,
6808,Reflector 06808,10288,Pretul,FALSE
6809,Martillo 06809,2113,Truper,TRUE
6810,Tornillo 06810,3280,Stanley,
6811,Taladro 06811,10371,Stanley,
6812,Martillo 06812,7560,,NO
6813,Tornillo 06813,9053,Pretul,NO
6814,Pintura 06814,6703,Stanley,1
6815,Tornillo 06815,18,Stanley,0
6816,Cerradura 06816,7120,Truper,SI
6817,Taladro 06817,1072,Truper,TRUE
6818,Pulidora 06818,9683,Makita,TRUE
6819,Martillo 06819,5911,Makita,TRUE
6820,Clavos 06820,2060,Bosch,0
6821,Pintura 06821,3426,Total,FALSE
6822,Cerradura 06822,9475,Total,
6823,Pintura 06823,5860,Bosch,
6824,Taladro 06824,6640,Bosch,
6825,Reflector 06825,3511,Total,SI
6826,Brocha 06826,7735,,0
6827,Reflector 06827,10560,Stanley,
6828,Cerradura 06828,5229,EPAHome,1
6829,Taladro 06829,8804,Makita,1
6830,Cerradura 06830,5739,Total,0
6831,,1411,Truper,1
6832,Tornillo 06832,4406,EPAHome,TRUE
6833,Reflector 06833,1224,Makita,FALSE
6834,Taladro 06834,1168,Stanley,TRUE
6835,Tornillo 06835,4054,Makita,SI
6836,Cerradura 06836,4052,Truper,1
6837,Pulidora 06837,265,Bosch,SI
6838,Clavos 06838,10213,EPAHome,SI
6839,Tornillo 06839,1390,Total,TRUE
6840,Tornillo 06840,9452,,FALSE
6841,Pintura 06841,7065,Stanley,0
6842,Sierra 06842,1187,Bosch,0
6843,Sierra 06843,9046,Total,1
6844,Brocha 06844,3004,Bosch,0
6845,Reflector 06845,4409,,NO
6846,Clavos 06846,6309,Total,TRUE
6847,Reflector 06847,8813,Pretul,
6848,Pulidora 06848,1986,Truper,SI
6849,Brocha 06849,10812,Total,TRUE
6850,Brocha 06850,7102,Pretul,NO
6851,Martillo 06851,8648,Bosch,TRUE
6852,Reflector 06852,9086,Stanley,
P6853,Clavos 06853,3807,Total,1
6854,Pulidora 06854,10664,Bosch,0
6855,Tornillo 06855,5658,EPAHome,
6856,Brocha 06856,2916,Truper,NO
6857,Cerradura 06857,6657,EPAHome,
6858,Taladro 06858,4189,Truper,NO
6859,Taladro 06859,5864,Bosch,NO
6860,Pulidora 06860,6487,Bosch,0
6861,Reflector 06861,10741,Truper,
6862,Sierra 06862,8262,Total,1
6863,Clavos 06863,1693,Stanley,NO
6864,,195,Total,
6865,Pulidora 06865,860,Truper,
6866,Taladro 06866,9581,Makita,1
6867,Martillo 06867,1961,Stanley,NO
6868,Reflector 06868,10217,Makita,SI
6869,Reflector 06869,1743,,1
6870,Brocha 06870,7381,Makita,0
6871,Clavos 06871,3281,Stanley,TRUE
6872,Sierra 06872,5495,Makita,1
6873,Sierra 06873,1124,Truper,SI
6874,Sierra 06874,4628,Truper,TRUE
6875,Clavos 06875,2629,Total,0
6876,Tornillo 06876,10636,Pretul,FALSE
6877,Pintura 06877,7560,Truper,0
6878,Sierra 06878,4408,Truper,1
6879,Brocha 06879,8754,Stanley,
6880,Martillo 06880,7288,Bosch,SI
6881,Taladro 06881,2591,Bosch,FALSE
6882,Pintura 06882,9231,Pretul,0
6883,Reflector 06883,7566,Bosch,SI
6884,Tornillo 06884,10457,Bosch,NO
6885,Taladro 06885,1155,EPAHome,
6886,Martillo 06886,10351,Total,1
6887,Tornillo 06887,8962,Total,0
6888,Sierra 06888,1395,Bosch,SI
6889,Clavos 06889,3863,,1
6890,Taladro 06890,3542,Bosch,TRUE
6891,Brocha 06891,6646,Truper,NO
6892,Pulidora 06892,8301,Stanley,0
6893,Martillo 06893,2792,EPAHome,NO
6894,Taladro 06894,8266,Makita,0
6895,Sierra 06895,4711,Bosch,
6896,Taladro 06896,4931,Total,0
6897,,1533,Bosch,FALSE
6898,Reflector 06898,10642,Truper,0
6899,Brocha 06899,578,EPAHome,
6900,Taladro 06900,542,Total,SI
6901,Brocha 06901,4799,EPAHome,TRUE
6902,Taladro 06902,1812,Bosch,TRUE
6903,Tornillo 06903,9863,Pretul,NO
6904,Reflector 06904,7279,Truper,
6905,Pintura 06905,5861,Total,
6906,Tornillo 06906,315,Pretul,SI
6907,Sierra 06907,8873,Total,FALSE
6908,Taladro 06908,1956,EPAHome,NO
6909,Cerradura 06909,8344,EPAHome,
6910,Pulidora 06910,4300,EPAHome,1
6911,Clavos 06911,10794,Makita,1
6912,Sierra 06912,2578,Bosch,0
6913,Taladro 06913,2860,Makita,FALSE
6914,Cerradura 06914,10069,Makita,1
6915,Pulidora 06915,3056,Truper,NO
6916,Brocha 06916,10672,Stanley,NO
6917,Tornillo 06917,1971,Makita,NO
6918,Reflector 06918,185,Bosch,NO
6919,Cerradura 06919,1511,Pretul,TRUE
6920,Pulidora 06920,5236,Pretul,SI
6921,Sierra 06921,1675,,TRUE
6922,Martillo 06922,7573,Truper,
6923,Pintura 06923,3684,Bosch,0
6924,Tornillo 06924,7836,Bosch,TRUE
6925,Clavos 06925,7748,EPAHome,0
6926,Cerradura 06926,3322,,FALSE
6927,Pintura 06927,10414,EPAHome,SI
6928,Pulidora 06928,863,Bosch,FALSE
6929,Pulidora 06929,8162,Bosch,0
P6930,,2315,Bosch,0
6931,Tornillo 06931,791,Makita,TRUE
6932,Brocha 06932,8676,Total,FALSE
6933,Sierra 06933,3436,Truper,SI
6934,Sierra 06934,2567,Pretul,NO
6935,Sierra 06935,1085,,NO
6936,Sierra 06936,6852,Total,FALSE
6937,Pintura 06937,5584,Total,
6938,Clavos 06938,8266,Stanley,1
6939,Martillo 06939,4096,Pretul,1
6940,Martillo 06940,7767,Makita,TRUE
6941,Brocha 06941,9469,Stanley,0
6942,Martillo 06942,6957,,FALSE
6943,Reflector 06943,2551,Total,
6944,Brocha 06944,6427,,
6945,Reflector 06945,6176,Bosch,SI
6946,Cerradura 06946,6981,Stanley,TRUE
6947,Martillo 06947,9501,Bosch,TRUE
6948,Reflector 06948,4492,Truper,0
6949,Tornillo 06949,6931,Truper,SI
6950,Reflector 06950,6070,,0
6951,Brocha 06951,3830,Bosch,TRUE
6952,Reflector 06952,464,Makita,
6953,Pulidora 06953,6384,,SI
6954,Tornillo 06954,2975,Pretul,NO
6955,Martillo 06955,1983,EPAHome,
6956,Sierra 06956,4050,,FALSE
6957,Taladro 06957,1528,Total,TRUE
6958,Pintura 06958,406,Makita,1
6959,Cerradura 06959,10743,Total,0
6960,Pulidora 06960,6270,Stanley,
6961,Tornillo 06961,7781,Pretul,NO
6962,Cerradura 06962,9054,Bosch,1
6963,,2735,Makita,
6964,Sierra 06964,7538,Makita,NO
6965,Cerradura 06965,9954,Makita,TRUE
6966,Clavos 06966,9568,Stanley,NO
6967,Pulidora 06967,4691,Bosch,FALSE
6968,Martillo 06968,7470,Bosch,SI
6969,Reflector 06969,4089,Stanley,1
6970,Taladro 06970,ABC,Truper,1
6971,Sierra 06971,10824,Total,1
6972,Brocha 06972,6737,Bosch,0
6973,Taladro 06973,5619,Truper,TRUE
6974,Pulidora 06974,2227,Stanley,SI
6975,Reflector 06975,7077,Total,0
6976,Reflector 06976,3661,,SI
6977,Sierra 06977,9334,Bosch,SI
6978,Martillo 06978,6950,EPAHome,0
6979,Tornillo 06979,4161,Truper,NO
6980,Reflector 06980,1330,Pretul,TRUE
6981,Martillo 06981,2030,Makita,
6982,Martillo 06982,7121,Total,TRUE
6983,Reflector 06983,9461,Pretul,0
6984,Sierra 06984,9232,,SI
6985,Clavos 06985,6183,Bosch,NO
6986,Pintura 06986,4852,Total,NO
6987,Cerradura 06987,5276,Pretul,
6988,Tornillo 06988,720,Truper,TRUE
6989,Clavos 06989,10408,Total,TRUE
6990,Pintura 06990,8479,Truper,FALSE
6991,Pulidora 06991,9293,Total,SI
6992,Taladro 06992,9136,,1
6993,Taladro 06993,9058,,
6994,Clavos 06994,2918,Bosch,NO
6995,Reflector 06995,938,Bosch,NO
6996,,646,Truper,1
6997,Pintura 06997,3065,Truper,
6998,Martillo 06998,2012,Total,0
6999,Cerradura 06999,8682,Pretul,SI
7000,Pintura 07000,8862,Total,SI
7000,Pintura 07000,8862,Total,SI
7001,Reflector 07001,8051,Pretul,1
7002,Reflector 07002,8029,Bosch,TRUE
7003,Pintura 07003,4823,Truper,FALSE
7004,Tornillo 07004,2347,Total,
7005,Tornillo 07005,8421,Total,SI
7006,Clavos 07006,4626,,NO
P7007,Cerradura 07007,9197,Makita,1
7008,Pulidora 07008,6332,Truper,1
7009,Sierra 07009,9739,Total,TRUE
7010,Taladro 07010,807,Truper,SI
7011,Pulidora 07011,2423,Bosch,SI
7012,Pintura 07012,6492,Truper,FALSE
7013,Pintura 07013,7075,,0
7014,Pulidora 07014,4223,Truper,1
7015,Pintura 07015,5130,Stanley,
7016,Sierra 07016,6098,Total,SI
7017,Martillo 07017,511,EPAHome,1
7018,Cerradura 07018,9661,Bosch,0
7019,Cerradura 07019,861,Pretul,0
7020,Clavos 07020,10098,EPAHome,0
7021,Pulidora 07021,5923,Bosch,
7022,Tornillo 07022,5201,Stanley,NO
7023,Clavos 07023,4810,Total,TRUE
7024,Sierra 07024,1998,EPAHome,1
7025,Brocha 07025,4300,Pretul,0
7026,Reflector 07026,9755,EPAHome,SI
7027,Pulidora 07027,10222,Pretul,SI
7028,Pulidora 07028,9079,Truper,TRUE
7029,,5433,Makita,NO
7030,Sierra 07030,3358,Total,NO
7031,Tornillo 07031,7963,Makita,NO
7032,Clavos 07032,5402,Bosch,0
7033,Pintura 07033,2320,Makita,FALSE
7034,Taladro 07034,9079,Truper,1
7035,Pintura 07035,1183,EPAHome,FALSE
7036,Cerradura 07036,2191,Bosch,TRUE
7037,Pintura 07037,2692,Bosch,
7038,Taladro 07038,5884,EPAHome,1
7039,Taladro 07039,7321,Stanley,0
7040,Pulidora 07040,448,Stanley,0
7041,Reflector 07041,9340,Bosch,NO
7042,Reflector 07042,3203,Pretul,TRUE
7043,Sierra 07043,10561,Makita,TRUE
7044,Reflector 07044,8301,Makita,
7045,Brocha 07045,8367,,1
7046,Reflector 07046,1381,EPAHome,NO
7047,Cerradura 07047,5704,Bosch,NO
7048,Cerradura 07048,3815,Bosch,NO
7049,Cerradura 07049,10576,Truper,1
7050,Pintura 07050,6932,Bosch,1
7051,Brocha 07051,6510,Pretul,NO
7052,Taladro 07052,996,Makita,TRUE
7053,Clavos 07053,5899,Truper,NO
7054,Martillo 07054,8520,Stanley,SI
7055,Reflector 07055,5269,Pretul,SI
7056,Brocha 07056,4576,EPAHome,SI
7057,Pintura 07057,4818,,
7058,Martillo 07058,3862,EPAHome,0
7059,Clavos 07059,4240,Truper,FALSE
7060,Tornillo 07060,3733,Makita,
7061,Pulidora 07061,2494,Bosch,TRUE
7062,,2678,EPAHome,FALSE
7063,Brocha 07063,4702,EPAHome,TRUE
7064,Pulidora 07064,4064,Pretul,FALSE
7065,Tornillo 07065,6386,Total,FALSE
7066,Reflector 07066,2877,,
7067,Pintura 07067,10784,Bosch,NO
7068,Sierra 07068,2435,Stanley,TRUE
7069,Pintura 07069,10217,,
7070,Sierra 07070,5395,Truper,NO
7071,Sierra 07071,5521,Total,NO
7072,Clavos 07072,10043,Makita,1
7073,Sierra 07073,2154,EPAHome,TRUE
7074,Pulidora 07074,7417,EPAHome,NO
7075,Clavos 07075,3286,Stanley,NO
7076,Martillo 07076,5908,,NO
7077,Clavos 07077,2513,Truper,0
7078,Cerradura 07078,1546,EPAHome,
7079,Brocha 07079,6736,Bosch,1
7080,Pulidora 07080,7978,Truper,
7081,Pulidora 07081,6776,EPAHome,1
7082,Brocha 07082,7579,Stanley,FALSE
7083,Sierra 07083,4771,EPAHome,
P7084,Sierra 07084,8771,,NO
7085,Tornillo 07085,8067,Bosch,
7086,Tornillo 07086,6189,Stanley,SI
7087,Cerradura 07087,3125,Pretul,TRUE
7088,Tornillo 07088,6492,Bosch,
7089,Reflector 07089,9172,Pretul,0
7090,Cerradura 07090,1554,Truper,SI
7091,Clavos 07091,4434,EPAHome,NO
7092,Brocha 07092,5542,,0
7093,Pulidora 07093,8712,Total,TRUE
7094,Reflector 07094,3624,Stanley,1
7095,,4092,Total,1
7096,Pintura 07096,4727,Total,FALSE
7097,Cerradura 07097,2023,Truper,TRUE
7098,Reflector 07098,5129,EPAHome,1
7099,Sierra 07099,5911,Pretul,TRUE
7100,Pintura 07100,5471,Pretul,FALSE
7101,Sierra 07101,2111,EPAHome,
7102,Martillo 07102,7198,Stanley,1
7103,Taladro 07103,2881,,TRUE
7104,Clavos 07104,4038,Truper,SI
7105,Tornillo 07105,8117,Stanley,NO
7106,Reflector 07106,4646,,FALSE
7107,Martillo 07107,9045,Stanley,NO
7108,Sierra 07108,10732,Stanley,FALSE
7109,Pintura 07109,7529,EPAHome,FALSE
7110,Reflector 07110,9090,Makita,SI
7111,Cerradura 07111,2625,Bosch,TRUE
7112,Pulidora 07112,8455,Total,FALSE
7113,Pulidora 07113,4088,Pretul,
7114,Clavos 07114,92,Truper,TRUE
7115,Taladro 07115,3858,,1
7116,Tornillo 07116,3988,Makita,SI
7117,Cerradura 07117,10323,Bosch,0
7118,Martillo 07118,8840,Total,1
7119,Martillo 07119,229,Makita,NO
7120,Pulidora 07120,4795,Pretul,0
7121,Taladro 07121,9828,EPAHome,SI
7122,Pulidora 07122,3737,Makita,
7123,Reflector 07123,9193,Bosch,0
7124,Taladro 07124,3419,Pretul,1
7125,Sierra 07125,10639,Total,FALSE
7126,Brocha 07126,6393,Total,FALSE
7127,Tornillo 07127,9932,,SI
7128,,6198,Makita,SI
7129,Tornillo 07129,8087,Total,NO
7130,Martillo 07130,7995,Bosch,NO
7131,Clavos 07131,6695,Stanley,1
7132,Tornillo 07132,2110,Pretul,NO
7133,Brocha 07133,6931,EPAHome,1
7134,Clavos 07134,3044,Bosch,
7135,Pintura 07135,3839,Truper,SI
7136,Taladro 07136,8711,EPAHome,SI
7137,Tornillo 07137,2066,Truper,SI
7138,Pintura 07138,5533,Truper,1
7139,Brocha 07139,10393,Total,TRUE
7140,Taladro 07140,3066,Makita,0
7141,Tornillo 07141,8917,Truper,NO
7142,Pintura 07142,5410,,TRUE
7143,Martillo 07143,10648,Truper,NO
7144,Cerradura 07144,10304,Total,TRUE
7145,Clavos 07145,5888,Stanley,NO
7146,Martillo 07146,4207,Pretul,NO
7147,Reflector 07147,10669,EPAHome,NO
7148,Brocha 07148,98,Bosch,FALSE
7149,Clavos 07149,1822,Total,FALSE
7150,Martillo 07150,5426,Total,FALSE
7151,Taladro 07151,8404,Bosch,
7152,Martillo 07152,3731,Pretul,0
7153,Pintura 07153,7451,EPAHome,TRUE
7154,Pulidora 07154,944,Bosch,FALSE
7155,Pintura 07155,6965,Bosch,NO
7156,Clavos 07156,146,Total,TRUE
7157,Sierra 07157,9031,Truper,
7158,Pintura 07158,7997,Makita,TRUE
7159,Sierra 07159,1975,Stanley,
7160,Cerradura 07160,1563,EPAHome,FALSE
P7161,,9399,Stanley,
7162,Cerradura 07162,6081,EPAHome,
7163,Sierra 07163,1568,Makita,0
7164,Pulidora 07164,7889,Truper,SI
7165,Clavos 07165,8205,Bosch,SI
7166,Sierra 07166,5336,EPAHome,
7167,Cerradura 07167,671,Pretul,NO
7168,Reflector 07168,3489,Stanley,
7169,Cerradura 07169,2302,Makita,1
7170,Brocha 07170,2019,Truper,1
7171,Martillo 07171,5401,,1
7172,Pulidora 07172,7965,Truper,TRUE
7173,Martillo 07173,9053,Total,
7174,Reflector 07174,7244,Truper,NO
7175,Brocha 07175,ABC,Bosch,1
7176,Cerradura 07176,2005,Makita,TRUE
7177,Clavos 07177,2369,Stanley,TRUE
7178,Taladro 07178,8915,Total,0
7179,Cerradura 07179,2459,EPAHome,1
7180,Reflector 07180,4138,,0
7181,Taladro 07181,4537,Total,0
7182,Cerradura 07182,9552,Makita,0
7183,Reflector 07183,1132,Pretul,
7184,Clavos 07184,9628,Bosch,
7185,Cerradura 07185,2821,Pretul,TRUE
7186,Pulidora 07186,8583,Bosch,NO
7187,Pulidora 07187,8220,Pretul,NO
7188,Pulidora 07188,4457,Truper,NO
7189,Clavos 07189,4268,Pretul,TRUE
7190,Clavos 07190,7308,Pretul,FALSE
7191,Brocha 07191,3463,Pretul,0
7192,Brocha 07192,741,Pretul,NO
7193,Pintura 07193,6235,Bosch,1
7194,,5491,EPAHome,NO
7195,Pulidora 07195,4014,Pretul,FALSE
7196,Martillo 07196,7205,Total,FALSE
7197,Cerradura 07197,6525,Makita,0
7198,Pintura 07198,6298,EPAHome,TRUE
7199,Martillo 07199,6859,EPAHome,FALSE
7200,Pintura 07200,7212,Bosch,TRUE
7201,Taladro 07201,8671,Makita,NO
7202,Reflector 07202,1158,Makita,0
7203,Tornillo 07203,1495,Bosch,
7204,Sierra 07204,1885,Truper,NO
7205,Taladro 07205,9021,EPAHome,NO
7206,Pulidora 07206,3869,Bosch,NO
7207,Clavos 07207,2204,EPAHome,NO
7208,Sierra 07208,2505,Makita,FALSE
7209,Tornillo 07209,8998,Total,1
7210,Martillo 07210,6977,Pretul,1
7211,Taladro 07211,9436,Truper,NO
7212,Pintura 07212,1407,EPAHome,SI
7213,Tornillo 07213,4962,Stanley,0
7214,Taladro 07214,6731,Bosch,0
7215,Brocha 07215,8840,Bosch,FALSE
7216,Tornillo 07216,564,Pretul,SI
7217,Brocha 07217,6262,Pretul,1
7218,Clavos 07218,2918,Makita,SI
7219,Cerradura 07219,6598,Pretul,NO
7220,Clavos 07220,8873,Pretul,TRUE
7221,Martillo 07221,9743,EPAHome,
7222,Tornillo 07222,8102,Truper,NO
7223,Martillo 07223,9644,Total,1
7224,Pintura 07224,10030,Makita,
7225,Reflector 07225,6613,Bosch,
7226,Pintura 07226,7083,EPAHome,SI
7227,,4708,EPAHome,1
7228,Brocha 07228,8019,Total,NO
7229,Martillo 07229,1964,Pretul,FALSE
7230,Pulidora 07230,3686,Truper,NO
7231,Reflector 07231,3300,Bosch,1
7232,Taladro 07232,1282,Makita,0
7233,Pintura 07233,3674,Stanley,
7234,Taladro 07234,9902,,TRUE
7235,Taladro 07235,2929,EPAHome,FALSE
7236,Reflector 07236,8199,Truper,NO
7237,Cerradura 07237,9300,,TRUE
P7238,Brocha 07238,4276,Truper,0
7239,Martillo 07239,1880,Stanley,
7240,Brocha 07240,4171,Bosch,NO
7241,Clavos 07241,5093,Total,TRUE
7242,Cerradura 07242,5791,Bosch,FALSE
7243,Reflector 07243,1979,Bosch,TRUE
7244,Martillo 07244,6891,Bosch,FALSE
7245,Pulidora 07245,8581,Stanley,TRUE
7246,Tornillo 07246,6848,,1
7247,Pulidora 07247,10261,Makita,FALSE
7248,Reflector 07248,6900,EPAHome,1
7249,Tornillo 07249,3457,EPAHome,
7250,Brocha 07250,8911,Pretul,
7251,Tornillo 07251,9112,Stanley,TRUE
7252,Brocha 07252,5178,Total,1
7253,Martillo 07253,4944,Makita,TRUE
7254,Cerradura 07254,10319,EPAHome,FALSE
7255,Pulidora 07255,1379,Makita,
7256,Pulidora 07256,6869,Stanley,NO
7257,Tornillo 07257,8082,Makita,TRUE
7258,Tornillo 07258,4632,Total,SI
7259,Sierra 07259,6786,Bosch,1
7260,,3883,EPAHome,NO
7261,Clavos 07261,6871,Truper,TRUE
7262,Reflector 07262,10458,Pretul,1
7263,Tornillo 07263,8626,,SI
7264,Clavos 07264,5440,Total,FALSE
7265,Clavos 07265,10280,Total,0
7266,Pintura 07266,4103,,SI
7267,Sierra 07267,3379,Truper,SI
7268,Sierra 07268,5154,Makita,1
7269,Cerradura 07269,9932,Makita,SI
7270,Tornillo 07270,2452,Makita,TRUE
7271,Tornillo 07271,3321,,TRUE
7272,Reflector 07272,9288,EPAHome,FALSE
7273,Pulidora 07273,2825,EPAHome,FALSE
7274,Cerradura 07274,919,EPAHome,SI
7275,Reflector 07275,4433,Stanley,1
7276,Pulidora 07276,9439,Makita,SI
7277,Clavos 07277,10552,Truper,TRUE
7278,Taladro 07278,3722,Pretul,1
7279,Pulidora 07279,406,,1
7280,Pintura 07280,10059,Pretul,1
7281,Cerradura 07281,10476,Makita,NO
7282,Sierra 07282,10366,,1
7283,Taladro 07283,4842,Stanley,1
7284,Sierra 07284,4834,,TRUE
7285,Pintura 07285,9297,EPAHome,FALSE
7286,Sierra 07286,10546,Truper,SI
7287,Pulidora 07287,6467,Pretul,1
7288,Tornillo 07288,778,Total,
7289,Brocha 07289,4259,Stanley,NO
7290,Martillo 07290,9569,Stanley,1
7291,Pintura 07291,6235,Pretul,1
7292,Reflector 07292,5548,Makita,NO
7293,,7638,Stanley,FALSE
7294,Pulidora 07294,4115,,TRUE
7295,Clavos 07295,466,EPAHome,TRUE
7296,Tornillo 07296,837,Total,SI
7297,Pulidora 07297,443,EPAHome,FALSE
7298,Taladro 07298,10536,EPAHome,
7299,Sierra 07299,30,Truper,0
7300,Cerradura 07300,4626,Truper,NO
7301,Martillo 07301,10082,Stanley,
7302,Sierra 07302,8700,Truper,TRUE
7303,Clavos 07303,2030,,0
7304,Cerradura 07304,1575,,FALSE
7305,Taladro 07305,3233,,SI
7306,Tornillo 07306,7183,Pretul,SI
7307,Brocha 07307,7625,Total,TRUE
7308,Reflector 07308,2584,Stanley,SI
7309,Martillo 07309,501,Truper,FALSE
7310,Cerradura 07310,5062,EPAHome,1
7311,Pulidora 07311,5821,Pretul,TRUE
7312,Martillo 07312,2241,Makita,TRUE
7313,Martillo 07313,3825,Pretul,
7314,Reflector 07314,3287,,SI
P7315,Brocha 07315,1429,Stanley,
7316,Clavos 07316,5769,Pretul,
7317,Clavos 07317,5098,Truper,SI
7318,Cerradura 07318,6602,Makita,TRUE
7319,Taladro 07319,7353,EPAHome,NO
7320,Pulidora 07320,6175,Bosch,NO
7321,Pintura 07321,4272,Makita,TRUE
7322,Reflector 07322,6678,Makita,0
7323,Taladro 07323,5356,Stanley,0
7324,Clavos 07324,2084,,SI
7325,Tornillo 07325,9897,,SI
7326,,1117,Truper,TRUE
7327,Pintura 07327,688,Bosch,
7328,Tornillo 07328,7659,Bosch,
7329,Brocha 07329,8155,Truper,FALSE
7330,Reflector 07330,2136,Bosch,SI
7331,Pulidora 07331,9108,EPAHome,0
7332,Brocha 07332,8688,Truper,0
7333,Clavos 07333,8167,Total,SI
7334,Tornillo 07334,594,Makita,NO
7335,Cerradura 07335,7380,Makita,FALSE
7336,Tornillo 07336,10520,EPAHome,TRUE
7337,Cerradura 07337,5634,Makita,1
7338,Tornillo 07338,8977,Bosch,
7339,Taladro 07339,145,Stanley,0
7340,Taladro 07340,8398,Makita,
7341,Martillo 07341,9987,EPAHome,NO
7342,Taladro 07342,4461,Pretul,NO
7343,Pulidora 07343,8659,Makita,0
7344,Brocha 07344,5704,EPAHome,TRUE
7345,Tornillo 07345,1377,Pretul,1
7346,Pulidora 07346,8070,EPAHome,SI
7347,Pulidora 07347,7700,Total,FALSE
7348,Pintura 07348,2742,Bosch,NO
7349,Clavos 07349,7146,Makita,SI
7350,Brocha 07350,4108,Pretul,SI
7351,Tornillo 07351,506,Makita,
7352,Tornillo 07352,9911,Total,TRUE
7353,Pintura 07353,5111,,TRUE
7354,Pintura 07354,7229,Pretul,1
7355,Pintura 07355,6507,Truper,FALSE
7356,Taladro 07356,8380,Stanley,TRUE
7357,Clavos 07357,9502,EPAHome,1
7358,Sierra 07358,9743,Stanley,NO
7359,,2404,Total,TRUE
7360,Cerradura 07360,6159,Bosch,NO
7361,Taladro 07361,3548,Truper,NO
7362,Sierra 07362,5920,Truper,TRUE
7363,Pintura 07363,5506,EPAHome,
7364,Taladro 07364,2394,Bosch,1
7365,Pintura 07365,1157,,FALSE
7366,Reflector 07366,4606,Bosch,1
7367,Reflector 07367,7283,Total,TRUE
7368,Sierra 07368,3473,Total,1
7369,Pulidora 07369,5473,Total,0
7370,Pintura 07370,1220,Total,0
7371,Pulidora 07371,9353,Bosch,TRUE
7372,Pulidora 07372,2881,Truper,1
7373,Reflector 07373,9573,Total,0
7374,Clavos 07374,4674,Truper,0
7375,Clavos 07375,755,Bosch,
7376,Reflector 07376,7089,Truper,FALSE
7377,Brocha 07377,7045,,1
7378,Clavos 07378,1115,EPAHome,NO
7379,Sierra 07379,8842,Stanley,
7380,Cerradura 07380,ABC,Pretul,
7381,Taladro 07381,8030,,FALSE
7382,Pulidora 07382,1171,Pretul,TRUE
7383,Pintura 07383,9532,Total,TRUE
7384,Tornillo 07384,190,,1
7385,Pintura 07385,6479,Stanley,
7386,Clavos 07386,881,Truper,NO
7387,Cerradura 07387,1366,Pretul,SI
7388,Taladro 07388,4576,Makita,SI
7389,Pintura 07389,10691,Makita,TRUE
7390,Clavos 07390,958,Truper,0
7391,Pintura 07391,10175,Pretul,TRUE
P7392,,1102,EPAHome,TRUE
7393,Brocha 07393,6340,,NO
7394,Pulidora 07394,10065,Total,1
7395,Tornillo 07395,2305,Makita,FALSE
7396,Martillo 07396,8965,Bosch,FALSE
7397,Pintura 07397,429,Total,FALSE
7398,Reflector 07398,4798,Truper,0
7399,Pulidora 07399,10302,Bosch,0
7400,Tornillo 07400,518,,FALSE
7401,Sierra 07401,7953,Truper,NO
7402,Pulidora 07402,3279,Bosch,SI
7403,Reflector 07403,6682,Stanley,0
7404,Clavos 07404,6735,Stanley,1
7405,Pintura 07405,4765,Pretul,
7406,Pintura 07406,7326,Pretul,FALSE
7407,Pintura 07407,1991,Makita,
7408,Sierra 07408,6031,Truper,1
7409,Brocha 07409,7796,Total,SI
7410,Sierra 07410,7449,Pretul,SI
7411,Reflector 07411,8628,,1
7412,Martillo 07412,483,EPAHome,FALSE
7413,Tornillo 07413,9537,Truper,0
7414,Brocha 07414,10240,Makita,SI
7415,Martillo 07415,4242,,TRUE
7416,Pulidora 07416,10073,EPAHome,TRUE
7417,Pulidora 07417,7718,,SI
7418,Taladro 07418,1383,EPAHome,FALSE
7419,Martillo 07419,1548,Pretul,NO
7420,Pulidora 07420,2751,Bosch,TRUE
7421,Pulidora 07421,2329,Bosch,
7422,Pintura 07422,7882,,NO
7423,Cerradura 07423,1993,,1
7424,Pulidora 07424,3141,Truper,
7425,,4059,Pretul,0
7426,Tornillo 07426,7303,Truper,TRUE
7427,Pintura 07427,1986,,SI
7428,Taladro 07428,9254,Pretul,1
7429,Brocha 07429,4816,Pretul,FALSE
7430,Cerradura 07430,4898,Bosch,1
7431,Cerradura 07431,3251,EPAHome,
7432,Cerradura 07432,2027,Makita,
7433,Reflector 07433,5899,EPAHome,FALSE
7434,Tornillo 07434,10613,Stanley,
7435,Pulidora 07435,1803,EPAHome,FALSE
7436,Pulidora 07436,913,Total,0
7437,Brocha 07437,3730,Makita,NO
7438,Brocha 07438,7326,EPAHome,1
7439,Brocha 07439,10005,Truper,NO
7440,Pintura 07440,1703,Bosch,FALSE
7441,Taladro 07441,7837,Makita,FALSE
7442,Sierra 07442,466,Total,0
7443,Tornillo 07443,147,Stanley,
7444,Sierra 07444,7070,Makita,0
7445,Martillo 07445,10722,Total,SI
7446,Tornillo 07446,7047,Makita,NO
7447,Cerradura 07447,6118,Truper,SI
7448,Reflector 07448,4190,Truper,1
7449,Taladro 07449,8215,,0
7450,Pulidora 07450,3268,Bosch,0
7451,Tornillo 07451,4571,Truper,
7452,Cerradura 07452,27,Bosch,FALSE
7453,Brocha 07453,2635,Truper,1
7454,Martillo 07454,4892,Total,SI
7455,Clavos 07455,2272,EPAHome,TRUE
7456,Cerradura 07456,7675,Makita,FALSE
7457,Sierra 07457,9135,Total,0
7458,,1583,Truper,TRUE
7459,Taladro 07459,6036,Stanley,FALSE
7460,Martillo 07460,4615,Bosch,
7461,Tornillo 07461,6092,Pretul,FALSE
7462,Reflector 07462,10356,,SI
7463,Brocha 07463,7800,Stanley,SI
7464,Martillo 07464,761,Pretul,NO
7465,Brocha 07465,2328,Pretul,NO
7466,Martillo 07466,4115,Bosch,1
7467,Reflector 07467,8354,Pretul,
7468,Brocha 07468,3558,Bosch,TRUE
P7469,Reflector 07469,3510,Makita,1
7470,Tornillo 07470,10247,Stanley,1
7471,Tornillo 07471,2238,EPAHome,SI
7472,Cerradura 07472,7904,Total,
7473,Sierra 07473,2007,Bosch,TRUE
7474,Sierra 07474,5710,Stanley,TRUE
7475,Taladro 07475,6506,Total,
7476,Sierra 07476,8780,,
7477,Pulidora 07477,2560,,0
7478,Pintura 07478,6836,Stanley,NO
7479,Pintura 07479,2760,Truper,FALSE
7480,Sierra 07480,2417,Truper,
7481,Pintura 07481,3243,Pretul,
7482,Tornillo 07482,8640,Total,FALSE
7483,Pulidora 07483,1994,Truper,
7484,Reflector 07484,7228,Bosch,SI
7485,Pulidora 07485,10771,EPAHome,TRUE
7486,Brocha 07486,5043,Bosch,0
7487,Reflector 07487,5436,Total,0
7488,Pintura 07488,5145,,FALSE
7489,Pintura 07489,8900,Makita,1
7490,Pulidora 07490,6748,EPAHome,
7491,,7450,Truper,NO
7492,Sierra 07492,4698,Bosch,1
7493,Clavos 07493,1592,Bosch,FALSE
7494,Tornillo 07494,4895,Stanley,
7495,Reflector 07495,10242,Total,FALSE
7496,Reflector 07496,4024,Bosch,TRUE
7497,Pintura 07497,9658,EPAHome,0
7498,Clavos 07498,1940,Stanley,TRUE
7499,Martillo 07499,8527,Total,
7500,Clavos 07500,3780,Stanley,1
7500,Clavos 07500,3780,Stanley,1
7501,Pintura 07501,5408,Truper,FALSE
7502,Reflector 07502,9605,Stanley,NO
7503,Tornillo 07503,3353,Pretul,FALSE
7504,Brocha 07504,10436,Total,0
7505,Clavos 07505,8450,Bosch,0
7506,Sierra 07506,2700,Total,SI
7507,Martillo 07507,7164,EPAHome,1
7508,Brocha 07508,3233,Bosch,FALSE
7509,Martillo 07509,10068,,1
7510,Brocha 07510,7797,Stanley,NO
7511,Clavos 07511,9542,Total,
7512,Cerradura 07512,5473,EPAHome,0
7513,Reflector 07513,8770,Truper,0
7514,Tornillo 07514,5061,Pretul,1
7515,Sierra 07515,2404,,FALSE
7516,Pulidora 07516,869,Truper,
7517,Brocha 07517,3425,Truper,NO
7518,Sierra 07518,853,Pretul,1
7519,Clavos 07519,4090,Stanley,NO
7520,Pintura 07520,5876,EPAHome,1
7521,Pulidora 07521,8628,Pretul,FALSE
7522,Taladro 07522,8344,Makita,
7523,Pulidora 07523,4909,Makita,SI
7524,,3034,Stanley,NO
7525,Pulidora 07525,6165,Pretul,1
7526,Sierra 07526,4718,Truper,SI
7527,Pulidora 07527,1801,Makita,0
7528,Martillo 07528,5755,Truper,1
7529,Taladro 07529,7215,,NO
7530,Brocha 07530,9752,EPAHome,1
7531,Taladro 07531,9467,Total,1
7532,Pintura 07532,679,Truper,0
7533,Brocha 07533,2385,Truper,0
7534,Reflector 07534,8398,Makita,NO
7535,Sierra 07535,4079,Pretul,NO
7536,Tornillo 07536,1777,Bosch,1
7537,Pintura 07537,8216,,0
7538,Reflector 07538,7849,Truper,
7539,Sierra 07539,9010,EPAHome,
7540,Sierra 07540,5226,EPAHome,SI
7541,Brocha 07541,10366,,NO
7542,Brocha 07542,10577,,NO
7543,Taladro 07543,6100,,NO
7544,Reflector 07544,8060,Total,FALSE
7545,Tornillo 07545,7890,Truper,FALSE
P7546,Martillo 07546,7493,Total,SI
7547,Reflector 07547,5440,Truper,NO
7548,Tornillo 07548,10185,Total,TRUE
7549,Taladro 07549,4410,Truper,1
7550,Clavos 07550,3975,Truper,NO
7551,Reflector 07551,9156,Pretul,SI
7552,Pintura 07552,561,Pretul,1
7553,Pintura 07553,5844,,
7554,Brocha 07554,1999,EPAHome,NO
7555,Tornillo 07555,1830,,1
7556,Pulidora 07556,5149,EPAHome,FALSE
7557,,5533,Pretul,
7558,Clavos 07558,10328,Makita,
7559,Reflector 07559,9681,Bosch,1
7560,Brocha 07560,3156,Bosch,NO
7561,Pintura 07561,9982,Bosch,FALSE
7562,Taladro 07562,6889,Bosch,NO
7563,Brocha 07563,2818,Total,TRUE
7564,Sierra 07564,8394,Stanley,SI
7565,Taladro 07565,9569,,SI
7566,Martillo 07566,4658,Total,SI
7567,Reflector 07567,2178,Total,
7568,Clavos 07568,1101,,SI
7569,Pintura 07569,4232,Makita,FALSE
7570,Martillo 07570,9229,,NO
7571,Clavos 07571,8875,Stanley,
7572,Pintura 07572,4152,EPAHome,0
7573,Brocha 07573,4386,Bosch,NO
7574,Clavos 07574,8708,,NO
7575,Pintura 07575,312,Total,
7576,Brocha 07576,7574,Total,
7577,Reflector 07577,1525,EPAHome,FALSE
7578,Pulidora 07578,10691,Total,0
7579,Taladro 07579,2244,Bosch,TRUE
7580,Cerradura 07580,9034,EPAHome,0
7581,Clavos 07581,1665,Stanley,0
7582,Martillo 07582,7668,Makita,SI
7583,Martillo 07583,10220,EPAHome,FALSE
7584,Taladro 07584,3293,Makita,0
7585,Pintura 07585,ABC,EPAHome,SI
7586,Cerradura 07586,6792,Pretul,SI
7587,Brocha 07587,8870,EPAHome,NO
7588,Taladro 07588,5988,Stanley,SI
7589,Brocha 07589,8376,Bosch,1
7590,,4974,EPAHome,1
7591,Brocha 07591,8845,Stanley,0
7592,Brocha 07592,5264,Makita,SI
7593,Brocha 07593,1597,Total,0
7594,Reflector 07594,1641,EPAHome,1
7595,Taladro 07595,3236,Bosch,
7596,Pulidora 07596,9731,Truper,TRUE
7597,Brocha 07597,8464,,NO
7598,Pulidora 07598,3178,Total,
7599,Sierra 07599,7417,Makita,0
7600,Sierra 07600,1947,Pretul,NO
7601,Clavos 07601,9097,Stanley,
7602,Cerradura 07602,8473,Makita,FALSE
7603,Taladro 07603,924,Total,0
7604,Pintura 07604,8444,Total,SI
7605,Sierra 07605,1754,Makita,FALSE
7606,Cerradura 07606,8053,Stanley,FALSE
7607,Taladro 07607,7090,Pretul,
7608,Martillo 07608,1268,Pretul,FALSE
7609,Sierra 07609,5666,Makita,TRUE
7610,Pulidora 07610,1461,Total,TRUE
7611,Sierra 07611,9206,Makita,
7612,Pintura 07612,9457,Stanley,
7613,Pintura 07613,1885,Total,1
7614,Pulidora 07614,6086,Total,TRUE
7615,Pulidora 07615,6580,Makita,FALSE
7616,Martillo 07616,6532,EPAHome,1
7617,Pulidora 07617,8257,EPAHome,1
7618,Cerradura 07618,3394,Bosch,0
7619,Martillo 07619,888,EPAHome,
7620,Cerradura 07620,6537,Pretul,
7621,Taladro 07621,35,Pretul,FALSE
7622,Martillo 07622,4891,Bosch,FALSE
P7623,,6193,Total,
7624,Tornillo 07624,6219,Pretul,FALSE
7625,Cerradura 07625,3933,Total,NO
7626,Pintura 07626,2999,,SI
7627,Taladro 07627,8832,Stanley,1
7628,Brocha 07628,7538,Truper,TRUE
7629,Taladro 07629,6859,Bosch,0
7630,Clavos 07630,9232,Truper,TRUE
7631,Reflector 07631,5566,Bosch,0
7632,Tornillo 07632,2574,EPAHome,SI
7633,Martillo 07633,4413,,TRUE
7634,Cerradura 07634,7154,,1
7635,Sierra 07635,4319,EPAHome,FALSE
7636,Pulidora 07636,41,Pretul,1
7637,Brocha 07637,3736,EPAHome,0
7638,Cerradura 07638,10316,Bosch,TRUE
7639,Brocha 07639,9626,Bosch,
7640,Reflector 07640,9499,Makita,1
7641,Tornillo 07641,5068,,1
7642,Reflector 07642,9706,Stanley,SI
7643,Reflector 07643,10337,Stanley,NO
7644,Taladro 07644,9798,Stanley,NO
7645,Martillo 07645,7077,Bosch,TRUE
7646,Martillo 07646,9755,Pretul,TRUE
7647,Martillo 07647,10265,Pretul,
7648,Pulidora 07648,8378,Makita,TRUE
7649,Tornillo 07649,1302,Stanley,TRUE
7650,Martillo 07650,8220,,
7651,Pulidora 07651,3858,Total,FALSE
7652,Sierra 07652,33,Pretul,TRUE
7653,Sierra 07653,10628,Stanley,FALSE
7654,Clavos 07654,594,Pretul,FALSE
7655,Martillo 07655,4078,Total,FALSE
7656,,1380,EPAHome,SI
7657,Tornillo 07657,5281,Makita,FALSE
7658,Sierra 07658,2724,Stanley,1
7659,Pulidora 07659,10194,Truper,NO
7660,Brocha 07660,5931,,
7661,Cerradura 07661,9780,,TRUE
7662,Taladro 07662,856,Stanley,FALSE
7663,Reflector 07663,3812,Total,SI
7664,Clavos 07664,1932,Stanley,FALSE
7665,Clavos 07665,2044,Truper,NO
7666,Pulidora 07666,1164,Bosch,
7667,Tornillo 07667,5495,Truper,0
7668,Taladro 07668,97,Stanley,0
7669,Reflector 07669,4996,EPAHome,0
7670,Cerradura 07670,9016,EPAHome,NO
7671,Martillo 07671,3488,Total,1
7672,Taladro 07672,5926,Makita,1
7673,Taladro 07673,5763,Pretul,NO
7674,Cerradura 07674,6454,Total,NO
7675,Brocha 07675,2959,,0
7676,Reflector 07676,8627,Makita,SI
7677,Cerradura 07677,7759,EPAHome,FALSE
7678,Reflector 07678,10040,Truper,1
7679,Martillo 07679,777,Makita,
7680,Clavos 07680,2156,Stanley,0
7681,Clavos 07681,6222,Bosch,0
7682,Tornillo 07682,259,Makita,0
7683,Pintura 07683,7101,Bosch,NO
7684,Pulidora 07684,8615,,
7685,Tornillo 07685,4491,EPAHome,0
7686,Tornillo 07686,5659,Truper,NO
7687,Pulidora 07687,3657,EPAHome,0
7688,Tornillo 07688,4716,Stanley,FALSE
7689,,10121,Truper,1
7690,Martillo 07690,3715,EPAHome,TRUE
7691,Sierra 07691,3776,EPAHome,FALSE
7692,Martillo 07692,4339,Bosch,1
7693,Martillo 07693,6552,Bosch,0
7694,Clavos 07694,1255,EPAHome,0
7695,Cerradura 07695,7698,Pretul,TRUE
7696,Tornillo 07696,8451,,0
7697,Taladro 07697,5179,Makita,1
7698,Brocha 07698,5688,Makita,SI
7699,Cerradura 07699,4992,Bosch,
P7700,Martillo 07700,3989,,0
7701,Brocha 07701,6878,Makita,NO
7702,Martillo 07702,2720,Makita,1
7703,Taladro 07703,1672,Truper,FALSE
7704,Pulidora 07704,3476,Pretul,1
7705,Cerradura 07705,6187,Truper,0
7706,Tornillo 07706,94,Truper,TRUE
7707,Pintura 07707,2128,Stanley,1
7708,Tornillo 07708,6894,Stanley,SI
7709,Taladro 07709,390,Pretul,0
7710,Sierra 07710,7740,Makita,FALSE
7711,Martillo 07711,9096,Total,TRUE
7712,Martillo 07712,9488,EPAHome,1
7713,Cerradura 07713,5044,Total,FALSE
7714,Cerradura 07714,2975,EPAHome,NO
7715,Taladro 07715,35,Stanley,NO
7716,Sierra 07716,7870,Bosch,
7717,Brocha 07717,5509,EPAHome,FALSE
7718,Cerradura 07718,812,Stanley,NO
7719,Taladro 07719,3951,Total,FALSE
7720,Taladro 07720,5638,Total,
7721,Pintura 07721,10077,Truper,
7722,,7046,Makita,TRUE
7723,Pulidora 07723,2094,Bosch,1
7724,Taladro 07724,1346,,1
7725,Cerradura 07725,6971,Pretul,0
7726,Reflector 07726,839,Stanley,1
7727,Taladro 07727,6299,Bosch,1
7728,Reflector 07728,10266,Stanley,TRUE
7729,Sierra 07729,5384,Bosch,NO
7730,Brocha 07730,10327,Total,
7731,Taladro 07731,7963,Stanley,TRUE
7732,Taladro 07732,9527,Makita,0
7733,Tornillo 07733,8828,Stanley,0
7734,Tornillo 07734,1959,Total,0
7735,Sierra 07735,6451,Stanley,TRUE
7736,Pulidora 07736,7438,Stanley,0
7737,Cerradura 07737,5598,EPAHome,TRUE
7738,Tornillo 07738,2792,Total,SI
7739,Taladro 07739,9090,Pretul,NO
7740,Reflector 07740,4911,Makita,
7741,Pintura 07741,7886,Truper,FALSE
7742,Clavos 07742,185,Bosch,FALSE
7743,Cerradura 07743,4668,,TRUE
7744,Sierra 07744,7620,EPAHome,NO
7745,Brocha 07745,6660,Makita,TRUE
7746,Brocha 07746,1343,Total,FALSE
7747,Clavos 07747,1159,EPAHome,0
7748,Tornillo 07748,579,Pretul,1
7749,Cerradura 07749,7032,Makita,FALSE
7750,Brocha 07750,4349,,TRUE
7751,Pintura 07751,2554,Stanley,1
7752,Sierra 07752,9802,,NO
7753,Sierra 07753,3848,Truper,1
7754,Taladro 07754,2106,Total,NO
7755,,1356,Total,SI
7756,Reflector 07756,6693,Bosch,1
7757,Taladro 07757,3350,Truper,NO
7758,Pintura 07758,9238,Stanley,
7759,Martillo 07759,7115,EPAHome,TRUE
7760,Cerradura 07760,2268,Truper,TRUE
7761,Reflector 07761,8241,EPAHome,
7762,Pulidora 07762,3075,Truper,FALSE
7763,Cerradura 07763,4806,Makita,
7764,Pintura 07764,5104,Pretul,
7765,Taladro 07765,2504,EPAHome,1
7766,Pulidora 07766,6863,Bosch,0
7767,Cerradura 07767,5541,Stanley,1
7768,Reflector 07768,3859,Bosch,SI
7769,Reflector 07769,1224,Bosch,0
7770,Pulidora 07770,5089,Stanley,FALSE
7771,Sierra 07771,8552,Truper,1
7772,Martillo 07772,5077,Bosch,
7773,Taladro 07773,8064,Total,TRUE
7774,Brocha 07774,1262,EPAHome,0
7775,Cerradura 07775,4194,Bosch,TRUE
7776,Tornillo 07776,3736,Truper,SI
P7777,Reflector 07777,3821,Pretul,NO
7778,Pintura 07778,7376,Bosch,NO
7779,Pulidora 07779,4395,,0
7780,Clavos 07780,8629,Pretul,0
7781,Cerradura 07781,6773,Stanley,0
7782,Clavos 07782,3371,Stanley,
7783,Tornillo 07783,10038,Bosch,0
7784,Cerradura 07784,7676,,0
7785,Reflector 07785,1953,,SI
7786,Cerradura 07786,1543,,1
7787,Martillo 07787,6897,Stanley,NO
7788,,10427,Truper,0
7789,Brocha 07789,9536,Makita,SI
7790,Martillo 07790,ABC,Pretul,
7791,Sierra 07791,1642,Makita,
7792,Taladro 07792,7858,,SI
7793,Reflector 07793,3811,Truper,TRUE
7794,Pintura 07794,6533,Pretul,0
7795,Sierra 07795,273,Pretul,FALSE
7796,Clavos 07796,1864,Stanley,1
7797,Sierra 07797,10389,Truper,FALSE
7798,Martillo 07798,1608,,TRUE
7799,Tornillo 07799,7597,Bosch,NO
7800,Clavos 07800,6429,Bosch,FALSE
7801,Pulidora 07801,7553,Pretul,1
7802,Pulidora 07802,5296,Total,NO
7803,Pintura 07803,3927,Total,
7804,Pulidora 07804,2800,EPAHome,0
7805,Tornillo 07805,5797,Total,TRUE
7806,Pintura 07806,6980,,0
7807,Sierra 07807,556,Makita,
7808,Pintura 07808,3577,Pretul,FALSE
7809,Taladro 07809,1602,Pretul,SI
7810,Cerradura 07810,7261,Truper,0
7811,Clavos 07811,67,Stanley,1
7812,Taladro 07812,3193,Total,FALSE
7813,Reflector 07813,4694,Truper,
7814,Taladro 07814,3501,,SI
7815,Reflector 07815,8222,,0
7816,Pintura 07816,10343,EPAHome,
7817,Sierra 07817,3604,Makita,TRUE
7818,Clavos 07818,7646,,NO
7819,Cerradura 07819,5902,,FALSE
7820,Martillo 07820,457,,TRUE
7821,,5269,Truper,1
7822,Pintura 07822,220,EPAHome,
7823,Reflector 07823,1447,Makita,NO
7824,Sierra 07824,2373,Truper,SI
7825,Sierra 07825,6363,Total,
7826,Pintura 07826,1511,Total,TRUE
7827,Cerradura 07827,9803,Pretul,NO
7828,Tornillo 07828,8312,Bosch,TRUE
7829,Sierra 07829,10588,Bosch,TRUE
7830,Pulidora 07830,4519,EPAHome,0
7831,Pintura 07831,7530,Total,SI
7832,Cerradura 07832,9903,Pretul,FALSE
7833,Cerradura 07833,9933,,SI
7834,Cerradura 07834,5994,,SI
7835,Sierra 07835,8932,Total,0
7836,Pulidora 07836,3349,EPAHome,1
7837,Taladro 07837,2819,,
7838,Reflector 07838,389,Makita,NO
7839,Cerradura 07839,6431,Stanley,NO
7840,Taladro 07840,5645,Truper,TRUE
7841,Martillo 07841,8515,,FALSE
7842,Tornillo 07842,10391,Truper,SI
7843,Reflector 07843,1496,Bosch,FALSE
7844,Reflector 07844,7184,Truper,NO
7845,Pulidora 07845,4863,Makita,
7846,Pulidora 07846,5797,Stanley,NO
7847,Cerradura 07847,291,Makita,TRUE
7848,Taladro 07848,9477,Pretul,
7849,Tornillo 07849,5821,,
7850,Reflector 07850,6742,Total,SI
7851,Taladro 07851,2083,Pretul,SI
7852,Martillo 07852,1733,Bosch,
7853,Taladro 07853,2429,Truper,1
P7854,,1291,Bosch,FALSE
7855,Taladro 07855,6547,Pretul,TRUE
7856,Martillo 07856,3973,EPAHome,TRUE
7857,Martillo 07857,6289,Total,FALSE
7858,Martillo 07858,10800,Truper,NO
7859,Clavos 07859,4352,Bosch,TRUE
7860,Reflector 07860,3841,Bosch,0
7861,Pulidora 07861,10204,EPAHome,0
7862,Tornillo 07862,3731,Stanley,0
7863,Reflector 07863,2598,Bosch,FALSE
7864,Pulidora 07864,760,Bosch,0
7865,Clavos 07865,9715,Stanley,TRUE
7866,Cerradura 07866,5107,Bosch,NO
7867,Pintura 07867,7420,,FALSE
7868,Sierra 07868,10445,Pretul,1
7869,Martillo 07869,7004,Pretul,
7870,Martillo 07870,1976,Truper,1
7871,Pintura 07871,10508,Stanley,1
7872,Cerradura 07872,7564,Pretul,0
7873,Reflector 07873,6187,Stanley,0
7874,Clavos 07874,10699,Stanley,1
7875,Sierra 07875,4732,Total,0
7876,Cerradura 07876,10632,,SI
7877,Tornillo 07877,2514,EPAHome,TRUE
7878,Brocha 07878,7733,,NO
7879,Reflector 07879,4505,Pretul,0
7880,Pintura 07880,2346,Stanley,NO
7881,Pintura 07881,10635,EPAHome,1
7882,Reflector 07882,9515,Total,NO
7883,Pulidora 07883,3410,Makita,NO
7884,Taladro 07884,6913,Makita,
7885,Brocha 07885,9389,,FALSE
7886,Brocha 07886,3289,Total,TRUE
7887,,98,,NO
7888,Pulidora 07888,2116,EPAHome,TRUE
7889,Reflector 07889,5290,Makita,
7890,Pintura 07890,9161,Truper,TRUE
7891,Pintura 07891,2122,,
7892,Martillo 07892,931,Pretul,NO
7893,Martillo 07893,1534,Truper,TRUE
7894,Pulidora 07894,8624,EPAHome,FALSE
7895,Clavos 07895,7524,Makita,SI
7896,Sierra 07896,8836,Stanley,FALSE
7897,Tornillo 07897,3064,EPAHome,FALSE
7898,Pulidora 07898,7202,Makita,FALSE
7899,Cerradura 07899,9413,,
7900,Sierra 07900,4258,Total,TRUE
7901,Sierra 07901,5479,Makita,NO
7902,Martillo 07902,5105,,TRUE
7903,Reflector 07903,10257,Total,NO
7904,Cerradura 07904,4943,Bosch,NO
7905,Taladro 07905,1879,Stanley,
7906,Cerradura 07906,9855,Bosch,TRUE
7907,Sierra 07907,5098,Truper,0
7908,Tornillo 07908,7741,Pretul,0
7909,Taladro 07909,2051,Stanley,0
7910,Cerradura 07910,3542,Bosch,
7911,Reflector 07911,8385,Total,1
7912,Martillo 07912,10440,Truper,0
7913,Martillo 07913,8618,Truper,
7914,Cerradura 07914,1125,,1
7915,Reflector 07915,3536,Truper,0
7916,Pintura 07916,8590,Bosch,TRUE
7917,Tornillo 07917,4457,Makita,TRUE
7918,Tornillo 07918,5002,Truper,NO
7919,Clavos 07919,10487,Truper,FALSE
7920,,8507,Makita,NO
7921,Taladro 07921,2993,Bosch,SI
7922,Brocha 07922,926,Truper,
7923,Pintura 07923,2283,Makita,SI
7924,Cerradura 07924,9536,,1
7925,Tornillo 07925,4300,EPAHome,FALSE
7926,Tornillo 07926,2639,Truper,TRUE
7927,Sierra 07927,3464,Bosch,FALSE
7928,Cerradura 07928,3289,Makita,
7929,Clavos 07929,3226,Bosch,FALSE
7930,Taladro 07930,1481,Makita,1
P7931,Reflector 07931,8137,EPAHome,SI
7932,Cerradura 07932,10619,Bosch,SI
7933,Clavos 07933,4630,Stanley,1
7934,Cerradura 07934,8375,,NO
7935,Brocha 07935,9195,Truper,FALSE
7936,Brocha 07936,265,EPAHome,0
7937,Pintura 07937,4579,,NO
7938,Reflector 07938,6324,Stanley,NO
7939,Taladro 07939,6473,Total,SI
7940,Pulidora 07940,548,EPAHome,0
7941,Martillo 07941,7752,Total,NO
7942,Cerradura 07942,331,EPAHome,
7943,Pulidora 07943,4161,,FALSE
7944,Martillo 07944,1261,Total,FALSE
7945,Martillo 07945,841,EPAHome,TRUE
7946,Tornillo 07946,7515,Pretul,FALSE
7947,Cerradura 07947,1285,EPAHome,SI
7948,Taladro 07948,7218,Truper,
7949,Tornillo 07949,3525,Bosch,SI
7950,Brocha 07950,3427,Total,1
7951,Clavos 07951,3821,EPAHome,NO
7952,Tornillo 07952,8021,Makita,1
7953,,5419,Total,NO
7954,Martillo 07954,781,Makita,1
7955,Brocha 07955,9775,Total,0
7956,Tornillo 07956,7435,Pretul,SI
7957,Cerradura 07957,2319,Total,TRUE
7958,Martillo 07958,8275,Makita,0
7959,Brocha 07959,4466,,TRUE
7960,Cerradura 07960,3471,Truper,0
7961,Brocha 07961,7025,,0
7962,Sierra 07962,10281,Pretul,1
7963,Cerradura 07963,9442,,TRUE
7964,Pintura 07964,142,EPAHome,NO
7965,Taladro 07965,1605,Truper,SI
7966,Brocha 07966,7249,Makita,
7967,Reflector 07967,3731,Bosch,1
7968,Pulidora 07968,5312,Bosch,
7969,Martillo 07969,493,EPAHome,SI
7970,Taladro 07970,5835,Bosch,FALSE
7971,Reflector 07971,1964,EPAHome,0
7972,Martillo 07972,4954,,FALSE
7973,Pulidora 07973,407,Total,FALSE
7974,Pulidora 07974,9383,EPAHome,NO
7975,Pulidora 07975,4302,Pretul,SI
7976,Pulidora 07976,5349,Bosch,SI
7977,Pulidora 07977,10478,EPAHome,NO
7978,Clavos 07978,8770,Truper,FALSE
7979,Martillo 07979,7311,Total,NO
7980,Reflector 07980,8037,,SI
7981,Clavos 07981,4866,Bosch,FALSE
7982,Reflector 07982,6770,Truper,NO
7983,Pulidora 07983,750,Truper,
7984,Martillo 07984,2844,Total,0
7985,Sierra 07985,2171,,NO
7986,,8943,Bosch,0
7987,Clavos 07987,191,Bosch,SI
7988,Cerradura 07988,3421,Total,NO
7989,Taladro 07989,508,Total,TRUE
7990,Tornillo 07990,2582,Bosch,SI
7991,Brocha 07991,3214,,NO
7992,Clavos 07992,5472,Stanley,FALSE
7993,Martillo 07993,8534,,FALSE
7994,Clavos 07994,5091,Makita,SI
7995,Pintura 07995,ABC,,1
7996,Cerradura 07996,4421,EPAHome,1
7997,Pulidora 07997,794,Pretul,1
7998,Clavos 07998,1728,Total,
7999,Taladro 07999,3881,Total,0
8000,Cerradura 08000,10595,Pretul,0
8000,Cerradura 08000,10595,Pretul,0
8001,Tornillo 08001,2550,Total,0
8002,Martillo 08002,9435,Pretul,SI
8003,Clavos 08003,6366,Pretul,1
8004,Martillo 08004,1792,Pretul,1
8005,Pintura 08005,1894,Truper,1
8006,Reflector 08006,9974,Truper,NO
8007,Pintura 08007,1390,Truper,TRUE
P8008,Clavos 08008,780,Makita,SI
8009,Pulidora 08009,2496,,NO
8010,Brocha 08010,5650,,TRUE
8011,Brocha 08011,2655,Truper,NO
8012,Pintura 08012,4566,Pretul,TRUE
8013,Sierra 08013,5153,Bosch,0
8014,Reflector 08014,1921,Bosch,0
8015,Pintura 08015,7494,Stanley,0
8016,Cerradura 08016,7877,Makita,SI
8017,Pulidora 08017,3543,Total,SI
8018,Cerradura 08018,5613,Makita,FALSE
8019,,509,EPAHome,TRUE
8020,Taladro 08020,9736,Makita,1
8021,Sierra 08021,504,Makita,0
8022,Sierra 08022,1033,Total,
8023,Brocha 08023,5016,Pretul,TRUE
8024,Brocha 08024,4793,Pretul,1
8025,Martillo 08025,5957,Makita,NO
8026,Cerradura 08026,7434,Makita,0
8027,Cerradura 08027,4451,Truper,TRUE
8028,Reflector 08028,5067,Makita,TRUE
8029,Sierra 08029,5032,Makita,1
8030,Martillo 08030,1781,Makita,TRUE
8031,Martillo 08031,7251,Truper,TRUE
8032,Reflector 08032,5982,Bosch,TRUE
8033,Brocha 08033,9813,EPAHome,NO
8034,Reflector 08034,7676,,
8035,Sierra 08035,5885,Makita,FALSE
8036,Pulidora 08036,3029,Bosch,TRUE
8037,Taladro 08037,559,Bosch,TRUE
8038,Martillo 08038,5216,,1
8039,Pulidora 08039,6449,Pretul,SI
8040,Sierra 08040,10588,Stanley,NO
8041,Pintura 08041,2617,Total,
8042,Pulidora 08042,1633,Total,FALSE
8043,Clavos 08043,1163,Makita,
8044,Pintura 08044,6034,Pretul,NO
8045,Pulidora 08045,9943,,
8046,Clavos 08046,4164,Truper,SI
8047,Sierra 08047,9869,Pretul,SI
8048,Sierra 08048,345,Total,
8049,Clavos 08049,9509,Bosch,0
8050,Pintura 08050,5452,Truper,0
8051,Tornillo 08051,10140,EPAHome,
8052,,9542,Total,
8053,Cerradura 08053,7123,Total,SI
8054,Brocha 08054,554,Pretul,SI
8055,Martillo 08055,10376,EPAHome,0
8056,Sierra 08056,4567,Bosch,1
8057,Taladro 08057,5961,Bosch,
8058,Pintura 08058,10185,Total,NO
8059,Taladro 08059,1638,Bosch,0
8060,Pulidora 08060,2713,Total,1
8061,Brocha 08061,1959,Stanley,TRUE
8062,Martillo 08062,5972,Pretul,SI
8063,Cerradura 08063,3497,Makita,NO
8064,Cerradura 08064,8731,,1
8065,Tornillo 08065,2864,Makita,FALSE
8066,Martillo 08066,6010,EPAHome,FALSE
8067,Pintura 08067,3437,,1
8068,Martillo 08068,7550,Total,NO
8069,Pintura 08069,1581,Truper,1
8070,Tornillo 08070,82,Total,FALSE
8071,Pintura 08071,10129,Makita,NO
8072,Clavos 08072,1184,,FALSE
8073,Clavos 08073,2092,Pretul,0
8074,Reflector 08074,1138,Stanley,0
8075,Sierra 08075,9249,Stanley,SI
8076,Pulidora 08076,9543,Makita,1
8077,Reflector 08077,10419,Bosch,SI
8078,Sierra 08078,5275,Truper,0
8079,Martillo 08079,1264,Pretul,SI
8080,Sierra 08080,7114,Bosch,0
8081,Pintura 08081,3544,Total,NO
8082,Pintura 08082,9221,Stanley,NO
8083,Pulidora 08083,10622,,0
8084,Brocha 08084,7098,Bosch,NO
P8085,,5266,Makita,1
8086,Martillo 08086,3527,Bosch,0
8087,Pulidora 08087,10445,Makita,TRUE
8088,Taladro 08088,5541,Pretul,0
8089,Martillo 08089,5532,Stanley,1
8090,Cerradura 08090,7883,Truper,NO
8091,Pulidora 08091,9877,Truper,NO
8092,Cerradura 08092,9465,Truper,1
8093,Martillo 08093,10534,EPAHome,1
8094,Clavos 08094,1221,Total,0
8095,Martillo 08095,5858,,TRUE
8096,Reflector 08096,10737,Pretul,1
8097,Taladro 08097,9494,Pretul,
8098,Clavos 08098,3906,Pretul,NO
8099,Reflector 08099,8110,Stanley,SI
8100,Sierra 08100,5817,Truper,0
8101,Clavos 08101,9794,Pretul,FALSE
8102,Pintura 08102,9340,,FALSE
8103,Reflector 08103,3608,,FALSE
8104,Brocha 08104,4556,Makita,1
8105,Clavos 08105,541,Stanley,TRUE
8106,Tornillo 08106,1020,Truper,SI
8107,Taladro 08107,525,EPAHome,0
8108,Pulidora 08108,1384,,SI
8109,Pintura 08109,10656,Bosch,
8110,Pulidora 08110,2896,EPAHome,0
8111,Cerradura 08111,5104,,1
8112,Taladro 08112,8431,Makita,TRUE
8113,Tornillo 08113,5760,Makita,NO
8114,Martillo 08114,3837,Truper,1
8115,Tornillo 08115,173,Pretul,NO
8116,Clavos 08116,3130,Stanley,FALSE
8117,Taladro 08117,5383,Truper,1
8118,,9446,Total,NO
8119,Reflector 08119,10151,Truper,NO
8120,Sierra 08120,10590,Makita,1
8121,Martillo 08121,1579,,1
8122,Martillo 08122,9984,Makita,TRUE
8123,Pulidora 08123,7145,Total,0
8124,Tornillo 08124,5559,Truper,SI
8125,Tornillo 08125,8961,Bosch,1
8126,Taladro 08126,8977,Total,NO
8127,Martillo 08127,7549,Truper,SI
8128,Brocha 08128,8540,Total,
8129,Brocha 08129,1738,Pretul,0
8130,Brocha 08130,8176,Pretul,1
8131,Brocha 08131,4988,,TRUE
8132,Reflector 08132,4889,Pretul,SI
8133,Martillo 08133,10320,Truper,SI
8134,Cerradura 08134,4029,Makita,NO
8135,Pulidora 08135,4801,Pretul,1
8136,Tornillo 08136,3102,EPAHome,SI
8137,Cerradura 08137,1980,Truper,TRUE
8138,Brocha 08138,10811,Makita,SI
8139,Brocha 08139,1252,Truper,0
8140,Martillo 08140,5438,,NO
8141,Sierra 08141,7788,Truper,0
8142,Taladro 08142,7609,Makita,SI
8143,Sierra 08143,6798,,0
8144,Brocha 08144,4535,Makita,FALSE
8145,Pintura 08145,9524,Pretul,0
8146,Reflector 08146,4726,Makita,SI
8147,Pulidora 08147,8141,Truper,1
8148,Brocha 08148,6246,EPAHome,
8149,Clavos 08149,7218,Stanley,SI
8150,Reflector 08150,1363,,
8151,,2607,Truper,FALSE
8152,Clavos 08152,5124,Truper,0
8153,Brocha 08153,7671,,
8154,Reflector 08154,4544,EPAHome,1
8155,Brocha 08155,7841,EPAHome,SI
8156,Tornillo 08156,6002,Pretul,
8157,Clavos 08157,9526,Truper,FALSE
8158,Pintura 08158,3573,Pretul,1
8159,Martillo 08159,6234,Pretul,SI
8160,Pintura 08160,9935,EPAHome,
8161,Martillo 08161,6385,Truper,FALSE
P8162,Pintura 08162,591,Bosch,
8163,Clavos 08163,10489,Total,NO
8164,Brocha 08164,8922,,FALSE
8165,Reflector 08165,2328,Truper,
8166,Reflector 08166,6007,,0
8167,Brocha 08167,5344,Pretul,0
8168,Pulidora 08168,870,Makita,
8169,Pintura 08169,6159,Pretul,1
8170,Brocha 08170,4637,Bosch,SI
8171,Clavos 08171,3675,Truper,1
8172,Clavos 08172,965,Stanley,
8173,Clavos 08173,9578,,NO
8174,Brocha 08174,9957,Makita,
8175,Brocha 08175,9910,Makita,SI
8176,Pintura 08176,3987,Total,
8177,Brocha 08177,5591,Truper,FALSE
8178,Pintura 08178,6033,Stanley,
8179,Sierra 08179,8659,Bosch,0
8180,Taladro 08180,348,Bosch,SI
8181,Clavos 08181,1937,,1
8182,Clavos 08182,4042,EPAHome,TRUE
8183,Reflector 08183,3330,Stanley,1
8184,,214,Bosch,0
8185,Sierra 08185,4308,Truper,1
8186,Pintura 08186,6392,Makita,TRUE
8187,Brocha 08187,4421,Total,0
8188,Reflector 08188,10118,Stanley,NO
8189,Clavos 08189,2730,Pretul,FALSE
8190,Clavos 08190,10740,Total,SI
8191,Pintura 08191,976,Truper,TRUE
8192,Reflector 08192,3716,Pretul,SI
8193,Brocha 08193,6785,Pretul,FALSE
8194,Taladro 08194,6050,Pretul,1
8195,Tornillo 08195,7307,Makita,NO
8196,Brocha 08196,2656,Total,SI
8197,Brocha 08197,1259,Bosch,1
8198,Pulidora 08198,8266,,
8199,Pulidora 08199,8628,Stanley,FALSE
8200,Pintura 08200,ABC,Makita,0
8201,Reflector 08201,6050,Bosch,SI
8202,Pulidora 08202,8416,Total,1
8203,Tornillo 08203,6103,Pretul,0
8204,Sierra 08204,1908,Total,FALSE
8205,Cerradura 08205,4261,Pretul,
8206,Martillo 08206,6264,Makita,FALSE
8207,Martillo 08207,3350,EPAHome,TRUE
8208,Taladro 08208,3152,Bosch,
8209,Tornillo 08209,10565,Truper,FALSE
8210,Martillo 08210,1056,Total,FALSE
8211,Reflector 08211,10399,,0
8212,Tornillo 08212,6896,Truper,0
8213,Sierra 08213,8517,Bosch,NO
8214,Cerradura 08214,1843,Bosch,0
8215,Brocha 08215,7730,Total,SI
8216,Sierra 08216,4072,Pretul,
8217,,8154,Pretul,SI
8218,Pintura 08218,3846,Stanley,FALSE
8219,Cerradura 08219,10115,Stanley,1
8220,Clavos 08220,3479,Makita,SI
8221,Martillo 08221,5717,Stanley,0
8222,Clavos 08222,7583,Stanley,
8223,Taladro 08223,9740,Bosch,
8224,Pulidora 08224,9940,Truper,SI
8225,Reflector 08225,1125,Stanley,
8226,Pintura 08226,5833,Bosch,FALSE
8227,Taladro 08227,2312,Total,TRUE
8228,Sierra 08228,3611,EPAHome,0
8229,Sierra 08229,6476,Stanley,SI
8230,Taladro 08230,959,,NO
8231,Pintura 08231,1247,Bosch,1
8232,Clavos 08232,5681,Truper,NO
8233,Cerradura 08233,10431,Bosch,NO
8234,Reflector 08234,9881,EPAHome,FALSE
8235,Brocha 08235,7791,Makita,SI
8236,Clavos 08236,9858,Bosch,FALSE
8237,Martillo 08237,9919,Bosch,SI
8238,Martillo 08238,2149,EPAHome,1
P8239,Clavos 08239,1073,EPAHome,SI
8240,Taladro 08240,6528,Truper,
8241,Reflector 08241,6151,Stanley,NO
8242,Sierra 08242,1932,Stanley,NO
8243,Pintura 08243,2546,Pretul,1
8244,Reflector 08244,8612,Pretul,TRUE
8245,Sierra 08245,10079,Bosch,SI
8246,Clavos 08246,8453,EPAHome,FALSE
8247,Taladro 08247,4858,Truper,1
8248,Tornillo 08248,1288,Stanley,1
8249,Pulidora 08249,9112,Bosch,SI
8250,,6110,,0
8251,Martillo 08251,8468,Makita,
8252,Brocha 08252,4273,Stanley,1
8253,Martillo 08253,5167,EPAHome,0
8254,Pintura 08254,7944,,FALSE
8255,Clavos 08255,6089,Total,SI
8256,Cerradura 08256,10396,,
8257,Brocha 08257,6041,Bosch,FALSE
8258,Sierra 08258,3233,,TRUE
8259,Brocha 08259,2645,Bosch,SI
8260,Clavos 08260,1908,Truper,1
8261,Reflector 08261,778,Bosch,SI
8262,Pintura 08262,6684,Stanley,FALSE
8263,Martillo 08263,10062,Truper,TRUE
8264,Reflector 08264,9701,EPAHome,0
8265,Brocha 08265,3837,Makita,
8266,Reflector 08266,9925,Truper,TRUE
8267,Clavos 08267,6280,Pretul,
8268,Sierra 08268,10117,Total,0
8269,Martillo 08269,2389,Pretul,NO
8270,Cerradura 08270,6607,Bosch,FALSE
8271,Martillo 08271,245,Truper,TRUE
8272,Pintura 08272,4395,EPAHome,SI
8273,Reflector 08273,8573,,SI
8274,Brocha 08274,8469,Total,
8275,Clavos 08275,2039,,NO
8276,Reflector 08276,6814,Bosch,TRUE
8277,Pulidora 08277,7787,Makita,NO
8278,Pulidora 08278,9923,Stanley,0
8279,Pulidora 08279,819,Bosch,FALSE
8280,Brocha 08280,4587,Bosch,0
8281,Pulidora 08281,9940,Truper,FALSE
8282,Pintura 08282,4025,Stanley,NO
8283,,6294,EPAHome,FALSE
8284,Sierra 08284,8491,Pretul,FALSE
8285,Pulidora 08285,9569,Bosch,0
8286,Clavos 08286,1317,Total,0
8287,Pintura 08287,10624,EPAHome,
8288,Cerradura 08288,7732,Bosch,TRUE
8289,Cerradura 08289,4198,Pretul,TRUE
8290,Cerradura 08290,494,Makita,TRUE
8291,Pintura 08291,5663,Stanley,FALSE
8292,Tornillo 08292,2136,Stanley,0
8293,Clavos 08293,1757,Makita,SI
8294,Clavos 08294,3058,Pretul,NO
8295,Reflector 08295,2133,Stanley,FALSE
8296,Taladro 08296,3588,Makita,
8297,Tornillo 08297,627,Makita,SI
8298,Pintura 08298,183,Bosch,NO
8299,Brocha 08299,6222,EPAHome,SI
8300,Reflector 08300,6135,Pretul,FALSE
8301,Pintura 08301,8583,,1
8302,Cerradura 08302,6798,Truper,
8303,Taladro 08303,4126,Pretul,SI
8304,Reflector 08304,10623,Stanley,NO
8305,Clavos 08305,1524,EPAHome,
8306,Brocha 08306,10588,Truper,1
8307,Sierra 08307,10146,EPAHome,TRUE
8308,Pintura 08308,8691,Pretul,
8309,Pulidora 08309,4523,EPAHome,NO
8310,Tornillo 08310,9995,Bosch,FALSE
8311,Taladro 08311,3159,Pretul,SI
8312,Pulidora 08312,6539,,NO
8313,Cerradura 08313,6880,Makita,SI
8314,Sierra 08314,5791,,TRUE
8315,Martillo 08315,2956,Stanley,1
P8316,,4126,Makita,FALSE
8317,Martillo 08317,9629,Truper,SI
8318,Pintura 08318,8574,Stanley,0
8319,Pintura 08319,6616,Truper,
8320,Taladro 08320,9359,Total,0
8321,Sierra 08321,5056,,TRUE
8322,Brocha 08322,9082,Makita,
8323,Brocha 08323,7390,Makita,TRUE
8324,Taladro 08324,4815,Truper,
8325,Cerradura 08325,4421,Makita,NO
8326,Pulidora 08326,9789,Truper,
8327,Reflector 08327,1512,Pretul,
8328,Pintura 08328,5241,,1
8329,Pulidora 08329,4555,Total,0
8330,Brocha 08330,6518,Total,SI
8331,Pintura 08331,680,EPAHome,TRUE
8332,Reflector 08332,7332,Bosch,1
8333,Brocha 08333,8799,,0
8334,Pulidora 08334,1750,Truper,TRUE
8335,Taladro 08335,6535,EPAHome,TRUE
8336,Reflector 08336,2453,Total,SI
8337,Tornillo 08337,10038,EPAHome,
8338,Sierra 08338,2762,Stanley,FALSE
8339,Pintura 08339,1621,Pretul,SI
8340,Pintura 08340,841,Bosch,NO
8341,Pulidora 08341,882,Truper,NO
8342,Reflector 08342,10642,Pretul,FALSE
8343,Martillo 08343,1091,Truper,FALSE
8344,Taladro 08344,2522,Pretul,
8345,Clavos 08345,4562,Pretul,
8346,Clavos 08346,6404,,SI
8347,Pintura 08347,8883,EPAHome,SI
8348,Martillo 08348,1231,Total,FALSE
8349,,10541,Makita,0
8350,Sierra 08350,9005,Total,
8351,Brocha 08351,1943,Pretul,0
8352,Clavos 08352,7388,,1
8353,Brocha 08353,8470,Bosch,NO
8354,Tornillo 08354,5111,,SI
8355,Tornillo 08355,168,Total,NO
8356,Martillo 08356,4298,Total,1
8357,Martillo 08357,7640,Pretul,NO
8358,Martillo 08358,1095,Stanley,FALSE
8359,Clavos 08359,9535,Pretul,TRUE
8360,Brocha 08360,6203,,FALSE
8361,Cerradura 08361,8273,Stanley,SI
8362,Cerradura 08362,571,Bosch,0
8363,Martillo 08363,6684,Makita,TRUE
8364,Reflector 08364,6044,Bosch,FALSE
8365,Pintura 08365,3858,,0
8366,Clavos 08366,3284,Truper,NO
8367,Pintura 08367,10380,Stanley,SI
8368,Tornillo 08368,5647,Pretul,NO
8369,Sierra 08369,9047,Makita,
8370,Brocha 08370,546,Pretul,
8371,Taladro 08371,3330,Stanley,1
8372,Cerradura 08372,9405,,0
8373,Taladro 08373,3257,,
8374,Cerradura 08374,3495,Stanley,SI
8375,Reflector 08375,3649,Makita,0
8376,Martillo 08376,2692,Pretul,SI
8377,Clavos 08377,4232,Makita,0
8378,Martillo 08378,9522,Makita,TRUE
8379,Taladro 08379,331,Stanley,TRUE
8380,Clavos 08380,6998,Total,1
8381,Sierra 08381,8868,Stanley,FALSE
8382,,380,Total,0
8383,Tornillo 08383,5191,Stanley,SI
8384,Tornillo 08384,7184,Stanley,
8385,Martillo 08385,7766,Bosch,0
8386,Reflector 08386,5860,Total,SI
8387,Taladro 08387,6683,Truper,NO
8388,Taladro 08388,2151,,NO
8389,Reflector 08389,9202,Total,TRUE
8390,Taladro 08390,7589,Pretul,SI
8391,Taladro 08391,8274,Makita,SI
8392,Cerradura 08392,5876,Pretul,TRUE
P8393,Brocha 08393,3555,Truper,
8394,Sierra 08394,3782,,TRUE
8395,Sierra 08395,3598,Pretul,SI
8396,Tornillo 08396,7029,Truper,TRUE
8397,Martillo 08397,8850,Truper,1
8398,Pulidora 08398,10374,Makita,0
8399,Tornillo 08399,8078,Stanley,FALSE
8400,Clavos 08400,4889,Makita,NO
8401,Reflector 08401,5058,Truper,FALSE
8402,Taladro 08402,3364,Truper,FALSE
8403,Tornillo 08403,10364,Total,SI
8404,Pintura 08404,1503,Bosch,1
8405,Martillo 08405,ABC,Bosch,
8406,Tornillo 08406,5297,Bosch,
8407,Cerradura 08407,5662,EPAHome,
8408,Sierra 08408,9722,Pretul,1
8409,Clavos 08409,5657,,0
8410,Pulidora 08410,3479,Pretul,NO
8411,Reflector 08411,1908,Makita,
8412,Clavos 08412,1782,Truper,
8413,Clavos 08413,6944,Stanley,FALSE
8414,Sierra 08414,5474,Makita,TRUE
8415,,2008,Pretul,TRUE
8416,Cerradura 08416,5503,,NO
8417,Pintura 08417,7864,Makita,0
8418,Tornillo 08418,6399,Pretul,FALSE
8419,Martillo 08419,96,Bosch,TRUE
8420,Cerradura 08420,5867,Pretul,1
8421,Tornillo 08421,4150,Pretul,FALSE
8422,Pulidora 08422,6918,Stanley,SI
8423,Reflector 08423,9565,EPAHome,NO
8424,Tornillo 08424,6380,Makita,FALSE
8425,Reflector 08425,1058,Pretul,
8426,Reflector 08426,1122,EPAHome,SI
8427,Pintura 08427,6908,EPAHome,
8428,Sierra 08428,8929,Bosch,FALSE
8429,Sierra 08429,963,Makita,FALSE
8430,Pintura 08430,1050,Truper,1
8431,Pintura 08431,10327,Total,1
8432,Pintura 08432,10192,Truper,FALSE
8433,Clavos 08433,4354,,FALSE
8434,Pintura 08434,506,Makita,TRUE
8435,Taladro 08435,3282,EPAHome,NO
8436,Reflector 08436,5253,Total,0
8437,Brocha 08437,9964,Total,NO
8438,Martillo 08438,390,Makita,
8439,Pintura 08439,9943,,0
8440,Tornillo 08440,2625,Bosch,0
8441,Clavos 08441,6234,Truper,0
8442,Martillo 08442,10498,Truper,TRUE
8443,Pintura 08443,6773,Stanley,FALSE
8444,Taladro 08444,4959,Bosch,SI
8445,Pulidora 08445,2712,Truper,1
8446,Pintura 08446,2332,Bosch,TRUE
8447,Cerradura 08447,3401,Truper,0
8448,,6658,Truper,1
8449,Taladro 08449,6538,Bosch,1
8450,Pintura 08450,3744,Total,0
8451,Taladro 08451,2065,Pretul,FALSE
8452,Pintura 08452,4471,Stanley,0
8453,Pulidora 08453,10512,EPAHome,
8454,Clavos 08454,6663,Bosch,0
8455,Martillo 08455,8892,Makita,0
8456,Brocha 08456,7833,Truper,
8457,Sierra 08457,9526,Stanley,FALSE
8458,Cerradura 08458,6189,,FALSE
8459,Pintura 08459,7888,Stanley,1
8460,Tornillo 08460,4865,Total,1
8461,Reflector 08461,8357,Truper,
8462,Sierra 08462,3796,Bosch,TRUE
8463,Pulidora 08463,375,Makita,SI
8464,Martillo 08464,10276,Makita,SI
8465,Martillo 08465,890,Truper,NO
8466,Tornillo 08466,1728,Makita,0
8467,Pintura 08467,2211,Truper,0
8468,Reflector 08468,5670,EPAHome,
8469,Brocha 08469,8839,Total,NO
P8470,Sierra 08470,901,Truper,
8471,Cerradura 08471,1047,Bosch,TRUE
8472,Cerradura 08472,2765,Makita,FALSE
8473,Sierra 08473,801,,FALSE
8474,Sierra 08474,8125,Makita,NO
8475,Taladro 08475,7544,Total,
8476,Sierra 08476,8140,Stanley,
8477,Clavos 08477,2228,Truper,1
8478,Tornillo 08478,8625,Stanley,FALSE
8479,Martillo 08479,5770,Pretul,SI
8480,Clavos 08480,5286,Total,SI
8481,,5029,EPAHome,
8482,Taladro 08482,10140,Stanley,NO
8483,Pulidora 08483,6462,Stanley,FALSE
8484,Pulidora 08484,4994,Truper,NO
8485,Cerradura 08485,8186,Stanley,NO
8486,Pintura 08486,10768,Makita,NO
8487,Brocha 08487,7685,Stanley,
8488,Martillo 08488,10327,Makita,FALSE
8489,Taladro 08489,539,EPAHome,TRUE
8490,Taladro 08490,1212,Pretul,1
8491,Cerradura 08491,8840,Makita,1
8492,Sierra 08492,8290,Makita,1
8493,Sierra 08493,968,Makita,SI
8494,Clavos 08494,4584,Stanley,0
8495,Pintura 08495,2085,EPAHome,0
8496,Brocha 08496,3164,Total,SI
8497,Taladro 08497,6157,Bosch,SI
8498,Tornillo 08498,10626,Makita,SI
8499,Brocha 08499,2169,Makita,1
8500,Pintura 08500,6364,Makita,TRUE
8500,Pintura 08500,6364,Makita,TRUE
8501,Pulidora 08501,2559,Pretul,1
8502,Martillo 08502,1993,,1
8503,Clavos 08503,2279,Pretul,NO
8504,Clavos 08504,6097,Makita,0
8505,Tornillo 08505,3890,EPAHome,TRUE
8506,Clavos 08506,456,Total,SI
8507,Cerradura 08507,1092,,NO
8508,Cerradura 08508,2744,Pretul,TRUE
8509,Sierra 08509,8037,Stanley,FALSE
8510,Pintura 08510,1441,Bosch,
8511,Brocha 08511,7616,Truper,TRUE
8512,Martillo 08512,9880,Bosch,
8513,Martillo 08513,6192,Truper,0
8514,,9254,,0
8515,Pulidora 08515,9120,Pretul,SI
8516,Brocha 08516,4200,Stanley,
8517,Brocha 08517,6864,Truper,
8518,Cerradura 08518,10494,Truper,
8519,Tornillo 08519,2823,Bosch,1
8520,Martillo 08520,1778,EPAHome,NO
8521,Cerradura 08521,5104,Total,0
8522,Sierra 08522,9071,Bosch,1
8523,Clavos 08523,5289,Pretul,1
8524,Clavos 08524,5617,EPAHome,SI
8525,Brocha 08525,5903,EPAHome,0
8526,Martillo 08526,1191,Pretul,FALSE
8527,Reflector 08527,2168,Total,NO
8528,Pintura 08528,611,,1
8529,Pintura 08529,619,Bosch,TRUE
8530,Taladro 08530,9740,Stanley,
8531,Pulidora 08531,2060,Truper,
8532,Pulidora 08532,4188,Bosch,SI
8533,Tornillo 08533,8044,,TRUE
8534,Martillo 08534,1888,Stanley,FALSE
8535,Taladro 08535,5864,EPAHome,TRUE
8536,Clavos 08536,2252,Makita,TRUE
8537,Tornillo 08537,7975,Truper,0
8538,Cerradura 08538,4050,Pretul,TRUE
8539,Tornillo 08539,10745,Stanley,0
8540,Tornillo 08540,3709,,0
8541,Martillo 08541,8411,Makita,
8542,Reflector 08542,1163,Makita,
8543,Reflector 08543,947,Pretul,NO
8544,Clavos 08544,3844,Truper,1
8545,Martillo 08545,3142,Stanley,FALSE
8546,Pintura 08546,6259,Bosch,TRUE
P8547,,851,,TRUE
8548,Martillo 08548,10610,Makita,1
8549,Sierra 08549,958,Total,NO
8550,Pintura 08550,3611,Total,SI
8551,Martillo 08551,6687,Bosch,TRUE
8552,Pintura 08552,10131,EPAHome,NO
8553,Clavos 08553,9342,EPAHome,NO
8554,Pulidora 08554,10650,EPAHome,NO
8555,Pintura 08555,7758,Total,NO
8556,Pintura 08556,7185,Total,1
8557,Taladro 08557,5866,Pretul,1
8558,Taladro 08558,8745,Makita,SI
8559,Clavos 08559,6101,Total,0
8560,Tornillo 08560,7839,Truper,FALSE
8561,Martillo 08561,7375,Makita,0
8562,Pintura 08562,512,Bosch,TRUE
8563,Pintura 08563,4090,Makita,1
8564,Reflector 08564,315,Total,FALSE
8565,Brocha 08565,5741,EPAHome,
8566,Clavos 08566,9520,Pretul,SI
8567,Taladro 08567,9292,,SI
8568,Brocha 08568,4592,Total,TRUE
8569,Clavos 08569,9850,Truper,SI
8570,Clavos 08570,8456,Truper,FALSE
8571,Sierra 08571,9927,Bosch,1
8572,Sierra 08572,4620,EPAHome,TRUE
8573,Cerradura 08573,8006,Pretul,FALSE
8574,Pintura 08574,9554,,SI
8575,Taladro 08575,3853,Pretul,NO
8576,Clavos 08576,8805,Total,1
8577,Sierra 08577,268,Bosch,1
8578,Pulidora 08578,6111,Makita,SI
8579,Pintura 08579,9756,Total,SI
8580,,6129,Pretul,TRUE
8581,Pintura 08581,10024,Stanley,
8582,Taladro 08582,5328,Stanley,NO
8583,Clavos 08583,360,Total,
8584,Brocha 08584,8373,Bosch,NO
8585,Pulidora 08585,3759,Truper,NO
8586,Sierra 08586,10240,EPAHome,FALSE
8587,Tornillo 08587,3390,Stanley,
8588,Brocha 08588,1990,Truper,0
8589,Clavos 08589,2400,Pretul,SI
8590,Sierra 08590,848,Pretul,NO
8591,Sierra 08591,10684,Total,1
8592,Tornillo 08592,2980,,NO
8593,Pintura 08593,7779,Truper,1
8594,Pintura 08594,5353,,TRUE
8595,Tornillo 08595,5879,Total,SI
8596,Tornillo 08596,3863,Pretul,NO
8597,Taladro 08597,10643,Makita,SI
8598,Reflector 08598,3796,Bosch,TRUE
8599,Pulidora 08599,1958,Stanley,0
8600,Pulidora 08600,4751,Truper,SI
8601,Cerradura 08601,7564,Stanley,0
8602,Cerradura 08602,9038,Truper,
8603,Brocha 08603,5141,Pretul,
8604,Pulidora 08604,10110,Stanley,TRUE
8605,Pulidora 08605,8379,,0
8606,Pulidora 08606,7564,Pretul,SI
8607,Taladro 08607,161,Makita,0
8608,Pulidora 08608,9200,,FALSE
8609,Pintura 08609,8853,Total,1
8610,Pulidora 08610,ABC,Total,0
8611,Taladro 08611,10106,Stanley,
8612,Tornillo 08612,5547,,FALSE
8613,,8025,Pretul,TRUE
8614,Pintura 08614,4923,,SI
8615,Clavos 08615,9232,Total,
8616,Cerradura 08616,6696,Pretul,NO
8617,Martillo 08617,4445,Truper,1
8618,Cerradura 08618,5516,Truper,SI
8619,Pulidora 08619,2297,Stanley,0
8620,Pulidora 08620,1049,Truper,1
8621,Martillo 08621,9981,Pretul,FALSE
8622,Pintura 08622,5843,,TRUE
8623,Taladro 08623,5671,Truper,SI
P8624,Pulidora 08624,6300,,
8625,Tornillo 08625,1670,Makita,NO
8626,Martillo 08626,6504,Bosch,FALSE
8627,Sierra 08627,445,EPAHome,1
8628,Taladro 08628,9683,Bosch,0
8629,Pulidora 08629,7089,Truper,1
8630,Pulidora 08630,1007,,0
8631,Sierra 08631,869,Total,FALSE
8632,Sierra 08632,5272,,FALSE
8633,Clavos 08633,2555,EPAHome,NO
8634,Clavos 08634,9495,Pretul,NO
8635,Tornillo 08635,6855,Makita,FALSE
8636,Reflector 08636,10019,EPAHome,1
8637,Sierra 08637,7814,Total,TRUE
8638,Taladro 08638,7500,,1
8639,Martillo 08639,2768,Pretul,SI
8640,Reflector 08640,7781,,FALSE
8641,Reflector 08641,7833,Stanley,FALSE
8642,Pulidora 08642,10283,EPAHome,0
8643,Pulidora 08643,9140,,
8644,Sierra 08644,996,Stanley,NO
8645,Martillo 08645,10596,Bosch,SI
8646,,3106,Bosch,NO
8647,Clavos 08647,7846,,0
8648,Pulidora 08648,682,Stanley,1
8649,Taladro 08649,4013,Bosch,NO
8650,Sierra 08650,1192,Total,
8651,Tornillo 08651,928,Bosch,1
8652,Sierra 08652,6340,Pretul,
8653,Pulidora 08653,2582,EPAHome,TRUE
8654,Reflector 08654,4378,Truper,TRUE
8655,Sierra 08655,6720,EPAHome,NO
8656,Pintura 08656,9813,Bosch,
8657,Tornillo 08657,7041,Pretul,
8658,Clavos 08658,1533,Pretul,SI
8659,Brocha 08659,8591,Stanley,NO
8660,Cerradura 08660,2901,Bosch,
8661,Cerradura 08661,4549,EPAHome,0
8662,Clavos 08662,9294,Stanley,SI
8663,Brocha 08663,7795,Bosch,SI
8664,Taladro 08664,9776,Stanley,1
8665,Martillo 08665,4094,Makita,TRUE
8666,Pintura 08666,2964,Total,NO
8667,Pulidora 08667,6036,Pretul,
8668,Reflector 08668,6266,,1
8669,Tornillo 08669,10565,Makita,NO
8670,Pintura 08670,2787,Pretul,FALSE
8671,Reflector 08671,1543,Makita,
8672,Clavos 08672,6026,Truper,0
8673,Sierra 08673,8179,EPAHome,1
8674,Cerradura 08674,4049,Truper,NO
8675,Reflector 08675,7968,Truper,SI
8676,Martillo 08676,7605,Makita,1
8677,Cerradura 08677,188,Pretul,NO
8678,Pintura 08678,3434,Total,TRUE
8679,,4893,Total,TRUE
8680,Tornillo 08680,5504,EPAHome,NO
8681,Brocha 08681,5762,Bosch,
8682,Tornillo 08682,3878,Bosch,NO
8683,Martillo 08683,3266,Total,SI
8684,Sierra 08684,4484,Stanley,SI
8685,Reflector 08685,9741,Total,
8686,Brocha 08686,1741,,NO
8687,Sierra 08687,6481,Makita,FALSE
8688,Tornillo 08688,3806,Stanley,TRUE
8689,Taladro 08689,5915,EPAHome,
8690,Martillo 08690,4980,,TRUE
8691,Brocha 08691,9247,Total,TRUE
8692,Clavos 08692,8137,EPAHome,1
8693,Clavos 08693,8837,Truper,
8694,Cerradura 08694,2801,Makita,0
8695,Martillo 08695,7099,Truper,FALSE
8696,Clavos 08696,4793,Total,SI
8697,Sierra 08697,2555,Stanley,FALSE
8698,Martillo 08698,8435,Truper,SI
8699,Reflector 08699,8796,,0
8700,Clavos 08700,1584,Pretul,FALSE
P8701,Reflector 08701,8842,Total,NO
8702,Clavos 08702,5807,Truper,
8703,Tornillo 08703,4202,Bosch,
8704,Tornillo 08704,9947,Truper,0
8705,Reflector 08705,1712,EPAHome,
8706,Cerradura 08706,9409,Stanley,NO
8707,Cerradura 08707,7738,,SI
8708,Sierra 08708,7627,Pretul,1
8709,Clavos 08709,6134,Bosch,1
8710,Tornillo 08710,9594,EPAHome,TRUE
8711,Pulidora 08711,10462,EPAHome,NO
8712,,2511,Pretul,FALSE
8713,Pulidora 08713,4664,Total,FALSE
8714,Pintura 08714,5308,Truper,NO
8715,Martillo 08715,9027,Makita,NO
8716,Tornillo 08716,671,Stanley,0
8717,Martillo 08717,10220,Pretul,TRUE
8718,Tornillo 08718,876,EPAHome,
8719,Pulidora 08719,1791,Stanley,1
8720,Pulidora 08720,8858,Makita,1
8721,Reflector 08721,5599,Makita,
8722,Martillo 08722,2800,EPAHome,FALSE
8723,Brocha 08723,3517,Truper,TRUE
8724,Clavos 08724,7616,Total,FALSE
8725,Pintura 08725,506,EPAHome,FALSE
8726,Reflector 08726,7871,Bosch,FALSE
8727,Taladro 08727,4041,Total,FALSE
8728,Brocha 08728,837,Truper,0
8729,Pulidora 08729,9890,Total,FALSE
8730,Martillo 08730,7699,Bosch,1
8731,Brocha 08731,2206,Total,0
8732,Clavos 08732,10168,,FALSE
8733,Reflector 08733,4240,Total,TRUE
8734,Pintura 08734,8968,Truper,FALSE
8735,Pintura 08735,10597,EPAHome,SI
8736,Taladro 08736,8926,Stanley,NO
8737,Pintura 08737,10847,Makita,SI
8738,Cerradura 08738,7752,EPAHome,
8739,Cerradura 08739,396,Stanley,1
8740,Taladro 08740,201,,SI
8741,Sierra 08741,7537,,SI
8742,Taladro 08742,2314,Pretul,NO
8743,Cerradura 08743,5489,,0
8744,Clavos 08744,5155,Truper,0
8745,,2559,Stanley,0
8746,Reflector 08746,7026,,1
8747,Pulidora 08747,1709,EPAHome,FALSE
8748,Pulidora 08748,8643,,NO
8749,Reflector 08749,10485,Bosch,1
8750,Cerradura 08750,9763,Bosch,TRUE
8751,Clavos 08751,4199,Total,NO
8752,Pintura 08752,928,,1
8753,Cerradura 08753,5647,,
8754,Pulidora 08754,1495,Truper,0
8755,Clavos 08755,10152,Bosch,NO
8756,Sierra 08756,8905,EPAHome,1
8757,Pintura 08757,2757,Bosch,NO
8758,Reflector 08758,1995,EPAHome,
8759,Martillo 08759,7931,Total,NO
8760,Pulidora 08760,917,EPAHome,FALSE
8761,Clavos 08761,4009,,TRUE
8762,Clavos 08762,5366,Stanley,NO
8763,Pulidora 08763,3446,Truper,SI
8764,Tornillo 08764,704,,TRUE
8765,Cerradura 08765,9086,Bosch,
8766,Tornillo 08766,10443,Stanley,FALSE
8767,Tornillo 08767,6024,Makita,0
8768,Sierra 08768,2413,Makita,1
8769,Tornillo 08769,7724,Pretul,0
8770,Reflector 08770,7169,Stanley,SI
8771,Pulidora 08771,7643,Total,NO
8772,Tornillo 08772,7626,Pretul,
8773,Clavos 08773,8872,EPAHome,FALSE
8774,Pulidora 08774,38,Truper,1
8775,Pulidora 08775,4699,Truper,TRUE
8776,Cerradura 08776,5410,Pretul,FALSE
8777,Pulidora 08777,4422,Truper,TRUE
P8778,,2103,Truper,NO
8779,Martillo 08779,1488,Stanley,
8780,Clavos 08780,3905,,SI
8781,Sierra 08781,9435,Total,TRUE
8782,Taladro 08782,3021,Makita,FALSE
8783,Cerradura 08783,625,EPAHome,FALSE
8784,Reflector 08784,1270,Truper,
8785,Taladro 08785,305,Makita,
8786,Pintura 08786,1872,Total,FALSE
8787,Clavos 08787,2429,Stanley,TRUE
8788,Pintura 08788,4379,Total,
8789,Pulidora 08789,1060,Makita,NO
8790,Brocha 08790,6898,Truper,1
8791,Brocha 08791,7757,Pretul,
8792,Tornillo 08792,3929,Truper,SI
8793,Clavos 08793,1398,,1
8794,Brocha 08794,202,Pretul,SI
8795,Brocha 08795,5449,EPAHome,NO
8796,Taladro 08796,6282,Makita,FALSE
8797,Clavos 08797,5552,Total,1
8798,Clavos 08798,5542,Bosch,1
8799,Martillo 08799,803,Stanley,NO
8800,Tornillo 08800,7973,Bosch,1
8801,Sierra 08801,4827,Pretul,1
8802,Brocha 08802,8238,,FALSE
8803,Pulidora 08803,4644,,FALSE
8804,Martillo 08804,6080,,SI
8805,Martillo 08805,7291,Truper,TRUE
8806,Brocha 08806,6771,Truper,FALSE
8807,Pulidora 08807,8936,Pretul,NO
8808,Sierra 08808,9187,Truper,0
8809,Pulidora 08809,5088,Stanley,FALSE
8810,Pulidora 08810,6424,Makita,FALSE
8811,,604,EPAHome,0
8812,Clavos 08812,4764,Stanley,TRUE
8813,Reflector 08813,8206,Pretul,
8814,Reflector 08814,238,Truper,NO
8815,Martillo 08815,ABC,Makita,NO
8816,Reflector 08816,2328,Stanley,1
8817,Brocha 08817,2996,Bosch,TRUE
8818,Cerradura 08818,4955,Total,
8819,Clavos 08819,2568,Total,FALSE
8820,Clavos 08820,8717,Stanley,NO
8821,Cerradura 08821,4132,Bosch,SI
8822,Tornillo 08822,4304,Stanley,FALSE
8823,Cerradura 08823,6469,Stanley,1
8824,Cerradura 08824,9441,,NO
8825,Reflector 08825,1603,Stanley,TRUE
8826,Brocha 08826,8622,Truper,1
8827,Tornillo 08827,10649,Truper,
8828,Cerradura 08828,7759,Makita,
8829,Clavos 08829,3495,Stanley,SI
8830,Sierra 08830,2921,Pretul,0
8831,Sierra 08831,2190,Pretul,SI
8832,Reflector 08832,10358,Total,SI
8833,Taladro 08833,8692,,NO
8834,Tornillo 08834,10026,Pretul,0
8835,Tornillo 08835,4079,Stanley,NO
8836,Taladro 08836,4994,Makita,1
8837,Sierra 08837,7685,Total,TRUE
8838,Martillo 08838,10588,Makita,TRUE
8839,Reflector 08839,750,Bosch,SI
8840,Sierra 08840,6439,Bosch,0
8841,Brocha 08841,7808,Makita,1
8842,Martillo 08842,10255,Pretul,FALSE
8843,Tornillo 08843,5958,Total,FALSE
8844,,2427,EPAHome,
8845,Clavos 08845,54,Makita,NO
8846,Brocha 08846,2439,Stanley,1
8847,Martillo 08847,8817,,FALSE
8848,Reflector 08848,27,Pretul,FALSE
8849,Brocha 08849,5763,Makita,0
8850,Clavos 08850,7224,EPAHome,
8851,Clavos 08851,10785,Stanley,TRUE
8852,Taladro 08852,8362,Pretul,NO
8853,Clavos 08853,5351,Makita,1
8854,Reflector 08854,3615,Total,SI
P8855,Cerradura 08855,4384,,0
8856,Clavos 08856,7815,Truper,TRUE
8857,Pulidora 08857,3155,,0
8858,Martillo 08858,1941,Pretul,SI
8859,Pulidora 08859,3084,Truper,TRUE
8860,Reflector 08860,6559,Total,
8861,Reflector 08861,9876,Stanley,FALSE
8862,Martillo 08862,4956,Stanley,1
8863,Pintura 08863,8177,EPAHome,TRUE
8864,Martillo 08864,10453,Truper,FALSE
8865,Sierra 08865,7304,,SI
8866,Taladro 08866,4508,Stanley,FALSE
8867,Martillo 08867,659,Stanley,SI
8868,Brocha 08868,3725,Total,SI
8869,Reflector 08869,5666,Total,NO
8870,Clavos 08870,7506,Bosch,
8871,Martillo 08871,8352,Pretul,SI
8872,Reflector 08872,6954,Total,1
8873,Pintura 08873,9862,Makita,
8874,Cerradura 08874,9190,EPAHome,NO
8875,Pintura 08875,1494,Makita,TRUE
8876,Taladro 08876,9431,Pretul,1
8877,,811,Pretul,FALSE
8878,Tornillo 08878,2108,Pretul,0
8879,Sierra 08879,10480,,1
8880,Pintura 08880,116,Stanley,TRUE
8881,Sierra 08881,8105,,TRUE
8882,Martillo 08882,10155,Bosch,SI
8883,Sierra 08883,5693,Bosch,SI
8884,Pintura 08884,653,Stanley,NO
8885,Taladro 08885,6237,Pretul,0
8886,Pulidora 08886,1310,Makita,FALSE
8887,Reflector 08887,1681,Pretul,NO
8888,Reflector 08888,5876,Truper,0
8889,Tornillo 08889,503,Pretul,
8890,Clavos 08890,240,Bosch,FALSE
8891,Cerradura 08891,8537,Truper,
8892,Pintura 08892,128,Total,TRUE
8893,Cerradura 08893,3453,EPAHome,FALSE
8894,Pulidora 08894,3677,EPAHome,
8895,Sierra 08895,1836,Stanley,1
8896,Sierra 08896,1380,Total,
8897,Martillo 08897,6446,Truper,FALSE
8898,Cerradura 08898,7553,EPAHome,0
8899,Martillo 08899,6113,Bosch,FALSE
8900,Martillo 08900,9347,Total,1
8901,Cerradura 08901,6632,Makita,NO
8902,Martillo 08902,2328,Bosch,1
8903,Brocha 08903,9706,,SI
8904,Clavos 08904,6485,Makita,FALSE
8905,Reflector 08905,7304,Truper,FALSE
8906,Reflector 08906,165,,SI
8907,Reflector 08907,10183,Total,SI
8908,Clavos 08908,1363,Makita,NO
8909,Sierra 08909,2855,Makita,NO
8910,,3648,Truper,0
8911,Tornillo 08911,5299,Bosch,0
8912,Pintura 08912,5936,Truper,0
8913,Brocha 08913,3945,EPAHome,TRUE
8914,Reflector 08914,5777,Total,0
8915,Brocha 08915,5338,Stanley,0
8916,Pintura 08916,7174,Pretul,FALSE
8917,Clavos 08917,1838,,0
8918,Brocha 08918,3185,Total,0
8919,Pintura 08919,640,Bosch,FALSE
8920,Reflector 08920,835,,NO
8921,Brocha 08921,9843,EPAHome,1
8922,Cerradura 08922,4386,EPAHome,NO
8923,Cerradura 08923,9468,Truper,1
8924,Martillo 08924,10717,Total,1
8925,Taladro 08925,3803,Bosch,1
8926,Tornillo 08926,4165,,1
8927,Taladro 08927,9359,,FALSE
8928,Pintura 08928,10300,Truper,0
8929,Clavos 08929,5016,Truper,0
8930,Taladro 08930,5501,Stanley,TRUE
8931,Tornillo 08931,7155,EPAHome,TRUE
P8932,Sierra 08932,6433,EPAHome,FALSE
8933,Taladro 08933,4528,Stanley,
8934,Cerradura 08934,2568,Pretul,SI
8935,Sierra 08935,79,EPAHome,TRUE
8936,Brocha 08936,10154,Pretul,
8937,Cerradura 08937,6572,Total,0
8938,Martillo 08938,9349,Stanley,TRUE
8939,Clavos 08939,9028,Truper,0
8940,Pintura 08940,4341,Stanley,0
8941,Cerradura 08941,4409,Bosch,1
8942,Pintura 08942,8461,Stanley,
8943,,4440,EPAHome,0
8944,Martillo 08944,10424,Bosch,0
8945,Clavos 08945,7265,Total,NO
8946,Taladro 08946,525,Stanley,1
8947,Reflector 08947,6801,Pretul,TRUE
8948,Pulidora 08948,4487,Stanley,
8949,Reflector 08949,1972,,
8950,Martillo 08950,2093,Bosch,1
8951,Clavos 08951,8579,,NO
8952,Tornillo 08952,8256,Truper,SI
8953,Cerradura 08953,10514,Truper,SI
8954,Sierra 08954,4301,Truper,FALSE
8955,Cerradura 08955,4069,Makita,TRUE
8956,Brocha 08956,962,Bosch,NO
8957,Taladro 08957,3568,Pretul,TRUE
8958,Pintura 08958,4357,Total,NO
8959,Pintura 08959,4385,Bosch,0
8960,Clavos 08960,8970,,1
8961,Cerradura 08961,8479,Truper,
8962,Cerradura 08962,3551,Stanley,NO
8963,Sierra 08963,2355,Bosch,NO
8964,Clavos 08964,9967,Stanley,SI
8965,Reflector 08965,1451,Bosch,NO
8966,Taladro 08966,2832,Truper,1
8967,Reflector 08967,8280,Total,NO
8968,Cerradura 08968,9195,Truper,0
8969,Clavos 08969,3685,Truper,NO
8970,Reflector 08970,6546,,0
8971,Tornillo 08971,2191,Bosch,0
8972,Clavos 08972,905,Pretul,TRUE
8973,Taladro 08973,1463,EPAHome,0
8974,Clavos 08974,6343,Pretul,1
8975,Brocha 08975,8374,Makita,0
8976,,3652,Truper,
8977,Cerradura 08977,9844,Total,
8978,Taladro 08978,10310,Bosch,SI
8979,Tornillo 08979,10359,Pretul,
8980,Pintura 08980,7250,Total,TRUE
8981,Sierra 08981,10637,Pretul,SI
8982,Reflector 08982,877,Total,
8983,Brocha 08983,4293,Makita,NO
8984,Sierra 08984,424,,NO
8985,Taladro 08985,8903,Bosch,NO
8986,Reflector 08986,7682,Truper,1
8987,Reflector 08987,37,Total,
8988,Martillo 08988,491,Stanley,NO
8989,Taladro 08989,3623,Stanley,TRUE
8990,Pintura 08990,6201,Makita,TRUE
8991,Cerradura 08991,3239,Pretul,SI
8992,Cerradura 08992,4244,,0
8993,Sierra 08993,8939,Stanley,NO
8994,Pintura 08994,6737,Total,1
8995,Pulidora 08995,2969,EPAHome,1
8996,Martillo 08996,7535,Total,1
8997,Pintura 08997,7222,EPAHome,NO
8998,Clavos 08998,3799,Stanley,0
8999,Brocha 08999,7905,Truper,TRUE
9000,Sierra 09000,6090,Total,FALSE
9000,Sierra 09000,6090,Total,FALSE
9001,Martillo 09001,3443,Pretul,0
9002,Reflector 09002,8769,,TRUE
9003,Martillo 09003,722,EPAHome,SI
9004,Taladro 09004,7032,Pretul,FALSE
9005,Pintura 09005,4561,Makita,FALSE
9006,Sierra 09006,3105,Makita,0
9007,Pintura 09007,6371,Bosch,1
9008,Reflector 09008,4158,,TRUE
P9009,,3094,Makita,0
9010,Pintura 09010,9534,Stanley,NO
9011,Clavos 09011,1424,Bosch,0
9012,Cerradura 09012,2641,Total,FALSE
9013,Brocha 09013,6992,Stanley,SI
9014,Taladro 09014,8782,EPAHome,0
9015,Reflector 09015,3180,Stanley,0
9016,Taladro 09016,3552,Bosch,TRUE
9017,Sierra 09017,1929,,FALSE
9018,Martillo 09018,5244,Pretul,NO
9019,Pulidora 09019,8558,Pretul,FALSE
9020,Pintura 09020,ABC,,1
9021,Pulidora 09021,4992,Bosch,SI
9022,Taladro 09022,4969,Pretul,FALSE
9023,Clavos 09023,3145,,NO
9024,Taladro 09024,6220,,
9025,Martillo 09025,7885,Total,SI
9026,Taladro 09026,7779,EPAHome,1
9027,Pintura 09027,2132,Bosch,SI
9028,Reflector 09028,1518,Total,1
9029,Taladro 09029,9237,Makita,NO
9030,Sierra 09030,7970,EPAHome,
9031,Cerradura 09031,8124,Total,0
9032,Brocha 09032,226,Makita,1
9033,Sierra 09033,1348,Truper,TRUE
9034,Pintura 09034,7279,Pretul,TRUE
9035,Pulidora 09035,2309,Total,NO
9036,Clavos 09036,3918,Bosch,FALSE
9037,Tornillo 09037,10179,Makita,TRUE
9038,Taladro 09038,8231,Total,1
9039,Reflector 09039,2294,Truper,SI
9040,Pintura 09040,3313,Stanley,0
9041,Pintura 09041,1119,,
9042,,8128,Total,0
9043,Martillo 09043,3062,Total,NO
9044,Taladro 09044,1154,,0
9045,Tornillo 09045,7803,Truper,TRUE
9046,Tornillo 09046,343,Makita,NO
9047,Pintura 09047,6203,Truper,SI
9048,Pulidora 09048,10065,Stanley,FALSE
9049,Sierra 09049,5526,Truper,
9050,Clavos 09050,6999,EPAHome,FALSE
9051,Martillo 09051,468,Stanley,SI
9052,Reflector 09052,3042,EPAHome,NO
9053,Pulidora 09053,5819,Stanley,0
9054,Pintura 09054,7138,Truper,1
9055,Sierra 09055,256,Pretul,
9056,Brocha 09056,5623,Pretul,SI
9057,Tornillo 09057,8572,Bosch,
9058,Pulidora 09058,9296,EPAHome,NO
9059,Tornillo 09059,163,Truper,TRUE
9060,Pintura 09060,9711,Pretul,
9061,Brocha 09061,3656,,
9062,Reflector 09062,4640,Makita,
9063,Pulidora 09063,7944,Total,1
9064,Sierra 09064,5308,Total,FALSE
9065,Pulidora 09065,2957,,SI
9066,Reflector 09066,6074,Total,
9067,Martillo 09067,2971,Truper,1
9068,Reflector 09068,2699,Bosch,TRUE
9069,Pulidora 09069,3158,Makita,SI
9070,Taladro 09070,10094,,SI
9071,Sierra 09071,5892,,FALSE
9072,Cerradura 09072,3756,Total,NO
9073,Taladro 09073,8577,EPAHome,FALSE
9074,Pintura 09074,1987,EPAHome,
9075,,10247,Bosch,0
9076,Pintura 09076,207,Truper,SI
9077,Martillo 09077,4944,,1
9078,Sierra 09078,5231,Stanley,
9079,Pintura 09079,7811,EPAHome,
9080,Cerradura 09080,5349,Total,SI
9081,Pintura 09081,647,Total,SI
9082,Pulidora 09082,2933,Total,FALSE
9083,Martillo 09083,10720,Truper,0
9084,Tornillo 09084,8909,Pretul,
9085,Cerradura 09085,9455,Bosch,1
P9086,Brocha 09086,795,Stanley,FALSE
9087,Reflector 09087,58,,1
9088,Taladro 09088,181,EPAHome,1
9089,Clavos 09089,10331,Stanley,0
9090,Sierra 09090,858,Total,TRUE
9091,Taladro 09091,7122,Bosch,TRUE
9092,Cerradura 09092,7044,EPAHome,NO
9093,Pulidora 09093,1356,Pretul,SI
9094,Reflector 09094,9646,Stanley,
9095,Cerradura 09095,6487,Pretul,0
9096,Reflector 09096,4457,Total,0
9097,Martillo 09097,4380,Pretul,0
9098,Brocha 09098,8324,Makita,NO
9099,Martillo 09099,10504,Total,FALSE
9100,Pintura 09100,9412,Pretul,TRUE
9101,Cerradura 09101,433,Makita,
9102,Cerradura 09102,1461,Total,0
9103,Pintura 09103,7664,Bosch,0
9104,Taladro 09104,8556,Total,FALSE
9105,Reflector 09105,10166,Bosch,SI
9106,Pintura 09106,5673,Pretul,1
9107,Pintura 09107,9167,,SI
9108,,9073,EPAHome,NO
9109,Reflector 09109,2706,Pretul,
9110,Pintura 09110,10551,Total,TRUE
9111,Sierra 09111,221,Makita,1
9112,Taladro 09112,10036,Pretul,SI
9113,Pintura 09113,2165,Truper,NO
9114,Clavos 09114,5854,Truper,FALSE
9115,Pulidora 09115,10065,EPAHome,
9116,Pintura 09116,7145,Total,1
9117,Sierra 09117,7657,Truper,
9118,Pulidora 09118,7246,,NO
9119,Brocha 09119,10164,Total,NO
9120,Tornillo 09120,10108,EPAHome,1
9121,Martillo 09121,3210,Makita,FALSE
9122,Brocha 09122,161,Stanley,0
9123,Pulidora 09123,2668,Pretul,NO
9124,Clavos 09124,8320,Pretul,0
9125,Taladro 09125,7668,Truper,TRUE
9126,Pintura 09126,4228,Total,SI
9127,Brocha 09127,1958,Truper,FALSE
9128,Reflector 09128,10105,Total,NO
9129,Taladro 09129,7323,EPAHome,NO
9130,Martillo 09130,2250,Total,TRUE
9131,Brocha 09131,246,Total,1
9132,Tornillo 09132,623,Stanley,FALSE
9133,Reflector 09133,2982,EPAHome,NO
9134,Pulidora 09134,7434,Bosch,SI
9135,Cerradura 09135,1036,EPAHome,1
9136,Taladro 09136,3844,Total,TRUE
9137,Taladro 09137,10364,,FALSE
9138,Brocha 09138,6320,Truper,NO
9139,Reflector 09139,4843,Truper,SI
9140,Cerradura 09140,728,Total,FALSE
9141,,4281,Bosch,SI
9142,Reflector 09142,278,Pretul,NO
9143,Taladro 09143,892,Stanley,SI
9144,Sierra 09144,7827,Pretul,0
9145,Pulidora 09145,9220,Truper,1
9146,Sierra 09146,3524,Bosch,SI
9147,Reflector 09147,10339,Bosch,FALSE
9148,Taladro 09148,9457,,0
9149,Taladro 09149,1650,Truper,1
9150,Tornillo 09150,4582,Stanley,FALSE
9151,Reflector 09151,4921,Stanley,FALSE
9152,Cerradura 09152,4484,Stanley,TRUE
9153,Pulidora 09153,2271,Stanley,SI
9154,Tornillo 09154,9914,EPAHome,FALSE
9155,Reflector 09155,669,Stanley,1
9156,Taladro 09156,8948,EPAHome,FALSE
9157,Pulidora 09157,4959,Truper,FALSE
9158,Pintura 09158,9298,,NO
9159,Pintura 09159,1221,Total,FALSE
9160,Clavos 09160,9028,,FALSE
9161,Pintura 09161,1163,Bosch,
9162,Pulidora 09162,6828,Makita,0
P9163,Reflector 09163,2972,Pretul,FALSE
9164,Sierra 09164,837,Truper,NO
9165,Pulidora 09165,3177,Bosch,TRUE
9166,Clavos 09166,8730,Bosch,FALSE
9167,Martillo 09167,2541,Total,SI
9168,Martillo 09168,10463,,
9169,Cerradura 09169,5869,Stanley,
9170,Pintura 09170,7757,,1
9171,Clavos 09171,6878,Makita,0
9172,Taladro 09172,6129,EPAHome,
9173,Reflector 09173,6277,Stanley,FALSE
9174,,8304,Bosch,
9175,Pintura 09175,3343,Stanley,NO
9176,Pulidora 09176,10140,EPAHome,NO
9177,Brocha 09177,1438,Stanley,
9178,Cerradura 09178,7333,Total,SI
9179,Clavos 09179,814,,0
9180,Martillo 09180,2704,Makita,0
9181,Tornillo 09181,10237,Total,0
9182,Brocha 09182,6508,Bosch,TRUE
9183,Sierra 09183,10471,Total,SI
9184,Taladro 09184,4827,Makita,0
9185,Taladro 09185,895,Total,
9186,Clavos 09186,8496,Truper,
9187,Martillo 09187,7614,EPAHome,0
9188,Brocha 09188,4389,Bosch,1
9189,Pulidora 09189,6762,,TRUE
9190,Tornillo 09190,8806,Makita,NO
9191,Clavos 09191,2519,Total,SI
9192,Sierra 09192,3903,Pretul,NO
9193,Brocha 09193,5239,Truper,
9194,Tornillo 09194,6210,Makita,1
9195,Cerradura 09195,118,Stanley,0
9196,Pulidora 09196,4561,Stanley,TRUE
9197,Pulidora 09197,8540,Total,0
9198,Sierra 09198,8151,Pretul,FALSE
9199,Pulidora 09199,1994,Makita,
9200,Taladro 09200,7473,Stanley,NO
9201,Taladro 09201,7766,Makita,FALSE
9202,Sierra 09202,3253,,1
9203,Reflector 09203,2368,,SI
9204,Pintura 09204,3840,Pretul,FALSE
9205,Cerradura 09205,2556,Truper,FALSE
9206,Sierra 09206,4181,Total,NO
9207,,950,EPAHome,0
9208,Taladro 09208,10379,,0
9209,Pintura 09209,9693,Makita,NO
9210,Brocha 09210,8676,Stanley,
9211,Taladro 09211,7236,Bosch,TRUE
9212,Cerradura 09212,4312,Makita,SI
9213,Taladro 09213,6660,Pretul,
9214,Clavos 09214,790,Pretul,FALSE
9215,Cerradura 09215,631,Truper,TRUE
9216,Cerradura 09216,1521,Pretul,NO
9217,Pintura 09217,843,Total,1
9218,Martillo 09218,3946,Pretul,
9219,Cerradura 09219,8575,Pretul,SI
9220,Clavos 09220,1921,Makita,NO
9221,Clavos 09221,3228,Truper,0
9222,Tornillo 09222,3835,Total,0
9223,Reflector 09223,9096,Bosch,
9224,Sierra 09224,712,EPAHome,1
9225,Martillo 09225,ABC,,SI
9226,Tornillo 09226,7955,EPAHome,FALSE
9227,Brocha 09227,2391,EPAHome,TRUE
9228,Martillo 09228,5030,Bosch,TRUE
9229,Reflector 09229,1342,Total,TRUE
9230,Clavos 09230,2645,Truper,0
9231,Cerradura 09231,3333,,
9232,Reflector 09232,10448,Stanley,TRUE
9233,Taladro 09233,1589,EPAHome,
9234,Sierra 09234,5307,Makita,SI
9235,Sierra 09235,8691,Stanley,1
9236,Cerradura 09236,10442,Makita,SI
9237,Cerradura 09237,155,Stanley,FALSE
9238,Pulidora 09238,3448,Total,NO
9239,Taladro 09239,10297,,
P9240,,6382,Makita,0
9241,Martillo 09241,3184,,1
9242,Taladro 09242,906,Stanley,FALSE
9243,Tornillo 09243,10572,Total,1
9244,Clavos 09244,3292,Total,
9245,Martillo 09245,3336,,
9246,Brocha 09246,6107,Stanley,FALSE
9247,Sierra 09247,5137,EPAHome,
9248,Pulidora 09248,8063,EPAHome,SI
9249,Brocha 09249,7174,Stanley,1
9250,Clavos 09250,6977,Stanley,1
9251,Brocha 09251,7689,EPAHome,SI
9252,Sierra 09252,10110,Bosch,SI
9253,Sierra 09253,7504,Total,TRUE
9254,Brocha 09254,3597,Pretul,FALSE
9255,Taladro 09255,7320,,NO
9256,Cerradura 09256,10706,Total,FALSE
9257,Clavos 09257,7689,Makita,TRUE
9258,Clavos 09258,2415,Bosch,FALSE
9259,Taladro 09259,7144,Makita,SI
9260,Pintura 09260,9899,Makita,TRUE
9261,Pulidora 09261,5001,Total,0
9262,Martillo 09262,1692,Makita,SI
9263,Reflector 09263,3079,Makita,1
9264,Brocha 09264,8100,Pretul,SI
9265,Tornillo 09265,304,Bosch,FALSE
9266,Pulidora 09266,5582,Bosch,TRUE
9267,Reflector 09267,4485,Makita,0
9268,Reflector 09268,6500,Makita,SI
9269,Cerradura 09269,9883,Stanley,FALSE
9270,Tornillo 09270,4826,,1
9271,Brocha 09271,7026,Stanley,SI
9272,Tornillo 09272,9046,Stanley,TRUE
9273,,6117,Truper,SI
9274,Pulidora 09274,4776,Truper,NO
9275,Sierra 09275,2249,Pretul,1
9276,Reflector 09276,1436,Stanley,SI
9277,Tornillo 09277,10618,Total,FALSE
9278,Tornillo 09278,2452,Stanley,FALSE
9279,Tornillo 09279,1794,Bosch,1
9280,Clavos 09280,8310,EPAHome,TRUE
9281,Pintura 09281,4773,Truper,1
9282,Clavos 09282,8956,Bosch,0
9283,Sierra 09283,8935,Pretul,
9284,Sierra 09284,4889,Stanley,NO
9285,Tornillo 09285,9202,Bosch,SI
9286,Martillo 09286,1264,Truper,
9287,Pulidora 09287,10256,,0
9288,Martillo 09288,2232,Pretul,
9289,Martillo 09289,347,Truper,SI
9290,Martillo 09290,689,EPAHome,FALSE
9291,Pintura 09291,140,Truper,SI
9292,Sierra 09292,9173,Pretul,NO
9293,Clavos 09293,7414,Total,
9294,Pintura 09294,7143,Truper,
9295,Reflector 09295,158,Total,SI
9296,Brocha 09296,5841,Bosch,FALSE
9297,Sierra 09297,4154,EPAHome,0
9298,Clavos 09298,1475,Truper,TRUE
9299,Tornillo 09299,2521,Makita,TRUE
9300,Taladro 09300,331,Truper,NO
9301,Pintura 09301,2339,Bosch,NO
9302,Tornillo 09302,6382,Total,NO
9303,Pulidora 09303,7827,Bosch,SI
9304,Brocha 09304,8877,Bosch,TRUE
9305,Pulidora 09305,8657,Truper,FALSE
9306,,6499,Pretul,1
9307,Brocha 09307,5462,Bosch,FALSE
9308,Taladro 09308,2459,EPAHome,FALSE
9309,Martillo 09309,9826,EPAHome,1
9310,Reflector 09310,4770,Truper,TRUE
9311,Pintura 09311,10251,Total,TRUE
9312,Pulidora 09312,3628,Truper,FALSE
9313,Taladro 09313,8688,Pretul,SI
9314,Martillo 09314,5011,Pretul,FALSE
9315,Reflector 09315,7616,Stanley,FALSE
9316,Pintura 09316,4904,Pretul,
P9317,Tornillo 09317,7691,Pretul,TRUE
9318,Brocha 09318,318,,NO
9319,Pulidora 09319,9839,Makita,FALSE
9320,Brocha 09320,7286,,0
9321,Clavos 09321,1129,,
9322,Sierra 09322,5399,Bosch,1
9323,Pintura 09323,1313,,NO
9324,Martillo 09324,5969,Truper,FALSE
9325,Clavos 09325,4501,Total,0
9326,Clavos 09326,459,Stanley,1
9327,Tornillo 09327,5778,,SI
9328,Taladro 09328,7466,Stanley,NO
9329,Taladro 09329,10708,EPAHome,FALSE
9330,Sierra 09330,5614,,1
9331,Clavos 09331,2175,Truper,SI
9332,Clavos 09332,2863,Pretul,1
9333,Sierra 09333,7511,Makita,NO
9334,Taladro 09334,6621,Stanley,1
9335,Pintura 09335,3182,,TRUE
9336,Pintura 09336,607,Makita,SI
9337,Tornillo 09337,10038,EPAHome,SI
9338,Cerradura 09338,26,Makita,
9339,,1991,EPAHome,
9340,Cerradura 09340,7352,Pretul,0
9341,Cerradura 09341,2681,EPAHome,FALSE
9342,Pulidora 09342,7803,Total,1
9343,Brocha 09343,4580,Pretul,TRUE
9344,Pulidora 09344,7033,Bosch,
9345,Pulidora 09345,423,Bosch,NO
9346,Reflector 09346,10651,Bosch,NO
9347,Sierra 09347,2333,,NO
9348,Martillo 09348,5342,Pretul,TRUE
9349,Tornillo 09349,1676,Pretul,1
9350,Pintura 09350,777,Stanley,0
9351,Brocha 09351,3113,Makita,0
9352,Martillo 09352,1601,Truper,
9353,Martillo 09353,7859,Makita,FALSE
9354,Pintura 09354,5024,Makita,
9355,Tornillo 09355,7450,,0
9356,Pulidora 09356,7065,Stanley,NO
9357,Sierra 09357,4929,Total,FALSE
9358,Brocha 09358,9059,EPAHome,
9359,Pintura 09359,6232,,FALSE
9360,Clavos 09360,7123,Stanley,NO
9361,Sierra 09361,10680,,0
9362,Clavos 09362,291,Makita,TRUE
9363,Pintura 09363,10376,Stanley,TRUE
9364,Cerradura 09364,5302,EPAHome,SI
9365,Reflector 09365,2398,Bosch,SI
9366,Cerradura 09366,6738,Bosch,FALSE
9367,Brocha 09367,9937,EPAHome,TRUE
9368,Pintura 09368,9220,Makita,FALSE
9369,Tornillo 09369,244,Makita,0
9370,Martillo 09370,2666,Pretul,SI
9371,Pintura 09371,5929,EPAHome,
9372,,2692,EPAHome,
9373,Pulidora 09373,3272,Stanley,NO
9374,Tornillo 09374,5276,Stanley,1
9375,Brocha 09375,582,,SI
9376,Pintura 09376,9696,EPAHome,
9377,Pulidora 09377,2736,Truper,TRUE
9378,Taladro 09378,4754,Truper,SI
9379,Martillo 09379,5401,Pretul,1
9380,Pulidora 09380,2298,Bosch,0
9381,Pulidora 09381,947,Makita,1
9382,Brocha 09382,2554,Truper,NO
9383,Clavos 09383,5727,Pretul,SI
9384,Cerradura 09384,5924,,0
9385,Pulidora 09385,4459,Stanley,FALSE
9386,Reflector 09386,3333,Bosch,1
9387,Sierra 09387,8173,EPAHome,NO
9388,Cerradura 09388,9296,Stanley,NO
9389,Taladro 09389,9414,Truper,0
9390,Sierra 09390,2941,EPAHome,
9391,Sierra 09391,6142,Total,TRUE
9392,Cerradura 09392,2096,Stanley,FALSE
9393,Clavos 09393,9661,Bosch,TRUE
P9394,Reflector 09394,3403,Pretul,SI
9395,Pintura 09395,5025,Pretul,1
9396,Clavos 09396,1130,EPAHome,
9397,Taladro 09397,3451,Stanley,
9398,Taladro 09398,2626,Pretul,1
9399,Taladro 09399,4672,,SI
9400,Taladro 09400,10489,Pretul,1
9401,Martillo 09401,8237,Makita,FALSE
9402,Reflector 09402,1880,Total,SI
9403,Pintura 09403,9413,Truper,NO
9404,Cerradura 09404,10340,Total,
9405,,4467,Stanley,1
9406,Brocha 09406,2577,EPAHome,TRUE
9407,Pulidora 09407,9483,,NO
9408,Cerradura 09408,7788,Total,FALSE
9409,Cerradura 09409,3330,,FALSE
9410,Martillo 09410,1354,EPAHome,1
9411,Brocha 09411,9355,Makita,FALSE
9412,Reflector 09412,7686,Total,SI
9413,Tornillo 09413,6186,,NO
9414,Brocha 09414,3648,Bosch,0
9415,Clavos 09415,6214,EPAHome,0
9416,Pintura 09416,5435,,
9417,Clavos 09417,6193,Pretul,NO
9418,Martillo 09418,4711,Truper,0
9419,Reflector 09419,9837,Pretul,
9420,Pulidora 09420,5666,Total,
9421,Taladro 09421,3660,Pretul,1
9422,Reflector 09422,1198,Total,0
9423,Pulidora 09423,852,,
9424,Pulidora 09424,7877,EPAHome,SI
9425,Pulidora 09425,5126,Pretul,SI
9426,Cerradura 09426,1159,,0
9427,Pintura 09427,2008,Stanley,TRUE
9428,Tornillo 09428,7993,Stanley,FALSE
9429,Pintura 09429,6955,EPAHome,1
9430,Cerradura 09430,ABC,Truper,1
9431,Pulidora 09431,4106,Bosch,1
9432,Tornillo 09432,362,Truper,
9433,Reflector 09433,6078,,TRUE
9434,Sierra 09434,6513,Pretul,0
9435,Taladro 09435,5751,Truper,NO
9436,Pulidora 09436,1926,Truper,
9437,Cerradura 09437,3374,Pretul,1
9438,,1330,Bosch,0
9439,Pintura 09439,4102,Pretul,0
9440,Cerradura 09440,4771,Total,TRUE
9441,Martillo 09441,3731,Total,FALSE
9442,Taladro 09442,3317,Total,0
9443,Martillo 09443,8868,Bosch,TRUE
9444,Pintura 09444,7656,Bosch,NO
9445,Clavos 09445,5123,Bosch,FALSE
9446,Sierra 09446,3184,Total,SI
9447,Reflector 09447,1420,Total,FALSE
9448,Tornillo 09448,6147,Pretul,1
9449,Taladro 09449,3064,Truper,1
9450,Martillo 09450,8414,EPAHome,TRUE
9451,Cerradura 09451,3248,Makita,SI
9452,Reflector 09452,6749,Truper,0
9453,Reflector 09453,4826,Makita,SI
9454,Brocha 09454,7998,Bosch,SI
9455,Cerradura 09455,1173,Bosch,1
9456,Reflector 09456,10257,Truper,1
9457,Tornillo 09457,1538,EPAHome,NO
9458,Reflector 09458,8087,Makita,NO
9459,Pulidora 09459,1412,Stanley,NO
9460,Sierra 09460,9543,EPAHome,TRUE
9461,Sierra 09461,5130,Truper,FALSE
9462,Martillo 09462,7060,Makita,NO
9463,Cerradura 09463,9550,EPAHome,
9464,Cerradura 09464,2840,,0
9465,Brocha 09465,3004,EPAHome,1
9466,Clavos 09466,1963,Stanley,TRUE
9467,Brocha 09467,8437,Bosch,SI
9468,Cerradura 09468,3983,Makita,SI
9469,Reflector 09469,1007,Makita,0
9470,Tornillo 09470,8384,Total,FALSE
P9471,,4435,Pretul,TRUE
9472,Martillo 09472,7609,EPAHome,
9473,Pintura 09473,8650,Pretul,TRUE
9474,Reflector 09474,2673,,NO
9475,Cerradura 09475,748,Truper,0
9476,Pintura 09476,2595,Total,0
9477,Martillo 09477,2715,Makita,SI
9478,Taladro 09478,10795,,1
9479,Sierra 09479,7118,Bosch,FALSE
9480,Cerradura 09480,7844,Pretul,SI
9481,Martillo 09481,7542,Bosch,0
9482,Pulidora 09482,10729,Bosch,NO
9483,Martillo 09483,6973,Stanley,1
9484,Clavos 09484,6328,Truper,SI
9485,Brocha 09485,2083,Pretul,SI
9486,Pulidora 09486,942,Truper,SI
9487,Taladro 09487,1889,,NO
9488,Sierra 09488,5467,,0
9489,Taladro 09489,5540,Bosch,
9490,Tornillo 09490,10443,EPAHome,FALSE
9491,Tornillo 09491,4814,Truper,FALSE
9492,Sierra 09492,10535,EPAHome,NO
9493,Reflector 09493,7906,Pretul,0
9494,Pintura 09494,9306,Makita,SI
9495,Martillo 09495,7684,Stanley,NO
9496,Taladro 09496,3050,EPAHome,NO
9497,Pintura 09497,3486,,FALSE
9498,Tornillo 09498,3490,Bosch,FALSE
9499,Cerradura 09499,2293,Stanley,NO
9500,Pintura 09500,5037,Makita,0
9500,Pintura 09500,5037,Makita,0
9501,Tornillo 09501,6246,Makita,1
9502,Cerradura 09502,5334,Stanley,
9503,Clavos 09503,1503,Total,1
9504,,8252,Stanley,FALSE
9505,Martillo 09505,8106,Total,SI
9506,Cerradura 09506,10616,Makita,TRUE
9507,Pintura 09507,3787,,0
9508,Taladro 09508,9609,Bosch,FALSE
9509,Cerradura 09509,9821,Pretul,FALSE
9510,Pulidora 09510,2415,Total,0
9511,Tornillo 09511,8660,,FALSE
9512,Sierra 09512,1967,Pretul,SI
9513,Cerradura 09513,3539,EPAHome,
9514,Pintura 09514,4428,,1
9515,Taladro 09515,5572,Total,FALSE
9516,Sierra 09516,6301,Bosch,NO
9517,Brocha 09517,9866,Stanley,TRUE
9518,Pintura 09518,1395,Total,
9519,Pulidora 09519,8562,Stanley,TRUE
9520,Sierra 09520,1946,EPAHome,
9521,Cerradura 09521,6268,Pretul,
9522,Tornillo 09522,7897,Stanley,NO
9523,Pintura 09523,4943,Pretul,FALSE
9524,Sierra 09524,4461,Total,FALSE
9525,Pintura 09525,8045,Total,SI
9526,Pintura 09526,285,Stanley,
9527,Taladro 09527,684,Truper,0
9528,Tornillo 09528,6122,Bosch,0
9529,Tornillo 09529,10740,,FALSE
9530,Tornillo 09530,6180,Bosch,0
9531,Pulidora 09531,4228,,FALSE
9532,Martillo 09532,2507,Truper,0
9533,Brocha 09533,2112,Truper,
9534,Reflector 09534,8229,Bosch,0
9535,Pulidora 09535,9951,,
9536,Reflector 09536,7782,Total,FALSE
9537,,6747,,SI
9538,Sierra 09538,3757,Makita,SI
9539,Brocha 09539,577,Stanley,
9540,Sierra 09540,2428,Truper,TRUE
9541,Clavos 09541,6286,Stanley,
9542,Clavos 09542,6452,Bosch,1
9543,Cerradura 09543,10520,Pretul,FALSE
9544,Pintura 09544,2046,Truper,SI
9545,Pulidora 09545,4440,Makita,
9546,Pulidora 09546,3142,,0
9547,Clavos 09547,8160,EPAHome,NO
P9548,Reflector 09548,843,Total,NO
9549,Clavos 09549,1942,Makita,1
9550,Sierra 09550,9453,EPAHome,
9551,Cerradura 09551,3453,EPAHome,FALSE
9552,Sierra 09552,9554,Stanley,0
9553,Brocha 09553,9948,,SI
9554,Sierra 09554,5657,Bosch,FALSE
9555,Brocha 09555,7767,Pretul,NO
9556,Martillo 09556,6411,Pretul,
9557,Taladro 09557,677,Makita,
9558,Reflector 09558,7319,Truper,FALSE
9559,Taladro 09559,4622,Truper,
9560,Taladro 09560,5426,Pretul,0
9561,Brocha 09561,10268,EPAHome,TRUE
9562,Martillo 09562,9551,Bosch,
9563,Tornillo 09563,3478,Bosch,SI
9564,Tornillo 09564,4578,EPAHome,1
9565,Clavos 09565,10579,Total,SI
9566,Reflector 09566,5799,Makita,TRUE
9567,Sierra 09567,8858,Bosch,1
9568,Taladro 09568,8781,,NO
9569,Taladro 09569,10123,Stanley,TRUE
9570,,2617,Bosch,0
9571,Martillo 09571,3638,Pretul,1
9572,Brocha 09572,2849,Makita,
9573,Brocha 09573,7126,Makita,SI
9574,Brocha 09574,9929,EPAHome,NO
9575,Martillo 09575,4242,Total,TRUE
9576,Clavos 09576,7235,Total,FALSE
9577,Cerradura 09577,3237,Stanley,0
9578,Martillo 09578,4922,,FALSE
9579,Taladro 09579,9450,Pretul,0
9580,Pintura 09580,4885,Bosch,TRUE
9581,Cerradura 09581,8372,Stanley,FALSE
9582,Martillo 09582,12,Bosch,TRUE
9583,Taladro 09583,5084,Makita,1
9584,Pulidora 09584,5131,Total,NO
9585,Clavos 09585,5221,Truper,1
9586,Tornillo 09586,9089,Stanley,TRUE
9587,Sierra 09587,10135,,NO
9588,Martillo 09588,3635,,1
9589,Taladro 09589,1923,Total,SI
9590,Sierra 09590,3366,Truper,
9591,Reflector 09591,2989,Total,
9592,Pintura 09592,3613,Bosch,FALSE
9593,Tornillo 09593,720,Makita,0
9594,Cerradura 09594,9608,Makita,TRUE
9595,Sierra 09595,2988,EPAHome,NO
9596,Taladro 09596,5092,Makita,1
9597,Pulidora 09597,857,Stanley,SI
9598,Pintura 09598,3310,,TRUE
9599,Sierra 09599,4098,Truper,TRUE
9600,Reflector 09600,7677,Total,1
9601,Cerradura 09601,594,,FALSE
9602,Clavos 09602,2721,Total,FALSE
9603,,9008,,SI
9604,Brocha 09604,1981,,
9605,Taladro 09605,9833,Pretul,FALSE
9606,Clavos 09606,5856,Truper,TRUE
9607,Reflector 09607,8649,EPAHome,FALSE
9608,Pulidora 09608,2747,Makita,TRUE
9609,Cerradura 09609,6028,Truper,1
9610,Cerradura 09610,7582,Pretul,NO
9611,Reflector 09611,1467,Bosch,SI
9612,Sierra 09612,9490,Stanley,NO
9613,Pintura 09613,1334,Stanley,0
9614,Brocha 09614,4566,Total,SI
9615,Brocha 09615,2071,Total,1
9616,Sierra 09616,9106,EPAHome,FALSE
9617,Clavos 09617,9934,,
9618,Martillo 09618,6752,Makita,FALSE
9619,Taladro 09619,6862,Total,0
9620,Pulidora 09620,4531,Makita,1
9621,Reflector 09621,7752,Bosch,
9622,Pintura 09622,491,Stanley,1
9623,Reflector 09623,962,Truper,0
9624,Cerradura 09624,5842,Makita,NO
P9625,Martillo 09625,3729,EPAHome,TRUE
9626,Cerradura 09626,9596,Makita,
9627,Pintura 09627,4021,Makita,TRUE
9628,Taladro 09628,3518,Makita,TRUE
9629,Tornillo 09629,5586,Makita,NO
9630,Pulidora 09630,868,Total,
9631,Tornillo 09631,8159,EPAHome,NO
9632,Tornillo 09632,7519,Truper,TRUE
9633,Martillo 09633,2264,Makita,
9634,Cerradura 09634,9542,Stanley,0
9635,Taladro 09635,ABC,Total,NO
9636,,6740,Truper,0
9637,Reflector 09637,1868,Total,1
9638,Taladro 09638,5846,Pretul,0
9639,Clavos 09639,5909,EPAHome,NO
9640,Brocha 09640,3578,,
9641,Tornillo 09641,1942,Pretul,0
9642,Taladro 09642,9047,Bosch,SI
9643,Brocha 09643,3808,,FALSE
9644,Cerradura 09644,4317,Total,TRUE
9645,Pintura 09645,5105,EPAHome,SI
9646,Pintura 09646,6243,Truper,FALSE
9647,Cerradura 09647,3817,Total,1
9648,Pintura 09648,7823,Pretul,1
9649,Martillo 09649,6297,Stanley,1
9650,Cerradura 09650,4162,Stanley,TRUE
9651,Clavos 09651,7512,Pretul,NO
9652,Clavos 09652,1349,Stanley,TRUE
9653,Tornillo 09653,5853,EPAHome,SI
9654,Brocha 09654,3577,,1
9655,Pintura 09655,8529,Pretul,NO
9656,Clavos 09656,10433,,0
9657,Taladro 09657,4329,EPAHome,1
9658,Pintura 09658,8621,,SI
9659,Sierra 09659,2053,Stanley,1
9660,Pintura 09660,4649,Truper,NO
9661,Pintura 09661,6956,Total,TRUE
9662,Clavos 09662,4801,EPAHome,NO
9663,Sierra 09663,5446,Truper,NO
9664,Taladro 09664,11,,FALSE
9665,Pintura 09665,1733,EPAHome,FALSE
9666,Clavos 09666,1685,,
9667,Pintura 09667,4494,EPAHome,TRUE
9668,Brocha 09668,7400,Truper,NO
9669,,10224,Stanley,FALSE
9670,Reflector 09670,10620,Truper,SI
9671,Martillo 09671,8950,EPAHome,0
9672,Martillo 09672,6698,Truper,FALSE
9673,Cerradura 09673,10271,Stanley,
9674,Martillo 09674,5600,EPAHome,TRUE
9675,Tornillo 09675,9683,,NO
9676,Brocha 09676,141,Truper,0
9677,Brocha 09677,4872,Stanley,1
9678,Brocha 09678,8043,Truper,FALSE
9679,Martillo 09679,10574,Bosch,FALSE
9680,Cerradura 09680,3350,EPAHome,FALSE
9681,Pulidora 09681,9922,,
9682,Sierra 09682,6183,Makita,SI
9683,Martillo 09683,6828,EPAHome,TRUE
9684,Tornillo 09684,5660,Makita,
9685,Tornillo 09685,7533,Makita,FALSE
9686,Cerradura 09686,2641,Pretul,FALSE
9687,Sierra 09687,106,Makita,NO
9688,Pintura 09688,5421,Makita,NO
9689,Clavos 09689,3092,Truper,SI
9690,Tornillo 09690,1690,Truper,TRUE
9691,Reflector 09691,993,Bosch,0
9692,Tornillo 09692,4975,,
9693,Tornillo 09693,1704,,SI
9694,Pintura 09694,6777,Stanley,
9695,Brocha 09695,3592,Stanley,
9696,Cerradura 09696,5802,Makita,0
9697,Brocha 09697,3741,Bosch,
9698,Pulidora 09698,1705,Bosch,1
9699,Clavos 09699,721,,FALSE
9700,Clavos 09700,7712,Makita,TRUE
9701,Reflector 09701,1919,EPAHome,TRUE
P9702,,4013,Bosch,0
9703,Brocha 09703,10334,Stanley,
9704,Reflector 09704,9809,EPAHome,TRUE
9705,Brocha 09705,3030,Stanley,FALSE
9706,Tornillo 09706,5901,Pretul,NO
9707,Cerradura 09707,10469,Pretul,NO
9708,Martillo 09708,9447,,0
9709,Reflector 09709,2853,Truper,
9710,Brocha 09710,9021,Pretul,SI
9711,Reflector 09711,7838,Truper,1
9712,Reflector 09712,10787,Pretul,SI
9713,Reflector 09713,8873,,FALSE
9714,Reflector 09714,9847,Stanley,FALSE
9715,Cerradura 09715,28,Makita,FALSE
9716,Clavos 09716,8284,EPAHome,TRUE
9717,Brocha 09717,8184,Stanley,1
9718,Martillo 09718,1239,Total,NO
9719,Reflector 09719,4756,Stanley,0
9720,Clavos 09720,5538,Truper,
9721,Martillo 09721,330,Bosch,TRUE
9722,Martillo 09722,8782,EPAHome,0
9723,Pulidora 09723,8081,Truper,FALSE
9724,Sierra 09724,7439,,0
9725,Tornillo 09725,984,Bosch,
9726,Pintura 09726,2739,Bosch,0
9727,Brocha 09727,10227,EPAHome,TRUE
9728,Taladro 09728,10381,Stanley,0
9729,Pintura 09729,355,Makita,0
9730,Pulidora 09730,5441,EPAHome,
9731,Brocha 09731,8218,Stanley,SI
9732,Pulidora 09732,1666,Pretul,
9733,Tornillo 09733,6095,Bosch,FALSE
9734,Taladro 09734,2294,Bosch,TRUE
9735,,5133,EPAHome,0
9736,Cerradura 09736,4959,Pretul,TRUE
9737,Pintura 09737,4250,Total,0
9738,Clavos 09738,3126,Stanley,0
9739,Clavos 09739,249,Bosch,0
9740,Martillo 09740,4872,Total,TRUE
9741,Clavos 09741,7519,,0
9742,Reflector 09742,1576,Makita,
9743,Brocha 09743,10654,Makita,SI
9744,Taladro 09744,10578,Truper,
9745,Reflector 09745,8966,Total,0
9746,Cerradura 09746,3764,Stanley,
9747,Sierra 09747,1479,Total,FALSE
9748,Reflector 09748,809,Stanley,NO
9749,Clavos 09749,3064,Bosch,TRUE
9750,Cerradura 09750,5308,Pretul,1
9751,Pintura 09751,797,Total,TRUE
9752,Pintura 09752,2305,Stanley,1
9753,Tornillo 09753,3136,Stanley,TRUE
9754,Taladro 09754,3377,Stanley,TRUE
9755,Clavos 09755,5916,EPAHome,FALSE
9756,Brocha 09756,4927,Bosch,
9757,Taladro 09757,7782,Bosch,1
9758,Tornillo 09758,9281,Total,0
9759,Cerradura 09759,5295,Pretul,1
9760,Taladro 09760,3138,Total,FALSE
9761,Martillo 09761,4355,Total,
9762,Pulidora 09762,4944,EPAHome,
9763,Reflector 09763,9167,,NO
9764,Brocha 09764,1584,EPAHome,FALSE
9765,Pintura 09765,10752,Total,SI
9766,Reflector 09766,6349,Truper,SI
9767,Cerradura 09767,6281,EPAHome,SI
9768,,2467,Stanley,NO
9769,Reflector 09769,2127,Bosch,NO
9770,Sierra 09770,1509,Total,NO
9771,Tornillo 09771,4685,EPAHome,TRUE
9772,Sierra 09772,8780,Bosch,0
9773,Taladro 09773,5569,Total,1
9774,Taladro 09774,8418,EPAHome,
9775,Cerradura 09775,4522,EPAHome,TRUE
9776,Martillo 09776,941,Pretul,1
9777,Martillo 09777,6350,Makita,
9778,Reflector 09778,6404,Truper,1
P9779,Brocha 09779,5222,,FALSE
9780,Brocha 09780,6475,,0
9781,Tornillo 09781,3500,Pretul,1
9782,Martillo 09782,8534,Makita,TRUE
9783,Pintura 09783,537,Pretul,0
9784,Reflector 09784,7578,Truper,FALSE
9785,Pulidora 09785,5508,Truper,FALSE
9786,Pintura 09786,3318,Pretul,SI
9787,Martillo 09787,8114,EPAHome,TRUE
9788,Tornillo 09788,4124,Makita,TRUE
9789,Pulidora 09789,4378,Total,
9790,Tornillo 09790,6849,,TRUE
9791,Clavos 09791,9814,Bosch,
9792,Cerradura 09792,6598,Pretul,TRUE
9793,Martillo 09793,4445,Truper,NO
9794,Cerradura 09794,10146,Truper,0
9795,Sierra 09795,10403,Makita,NO
9796,Brocha 09796,10359,Bosch,NO
9797,Sierra 09797,6872,EPAHome,NO
9798,Tornillo 09798,6747,Pretul,NO
9799,Taladro 09799,940,,0
9800,Taladro 09800,7938,Makita,
9801,,5317,Truper,0
9802,Pintura 09802,7603,Makita,FALSE
9803,Sierra 09803,5077,EPAHome,
9804,Brocha 09804,7871,Truper,0
9805,Tornillo 09805,3062,Truper,0
9806,Brocha 09806,2453,,NO
9807,Clavos 09807,2739,Bosch,NO
9808,Tornillo 09808,9093,Makita,0
9809,Pintura 09809,2208,Total,NO
9810,Clavos 09810,1133,Bosch,TRUE
9811,Brocha 09811,6248,Total,FALSE
9812,Reflector 09812,4462,,SI
9813,Tornillo 09813,5720,EPAHome,SI
9814,Pintura 09814,173,Pretul,FALSE
9815,Cerradura 09815,9772,,TRUE
9816,Pulidora 09816,9605,Truper,TRUE
9817,Reflector 09817,5194,Bosch,FALSE
9818,Sierra 09818,3753,EPAHome,1
9819,Pintura 09819,2863,Bosch,1
9820,Cerradura 09820,6910,Pretul,NO
9821,Tornillo 09821,276,Total,TRUE
9822,Tornillo 09822,7474,Bosch,TRUE
9823,Pulidora 09823,2252,Total,1
9824,Martillo 09824,5756,Pretul,TRUE
9825,Reflector 09825,1782,Makita,
9826,Reflector 09826,1274,Total,
9827,Tornillo 09827,4501,Bosch,SI
9828,Cerradura 09828,5506,Total,SI
9829,Pintura 09829,9574,Bosch,1
9830,Cerradura 09830,2078,EPAHome,SI
9831,Pintura 09831,7294,Total,
9832,Brocha 09832,2295,Stanley,1
9833,Tornillo 09833,6984,EPAHome,0
9834,,556,Pretul,NO
9835,Martillo 09835,3892,Stanley,FALSE
9836,Tornillo 09836,1779,Makita,FALSE
9837,Clavos 09837,478,,FALSE
9838,Reflector 09838,1268,Makita,1
9839,Taladro 09839,538,Truper,TRUE
9840,Taladro 09840,ABC,Pretul,0
9841,Pulidora 09841,985,Stanley,NO
9842,Brocha 09842,1015,Bosch,NO
9843,Taladro 09843,4596,Stanley,NO
9844,Taladro 09844,1114,Stanley,SI
9845,Reflector 09845,1523,Total,
9846,Sierra 09846,9116,Stanley,TRUE
9847,Taladro 09847,512,Makita,SI
9848,Taladro 09848,610,Stanley,SI
9849,Taladro 09849,5082,Makita,
9850,Reflector 09850,1325,Makita,TRUE
9851,Pintura 09851,583,,1
9852,Tornillo 09852,8325,Makita,1
9853,Pintura 09853,4487,,SI
9854,Sierra 09854,7598,,FALSE
9855,Taladro 09855,2649,,0
P9856,Reflector 09856,8735,,TRUE
9857,Cerradura 09857,6142,Pretul,1
9858,Clavos 09858,618,Stanley,NO
9859,Reflector 09859,4620,Makita,FALSE
9860,Martillo 09860,3237,Truper,FALSE
9861,Reflector 09861,3751,EPAHome,
9862,Pintura 09862,5362,Total,NO
9863,Brocha 09863,7786,Bosch,1
9864,Pintura 09864,1673,Truper,TRUE
9865,Pulidora 09865,2399,Stanley,
9866,Martillo 09866,622,Pretul,
9867,,3523,EPAHome,1
9868,Cerradura 09868,2228,Makita,FALSE
9869,Tornillo 09869,939,Total,1
9870,Cerradura 09870,4907,Makita,FALSE
9871,Pulidora 09871,4425,EPAHome,0
9872,Martillo 09872,10795,EPAHome,SI
9873,Tornillo 09873,6415,Bosch,SI
9874,Sierra 09874,7470,EPAHome,0
9875,Sierra 09875,6167,Stanley,FALSE
9876,Sierra 09876,3908,,0
9877,Tornillo 09877,2745,Pretul,0
9878,Brocha 09878,10332,EPAHome,
9879,Sierra 09879,6635,Makita,1
9880,Pulidora 09880,8955,,NO
9881,Tornillo 09881,9266,EPAHome,TRUE
9882,Reflector 09882,7479,Stanley,NO
9883,Sierra 09883,6831,Pretul,
9884,Pulidora 09884,3575,EPAHome,NO
9885,Martillo 09885,9339,Makita,TRUE
9886,Taladro 09886,10214,Pretul,1
9887,Brocha 09887,10595,Pretul,1
9888,Brocha 09888,1593,Pretul,1
9889,Clavos 09889,8927,Bosch,FALSE
9890,Pulidora 09890,4788,EPAHome,TRUE
9891,Reflector 09891,666,Total,
9892,Pintura 09892,2604,EPAHome,NO
9893,Clavos 09893,13,Makita,NO
9894,Tornillo 09894,3920,Bosch,0
9895,Taladro 09895,5317,Makita,0
9896,Cerradura 09896,10227,Stanley,FALSE
9897,Reflector 09897,8217,Stanley,0
9898,Taladro 09898,2540,,1
9899,Pintura 09899,8581,Total,
9900,,4010,,1
9901,Cerradura 09901,9972,Truper,SI
9902,Tornillo 09902,8575,Bosch,TRUE
9903,Clavos 09903,5955,,FALSE
9904,Taladro 09904,10658,Truper,
9905,Tornillo 09905,9977,Makita,SI
9906,Tornillo 09906,4561,Makita,
9907,Cerradura 09907,2670,Bosch,
9908,Sierra 09908,4666,Pretul,NO
9909,Tornillo 09909,10384,Truper,NO
9910,Martillo 09910,304,Truper,
9911,Reflector 09911,9284,,
9912,Pintura 09912,3810,Stanley,SI
9913,Brocha 09913,6643,Total,0
9914,Clavos 09914,9211,Pretul,FALSE
9915,Clavos 09915,961,,0
9916,Taladro 09916,9316,,1
9917,Reflector 09917,7847,Stanley,SI
9918,Sierra 09918,9300,Truper,NO
9919,Pintura 09919,8315,EPAHome,0
9920,Clavos 09920,3398,Stanley,1
9921,Pintura 09921,2683,Stanley,1
9922,Cerradura 09922,8535,Total,FALSE
9923,Reflector 09923,3455,Bosch,SI
9924,Tornillo 09924,10552,Total,0
9925,Martillo 09925,4246,,SI
9926,Taladro 09926,5323,Total,0
9927,Cerradura 09927,7718,,0
9928,Clavos 09928,533,Truper,
9929,Tornillo 09929,6886,Truper,SI
9930,Reflector 09930,235,Makita,1
9931,Pintura 09931,5447,EPAHome,0
9932,Reflector 09932,7756,EPAHome,SI
P9933,,5436,Stanley,0
9934,Tornillo 09934,1622,,FALSE
9935,Martillo 09935,327,Makita,1
9936,Clavos 09936,1238,Makita,TRUE
9937,Martillo 09937,5830,Makita,0
9938,Brocha 09938,5723,Total,0
9939,Reflector 09939,611,Makita,
9940,Reflector 09940,1993,Truper,SI
9941,Brocha 09941,7085,Stanley,SI
9942,Taladro 09942,9643,Total,
9943,Reflector 09943,1458,Pretul,TRUE
9944,Pintura 09944,5128,Total,FALSE
9945,Martillo 09945,5728,EPAHome,NO
9946,Pulidora 09946,7563,Total,FALSE
9947,Clavos 09947,2295,EPAHome,TRUE
9948,Sierra 09948,1915,Truper,
9949,Reflector 09949,5812,Total,TRUE
9950,Clavos 09950,3778,Stanley,NO
9951,Brocha 09951,6102,Bosch,0
9952,Pintura 09952,9313,EPAHome,NO
9953,Taladro 09953,2229,Truper,NO
9954,Sierra 09954,9539,Stanley,1
9955,Cerradura 09955,8429,Bosch,NO
9956,Sierra 09956,367,,
9957,Cerradura 09957,1247,Makita,NO
9958,Brocha 09958,10517,Total,TRUE
9959,Pintura 09959,3833,Makita,
9960,Pintura 09960,3803,Total,0
9961,Clavos 09961,1259,EPAHome,1
9962,Cerradura 09962,1271,Bosch,
9963,Sierra 09963,8312,EPAHome,NO
9964,Reflector 09964,4183,Stanley,1
9965,Martillo 09965,8406,Pretul,
9966,,7686,EPAHome,1
9967,Sierra 09967,5220,Stanley,0
9968,Tornillo 09968,9404,Total,NO
9969,Pintura 09969,1375,Truper,1
9970,Cerradura 09970,6766,Total,NO
9971,Sierra 09971,3138,Pretul,0
9972,Tornillo 09972,10259,Bosch,TRUE
9973,Tornillo 09973,7417,Truper,FALSE
9974,Cerradura 09974,3863,Total,TRUE
9975,Cerradura 09975,2002,Pretul,TRUE
9976,Reflector 09976,7386,Makita,
9977,Taladro 09977,8927,,SI
9978,Tornillo 09978,5756,,
9979,Tornillo 09979,9550,Stanley,1
9980,Brocha 09980,5919,EPAHome,0
9981,Martillo 09981,10657,Bosch,FALSE
9982,Sierra 09982,4731,Bosch,1
9983,Pintura 09983,10163,Stanley,
9984,Pintura 09984,9299,EPAHome,NO
9985,Cerradura 09985,10261,Pretul,NO
9986,Tornillo 09986,1931,Bosch,1
9987,Reflector 09987,3272,,SI
9988,Martillo 09988,5350,Truper,FALSE
9989,Taladro 09989,1700,Truper,0
9990,Taladro 09990,1093,Pretul,0
9991,Pulidora 09991,9649,EPAHome,NO
9992,Tornillo 09992,10303,,FALSE
9993,Reflector 09993,5970,Total,TRUE
9994,Taladro 09994,2295,Makita,NO
9995,Brocha 09995,4336,Total,TRUE
9996,Sierra 09996,5294,Bosch,NO
9997,Tornillo 09997,1596,Truper,0
9998,Clavos 09998,4780,Truper,
9999,,4043,EPAHome,
10000,Pulidora 10000,1448,Truper,0
10000,Pulidora 10000,1448,Truper,0
10001,Cerradura 10001,4815,Bosch,NO
10002,Martillo 10002,773,Makita,0
10003,Martillo 10003,2080,EPAHome,0
10004,Pulidora 10004,3290,Pretul,0
10005,Taladro 10005,3535,Makita,NO
10006,Pintura 10006,3833,,FALSE
10007,Reflector 10007,6419,Truper,0
10008,Sierra 10008,10224,Total,
10009,Cerradura 10009,389,Truper,SI
P10010,Taladro 10010,208,EPAHome,0
10011,Clavos 10011,6430,Bosch,SI
10012,Clavos 10012,738,Pretul,TRUE
10013,Reflector 10013,3419,Bosch,TRUE
10014,Cerradura 10014,6826,Bosch,0
10015,Tornillo 10015,4260,Truper,
10016,Reflector 10016,4045,Total,1
10017,Brocha 10017,3342,Truper,1
10018,Reflector 10018,6919,Stanley,1
10019,Cerradura 10019,9673,Makita,
10020,Pintura 10020,3685,Pretul,TRUE
10021,Taladro 10021,10302,Makita,
10022,Martillo 10022,87,EPAHome,NO
10023,Cerradura 10023,213,Total,1
10024,Tornillo 10024,8222,Makita,TRUE
10025,Pulidora 10025,6827,Pretul,1
10026,Taladro 10026,4929,Stanley,NO
10027,Brocha 10027,10693,EPAHome,FALSE
10028,Taladro 10028,1603,Makita,FALSE
10029,Pintura 10029,653,Makita,SI
10030,Pintura 10030,1875,Bosch,0
10031,Martillo 10031,4237,Total,1
10032,,1724,Stanley,SI
10033,Clavos 10033,4483,Makita,NO
10034,Cerradura 10034,6220,Makita,NO
10035,Pulidora 10035,2161,Total,
10036,Tornillo 10036,1617,Stanley,SI
10037,Pintura 10037,8679,,NO
10038,Reflector 10038,5003,,1
10039,Pulidora 10039,9798,Makita,1
10040,Tornillo 10040,10150,Total,
10041,Brocha 10041,8217,Stanley,0
10042,Clavos 10042,6664,EPAHome,FALSE
10043,Cerradura 10043,9688,Makita,0
10044,Clavos 10044,7525,Pretul,TRUE
10045,Tornillo 10045,ABC,EPAHome,1
10046,Tornillo 10046,6301,Makita,TRUE
10047,Brocha 10047,570,Truper,TRUE
10048,Pulidora 10048,3995,Total,0
10049,Pintura 10049,7346,,SI
10050,Clavos 10050,5445,Pretul,1
10051,Tornillo 10051,1007,Truper,TRUE
10052,Pintura 10052,2054,Stanley,0
10053,Sierra 10053,3371,Bosch,1
10054,Brocha 10054,460,,NO
10055,Pulidora 10055,6067,Stanley,0
10056,Reflector 10056,10106,EPAHome,0
10057,Pulidora 10057,8206,Truper,1
10058,Martillo 10058,3721,,TRUE
10059,Brocha 10059,1036,Truper,
10060,Sierra 10060,2689,Pretul,TRUE
10061,Clavos 10061,3452,Makita,0
10062,Cerradura 10062,2309,EPAHome,0
10063,Tornillo 10063,8333,Makita,0
10064,Pintura 10064,8984,Total,1
10065,,1443,,NO
10066,Sierra 10066,1707,Bosch,0
10067,Brocha 10067,3401,Pretul,TRUE
10068,Pulidora 10068,7078,EPAHome,1
10069,Clavos 10069,8126,Stanley,1
10070,Tornillo 10070,413,Truper,
10071,Clavos 10071,8855,Stanley,TRUE
10072,Clavos 10072,8664,Makita,NO
10073,Martillo 10073,10593,Truper,TRUE
10074,Tornillo 10074,8010,Pretul,FALSE
10075,Clavos 10075,11,Makita,FALSE
10076,Clavos 10076,2031,Bosch,NO
10077,Reflector 10077,7031,Truper,
10078,Brocha 10078,2741,,FALSE
10079,Cerradura 10079,5791,EPAHome,NO
10080,Brocha 10080,10276,Makita,FALSE
10081,Taladro 10081,6121,,FALSE
10082,Tornillo 10082,1871,Truper,TRUE
10083,Taladro 10083,7972,Bosch,TRUE
10084,Brocha 10084,9152,EPAHome,1
10085,Brocha 10085,1823,Pretul,NO
10086,Martillo 10086,6973,EPAHome,0
P10087,Reflector 10087,10507,Truper,FALSE
10088,Sierra 10088,9326,EPAHome,NO
10089,Brocha 10089,6305,EPAHome,TRUE
10090,Clavos 10090,3576,Makita,
10091,Martillo 10091,5061,Total,FALSE
10092,Brocha 10092,3885,Pretul,0
10093,Clavos 10093,7547,,
10094,Tornillo 10094,2883,EPAHome,NO
10095,Pulidora 10095,180,Makita,0
10096,Taladro 10096,9567,Stanley,FALSE
10097,Pulidora 10097,197,Total,
10098,,4258,Truper,SI
10099,Taladro 10099,8686,Stanley,SI
10100,Reflector 10100,10110,Truper,
10101,Taladro 10101,6122,Stanley,0
10102,Pintura 10102,10127,,SI
10103,Brocha 10103,7778,,1
10104,Cerradura 10104,8777,EPAHome,1
10105,Reflector 10105,10571,,FALSE
10106,Clavos 10106,9273,,NO
10107,Reflector 10107,9543,Bosch,TRUE
10108,Sierra 10108,7128,Makita,FALSE
10109,Martillo 10109,10080,Truper,TRUE
10110,Tornillo 10110,4090,EPAHome,FALSE
10111,Tornillo 10111,5995,Stanley,0
10112,Pintura 10112,4420,Bosch,SI
10113,Tornillo 10113,6417,Stanley,1
10114,Taladro 10114,10767,Bosch,SI
10115,Pintura 10115,8361,Stanley,FALSE
10116,Taladro 10116,8623,,FALSE
10117,Pulidora 10117,5401,,1
10118,Pintura 10118,5465,,0
10119,Cerradura 10119,2228,EPAHome,
10120,Tornillo 10120,7462,Truper,1
10121,Pulidora 10121,6827,Truper,SI
10122,Brocha 10122,3808,EPAHome,FALSE
10123,Cerradura 10123,5137,Bosch,FALSE
10124,Sierra 10124,4615,Total,SI
10125,Reflector 10125,10268,Makita,SI
10126,Cerradura 10126,772,Truper,0
10127,Tornillo 10127,3557,Makita,TRUE
10128,Martillo 10128,5132,Pretul,1
10129,Taladro 10129,3455,Total,
10130,Pulidora 10130,6222,Bosch,1
10131,,7021,Pretul,NO
10132,Cerradura 10132,7530,Bosch,0
10133,Reflector 10133,2232,Total,
10134,Clavos 10134,1073,,FALSE
10135,Taladro 10135,6118,Pretul,
10136,Clavos 10136,8351,Makita,NO
10137,Brocha 10137,1182,Bosch,TRUE
10138,Martillo 10138,1960,Pretul,SI
10139,Sierra 10139,5372,Makita,TRUE
10140,Clavos 10140,1302,Truper,NO
10141,Sierra 10141,3281,Makita,TRUE
10142,Tornillo 10142,9966,Truper,0
10143,Taladro 10143,3556,EPAHome,SI
10144,Clavos 10144,8892,Truper,SI
10145,Pintura 10145,10516,Total,0
10146,Pintura 10146,8919,EPAHome,1
10147,Sierra 10147,4820,Stanley,TRUE
10148,Clavos 10148,4422,Makita,
10149,Pintura 10149,3240,Bosch,SI
10150,Tornillo 10150,8986,Truper,FALSE
10151,Martillo 10151,2376,EPAHome,
10152,Pintura 10152,3983,Total,NO
10153,Tornillo 10153,8759,,FALSE
10154,Clavos 10154,9539,Pretul,NO
10155,Brocha 10155,2971,Stanley,1
10156,Tornillo 10156,4425,Bosch,0
10157,Martillo 10157,2515,,FALSE
10158,Taladro 10158,301,Bosch,FALSE
10159,Tornillo 10159,9418,Bosch,SI
10160,Reflector 10160,4907,,1
10161,Cerradura 10161,4005,EPAHome,1
10162,Brocha 10162,2859,Stanley,FALSE
10163,Cerradura 10163,5841,Stanley,FALSE
P10164,,2838,Total,1
10165,Taladro 10165,5876,Truper,NO
10166,Reflector 10166,8996,Pretul,FALSE
10167,Reflector 10167,142,Makita,0
10168,Tornillo 10168,875,,NO
10169,Pulidora 10169,10845,Stanley,NO
10170,Cerradura 10170,848,Truper,SI
10171,Brocha 10171,4697,Makita,0
10172,Tornillo 10172,5277,Bosch,TRUE
10173,Martillo 10173,5003,Stanley,1
10174,Tornillo 10174,3410,,1
10175,Clavos 10175,6526,Pretul,SI
10176,Taladro 10176,8184,EPAHome,NO
10177,Sierra 10177,8085,Pretul,FALSE
10178,Brocha 10178,7761,Truper,
10179,Taladro 10179,4297,Bosch,
10180,Tornillo 10180,1471,Makita,1
10181,Sierra 10181,4304,Pretul,1
10182,Tornillo 10182,2935,Truper,TRUE
10183,Brocha 10183,5702,,SI
10184,Clavos 10184,3856,,1
10185,Sierra 10185,1263,Stanley,TRUE
10186,Tornillo 10186,2046,Pretul,1
10187,Martillo 10187,7919,Makita,1
10188,Sierra 10188,4557,Truper,NO
10189,Martillo 10189,3983,Stanley,1
10190,Pulidora 10190,1735,Pretul,NO
10191,Reflector 10191,2653,Pretul,1
10192,Pintura 10192,6966,Pretul,1
10193,Brocha 10193,3201,Total,SI
10194,Taladro 10194,6039,,1
10195,Martillo 10195,9401,Truper,1
10196,Clavos 10196,6181,EPAHome,1
10197,,3988,EPAHome,NO
10198,Pintura 10198,641,Pretul,1
10199,Reflector 10199,230,Bosch,NO
10200,Taladro 10200,6200,Bosch,
10201,Clavos 10201,10413,Stanley,
10202,Tornillo 10202,5929,Truper,
10203,Martillo 10203,8448,Truper,SI
10204,Cerradura 10204,1700,Makita,FALSE
10205,Cerradura 10205,5393,Bosch,1
10206,Martillo 10206,950,Pretul,FALSE
10207,Taladro 10207,8098,Bosch,1
10208,Cerradura 10208,7223,Total,FALSE
10209,Brocha 10209,9107,EPAHome,NO
10210,Reflector 10210,2159,Bosch,FALSE
10211,Pintura 10211,6021,Truper,NO
10212,Brocha 10212,2153,Bosch,FALSE
10213,Pulidora 10213,5806,Pretul,1
10214,Sierra 10214,9048,Stanley,FALSE
10215,Brocha 10215,5839,Total,TRUE
10216,Pulidora 10216,4725,Bosch,0
10217,Tornillo 10217,5451,Truper,SI
10218,Reflector 10218,9148,Total,NO
10219,Pulidora 10219,2472,Bosch,TRUE
10220,Brocha 10220,846,Pretul,1
10221,Pulidora 10221,5867,Truper,TRUE
10222,Pulidora 10222,1308,Truper,0
10223,Cerradura 10223,4454,Pretul,TRUE
10224,Clavos 10224,3520,Pretul,TRUE
10225,Tornillo 10225,4969,,SI
10226,Pulidora 10226,3132,,TRUE
10227,Taladro 10227,7607,Bosch,SI
10228,Tornillo 10228,3916,Total,FALSE
10229,Tornillo 10229,477,Truper,FALSE
10230,,10068,,FALSE
10231,Pulidora 10231,7956,Total,FALSE
10232,Clavos 10232,8875,Bosch,0
10233,Sierra 10233,5701,EPAHome,TRUE
10234,Cerradura 10234,2841,Pretul,0
10235,Taladro 10235,2922,Truper,FALSE
10236,Martillo 10236,5613,,1
10237,Taladro 10237,6691,Pretul,
10238,Tornillo 10238,9898,EPAHome,1
10239,Brocha 10239,5499,Stanley,0
10240,Cerradura 10240,9735,Stanley,FALSE
P10241,Cerradura 10241,10397,Total,TRUE
10242,Taladro 10242,10539,Pretul,NO
10243,Sierra 10243,7781,Truper,NO
10244,Martillo 10244,5745,EPAHome,FALSE
10245,Brocha 10245,1405,Total,
10246,Martillo 10246,4956,Total,0
10247,Tornillo 10247,3646,Stanley,FALSE
10248,Martillo 10248,7754,,1
10249,Clavos 10249,9481,Makita,TRUE
10250,Pulidora 10250,ABC,Bosch,TRUE
10251,Brocha 10251,8138,,0
10252,Clavos 10252,9312,Pretul,1
10253,Brocha 10253,3529,Bosch,FALSE
10254,Clavos 10254,8686,Pretul,1
10255,Taladro 10255,2841,Truper,FALSE
10256,Pintura 10256,10312,Truper,SI
10257,Cerradura 10257,2435,Pretul,NO
10258,Pulidora 10258,10751,,1
10259,Martillo 10259,7728,Total,FALSE
10260,Pulidora 10260,9378,Stanley,0
10261,Pintura 10261,5751,Makita,TRUE
10262,Clavos 10262,319,EPAHome,0
10263,,7393,Stanley,SI
10264,Pulidora 10264,2861,,SI
10265,Taladro 10265,2552,Total,TRUE
10266,Reflector 10266,9620,Stanley,1
10267,Clavos 10267,2678,Bosch,NO
10268,Clavos 10268,8848,Pretul,0
10269,Pintura 10269,10067,Pretul,TRUE
10270,Taladro 10270,7635,,SI
10271,Reflector 10271,9350,Pretul,1
10272,Cerradura 10272,2997,Total,TRUE
10273,Pulidora 10273,863,Pretul,FALSE
10274,Pulidora 10274,973,EPAHome,FALSE
10275,Pulidora 10275,1708,Makita,NO
10276,Taladro 10276,6811,Pretul,NO
10277,Taladro 10277,6649,Bosch,TRUE
10278,Cerradura 10278,1978,Stanley,SI
10279,Cerradura 10279,360,Total,SI
10280,Pulidora 10280,9881,Bosch,
10281,Pintura 10281,7113,EPAHome,1
10282,Reflector 10282,3581,Makita,SI
10283,Clavos 10283,8275,Bosch,TRUE
10284,Clavos 10284,2903,Pretul,SI
10285,Cerradura 10285,3991,EPAHome,NO
10286,Taladro 10286,792,Total,0
10287,Sierra 10287,1036,EPAHome,TRUE
10288,Pulidora 10288,1334,,1
10289,Reflector 10289,7299,Total,TRUE
10290,Pintura 10290,5979,Stanley,TRUE
10291,Tornillo 10291,5224,Makita,SI
10292,Pintura 10292,2669,EPAHome,0
10293,Reflector 10293,10472,Truper,SI
10294,Taladro 10294,1003,EPAHome,0
10295,Cerradura 10295,3769,Truper,0
10296,,6835,Total,SI
10297,Taladro 10297,4967,Pretul,SI
10298,Martillo 10298,3458,Stanley,FALSE
10299,Sierra 10299,9134,Truper,FALSE
10300,Taladro 10300,10048,EPAHome,FALSE
10301,Taladro 10301,5122,Truper,FALSE
10302,Clavos 10302,9846,Pretul,NO
10303,Brocha 10303,2866,,1
10304,Taladro 10304,10560,Truper,0
10305,Brocha 10305,4782,Makita,SI
10306,Reflector 10306,3878,EPAHome,FALSE
10307,Cerradura 10307,3353,Truper,TRUE
10308,Pintura 10308,5776,EPAHome,1
10309,Pintura 10309,6842,Bosch,NO
10310,Pintura 10310,9428,EPAHome,SI
10311,Martillo 10311,4788,Total,NO
10312,Taladro 10312,8996,Bosch,0
10313,Clavos 10313,5241,Pretul,0
10314,Pulidora 10314,7716,,SI
10315,Reflector 10315,6014,EPAHome,
10316,Pulidora 10316,6315,Total,FALSE
10317,Reflector 10317,10025,Bosch,1
P10318,Brocha 10318,3287,,TRUE
10319,Cerradura 10319,3165,Makita,
10320,Brocha 10320,6374,Makita,TRUE
10321,Cerradura 10321,457,Total,1
10322,Cerradura 10322,7098,EPAHome,TRUE
10323,Clavos 10323,4452,Makita,0
10324,Pintura 10324,2797,Stanley,SI
10325,Cerradura 10325,6396,Truper,NO
10326,Taladro 10326,4988,Bosch,0
10327,Cerradura 10327,5164,EPAHome,1
10328,Taladro 10328,6305,Stanley,0
10329,,4045,Total,TRUE
10330,Brocha 10330,7880,EPAHome,SI
10331,Reflector 10331,2722,Bosch,1
10332,Pulidora 10332,2200,,1
10333,Martillo 10333,5190,Bosch,NO
10334,Reflector 10334,4997,Truper,0
10335,Tornillo 10335,5519,Pretul,0
10336,Pulidora 10336,2333,,FALSE
10337,Pintura 10337,3504,Bosch,TRUE
10338,Pulidora 10338,9785,Total,1
10339,Reflector 10339,3895,Bosch,TRUE
10340,Cerradura 10340,525,EPAHome,
10341,Tornillo 10341,8268,Total,TRUE
10342,Reflector 10342,1268,,TRUE
10343,Martillo 10343,7369,,FALSE
10344,Tornillo 10344,4678,Makita,FALSE
10345,Brocha 10345,9508,EPAHome,FALSE
10346,Clavos 10346,3541,,0
10347,Clavos 10347,7349,EPAHome,TRUE
10348,Pintura 10348,4906,EPAHome,NO
10349,Brocha 10349,8757,,
10350,Pulidora 10350,10338,,
10351,Clavos 10351,3858,Total,
10352,Cerradura 10352,123,Stanley,FALSE
10353,Sierra 10353,7173,EPAHome,NO
10354,Reflector 10354,301,Makita,SI
10355,Pintura 10355,8253,Makita,NO
10356,Cerradura 10356,10515,Truper,TRUE
10357,Clavos 10357,2823,EPAHome,
10358,Reflector 10358,6362,,SI
10359,Tornillo 10359,8174,Bosch,SI
10360,Pulidora 10360,5126,,0
10361,Cerradura 10361,3318,,FALSE
10362,,6607,Pretul,0
10363,Martillo 10363,7713,,0
10364,Pulidora 10364,4323,Makita,
10365,Taladro 10365,7569,Total,
10366,Cerradura 10366,2381,Truper,TRUE
10367,Clavos 10367,10057,Bosch,FALSE
10368,Reflector 10368,1409,Makita,0
10369,Tornillo 10369,10115,Truper,
10370,Tornillo 10370,6080,EPAHome,FALSE
10371,Taladro 10371,4501,Truper,FALSE
10372,Martillo 10372,7376,Pretul,SI
10373,Tornillo 10373,3558,Makita,TRUE
10374,Pulidora 10374,6807,Bosch,TRUE
10375,Martillo 10375,2049,Stanley,SI
10376,Pulidora 10376,2001,Pretul,0
10377,Reflector 10377,6283,Pretul,1
10378,Reflector 10378,1195,,0
10379,Martillo 10379,9175,Truper,NO
10380,Taladro 10380,282,Pretul,0
10381,Taladro 10381,9272,Makita,
10382,Taladro 10382,8440,Truper,1
10383,Pintura 10383,1035,Pretul,
10384,Clavos 10384,2677,Pretul,1
10385,Reflector 10385,5565,EPAHome,FALSE
10386,Tornillo 10386,2276,Truper,TRUE
10387,Clavos 10387,547,Pretul,SI
10388,Cerradura 10388,10554,EPAHome,0
10389,Sierra 10389,956,Bosch,0
10390,Sierra 10390,3529,Makita,NO
10391,Reflector 10391,7018,Total,0
10392,Taladro 10392,7258,,0
10393,Sierra 10393,9566,Pretul,1
10394,Pintura 10394,5163,Makita,FALSE
P10395,,9512,Truper,0
10396,Pintura 10396,1584,Stanley,0
10397,Brocha 10397,10788,Bosch,TRUE
10398,Sierra 10398,10029,,0
10399,Taladro 10399,1303,Pretul,SI
10400,Pulidora 10400,773,Bosch,
10401,Reflector 10401,5140,EPAHome,FALSE
10402,Reflector 10402,4306,Stanley,TRUE
10403,Clavos 10403,1781,,TRUE
10404,Cerradura 10404,10042,Truper,FALSE
10405,Martillo 10405,4232,Total,
10406,Pulidora 10406,9410,Truper,
10407,Clavos 10407,5167,Makita,NO
10408,Tornillo 10408,10301,Pretul,1
10409,Brocha 10409,9259,Makita,FALSE
10410,Clavos 10410,4208,Total,
10411,Sierra 10411,5094,Stanley,1
10412,Sierra 10412,5479,Bosch,SI
10413,Brocha 10413,3761,Stanley,SI
10414,Pulidora 10414,3752,EPAHome,1
10415,Cerradura 10415,4769,Truper,NO
10416,Pintura 10416,5664,Stanley,0
10417,Pintura 10417,2092,Makita,0
10418,Martillo 10418,9193,Bosch,0
10419,Pintura 10419,4774,Total,SI
10420,Brocha 10420,4329,Pretul,0
10421,Cerradura 10421,7198,Stanley,TRUE
10422,Pulidora 10422,3649,Bosch,FALSE
10423,Taladro 10423,7158,Truper,FALSE
10424,Reflector 10424,4666,Makita,NO
10425,Cerradura 10425,8769,Makita,0
10426,Brocha 10426,8890,EPAHome,TRUE
10427,Reflector 10427,2041,Truper,1
10428,,4906,Stanley,1
10429,Brocha 10429,833,Truper,
10430,Tornillo 10430,3092,EPAHome,
10431,Cerradura 10431,8057,Pretul,NO
10432,Martillo 10432,6197,EPAHome,
10433,Clavos 10433,7996,Stanley,0
10434,Taladro 10434,1222,,0
10435,Martillo 10435,8124,Bosch,TRUE
10436,Taladro 10436,46,EPAHome,NO
10437,Taladro 10437,353,Stanley,1
10438,Pintura 10438,2143,Stanley,TRUE
10439,Clavos 10439,3402,Truper,0
10440,Sierra 10440,391,Makita,NO
10441,Martillo 10441,1937,Stanley,SI
10442,Pulidora 10442,1474,Pretul,NO
10443,Martillo 10443,1474,Makita,1
10444,Clavos 10444,1484,Bosch,1
10445,Martillo 10445,1412,Makita,TRUE
10446,Brocha 10446,1706,Pretul,SI
10447,Tornillo 10447,7930,EPAHome,1
10448,Clavos 10448,8406,EPAHome,NO
10449,Taladro 10449,1352,Makita,0
10450,Reflector 10450,2020,EPAHome,0
10451,Martillo 10451,8054,Bosch,1
10452,Reflector 10452,8078,Truper,0
10453,Pulidora 10453,10498,EPAHome,FALSE
10454,Pulidora 10454,7392,Total,NO
10455,Clavos 10455,ABC,Total,1
10456,Reflector 10456,2682,,NO
10457,Pulidora 10457,2192,Truper,
10458,Pintura 10458,8541,Bosch,NO
10459,Martillo 10459,3251,Pretul,TRUE
10460,Pintura 10460,3662,Stanley,0
10461,,6299,EPAHome,NO
10462,Cerradura 10462,3532,Makita,1
10463,Clavos 10463,2301,EPAHome,SI
10464,Sierra 10464,44,Pretul,FALSE
10465,Martillo 10465,8885,Truper,0
10466,Pintura 10466,5544,Bosch,
10467,Tornillo 10467,1879,Bosch,FALSE
10468,Pulidora 10468,8631,Truper,SI
10469,Cerradura 10469,5479,Truper,NO
10470,Sierra 10470,1077,Total,0
10471,Cerradura 10471,9300,Makita,1
P10472,Brocha 10472,10728,,SI
10473,Sierra 10473,1141,EPAHome,SI
10474,Pintura 10474,9027,Total,TRUE
10475,Reflector 10475,10438,,0
10476,Taladro 10476,5363,,1
10477,Tornillo 10477,5949,Bosch,FALSE
10478,Tornillo 10478,7759,,SI
10479,Brocha 10479,1217,,1
10480,Pintura 10480,5515,Truper,1
10481,Reflector 10481,837,,1
10482,Reflector 10482,509,Stanley,TRUE
10483,Cerradura 10483,4954,Truper,NO
10484,Cerradura 10484,7393,Total,0
10485,Brocha 10485,5273,Stanley,TRUE
10486,Taladro 10486,7301,Pretul,0
10487,Martillo 10487,6721,Total,NO
10488,Tornillo 10488,10364,EPAHome,
10489,Sierra 10489,4893,Pretul,FALSE
10490,Pulidora 10490,1267,Total,0
10491,Sierra 10491,6625,,SI
10492,Martillo 10492,8788,Stanley,0
10493,Reflector 10493,3921,Makita,TRUE
10494,,1037,Total,TRUE
10495,Pulidora 10495,8487,Truper,1
10496,Reflector 10496,10163,Total,SI
10497,Martillo 10497,5072,Total,FALSE
10498,Pulidora 10498,3,Total,0
10499,Taladro 10499,4852,Truper,FALSE
10500,Pintura 10500,10481,,FALSE
10500,Pintura 10500,10481,,FALSE
10501,Taladro 10501,6853,Pretul,1
10502,Pintura 10502,6158,EPAHome,NO
10503,Cerradura 10503,7639,Truper,0
10504,Pintura 10504,4958,,TRUE
10505,Pintura 10505,5414,Total,SI
10506,Sierra 10506,5725,,0
10507,Pintura 10507,5693,Total,NO
10508,Tornillo 10508,10527,Bosch,
10509,Martillo 10509,5505,Stanley,FALSE
10510,Sierra 10510,4916,Stanley,
10511,Pulidora 10511,8192,Bosch,TRUE
10512,Tornillo 10512,6593,EPAHome,TRUE
10513,Cerradura 10513,8696,,1
10514,Brocha 10514,1292,Bosch,1
10515,Brocha 10515,9209,Stanley,1
10516,Tornillo 10516,10294,Total,NO
10517,Tornillo 10517,4712,,
10518,Sierra 10518,5837,Pretul,1
10519,Clavos 10519,10385,EPAHome,
10520,Reflector 10520,6122,Total,FALSE
10521,Martillo 10521,2071,Bosch,0
10522,Reflector 10522,5235,Bosch,FALSE
10523,Tornillo 10523,3388,Bosch,FALSE
10524,Martillo 10524,8555,Bosch,SI
10525,Tornillo 10525,4021,Truper,FALSE
10526,Pulidora 10526,8841,EPAHome,NO
10527,,941,Bosch,
10528,Clavos 10528,3904,Total,
10529,Cerradura 10529,6291,Stanley,TRUE
10530,Reflector 10530,1598,Bosch,TRUE
10531,Pulidora 10531,3454,Total,TRUE
10532,Reflector 10532,4973,Truper,
10533,Reflector 10533,3259,Pretul,0
10534,Pulidora 10534,950,Total,NO
10535,Pintura 10535,7584,Bosch,1
10536,Reflector 10536,10499,Makita,0
10537,Sierra 10537,812,,SI
10538,Clavos 10538,7649,Truper,1
10539,Pintura 10539,566,EPAHome,FALSE
10540,Sierra 10540,4311,EPAHome,0
10541,Reflector 10541,9880,Truper,0
10542,Pulidora 10542,8547,Pretul,FALSE
10543,Pulidora 10543,3981,Truper,1
10544,Sierra 10544,5073,,
10545,Taladro 10545,453,Truper,NO
10546,Pintura 10546,83,Bosch,
10547,Pintura 10547,8293,Total,0
10548,Tornillo 10548,8353,Truper,FALSE
P10549,Clavos 10549,3976,Truper,TRUE
10550,Brocha 10550,1263,Truper,TRUE
10551,Taladro 10551,2885,,0
10552,Cerradura 10552,4574,Stanley,NO
10553,Cerradura 10553,6022,Bosch,
10554,Sierra 10554,1657,Makita,FALSE
10555,Tornillo 10555,4393,Total,0
10556,Brocha 10556,4827,,1
10557,Sierra 10557,532,Makita,SI
10558,Reflector 10558,8780,,FALSE
10559,Pintura 10559,3845,Makita,
10560,,10239,EPAHome,NO
10561,Brocha 10561,5731,,1
10562,Pulidora 10562,5408,Pretul,1
10563,Sierra 10563,10236,Total,SI
10564,Brocha 10564,9080,Total,FALSE
10565,Martillo 10565,9017,Total,FALSE
10566,Reflector 10566,670,Stanley,1
10567,Pulidora 10567,9926,EPAHome,NO
10568,Martillo 10568,10665,EPAHome,FALSE
10569,Tornillo 10569,7596,Stanley,FALSE
10570,Sierra 10570,2270,Stanley,FALSE
10571,Brocha 10571,8337,Total,TRUE
10572,Sierra 10572,4700,Truper,NO
10573,Martillo 10573,2890,EPAHome,
10574,Tornillo 10574,6523,Makita,FALSE
10575,Brocha 10575,5546,Stanley,1
10576,Tornillo 10576,10243,Total,1
10577,Tornillo 10577,8941,EPAHome,TRUE
10578,Clavos 10578,10758,Truper,NO
10579,Taladro 10579,6597,Stanley,0
10580,Pulidora 10580,8738,Total,
10581,Tornillo 10581,3629,Makita,0
10582,Taladro 10582,6574,Truper,SI
10583,Tornillo 10583,8905,Pretul,0
10584,Reflector 10584,8904,Truper,NO
10585,Brocha 10585,1043,Truper,
10586,Pulidora 10586,367,Stanley,SI
10587,Taladro 10587,10345,Makita,
10588,Martillo 10588,4253,Makita,0
10589,Martillo 10589,373,Truper,0
10590,Sierra 10590,8258,Makita,1
10591,Brocha 10591,9973,,0
10592,Pulidora 10592,7137,,0
10593,,5821,Truper,
10594,Martillo 10594,2354,Total,NO
10595,Taladro 10595,9983,,0
10596,Tornillo 10596,4440,Makita,1
10597,Pintura 10597,2376,EPAHome,0
10598,Brocha 10598,10401,Makita,TRUE
10599,Clavos 10599,1765,EPAHome,NO
10600,Tornillo 10600,2328,Bosch,FALSE
10601,Sierra 10601,4409,Makita,
10602,Clavos 10602,9335,Total,TRUE
10603,Reflector 10603,3811,Bosch,0
10604,Taladro 10604,2210,Truper,FALSE
10605,Pintura 10605,311,EPAHome,NO
10606,Cerradura 10606,6302,EPAHome,SI
10607,Reflector 10607,3330,,SI
10608,Tornillo 10608,8378,Truper,NO
10609,Sierra 10609,4254,Stanley,TRUE
10610,Cerradura 10610,10564,,TRUE
10611,Clavos 10611,6132,,NO
10612,Taladro 10612,2168,Pretul,TRUE
10613,Reflector 10613,6172,Bosch,1
10614,Clavos 10614,10636,Pretul,
10615,Pintura 10615,2130,EPAHome,SI
10616,Reflector 10616,993,Total,NO
10617,Sierra 10617,8988,Truper,NO
10618,Martillo 10618,3213,Stanley,1
10619,Tornillo 10619,343,Pretul,0
10620,Sierra 10620,10763,Truper,SI
10621,Pintura 10621,5305,Bosch,TRUE
10622,Sierra 10622,10804,Makita,FALSE
10623,Taladro 10623,10162,Pretul,TRUE
10624,Pulidora 10624,5230,Truper,0
10625,Sierra 10625,3461,Makita,0
P10626,,7287,Makita,0
10627,Taladro 10627,8828,EPAHome,
10628,Sierra 10628,6423,,1
10629,Tornillo 10629,4623,Pretul,1
10630,Clavos 10630,2985,Makita,FALSE
10631,Tornillo 10631,3357,Bosch,FALSE
10632,Sierra 10632,5775,,FALSE
10633,Martillo 10633,6253,,SI
10634,Pulidora 10634,10283,Bosch,FALSE
10635,Sierra 10635,6933,Truper,0
10636,Pintura 10636,6573,EPAHome,TRUE
10637,Sierra 10637,2954,Pretul,TRUE
10638,Clavos 10638,8255,Total,SI
10639,Pintura 10639,2827,EPAHome,SI
10640,Pintura 10640,8108,Bosch,SI
10641,Brocha 10641,4021,Total,1
10642,Sierra 10642,5501,Stanley,TRUE
10643,Brocha 10643,7735,EPAHome,
10644,Taladro 10644,7497,Bosch,0
10645,Pulidora 10645,4471,Pretul,FALSE
10646,Clavos 10646,3582,,SI
10647,Pintura 10647,9733,Stanley,TRUE
10648,Tornillo 10648,6045,Bosch,FALSE
10649,Pulidora 10649,2606,Stanley,1
10650,Clavos 10650,493,Truper,FALSE
10651,Pulidora 10651,1846,Pretul,TRUE
10652,Brocha 10652,524,Stanley,0
10653,Cerradura 10653,10119,Total,NO
10654,Tornillo 10654,9146,,NO
10655,Tornillo 10655,9977,Stanley,FALSE
10656,Martillo 10656,2468,Pretul,TRUE
10657,Sierra 10657,5787,Total,1
10658,Pulidora 10658,6431,Pretul,
10659,,8569,Pretul,NO
10660,Cerradura 10660,ABC,Stanley,1
10661,Cerradura 10661,7495,Total,1
10662,Pintura 10662,405,,
10663,Brocha 10663,8446,Makita,
10664,Pintura 10664,2095,Truper,
10665,Tornillo 10665,1313,Stanley,NO
10666,Taladro 10666,8421,,
10667,Clavos 10667,3114,EPAHome,FALSE
10668,Pintura 10668,8681,,SI
10669,Pulidora 10669,5611,Stanley,1
10670,Sierra 10670,9521,Truper,1
10671,Clavos 10671,6274,Bosch,
10672,Tornillo 10672,5664,Makita,0
10673,Reflector 10673,6720,,1
10674,Clavos 10674,10521,Total,TRUE
10675,Taladro 10675,1888,Total,
10676,Brocha 10676,9326,Total,FALSE
10677,Brocha 10677,4574,Bosch,
10678,Sierra 10678,829,Truper,0
10679,Tornillo 10679,6505,,SI
10680,Reflector 10680,4655,Truper,NO
10681,Clavos 10681,8217,Makita,1
10682,Sierra 10682,10148,Total,FALSE
10683,Tornillo 10683,7343,Stanley,FALSE
10684,Pulidora 10684,1567,Truper,FALSE
10685,Pintura 10685,501,Truper,TRUE
10686,Sierra 10686,3437,Pretul,0
10687,Taladro 10687,4407,,NO
10688,Tornillo 10688,6888,Bosch,TRUE
10689,Clavos 10689,2158,EPAHome,1
10690,Cerradura 10690,248,Bosch,FALSE
10691,Martillo 10691,8332,,
10692,,1447,Pretul,FALSE
10693,Tornillo 10693,3543,Total,0
10694,Clavos 10694,9832,,1
10695,Reflector 10695,7324,,0
10696,Cerradura 10696,1699,,0
10697,Taladro 10697,910,Makita,
10698,Taladro 10698,3311,Bosch,SI
10699,Tornillo 10699,4784,,NO
10700,Reflector 10700,4273,Bosch,
10701,Pulidora 10701,2382,,0
10702,Sierra 10702,3250,,FALSE
P10703,Clavos 10703,6854,Total,0
10704,Sierra 10704,8361,Total,1
10705,Reflector 10705,2715,Pretul,
10706,Reflector 10706,5766,,TRUE
10707,Brocha 10707,4995,EPAHome,TRUE
10708,Martillo 10708,2814,EPAHome,FALSE
10709,Taladro 10709,4041,Total,FALSE
10710,Clavos 10710,3689,Bosch,FALSE
10711,Tornillo 10711,7673,EPAHome,0
10712,Brocha 10712,1211,Bosch,0
10713,Brocha 10713,1967,,FALSE
10714,Tornillo 10714,8952,EPAHome,0
10715,Sierra 10715,5221,Bosch,SI
10716,Reflector 10716,7165,Pretul,
10717,Taladro 10717,7616,Total,SI
10718,Sierra 10718,5622,Truper,
10719,Sierra 10719,9324,Bosch,FALSE
10720,Martillo 10720,7585,Total,NO
10721,Brocha 10721,3156,Truper,NO
10722,Cerradura 10722,7432,,1
10723,Taladro 10723,1467,Stanley,FALSE
10724,Brocha 10724,1992,Truper,0
10725,,1982,Makita,0
10726,Martillo 10726,7027,Makita,
10727,Taladro 10727,1548,Pretul,NO
10728,Pulidora 10728,5031,,FALSE
10729,Brocha 10729,2716,Makita,FALSE
10730,Martillo 10730,3972,Total,SI
10731,Reflector 10731,7360,EPAHome,NO
10732,Martillo 10732,9810,Stanley,FALSE
10733,Tornillo 10733,1626,Makita,NO
10734,Clavos 10734,9598,Total,NO
10735,Reflector 10735,4719,Truper,TRUE
10736,Pintura 10736,10067,Makita,1
10737,Taladro 10737,6046,Makita,TRUE
10738,Tornillo 10738,2329,Bosch,FALSE
10739,Martillo 10739,419,,NO
10740,Taladro 10740,10386,Pretul,FALSE
10741,Martillo 10741,5181,Total,NO
10742,Brocha 10742,1188,Bosch,
10743,Clavos 10743,1928,Pretul,FALSE
10744,Martillo 10744,6427,Total,0
10745,Reflector 10745,4624,Total,TRUE
10746,Tornillo 10746,5953,Stanley,SI
10747,Pulidora 10747,6765,Bosch,
10748,Martillo 10748,1655,Stanley,0
10749,Clavos 10749,438,Makita,
10750,Brocha 10750,5033,Stanley,TRUE
10751,Sierra 10751,9649,Total,SI
10752,Brocha 10752,9632,EPAHome,0
10753,Taladro 10753,1482,Bosch,
10754,Tornillo 10754,8330,,0
10755,Martillo 10755,2763,Pretul,0
10756,Martillo 10756,1107,,FALSE
10757,Brocha 10757,2554,Total,TRUE
10758,,2755,Pretul,NO
10759,Tornillo 10759,3181,Total,1
10760,Sierra 10760,7989,Makita,SI
10761,Martillo 10761,7831,Makita,
10762,Reflector 10762,5732,Total,SI
10763,Clavos 10763,6170,EPAHome,NO
10764,Pintura 10764,6218,,SI
10765,Pulidora 10765,1981,Truper,
10766,Pulidora 10766,7455,Bosch,
10767,Sierra 10767,4812,Total,SI
10768,Martillo 10768,7899,Truper,1
10769,Clavos 10769,4808,,1
10770,Sierra 10770,4656,Makita,TRUE
10771,Sierra 10771,3454,,0
10772,Cerradura 10772,261,EPAHome,FALSE
10773,Pintura 10773,730,Makita,SI
10774,Martillo 10774,5549,,0
10775,Pulidora 10775,6407,Total,1
10776,Brocha 10776,9733,Total,NO
10777,Brocha 10777,8417,Makita,TRUE
10778,Pulidora 10778,5545,Bosch,FALSE
10779,Brocha 10779,1757,Makita,NO
P10780,Taladro 10780,1770,,1
10781,Brocha 10781,6102,Makita,NO
10782,Taladro 10782,9649,Pretul,1
10783,Pintura 10783,5192,EPAHome,FALSE
10784,Brocha 10784,6259,Stanley,
10785,Tornillo 10785,5125,EPAHome,SI
10786,Tornillo 10786,10684,Truper,0
10787,Tornillo 10787,6057,Truper,NO
10788,Cerradura 10788,6844,Stanley,1
10789,Clavos 10789,3077,Total,NO
10790,Tornillo 10790,9179,Truper,SI
10791,,6026,Makita,
10792,Pintura 10792,2746,EPAHome,FALSE
10793,Brocha 10793,8861,Total,1
10794,Reflector 10794,1319,,1
10795,Reflector 10795,5987,,NO
10796,Pintura 10796,777,EPAHome,1
10797,Pulidora 10797,3090,Pretul,0
10798,Pulidora 10798,4931,Bosch,SI
10799,Sierra 10799,7036,Truper,NO
10800,Sierra 10800,25,EPAHome,1
10801,Cerradura 10801,8620,,FALSE
10802,Clavos 10802,3985,Pretul,NO
10803,Reflector 10803,2386,Bosch,0
10804,Clavos 10804,8792,Pretul,FALSE
10805,Taladro 10805,10785,Bosch,1
10806,Martillo 10806,2003,Makita,TRUE
10807,Taladro 10807,2665,,SI
10808,Pintura 10808,3571,Total,FALSE
10809,Brocha 10809,2699,Bosch,TRUE
10810,Cerradura 10810,407,Total,0
10811,Pintura 10811,5935,Bosch,0
10812,Pulidora 10812,3255,,
10813,Tornillo 10813,5464,Pretul,SI
10814,Pulidora 10814,10784,Stanley,NO
10815,Tornillo 10815,10063,Makita,
10816,Pulidora 10816,6156,Makita,1
10817,Pulidora 10817,5430,Bosch,TRUE
10818,Cerradura 10818,6664,Total,
10819,Martillo 10819,3420,Makita,FALSE
10820,Sierra 10820,1514,EPAHome,SI
10821,Reflector 10821,9357,Makita,0
10822,Tornillo 10822,7211,Pretul,
10823,Pulidora 10823,4506,Bosch,NO
10824,,10611,Bosch,NO
10825,Cerradura 10825,4316,EPAHome,SI
10826,Cerradura 10826,4303,Pretul,
10827,Sierra 10827,8418,EPAHome,FALSE
10828,Cerradura 10828,9595,Total,
10829,Taladro 10829,1898,Total,1
10830,Taladro 10830,6384,Pretul,NO
10831,Tornillo 10831,8489,,
10832,Martillo 10832,5048,Total,0
10833,Clavos 10833,4743,Truper,FALSE
10834,Tornillo 10834,3862,Truper,TRUE
10835,Reflector 10835,5967,EPAHome,SI
10836,Pulidora 10836,7850,,0
10837,Cerradura 10837,6117,,1
10838,Brocha 10838,5457,Makita,FALSE
10839,Pulidora 10839,5788,EPAHome,SI
10840,Pintura 10840,8913,,
10841,Martillo 10841,5759,Pretul,0
10842,Cerradura 10842,4858,EPAHome,NO
10843,Reflector 10843,6350,Truper,SI
10844,Pintura 10844,9849,Stanley,1
10845,Sierra 10845,1355,Makita,SI
10846,Sierra 10846,4014,Truper,NO
10847,Martillo 10847,1575,,FALSE
10848,Pintura 10848,3578,Makita,NO
10849,Sierra 10849,8782,Bosch,TRUE
10850,Cerradura 10850,8366,Bosch,
10851,Taladro 10851,4193,Makita,0
10852,Reflector 10852,5463,Pretul,NO
10853,Reflector 10853,7840,Bosch,1
10854,Pulidora 10854,149,Bosch,1
10855,Tornillo 10855,7415,Pretul,0
10856,Sierra 10856,691,Bosch,0
P10857,,464,,NO
10858,Martillo 10858,1986,Truper,FALSE
10859,Tornillo 10859,841,,FALSE
10860,Taladro 10860,895,Stanley,NO
10861,Brocha 10861,1516,EPAHome,0
10862,Brocha 10862,6777,Stanley,TRUE
10863,Taladro 10863,8669,,SI
10864,Pintura 10864,4367,Truper,
10865,Clavos 10865,ABC,Bosch,1
10866,Clavos 10866,230,Stanley,1
10867,Taladro 10867,5745,EPAHome,TRUE
10868,Cerradura 10868,10397,Pretul,FALSE
10869,Sierra 10869,6695,Pretul,FALSE
10870,Reflector 10870,9736,Makita,
10871,Sierra 10871,8579,,FALSE
10872,Reflector 10872,7759,Bosch,
10873,Clavos 10873,1653,Pretul,1
10874,Brocha 10874,6697,Pretul,1
10875,Pulidora 10875,1712,EPAHome,
10876,Clavos 10876,428,Pretul,SI
10877,Reflector 10877,9798,Makita,NO
10878,Martillo 10878,4736,Pretul,TRUE
10879,Brocha 10879,9968,Stanley,TRUE
10880,Clavos 10880,3243,EPAHome,1
10881,Taladro 10881,4466,EPAHome,TRUE
10882,Cerradura 10882,10555,EPAHome,TRUE
10883,Reflector 10883,935,Pretul,NO
10884,Pulidora 10884,4668,Bosch,1
10885,Brocha 10885,5567,Pretul,SI
10886,Clavos 10886,1894,Stanley,SI
10887,Sierra 10887,2381,Total,
10888,Tornillo 10888,7380,Makita,SI
10889,Reflector 10889,2519,Makita,TRUE
10890,,4663,EPAHome,FALSE
10891,Cerradura 10891,7728,Makita,1
10892,Clavos 10892,7997,Bosch,FALSE
10893,Cerradura 10893,1143,Pretul,TRUE
10894,Brocha 10894,9067,Stanley,
10895,Sierra 10895,10482,Makita,TRUE
10896,Pintura 10896,9931,Truper,
10897,Tornillo 10897,10130,,NO
10898,Brocha 10898,560,Bosch,
10899,Tornillo 10899,9735,Total,TRUE
10900,Pulidora 10900,4063,EPAHome,NO
10901,Taladro 10901,2524,EPAHome,SI
10902,Taladro 10902,10593,EPAHome,0
10903,Tornillo 10903,8070,Makita,NO
10904,Tornillo 10904,8599,,0
10905,Reflector 10905,6541,Bosch,SI
10906,Brocha 10906,3055,Makita,NO
10907,Clavos 10907,9592,Pretul,0
10908,Brocha 10908,6196,EPAHome,FALSE
10909,Cerradura 10909,10824,Stanley,0
10910,Pulidora 10910,9765,EPAHome,
10911,Taladro 10911,7084,EPAHome,SI
10912,Sierra 10912,6480,Total,1
10913,Pintura 10913,7816,Total,0
10914,Pintura 10914,1913,Makita,0
10915,Tornillo 10915,5915,Bosch,FALSE
10916,Brocha 10916,7181,Bosch,
10917,Brocha 10917,3,Truper,TRUE
10918,Tornillo 10918,6476,Bosch,TRUE
10919,Sierra 10919,9420,Bosch,0
10920,Cerradura 10920,1861,Truper,SI
10921,Clavos 10921,1068,EPAHome,
10922,Brocha 10922,2756,Pretul,0
10923,,5379,Total,NO
10924,Sierra 10924,3427,Total,NO
10925,Brocha 10925,8508,Pretul,SI
10926,Taladro 10926,172,Stanley,FALSE
10927,Taladro 10927,364,,TRUE
10928,Brocha 10928,3730,Truper,1
10929,Cerradura 10929,5000,EPAHome,NO
10930,Clavos 10930,156,Pretul,SI
10931,Cerradura 10931,7785,Stanley,1
10932,Tornillo 10932,1928,,FALSE
10933,Brocha 10933,3357,Truper,TRUE
P10934,Tornillo 10934,8789,Makita,SI
10935,Taladro 10935,8155,Makita,0
10936,Clavos 10936,573,EPAHome,NO
10937,Sierra 10937,6806,Total,FALSE
10938,Reflector 10938,6779,Truper,1
10939,Sierra 10939,10129,Makita,SI
10940,Sierra 10940,10773,Stanley,TRUE
10941,Reflector 10941,10379,Pretul,SI
10942,Pulidora 10942,10793,Total,
10943,Sierra 10943,3633,,NO
10944,Pulidora 10944,4946,Bosch,FALSE
10945,Taladro 10945,8476,Total,NO
10946,Clavos 10946,4865,,FALSE
10947,Taladro 10947,9020,EPAHome,SI
10948,Clavos 10948,1034,Pretul,
10949,Martillo 10949,3890,EPAHome,
10950,Reflector 10950,5761,Bosch,FALSE
10951,Taladro 10951,4239,Truper,
10952,Cerradura 10952,2326,EPAHome,
10953,Taladro 10953,254,EPAHome,TRUE
10954,Martillo 10954,1782,Truper,FALSE
10955,Pintura 10955,2727,Makita,1
10956,,5415,Bosch,0
10957,Clavos 10957,6829,,FALSE
10958,Tornillo 10958,10125,,
10959,Cerradura 10959,2857,Total,
10960,Sierra 10960,1340,Bosch,0
10961,Clavos 10961,3825,Bosch,
10962,Martillo 10962,1344,Truper,
10963,Pintura 10963,2722,Stanley,TRUE
10964,Sierra 10964,6336,Makita,NO
10965,Cerradura 10965,2503,Truper,1
10966,Pulidora 10966,8428,EPAHome,
10967,Cerradura 10967,8777,,NO
10968,Reflector 10968,5779,EPAHome,FALSE
10969,Taladro 10969,3243,EPAHome,SI
10970,Reflector 10970,2553,EPAHome,NO
10971,Clavos 10971,130,Makita,
10972,Cerradura 10972,7175,Pretul,0
10973,Sierra 10973,8623,Makita,
10974,Sierra 10974,4020,Truper,0
10975,Brocha 10975,1133,,NO
10976,Clavos 10976,10310,Total,NO
10977,Tornillo 10977,10078,Makita,TRUE
10978,Cerradura 10978,197,Pretul,SI
10979,Taladro 10979,8701,EPAHome,TRUE
10980,Taladro 10980,429,Truper,0
10981,Pulidora 10981,2453,EPAHome,1
10982,Taladro 10982,10598,Makita,0
10983,Reflector 10983,6690,Bosch,0
10984,Tornillo 10984,3576,Makita,TRUE
10985,Cerradura 10985,5846,Stanley,0
10986,Taladro 10986,4221,,
10987,Clavos 10987,5997,Stanley,1
10988,Taladro 10988,4510,Pretul,NO
10989,,256,Bosch,NO
10990,Clavos 10990,42,Pretul,NO
10991,Sierra 10991,4040,Truper,TRUE
10992,Cerradura 10992,8018,Stanley,
10993,Martillo 10993,3667,Truper,SI
10994,Pintura 10994,3310,EPAHome,NO
10995,Pulidora 10995,93,Truper,0
10996,Brocha 10996,5259,Total,
10997,Reflector 10997,6139,Stanley,SI
10998,Taladro 10998,10514,EPAHome,FALSE
10999,Martillo 10999,9276,Bosch,
11000,Reflector 11000,9190,Truper,
11000,Reflector 11000,9190,Truper,
11001,Brocha 11001,8340,Pretul,TRUE
11002,Reflector 11002,6940,Makita,
11003,Pintura 11003,9307,,NO
11004,Brocha 11004,2131,Stanley,1
11005,Sierra 11005,269,Stanley,FALSE
11006,Brocha 11006,3543,,1
11007,Cerradura 11007,5553,,SI
11008,Sierra 11008,10321,Total,TRUE
11009,Sierra 11009,4088,Stanley,1
11010,Cerradura 11010,6226,EPAHome,1
P11011,Martillo 11011,6717,Truper,
11012,Taladro 11012,5333,EPAHome,0
11013,Martillo 11013,6000,Bosch,0
11014,Martillo 11014,6273,Pretul,FALSE
11015,Martillo 11015,9338,EPAHome,TRUE
11016,Sierra 11016,8723,Stanley,FALSE
11017,Sierra 11017,6187,Makita,TRUE
11018,Clavos 11018,1480,Total,FALSE
11019,Cerradura 11019,8365,Bosch,FALSE
11020,Pintura 11020,9587,Total,TRUE
11021,Tornillo 11021,6831,Total,NO
11022,,8891,Truper,NO
11023,Martillo 11023,6771,Truper,
11024,Sierra 11024,2737,Total,FALSE
11025,Martillo 11025,2014,Pretul,NO
11026,Tornillo 11026,9506,Total,
11027,Brocha 11027,7063,Makita,TRUE
11028,Cerradura 11028,5517,Pretul,
11029,Cerradura 11029,3574,Stanley,
11030,Tornillo 11030,1898,Truper,NO
11031,Taladro 11031,6474,,1
11032,Brocha 11032,2528,Truper,TRUE
11033,Taladro 11033,6909,Pretul,0
11034,Martillo 11034,4742,Makita,SI
11035,Tornillo 11035,3817,EPAHome,
11036,Sierra 11036,6125,Truper,0
11037,Reflector 11037,2119,Total,FALSE
11038,Pulidora 11038,2092,Stanley,0
11039,Pintura 11039,6922,Pretul,NO
11040,Pulidora 11040,4212,Truper,FALSE
11041,Sierra 11041,8546,Total,0
11042,Martillo 11042,2390,Pretul,SI
11043,Sierra 11043,7583,Truper,1
11044,Sierra 11044,495,Stanley,1
11045,Brocha 11045,2454,,0
11046,Reflector 11046,336,,SI
11047,Martillo 11047,8273,EPAHome,NO
11048,Tornillo 11048,2791,Truper,NO
11049,Pulidora 11049,8148,Truper,NO
11050,Taladro 11050,3926,Stanley,TRUE
11051,Reflector 11051,2479,Total,TRUE
11052,Tornillo 11052,8303,Bosch,
11053,Clavos 11053,6462,Bosch,TRUE
11054,Pulidora 11054,6103,Bosch,FALSE
11055,,9258,Pretul,1
11056,Tornillo 11056,3833,Stanley,TRUE
11057,Tornillo 11057,3500,EPAHome,FALSE
11058,Cerradura 11058,10559,Bosch,FALSE
11059,Sierra 11059,10086,Makita,1
11060,Taladro 11060,1583,Makita,SI
11061,Sierra 11061,8916,Truper,1
11062,Pulidora 11062,10310,Pretul,FALSE
11063,Pulidora 11063,4416,Truper,SI
11064,Cerradura 11064,10073,Bosch,
11065,Brocha 11065,3042,Total,FALSE
11066,Sierra 11066,259,Stanley,
11067,Pintura 11067,408,Stanley,TRUE
11068,Tornillo 11068,9048,Makita,SI
11069,Tornillo 11069,7617,Pretul,FALSE
11070,Pintura 11070,ABC,EPAHome,0
11071,Martillo 11071,5109,Truper,TRUE
11072,Tornillo 11072,8482,Stanley,FALSE
11073,Martillo 11073,2116,Makita,FALSE
11074,Brocha 11074,886,,TRUE
11075,Pulidora 11075,8208,EPAHome,TRUE
11076,Sierra 11076,3277,Total,0
11077,Tornillo 11077,2352,Truper,FALSE
11078,Clavos 11078,7684,Makita,
11079,Sierra 11079,8220,,FALSE
11080,Reflector 11080,10317,Bosch,TRUE
11081,Brocha 11081,9163,Total,1
11082,Sierra 11082,6033,Total,SI
11083,Clavos 11083,10437,Stanley,1
11084,Pintura 11084,1890,,FALSE
11085,Clavos 11085,8153,Makita,NO
11086,Martillo 11086,3433,Total,TRUE
11087,Cerradura 11087,6347,Bosch,SI
P11088,,7469,Makita,NO
11089,Tornillo 11089,4814,Truper,1
11090,Reflector 11090,7170,Total,1
11091,Sierra 11091,6290,EPAHome,
11092,Tornillo 11092,3618,,TRUE
11093,Clavos 11093,1725,Bosch,SI
11094,Clavos 11094,5703,Pretul,NO
11095,Sierra 11095,6715,Stanley,SI
11096,Clavos 11096,2322,,FALSE
11097,Cerradura 11097,2826,Makita,
11098,Martillo 11098,10834,,0
11099,Tornillo 11099,6830,Total,FALSE
11100,Taladro 11100,4399,Stanley,1
11101,Sierra 11101,3838,Pretul,NO
11102,Pintura 11102,9975,EPAHome,TRUE
11103,Clavos 11103,9784,Pretul,TRUE
11104,Brocha 11104,7420,Truper,NO
11105,Clavos 11105,3839,Stanley,SI
11106,Brocha 11106,6713,,NO
11107,Reflector 11107,8323,,1
11108,Sierra 11108,3406,Stanley,NO
11109,Cerradura 11109,7121,Truper,0
11110,Pintura 11110,10535,EPAHome,
11111,Pintura 11111,6425,,TRUE
11112,Taladro 11112,8669,Makita,
11113,Taladro 11113,9331,EPAHome,FALSE
11114,Reflector 11114,2387,Total,NO
11115,Cerradura 11115,790,Total,1
11116,Pulidora 11116,9547,Pretul,TRUE
11117,Taladro 11117,4968,Pretul,NO
11118,Brocha 11118,1188,Truper,
11119,Tornillo 11119,1837,Stanley,SI
11120,Tornillo 11120,1064,Bosch,1
11121,,7882,Pretul,SI
11122,Tornillo 11122,8795,Bosch,0
11123,Pulidora 11123,2725,EPAHome,NO
11124,Tornillo 11124,10593,Total,1
11125,Brocha 11125,5378,Pretul,0
11126,Brocha 11126,10151,Makita,
11127,Brocha 11127,7516,,
11128,Tornillo 11128,7579,,SI
11129,Tornillo 11129,3496,Stanley,TRUE
11130,Brocha 11130,4122,Makita,
11131,Pulidora 11131,6068,Stanley,TRUE
11132,Reflector 11132,4146,Total,
11133,Martillo 11133,3089,Total,SI
11134,Brocha 11134,8789,EPAHome,0
11135,Brocha 11135,1849,Truper,SI
11136,Martillo 11136,2496,,1
11137,Brocha 11137,7837,Bosch,SI
11138,Reflector 11138,758,Makita,
11139,Pintura 11139,2055,,1
11140,Brocha 11140,6476,Bosch,TRUE
11141,Pintura 11141,9484,,1
11142,Taladro 11142,8578,Makita,SI
11143,Tornillo 11143,6405,Truper,TRUE
11144,Tornillo 11144,8585,Truper,NO
11145,Sierra 11145,6212,Total,1
11146,Taladro 11146,2741,Stanley,1
11147,Martillo 11147,4012,Pretul,1
11148,Brocha 11148,8409,Bosch,NO
11149,Pintura 11149,5793,Makita,1
11150,Brocha 11150,3190,Stanley,
11151,Clavos 11151,4033,,FALSE
11152,Taladro 11152,6850,,NO
11153,Cerradura 11153,1386,Total,0
11154,,6991,EPAHome,
11155,Brocha 11155,5151,Makita,FALSE
11156,Reflector 11156,7285,EPAHome,0
11157,Pulidora 11157,4743,Bosch,SI
11158,Sierra 11158,10767,Truper,FALSE
11159,Tornillo 11159,9282,Stanley,1
11160,Cerradura 11160,1876,,
11161,Clavos 11161,10511,Total,TRUE
11162,Pulidora 11162,7614,Pretul,FALSE
11163,Taladro 11163,10366,Total,FALSE
11164,Cerradura 11164,5623,Stanley,NO
P11165,Martillo 11165,4984,,FALSE
11166,Sierra 11166,2190,Truper,1
11167,Martillo 11167,7052,EPAHome,TRUE
11168,Pintura 11168,3697,Pretul,TRUE
11169,Pulidora 11169,5378,Total,TRUE
11170,Tornillo 11170,2361,,1
11171,Pintura 11171,5840,,NO
11172,Pintura 11172,6028,Total,1
11173,Tornillo 11173,1519,Makita,SI
11174,Reflector 11174,4256,Makita,1
11175,Clavos 11175,3637,EPAHome,
11176,Sierra 11176,7680,EPAHome,
11177,Taladro 11177,107,Makita,1
11178,Pulidora 11178,7750,EPAHome,NO
11179,Tornillo 11179,7389,Makita,NO
11180,Taladro 11180,5366,Pretul,1
11181,Reflector 11181,2135,Pretul,
11182,Pulidora 11182,2762,,TRUE
11183,Pintura 11183,819,Makita,TRUE
11184,Taladro 11184,10203,Bosch,NO
11185,Pintura 11185,14,Total,SI
11186,Reflector 11186,4313,Pretul,
11187,,921,Pretul,0
11188,Cerradura 11188,4769,EPAHome,NO
11189,Brocha 11189,2748,,TRUE
11190,Tornillo 11190,5833,Total,1
11191,Cerradura 11191,5512,Stanley,NO
11192,Sierra 11192,1982,Makita,
11193,Clavos 11193,3662,Pretul,SI
11194,Pintura 11194,4879,Pretul,0
11195,Brocha 11195,2246,Truper,FALSE
11196,Sierra 11196,6485,Makita,1
11197,Brocha 11197,6305,EPAHome,
11198,Martillo 11198,6970,Total,1
11199,Pulidora 11199,9001,Truper,TRUE
11200,Cerradura 11200,5330,Stanley,
11201,Sierra 11201,7294,,TRUE
11202,Tornillo 11202,4758,,TRUE
11203,Cerradura 11203,1774,Makita,1
11204,Cerradura 11204,7489,Pretul,NO
11205,Brocha 11205,3751,Makita,TRUE
11206,Martillo 11206,6866,Pretul,NO
11207,Sierra 11207,8783,EPAHome,SI
11208,Pintura 11208,10404,Makita,TRUE
11209,Cerradura 11209,6334,Pretul,0
11210,Pulidora 11210,2125,Truper,1
11211,Reflector 11211,2078,Bosch,
11212,Pulidora 11212,7589,Truper,1
11213,Sierra 11213,6411,Stanley,1
11214,Taladro 11214,3717,Total,1
11215,Cerradura 11215,5780,Makita,NO
11216,Taladro 11216,5155,,0
11217,Sierra 11217,8293,EPAHome,SI
11218,Tornillo 11218,5148,EPAHome,TRUE
11219,Pintura 11219,5340,Pretul,
11220,,7215,,NO
11221,Pulidora 11221,5817,Stanley,0
11222,Clavos 11222,4101,Pretul,NO
11223,Sierra 11223,6383,,SI
11224,Reflector 11224,2727,Truper,SI
11225,Taladro 11225,9305,Total,1
11226,Brocha 11226,6637,Stanley,TRUE
11227,Cerradura 11227,4005,Stanley,SI
11228,Pintura 11228,8342,Bosch,
11229,Cerradura 11229,5924,Bosch,0
11230,Clavos 11230,444,Makita,SI
11231,Brocha 11231,4043,Makita,
11232,Tornillo 11232,6580,Pretul,
11233,Pulidora 11233,1895,Truper,SI
11234,Martillo 11234,6622,Total,FALSE
11235,Pulidora 11235,8663,EPAHome,NO
11236,Taladro 11236,93,Pretul,FALSE
11237,Tornillo 11237,991,Bosch,
11238,Martillo 11238,638,Total,NO
11239,Pintura 11239,9244,,
11240,Clavos 11240,4559,Truper,0
11241,Martillo 11241,4338,,SI
P11242,Taladro 11242,445,Pretul,NO
11243,Sierra 11243,3737,EPAHome,NO
11244,Martillo 11244,10133,Truper,1
11245,Reflector 11245,1017,Total,SI
11246,Cerradura 11246,7228,Truper,0
11247,Brocha 11247,9932,Pretul,TRUE
11248,Reflector 11248,4308,Total,NO
11249,Brocha 11249,4852,Total,0
11250,Sierra 11250,3731,Makita,
11251,Reflector 11251,1250,,NO
11252,Taladro 11252,207,Total,FALSE
11253,,10521,,TRUE
11254,Clavos 11254,3214,,TRUE
11255,Taladro 11255,5494,Pretul,TRUE
11256,Reflector 11256,1985,,FALSE
11257,Tornillo 11257,3239,Stanley,FALSE
11258,Cerradura 11258,51,Total,1
11259,Pulidora 11259,2466,Total,FALSE
11260,Taladro 11260,7093,EPAHome,1
11261,Cerradura 11261,288,Total,
11262,Pintura 11262,8041,,SI
11263,Brocha 11263,3802,Stanley,
11264,Clavos 11264,5313,Total,
11265,Brocha 11265,3500,Pretul,
11266,Pulidora 11266,8119,Stanley,1
11267,Cerradura 11267,5926,Bosch,1
11268,Pulidora 11268,923,Stanley,SI
11269,Pulidora 11269,2923,EPAHome,SI
11270,Sierra 11270,1704,,
11271,Pulidora 11271,6165,EPAHome,
11272,Brocha 11272,10671,Makita,
11273,Taladro 11273,5687,Truper,NO
11274,Pulidora 11274,6918,,0
11275,Sierra 11275,ABC,EPAHome,
11276,Pulidora 11276,8792,Bosch,NO
11277,Pintura 11277,6824,,TRUE
11278,Taladro 11278,7960,EPAHome,NO
11279,Cerradura 11279,4104,Truper,SI
11280,Tornillo 11280,6957,Truper,
11281,Taladro 11281,7712,Makita,TRUE
11282,Tornillo 11282,7141,EPAHome,1
11283,Cerradura 11283,2027,EPAHome,SI
11284,Pintura 11284,760,Bosch,1
11285,Taladro 11285,1756,Truper,0
11286,,1030,Bosch,NO
11287,Pintura 11287,5858,Stanley,
11288,Tornillo 11288,3649,EPAHome,SI
11289,Taladro 11289,9898,EPAHome,
11290,Sierra 11290,2124,EPAHome,TRUE
11291,Brocha 11291,6316,EPAHome,1
11292,Taladro 11292,5226,EPAHome,0
11293,Taladro 11293,8506,Bosch,NO
11294,Brocha 11294,9422,Truper,NO
11295,Reflector 11295,3583,EPAHome,SI
11296,Taladro 11296,7516,,FALSE
11297,Brocha 11297,8643,Pretul,
11298,Martillo 11298,2876,EPAHome,FALSE
11299,Sierra 11299,1020,Total,FALSE
11300,Pulidora 11300,9478,Stanley,
11301,Tornillo 11301,5796,Total,1
11302,Pintura 11302,2125,EPAHome,FALSE
11303,Brocha 11303,6558,,1
11304,Taladro 11304,1999,,SI
11305,Tornillo 11305,8564,,TRUE
11306,Pulidora 11306,5125,,1
11307,Tornillo 11307,7650,Bosch,1
11308,Reflector 11308,4937,Pretul,0
11309,Pintura 11309,4469,,FALSE
11310,Tornillo 11310,1433,Bosch,FALSE
11311,Reflector 11311,4631,Stanley,FALSE
11312,Brocha 11312,5789,EPAHome,1
11313,Martillo 11313,19,Makita,TRUE
11314,Cerradura 11314,7419,Total,SI
11315,Tornillo 11315,4847,Total,0
11316,Pulidora 11316,5500,Pretul,0
11317,Pulidora 11317,3274,,NO
11318,Brocha 11318,9934,Makita,FALSE
P11319,,10620,Truper,0
11320,Pintura 11320,8211,,NO
11321,Pulidora 11321,6647,Bosch,FALSE
11322,Cerradura 11322,6686,Truper,SI
11323,Taladro 11323,2291,Stanley,SI
11324,Clavos 11324,8267,Total,
11325,Tornillo 11325,460,EPAHome,TRUE
11326,Tornillo 11326,3962,Pretul,
11327,Clavos 11327,8912,Pretul,TRUE
11328,Taladro 11328,998,Stanley,FALSE
11329,Martillo 11329,6703,Bosch,1
11330,Pintura 11330,1530,Makita,
11331,Reflector 11331,5501,Stanley,SI
11332,Clavos 11332,2388,Truper,FALSE
11333,Taladro 11333,7097,Truper,1
11334,Brocha 11334,4235,Stanley,SI
11335,Tornillo 11335,1175,Truper,TRUE
11336,Taladro 11336,7438,Bosch,TRUE
11337,Reflector 11337,1600,Bosch,0
11338,Martillo 11338,922,EPAHome,0
11339,Cerradura 11339,9043,EPAHome,SI
11340,Cerradura 11340,2817,Bosch,0
11341,Tornillo 11341,10322,Truper,FALSE
11342,Brocha 11342,2367,Stanley,
11343,Brocha 11343,7141,Makita,
11344,Sierra 11344,10573,Stanley,1
11345,Sierra 11345,1926,Makita,1
11346,Martillo 11346,5754,,0
11347,Sierra 11347,1144,Total,
11348,Pintura 11348,8144,,1
11349,Tornillo 11349,10015,Pretul,
11350,Pulidora 11350,5418,EPAHome,SI
11351,Cerradura 11351,4140,Pretul,FALSE
11352,,5608,Bosch,FALSE
11353,Tornillo 11353,2729,Pretul,NO
11354,Brocha 11354,2018,Pretul,1
11355,Reflector 11355,944,Pretul,1
11356,Cerradura 11356,4470,Bosch,FALSE
11357,Pulidora 11357,3468,Pretul,1
11358,Pintura 11358,3620,Bosch,1
11359,Taladro 11359,10090,Bosch,TRUE
11360,Martillo 11360,7473,EPAHome,TRUE
11361,Reflector 11361,3888,Makita,FALSE
11362,Pulidora 11362,4762,Stanley,FALSE
11363,Brocha 11363,5431,Bosch,NO
11364,Tornillo 11364,6910,Bosch,0
11365,Reflector 11365,2864,,0
11366,Clavos 11366,3328,Stanley,FALSE
11367,Sierra 11367,1718,Pretul,0
11368,Tornillo 11368,7538,Total,SI
11369,Brocha 11369,6434,Stanley,TRUE
11370,Martillo 11370,3561,,SI
11371,Sierra 11371,1908,Stanley,TRUE
11372,Martillo 11372,7121,Makita,0
11373,Taladro 11373,5769,Stanley,FALSE
11374,Taladro 11374,8266,EPAHome,
11375,Sierra 11375,7482,Bosch,SI
11376,Cerradura 11376,3599,Stanley,SI
11377,Reflector 11377,2810,Bosch,
11378,Cerradura 11378,3049,Bosch,
11379,Clavos 11379,5837,Stanley,1
11380,Tornillo 11380,8093,,FALSE
11381,Sierra 11381,3111,,SI
11382,Taladro 11382,9338,Total,NO
11383,Martillo 11383,3605,Total,TRUE
11384,Sierra 11384,5720,EPAHome,NO
11385,,1077,EPAHome,1
11386,Sierra 11386,9535,Truper,NO
11387,Reflector 11387,5847,Truper,SI
11388,Brocha 11388,9960,Makita,0
11389,Tornillo 11389,1109,Truper,1
11390,Taladro 11390,8946,Total,1
11391,Tornillo 11391,3773,Makita,0
11392,Sierra 11392,5351,Total,
11393,Tornillo 11393,7396,Pretul,NO
11394,Taladro 11394,1723,Stanley,SI
11395,Taladro 11395,5193,Total,TRUE
P11396,Clavos 11396,737,,NO
11397,Reflector 11397,9539,Total,FALSE
11398,Cerradura 11398,3581,Truper,
11399,Reflector 11399,2178,Pretul,SI
11400,Brocha 11400,4985,Bosch,FALSE
11401,Pintura 11401,7918,Total,0
11402,Martillo 11402,10137,Pretul,1
11403,Pulidora 11403,5316,Total,SI
11404,Pulidora 11404,1392,Truper,0
11405,Brocha 11405,6693,Truper,0
11406,Martillo 11406,7865,Truper,0
11407,Tornillo 11407,4512,Bosch,TRUE
11408,Martillo 11408,3900,Makita,TRUE
11409,Taladro 11409,1989,Total,SI
11410,Martillo 11410,4963,,NO
11411,Brocha 11411,8203,EPAHome,
11412,Reflector 11412,4083,Pretul,TRUE
11413,Brocha 11413,4534,Bosch,1
11414,Reflector 11414,10843,Makita,FALSE
11415,Reflector 11415,3910,Truper,
11416,Sierra 11416,9800,,SI
11417,Cerradura 11417,2160,EPAHome,SI
11418,,10539,Total,TRUE
11419,Pintura 11419,6894,Truper,0
11420,Cerradura 11420,6612,Makita,NO
11421,Martillo 11421,2502,Stanley,0
11422,Brocha 11422,10343,,NO
11423,Tornillo 11423,3172,EPAHome,
11424,Reflector 11424,7343,Makita,SI
11425,Reflector 11425,4033,Makita,NO
11426,Taladro 11426,9286,Pretul,SI
11427,Martillo 11427,134,EPAHome,NO
11428,Pintura 11428,528,Truper,SI
11429,Tornillo 11429,6681,Pretul,0
11430,Clavos 11430,10506,Truper,
11431,Taladro 11431,9253,Pretul,TRUE
11432,Pintura 11432,3841,Makita,
11433,Taladro 11433,10189,Makita,0
11434,Brocha 11434,10456,Pretul,FALSE
11435,Sierra 11435,1811,Total,
11436,Martillo 11436,3212,Makita,TRUE
11437,Taladro 11437,1976,EPAHome,0
11438,Clavos 11438,8162,Pretul,TRUE
11439,Sierra 11439,8213,,SI
11440,Tornillo 11440,2307,Total,SI
11441,Cerradura 11441,6844,EPAHome,NO
11442,Reflector 11442,4600,Truper,1
11443,Cerradura 11443,9559,Pretul,1
11444,Brocha 11444,2825,Pretul,
11445,Brocha 11445,4154,Total,NO
11446,Cerradura 11446,6379,Stanley,NO
11447,Sierra 11447,8064,Total,SI
11448,Tornillo 11448,95,Bosch,0
11449,Sierra 11449,8867,,1
11450,Reflector 11450,1914,Pretul,0
11451,,749,Truper,FALSE
11452,Tornillo 11452,9179,EPAHome,NO
11453,Taladro 11453,9504,Stanley,
11454,Cerradura 11454,3780,Total,FALSE
11455,Sierra 11455,3532,,1
11456,Cerradura 11456,447,,TRUE
11457,Pulidora 11457,9921,Truper,TRUE
11458,Martillo 11458,1969,,0
11459,Tornillo 11459,7890,Makita,1
11460,Sierra 11460,5070,,0
11461,Martillo 11461,10137,Pretul,NO
11462,Reflector 11462,9104,Truper,1
11463,Cerradura 11463,10700,Stanley,SI
11464,Brocha 11464,1689,Pretul,NO
11465,Taladro 11465,2747,Bosch,
11466,Reflector 11466,3703,Total,SI
11467,Martillo 11467,8575,,NO
11468,Martillo 11468,9817,Pretul,
11469,Cerradura 11469,451,Bosch,NO
11470,Sierra 11470,10476,EPAHome,
11471,Tornillo 11471,4826,Pretul,SI
11472,Sierra 11472,10049,,1
P11473,Cerradura 11473,10174,Bosch,1
11474,Pulidora 11474,8898,Total,SI
11475,Martillo 11475,5172,Pretul,FALSE
11476,Pintura 11476,10389,Total,TRUE
11477,Brocha 11477,6588,Total,FALSE
11478,Martillo 11478,3484,Stanley,
11479,Pintura 11479,10193,Pretul,0
11480,Pulidora 11480,ABC,,
11481,Sierra 11481,10098,Bosch,
11482,Reflector 11482,4703,Truper,
11483,Taladro 11483,7565,,
11484,,10013,Truper,
11485,Brocha 11485,279,Makita,FALSE
11486,Sierra 11486,239,Makita,SI
11487,Cerradura 11487,5875,Pretul,1
11488,Cerradura 11488,5851,Stanley,1
11489,Clavos 11489,4538,Total,1
11490,Cerradura 11490,9037,EPAHome,FALSE
11491,Sierra 11491,4864,Truper,0
11492,Pintura 11492,2584,Bosch,1
11493,Cerradura 11493,7751,Makita,0
11494,Pintura 11494,2257,Pretul,
11495,Martillo 11495,6482,,TRUE
11496,Taladro 11496,5774,Truper,TRUE
11497,Reflector 11497,1785,Bosch,0
11498,Tornillo 11498,1231,Truper,TRUE
11499,Cerradura 11499,3,Makita,SI
11500,Pintura 11500,4896,,FALSE
11500,Pintura 11500,4896,,FALSE
11501,Pintura 11501,10563,EPAHome,
11502,Clavos 11502,8752,Total,SI
11503,Reflector 11503,8459,,TRUE
11504,Clavos 11504,4916,Pretul,TRUE
11505,Clavos 11505,7279,,1
11506,Pulidora 11506,8834,Bosch,FALSE
11507,Reflector 11507,2484,Truper,1
11508,Taladro 11508,503,Stanley,FALSE
11509,Pulidora 11509,10818,Makita,FALSE
11510,Brocha 11510,8559,,NO
11511,Taladro 11511,4013,Truper,SI
11512,Pulidora 11512,758,Total,SI
11513,Reflector 11513,3066,Makita,1
11514,Sierra 11514,6829,Truper,TRUE
11515,Brocha 11515,3985,Truper,1
11516,Pulidora 11516,8910,Total,NO
11517,,4375,EPAHome,TRUE
11518,Brocha 11518,3005,EPAHome,0
11519,Tornillo 11519,6961,Truper,FALSE
11520,Pulidora 11520,8011,EPAHome,NO
11521,Sierra 11521,5236,Pretul,NO
11522,Brocha 11522,1410,Total,NO
11523,Pintura 11523,2797,Truper,SI
11524,Pintura 11524,7753,Makita,FALSE
11525,Tornillo 11525,2155,Bosch,SI
11526,Pintura 11526,3087,Stanley,1
11527,Sierra 11527,871,Stanley,1
11528,Pintura 11528,9266,Total,SI
11529,Clavos 11529,2510,Total,
11530,Sierra 11530,85,Truper,
11531,Sierra 11531,3671,Truper,TRUE
11532,Pintura 11532,7902,,
11533,Sierra 11533,6045,Truper,1
11534,Brocha 11534,8901,Pretul,
11535,Pulidora 11535,8522,Total,0
11536,Cerradura 11536,9412,Bosch,TRUE
11537,Pulidora 11537,4223,Makita,SI
11538,Clavos 11538,8362,Stanley,SI
11539,Brocha 11539,2865,Makita,FALSE
11540,Taladro 11540,6295,Total,1
11541,Martillo 11541,733,Total,TRUE
11542,Pulidora 11542,4413,Truper,0
11543,Cerradura 11543,8695,Total,FALSE
11544,Martillo 11544,5387,Truper,TRUE
11545,Taladro 11545,10760,Total,
11546,Reflector 11546,2457,,FALSE
11547,Brocha 11547,7041,,1
11548,Martillo 11548,7072,EPAHome,SI
11549,Reflector 11549,8072,Total,TRUE
P11550,,7671,Total,
11551,Taladro 11551,9011,Makita,1
11552,Sierra 11552,7334,Total,
11553,Martillo 11553,1322,EPAHome,FALSE
11554,Sierra 11554,4881,Stanley,FALSE
11555,Reflector 11555,5439,Stanley,
11556,Pintura 11556,239,Bosch,0
11557,Clavos 11557,7560,EPAHome,
11558,Cerradura 11558,8635,Stanley,NO
11559,Reflector 11559,5322,EPAHome,FALSE
11560,Tornillo 11560,3024,Truper,1
11561,Pulidora 11561,5071,Total,0
11562,Pintura 11562,985,Truper,FALSE
11563,Martillo 11563,7930,Stanley,
11564,Brocha 11564,3989,Makita,NO
11565,Reflector 11565,10541,,1
11566,Clavos 11566,3228,Truper,1
11567,Pulidora 11567,1932,Total,FALSE
11568,Cerradura 11568,2241,Total,
11569,Tornillo 11569,2044,Pretul,0
11570,Tornillo 11570,3924,Total,NO
11571,Cerradura 11571,6388,Stanley,1
11572,Cerradura 11572,4887,,TRUE
11573,Pintura 11573,6527,Total,TRUE
11574,Pulidora 11574,2202,EPAHome,TRUE
11575,Taladro 11575,7851,,
11576,Clavos 11576,6539,Truper,SI
11577,Brocha 11577,1371,Stanley,SI
11578,Brocha 11578,744,Pretul,SI
11579,Sierra 11579,4843,Bosch,FALSE
11580,Taladro 11580,3550,Total,SI
11581,Clavos 11581,721,Makita,1
11582,Cerradura 11582,7010,Bosch,NO
11583,,6478,Truper,0
11584,Taladro 11584,3266,Truper,FALSE
11585,Martillo 11585,7724,EPAHome,FALSE
11586,Clavos 11586,4637,Pretul,0
11587,Cerradura 11587,5387,Total,0
11588,Cerradura 11588,1232,Truper,FALSE
11589,Martillo 11589,4820,Total,NO
11590,Martillo 11590,468,Total,TRUE
11591,Martillo 11591,10768,EPAHome,0
11592,Pintura 11592,7089,Makita,FALSE
11593,Clavos 11593,283,Makita,1
11594,Martillo 11594,1159,Total,
11595,Taladro 11595,4617,Pretul,SI
11596,Taladro 11596,8185,Total,TRUE
11597,Pintura 11597,5575,Pretul,TRUE
11598,Brocha 11598,4556,,FALSE
11599,Tornillo 11599,201,Makita,SI
11600,Reflector 11600,1667,Bosch,1
11601,Cerradura 11601,2847,Truper,FALSE
11602,Sierra 11602,7544,Bosch,FALSE
11603,Pintura 11603,6266,Bosch,0
11604,Tornillo 11604,5680,Makita,TRUE
11605,Sierra 11605,4416,Truper,FALSE
11606,Martillo 11606,9623,Bosch,NO
11607,Pulidora 11607,4753,Total,SI
11608,Tornillo 11608,10375,Makita,
11609,Martillo 11609,10255,Truper,0
11610,Pulidora 11610,6665,Truper,SI
11611,Pintura 11611,6318,Stanley,FALSE
11612,Cerradura 11612,7167,,
11613,Clavos 11613,9044,Stanley,1
11614,Clavos 11614,5824,Total,1
11615,Taladro 11615,9219,EPAHome,1
11616,,5863,Truper,NO
11617,Tornillo 11617,1650,EPAHome,
11618,Tornillo 11618,7122,Pretul,TRUE
11619,Taladro 11619,1709,,
11620,Brocha 11620,2387,Total,TRUE
11621,Tornillo 11621,8518,Pretul,SI
11622,Martillo 11622,10306,Bosch,FALSE
11623,Cerradura 11623,1760,,TRUE
11624,Brocha 11624,4817,EPAHome,1
11625,Martillo 11625,1108,EPAHome,FALSE
11626,Brocha 11626,7656,Bosch,SI
P11627,Reflector 11627,7968,Pretul,0
11628,Sierra 11628,1021,Bosch,NO
11629,Pulidora 11629,7575,,1
11630,Pintura 11630,1741,Truper,FALSE
11631,Cerradura 11631,1850,Truper,1
11632,Cerradura 11632,3747,Stanley,0
11633,Martillo 11633,4155,EPAHome,0
11634,Pulidora 11634,1379,Bosch,TRUE
11635,Pulidora 11635,10185,EPAHome,TRUE
11636,Martillo 11636,10154,Makita,FALSE
11637,Tornillo 11637,3531,Pretul,SI
11638,Reflector 11638,9174,Truper,TRUE
11639,Taladro 11639,4869,Bosch,FALSE
11640,Martillo 11640,3710,Makita,0
11641,Cerradura 11641,4273,Makita,NO
11642,Reflector 11642,1032,Total,0
11643,Sierra 11643,9007,Pretul,SI
11644,Pulidora 11644,6332,Stanley,1
11645,Taladro 11645,6970,Stanley,SI
11646,Brocha 11646,2686,Truper,
11647,Cerradura 11647,3483,Truper,1
11648,Pintura 11648,6938,Total,1
11649,,225,Pretul,FALSE
11650,Sierra 11650,9513,Makita,1
11651,Taladro 11651,4049,Pretul,0
11652,Brocha 11652,2853,Pretul,NO
11653,Martillo 11653,6379,Total,1
11654,Clavos 11654,7481,EPAHome,1
11655,Taladro 11655,1351,Truper,FALSE
11656,Pintura 11656,4825,Makita,1
11657,Clavos 11657,10453,Makita,1
11658,Pintura 11658,1830,Makita,0
11659,Sierra 11659,7416,EPAHome,NO
11660,Sierra 11660,3346,Truper,
11661,Pulidora 11661,8593,Total,SI
11662,Sierra 11662,3978,,NO
11663,Taladro 11663,514,Makita,0
11664,Taladro 11664,6053,Truper,NO
11665,Brocha 11665,8179,Bosch,0
11666,Tornillo 11666,888,Pretul,NO
11667,Reflector 11667,7891,Truper,FALSE
11668,Sierra 11668,6325,Total,0
11669,Clavos 11669,7048,Makita,TRUE
11670,Pintura 11670,6955,,
11671,Tornillo 11671,2472,Stanley,NO
11672,Brocha 11672,4676,Bosch,0
11673,Clavos 11673,4104,Stanley,
11674,Martillo 11674,1491,Truper,0
11675,Cerradura 11675,2286,Pretul,FALSE
11676,Cerradura 11676,3796,Total,0
11677,Pintura 11677,6154,EPAHome,NO
11678,Pulidora 11678,1791,EPAHome,TRUE
11679,Pintura 11679,807,Total,TRUE
11680,Taladro 11680,4080,Pretul,SI
11681,Brocha 11681,2658,Pretul,NO
11682,,7464,Bosch,SI
11683,Cerradura 11683,5402,EPAHome,
11684,Martillo 11684,9612,Bosch,NO
11685,Martillo 11685,ABC,Stanley,SI
11686,Brocha 11686,2486,Truper,NO
11687,Martillo 11687,5279,Truper,
11688,Clavos 11688,1595,EPAHome,1
11689,Pulidora 11689,2584,Stanley,TRUE
11690,Pintura 11690,2103,Truper,0
11691,Reflector 11691,2392,Pretul,NO
11692,Brocha 11692,4832,Pretul,
11693,Brocha 11693,2764,Pretul,NO
11694,Reflector 11694,6146,Pretul,0
11695,Brocha 11695,239,EPAHome,0
11696,Reflector 11696,5107,Stanley,0
11697,Pintura 11697,4723,Stanley,SI
11698,Reflector 11698,466,Stanley,SI
11699,Pintura 11699,6977,Pretul,0
11700,Taladro 11700,1144,Pretul,SI
11701,Sierra 11701,8716,Truper,SI
11702,Clavos 11702,7717,Total,TRUE
11703,Sierra 11703,7136,Stanley,FALSE
P11704,Cerradura 11704,3478,Makita,SI
11705,Taladro 11705,3884,Total,SI
11706,Tornillo 11706,6788,Truper,1
11707,Pintura 11707,7766,Stanley,TRUE
11708,Cerradura 11708,5560,Pretul,
11709,Reflector 11709,5417,,1
11710,Taladro 11710,2038,Bosch,SI
11711,Taladro 11711,8620,Makita,SI
11712,Cerradura 11712,1751,,TRUE
11713,Martillo 11713,6220,Total,
11714,Tornillo 11714,10574,Total,FALSE
11715,,1814,Bosch,SI
11716,Reflector 11716,6808,Makita,NO
11717,Taladro 11717,9379,Makita,SI
11718,Martillo 11718,6458,Bosch,SI
11719,Sierra 11719,6583,Pretul,TRUE
11720,Reflector 11720,9572,,SI
11721,Reflector 11721,6856,Makita,
11722,Reflector 11722,10667,Total,
11723,Sierra 11723,1389,,1
11724,Clavos 11724,3911,Total,SI
11725,Pintura 11725,4183,Makita,TRUE
11726,Brocha 11726,8937,Stanley,TRUE
11727,Cerradura 11727,4161,Pretul,NO
11728,Sierra 11728,405,,NO
11729,Martillo 11729,1651,Stanley,NO
11730,Pintura 11730,5228,Pretul,NO
11731,Clavos 11731,245,EPAHome,0
11732,Clavos 11732,5725,Pretul,0
11733,Sierra 11733,6429,,
11734,Taladro 11734,1440,Total,NO
11735,Pintura 11735,3803,Bosch,SI
11736,Martillo 11736,8039,Stanley,
11737,Cerradura 11737,9243,Makita,NO
11738,Sierra 11738,9582,Truper,SI
11739,Clavos 11739,10131,Bosch,
11740,Pintura 11740,937,Truper,NO
11741,Taladro 11741,6900,EPAHome,0
11742,Sierra 11742,1490,Truper,0
11743,Cerradura 11743,1440,Pretul,TRUE
11744,Pulidora 11744,514,Total,0
11745,Martillo 11745,10337,Total,FALSE
11746,Pintura 11746,3219,Stanley,1
11747,Martillo 11747,4383,EPAHome,TRUE
11748,,800,,NO
11749,Pintura 11749,5260,EPAHome,NO
11750,Pintura 11750,5923,,0
11751,Pintura 11751,8471,Truper,1
11752,Brocha 11752,3137,Stanley,1
11753,Taladro 11753,9336,EPAHome,TRUE
11754,Reflector 11754,4012,Makita,1
11755,Reflector 11755,5423,Bosch,FALSE
11756,Cerradura 11756,8822,Makita,FALSE
11757,Martillo 11757,6512,Pretul,TRUE
11758,Cerradura 11758,9990,Stanley,FALSE
11759,Clavos 11759,6634,Makita,NO
11760,Martillo 11760,1727,EPAHome,NO
11761,Clavos 11761,4962,,1
11762,Martillo 11762,6459,Truper,1
11763,Clavos 11763,10009,Truper,TRUE
11764,Clavos 11764,4059,Truper,1
11765,Pintura 11765,2683,Truper,SI
11766,Clavos 11766,8001,Total,0
11767,Taladro 11767,4894,,NO
11768,Martillo 11768,10641,,SI
11769,Sierra 11769,222,Pretul,0
11770,Reflector 11770,3597,Bosch,SI
11771,Martillo 11771,10284,Bosch,NO
11772,Martillo 11772,4932,Truper,0
11773,Brocha 11773,3461,EPAHome,1
11774,Pulidora 11774,10104,Truper,NO
11775,Cerradura 11775,6797,Stanley,SI
11776,Martillo 11776,4838,Truper,1
11777,Martillo 11777,7911,Bosch,NO
11778,Martillo 11778,9719,EPAHome,1
11779,Pulidora 11779,3076,,NO
11780,Clavos 11780,9223,Bosch,FALSE
P11781,,1466,Makita,1
11782,Brocha 11782,452,Bosch,FALSE
11783,Brocha 11783,3295,,SI
11784,Taladro 11784,2560,Bosch,TRUE
11785,Pulidora 11785,9274,Makita,
11786,Taladro 11786,4103,,1
11787,Reflector 11787,745,Stanley,NO
11788,Reflector 11788,2759,,NO
11789,Cerradura 11789,8521,Makita,
11790,Taladro 11790,4287,Pretul,SI
11791,Sierra 11791,2550,,SI
11792,Tornillo 11792,3875,Bosch,1
11793,Cerradura 11793,9315,Truper,0
11794,Cerradura 11794,199,Truper,SI
11795,Pintura 11795,6237,,SI
11796,Pulidora 11796,6659,Pretul,0
11797,Brocha 11797,7564,Makita,
11798,Reflector 11798,8572,Total,TRUE
11799,Pulidora 11799,6656,Makita,FALSE
11800,Pintura 11800,3664,Bosch,0
11801,Sierra 11801,4209,Bosch,TRUE
11802,Clavos 11802,2380,EPAHome,0
11803,Pulidora 11803,420,Truper,1
11804,Pulidora 11804,3642,Makita,0
11805,Tornillo 11805,9386,Pretul,TRUE
11806,Reflector 11806,10842,Total,NO
11807,Brocha 11807,6765,EPAHome,NO
11808,Cerradura 11808,10060,Pretul,SI
11809,Sierra 11809,374,Total,0
11810,Cerradura 11810,4412,EPAHome,SI
11811,Tornillo 11811,4871,Pretul,1
11812,Pintura 11812,5502,EPAHome,1
11813,Brocha 11813,5507,EPAHome,TRUE
11814,,6213,EPAHome,NO
11815,Martillo 11815,2484,Pretul,NO
11816,Clavos 11816,6151,Makita,FALSE
11817,Pintura 11817,2068,Bosch,
11818,Brocha 11818,1444,Truper,
11819,Clavos 11819,393,EPAHome,FALSE
11820,Clavos 11820,7431,Stanley,
11821,Pintura 11821,1329,EPAHome,0
11822,Brocha 11822,3040,Pretul,FALSE
11823,Brocha 11823,2297,EPAHome,TRUE
11824,Pintura 11824,3037,Stanley,
11825,Cerradura 11825,5973,EPAHome,
11826,Sierra 11826,2924,Makita,FALSE
11827,Sierra 11827,725,EPAHome,FALSE
11828,Taladro 11828,2278,Makita,TRUE
11829,Martillo 11829,1167,Truper,
11830,Sierra 11830,2169,Pretul,FALSE
11831,Sierra 11831,836,,0
11832,Sierra 11832,3571,,TRUE
11833,Clavos 11833,8386,,NO
11834,Clavos 11834,7972,Truper,NO
11835,Pulidora 11835,1778,Truper,1
11836,Cerradura 11836,3555,Pretul,FALSE
11837,Reflector 11837,3807,EPAHome,1
11838,Pulidora 11838,2082,Stanley,
11839,Pulidora 11839,10083,EPAHome,NO
11840,Taladro 11840,10449,,TRUE
11841,Reflector 11841,992,,0
11842,Pulidora 11842,3275,Bosch,TRUE
11843,Clavos 11843,9530,EPAHome,0
11844,Reflector 11844,8734,Total,0
11845,Tornillo 11845,5656,Pretul,0
11846,Brocha 11846,10229,Stanley,NO
11847,,4899,,1
11848,Sierra 11848,1262,,NO
11849,Brocha 11849,246,Stanley,SI
11850,Martillo 11850,7883,Total,TRUE
11851,Brocha 11851,7349,EPAHome,FALSE
11852,Pulidora 11852,4778,,TRUE
11853,Cerradura 11853,1176,Pretul,TRUE
11854,Cerradura 11854,10355,Stanley,NO
11855,Reflector 11855,8344,EPAHome,NO
11856,Tornillo 11856,10550,Makita,1
11857,Tornillo 11857,1019,Truper,NO
P11858,Taladro 11858,206,Makita,FALSE
11859,Tornillo 11859,87,Truper,0
11860,Cerradura 11860,6096,Pretul,FALSE
11861,Pulidora 11861,6761,Bosch,0
11862,Cerradura 11862,6226,,1
11863,Tornillo 11863,10127,Bosch,
11864,Taladro 11864,9463,Truper,
11865,Cerradura 11865,229,Bosch,FALSE
11866,Clavos 11866,7216,Makita,NO
11867,Taladro 11867,1147,Pretul,NO
11868,Pintura 11868,8130,Truper,1
11869,Cerradura 11869,1611,,0
11870,Reflector 11870,5557,Truper,NO
11871,Pulidora 11871,9690,Truper,NO
11872,Taladro 11872,3683,Bosch,0
11873,Taladro 11873,279,,FALSE
11874,Martillo 11874,5732,,NO
11875,Martillo 11875,4599,Total,SI
11876,Clavos 11876,3837,Total,NO
11877,Reflector 11877,5939,Truper,NO
11878,Cerradura 11878,2766,,TRUE
11879,Cerradura 11879,9700,EPAHome,0
11880,,9988,EPAHome,TRUE
11881,Reflector 11881,6048,Total,FALSE
11882,Pulidora 11882,7934,Truper,NO
11883,Martillo 11883,3586,Truper,FALSE
11884,Brocha 11884,6951,,FALSE
11885,Clavos 11885,9960,Pretul,SI
11886,Cerradura 11886,2426,Bosch,1
11887,Taladro 11887,6427,EPAHome,
11888,Martillo 11888,10829,Stanley,NO
11889,Cerradura 11889,5245,Truper,FALSE
11890,Sierra 11890,ABC,Makita,0
11891,Pintura 11891,6256,EPAHome,TRUE
11892,Cerradura 11892,2654,EPAHome,SI
11893,Clavos 11893,9465,Total,0
11894,Cerradura 11894,5794,Pretul,
11895,Pulidora 11895,5661,Total,FALSE
11896,Martillo 11896,5219,Bosch,0
11897,Cerradura 11897,285,EPAHome,1
11898,Tornillo 11898,1837,Truper,NO
11899,Pintura 11899,9874,Total,TRUE
11900,Pintura 11900,9538,Bosch,1
11901,Pintura 11901,23,Makita,SI
11902,Tornillo 11902,2127,Bosch,SI
11903,Clavos 11903,7507,Truper,TRUE
11904,Tornillo 11904,6942,EPAHome,TRUE
11905,Taladro 11905,9558,Bosch,FALSE
11906,Sierra 11906,3498,Truper,SI
11907,Taladro 11907,8946,EPAHome,TRUE
11908,Clavos 11908,5797,,
11909,Tornillo 11909,8237,Total,1
11910,Brocha 11910,6087,Stanley,NO
11911,Brocha 11911,9601,Total,
11912,Sierra 11912,10221,,NO
11913,,943,Stanley,0
11914,Reflector 11914,5066,Stanley,FALSE
11915,Tornillo 11915,6803,EPAHome,SI
11916,Taladro 11916,5237,Pretul,FALSE
11917,Pulidora 11917,248,Truper,SI
11918,Brocha 11918,6159,Stanley,
11919,Brocha 11919,8173,Total,NO
11920,Martillo 11920,5990,Pretul,0
11921,Pintura 11921,8928,Truper,FALSE
11922,Taladro 11922,1348,EPAHome,1
11923,Taladro 11923,1007,,NO
11924,Cerradura 11924,4664,EPAHome,FALSE
11925,Pulidora 11925,8235,EPAHome,
11926,Clavos 11926,7834,EPAHome,TRUE
11927,Clavos 11927,2401,Makita,FALSE
11928,Martillo 11928,4020,Stanley,
11929,Cerradura 11929,6424,Total,0
11930,Reflector 11930,10469,Total,TRUE
11931,Martillo 11931,7252,,FALSE
11932,Cerradura 11932,9293,Stanley,
11933,Sierra 11933,10744,Bosch,NO
11934,Taladro 11934,3321,Makita,0
P11935,Pintura 11935,7436,Pretul,0
11936,Sierra 11936,7407,Pretul,NO
11937,Tornillo 11937,973,Makita,1
11938,Pintura 11938,5488,EPAHome,SI
11939,Pulidora 11939,5087,Pretul,NO
11940,Cerradura 11940,3906,Bosch,FALSE
11941,Reflector 11941,3494,Truper,FALSE
11942,Tornillo 11942,1545,Bosch,SI
11943,Taladro 11943,9547,,FALSE
11944,Clavos 11944,4229,Pretul,FALSE
11945,Clavos 11945,3842,Total,NO
11946,,10523,Makita,
11947,Pulidora 11947,2314,Truper,TRUE
11948,Martillo 11948,6002,EPAHome,NO
11949,Clavos 11949,9537,Truper,FALSE
11950,Clavos 11950,2110,Total,NO
11951,Pulidora 11951,3043,EPAHome,0
11952,Pintura 11952,2282,EPAHome,FALSE
11953,Pulidora 11953,3827,,SI
11954,Sierra 11954,176,Pretul,TRUE
11955,Tornillo 11955,3551,,
11956,Reflector 11956,8950,Pretul,FALSE
11957,Pulidora 11957,4341,Bosch,FALSE
11958,Taladro 11958,6586,Total,TRUE
11959,Taladro 11959,86,EPAHome,TRUE
11960,Clavos 11960,10083,Makita,NO
11961,Sierra 11961,10123,Bosch,1
11962,Taladro 11962,5563,Bosch,0
11963,Reflector 11963,7767,EPAHome,SI
11964,Pintura 11964,719,Total,TRUE
11965,Clavos 11965,241,Pretul,1
11966,Sierra 11966,7979,,1
11967,Taladro 11967,3734,Makita,SI
11968,Pulidora 11968,5991,Bosch,
11969,Pintura 11969,9123,,
11970,Pintura 11970,8032,Stanley,SI
11971,Reflector 11971,8035,Pretul,0
11972,Brocha 11972,6695,Pretul,SI
11973,Martillo 11973,1775,,FALSE
11974,Reflector 11974,3650,Bosch,1
11975,Clavos 11975,4864,,0
11976,Brocha 11976,7481,,1
11977,Martillo 11977,7040,Bosch,FALSE
11978,Reflector 11978,5652,Stanley,TRUE
11979,,6082,Total,FALSE
11980,Martillo 11980,6236,EPAHome,NO
11981,Pulidora 11981,10504,Total,FALSE
11982,Martillo 11982,191,Stanley,1
11983,Clavos 11983,5406,EPAHome,1
11984,Pulidora 11984,3157,,
11985,Cerradura 11985,163,Total,TRUE
11986,Reflector 11986,6306,Stanley,FALSE
11987,Taladro 11987,7515,Makita,1
11988,Pintura 11988,9276,Bosch,TRUE
11989,Reflector 11989,3342,Stanley,FALSE
11990,Brocha 11990,7827,Pretul,
11991,Reflector 11991,3719,Pretul,TRUE
11992,Cerradura 11992,6555,Pretul,NO
11993,Tornillo 11993,1009,Truper,NO
11994,Pintura 11994,3263,Bosch,NO
11995,Tornillo 11995,3205,Total,NO
11996,Brocha 11996,5912,Truper,TRUE
11997,Brocha 11997,766,Bosch,SI
11998,Clavos 11998,5373,Bosch,
11999,Cerradura 11999,7206,Pretul,FALSE
12000,Sierra 12000,5840,Makita,1
12000,Sierra 12000,5840,Makita,1
12001,Tornillo 12001,9260,Makita,
12002,Pintura 12002,10819,Truper,1
12003,Pintura 12003,4218,EPAHome,SI
12004,Reflector 12004,6119,EPAHome,SI
12005,Sierra 12005,10029,,NO
12006,Martillo 12006,1701,Makita,FALSE
12007,Brocha 12007,3995,Bosch,TRUE
12008,Pulidora 12008,8016,,1
12009,Sierra 12009,7763,Truper,SI
12010,Brocha 12010,3075,Bosch,SI
12011,Martillo 12011,6745,Makita,NO
P12012,,3275,Stanley,FALSE
12013,Brocha 12013,1663,EPAHome,
12014,Tornillo 12014,4789,Total,SI
12015,Cerradura 12015,8280,Truper,TRUE
12016,Reflector 12016,935,Stanley,FALSE
12017,Sierra 12017,7074,Makita,1
12018,Brocha 12018,435,Bosch,NO
12019,Tornillo 12019,2943,Total,1
12020,Martillo 12020,2281,Truper,0
12021,Pintura 12021,5177,EPAHome,1
12022,Cerradura 12022,7318,Total,1
12023,Pintura 12023,3734,,FALSE
12024,Reflector 12024,4456,Stanley,TRUE
12025,Clavos 12025,53,Total,NO
12026,Pulidora 12026,741,Truper,0
12027,Taladro 12027,521,Stanley,SI
12028,Pulidora 12028,9932,Pretul,FALSE
12029,Martillo 12029,7754,EPAHome,FALSE
12030,Clavos 12030,1672,Total,1
12031,Brocha 12031,563,Bosch,1
12032,Sierra 12032,3093,Makita,SI
12033,Sierra 12033,6488,Stanley,NO
12034,Tornillo 12034,4231,Stanley,TRUE
12035,Pulidora 12035,6104,Total,NO
12036,Cerradura 12036,9706,Truper,1
12037,Cerradura 12037,3177,Pretul,NO
12038,Clavos 12038,4137,Bosch,SI
12039,Reflector 12039,1613,Bosch,
12040,Martillo 12040,8195,Truper,
12041,Sierra 12041,4398,Stanley,TRUE
12042,Pintura 12042,9142,EPAHome,SI
12043,Cerradura 12043,5098,Bosch,
12044,Pintura 12044,10363,Truper,
12045,,9183,Truper,NO
12046,Martillo 12046,6617,Total,SI
12047,Reflector 12047,9211,Makita,SI
12048,Reflector 12048,9656,Stanley,FALSE
12049,Brocha 12049,3546,Total,
12050,Pulidora 12050,5628,Pretul,1
12051,Taladro 12051,2071,,NO
12052,Tornillo 12052,6204,Makita,SI
12053,Cerradura 12053,4528,Total,SI
12054,Taladro 12054,8875,,0
12055,Cerradura 12055,5404,EPAHome,SI
12056,Clavos 12056,9055,Pretul,NO
12057,Taladro 12057,608,Total,1
12058,Pulidora 12058,455,Stanley,SI
12059,Pulidora 12059,4755,Truper,FALSE
12060,Pulidora 12060,10706,Stanley,TRUE
12061,Martillo 12061,2105,Bosch,FALSE
12062,Reflector 12062,10208,EPAHome,NO
12063,Pulidora 12063,10764,,0
12064,Martillo 12064,1482,Truper,FALSE
12065,Martillo 12065,1454,EPAHome,NO
12066,Cerradura 12066,425,Stanley,TRUE
12067,Taladro 12067,694,Stanley,FALSE
12068,Martillo 12068,8518,Makita,TRUE
12069,Pintura 12069,2222,,1
12070,Clavos 12070,9971,Total,
12071,Pintura 12071,9429,Truper,SI
12072,Clavos 12072,9548,Total,0
12073,Taladro 12073,3960,Total,TRUE
12074,Taladro 12074,5316,Bosch,SI
12075,Tornillo 12075,6123,Stanley,SI
12076,Martillo 12076,2949,Stanley,SI
12077,Tornillo 12077,614,Bosch,
12078,,5622,Total,0
12079,Clavos 12079,2695,Makita,
12080,Sierra 12080,8216,EPAHome,TRUE
12081,Martillo 12081,8430,Makita,1
12082,Taladro 12082,8362,Bosch,FALSE
12083,Cerradura 12083,1432,,NO
12084,Taladro 12084,10559,,TRUE
12085,Cerradura 12085,6916,Stanley,TRUE
12086,Brocha 12086,9992,Makita,0
12087,Pulidora 12087,3512,Total,SI
12088,Pintura 12088,2444,Pretul,0
P12089,Brocha 12089,9804,Bosch,SI
12090,Reflector 12090,5398,Total,SI
12091,Cerradura 12091,4411,Bosch,SI
12092,Cerradura 12092,6371,Bosch,SI
12093,Sierra 12093,5194,Stanley,0
12094,Clavos 12094,3283,,
12095,Sierra 12095,ABC,Stanley,
12096,Sierra 12096,2442,Pretul,NO
12097,Cerradura 12097,6086,EPAHome,1
12098,Reflector 12098,923,EPAHome,
12099,Cerradura 12099,5512,Total,1
12100,Sierra 12100,6497,Bosch,1
12101,Cerradura 12101,5495,Truper,NO
12102,Brocha 12102,4901,Bosch,NO
12103,Tornillo 12103,6168,Truper,NO
12104,Sierra 12104,3971,Stanley,FALSE
12105,Brocha 12105,6383,Makita,FALSE
12106,Tornillo 12106,7287,Makita,
12107,Sierra 12107,7435,Pretul,0
12108,Brocha 12108,4755,Bosch,1
12109,Clavos 12109,1565,Truper,FALSE
12110,Cerradura 12110,6105,,FALSE
12111,,9084,,TRUE
12112,Martillo 12112,8199,EPAHome,SI
12113,Reflector 12113,4993,Total,FALSE
12114,Clavos 12114,5508,Pretul,NO
12115,Pulidora 12115,5560,,FALSE
12116,Pulidora 12116,9544,,SI
12117,Brocha 12117,9840,Pretul,
12118,Clavos 12118,10701,Bosch,NO
12119,Clavos 12119,9024,,
12120,Martillo 12120,1855,Pretul,
12121,Cerradura 12121,79,Bosch,TRUE
12122,Martillo 12122,6197,Makita,SI
12123,Sierra 12123,7689,Truper,1
12124,Sierra 12124,419,Bosch,FALSE
12125,Cerradura 12125,6183,Total,SI
12126,Reflector 12126,6896,Bosch,TRUE
12127,Clavos 12127,6141,Truper,FALSE
12128,Taladro 12128,5040,Truper,TRUE
12129,Taladro 12129,6884,Makita,0
12130,Taladro 12130,1373,Truper,NO
12131,Pintura 12131,9885,EPAHome,FALSE
12132,Brocha 12132,5379,Stanley,0
12133,Clavos 12133,8821,EPAHome,
12134,Clavos 12134,7106,,NO
12135,Cerradura 12135,8193,Truper,SI
12136,Pulidora 12136,1833,Bosch,1
12137,Pulidora 12137,3511,,
12138,Martillo 12138,10012,Bosch,
12139,Pulidora 12139,9751,EPAHome,1
12140,Sierra 12140,2537,EPAHome,
12141,Brocha 12141,3773,Pretul,NO
12142,Cerradura 12142,4999,EPAHome,NO
12143,Reflector 12143,2615,Truper,FALSE
12144,,5687,Pretul,0
12145,Sierra 12145,6878,Makita,NO
12146,Clavos 12146,7760,Bosch,FALSE
12147,Reflector 12147,2944,Pretul,
12148,Sierra 12148,9329,Stanley,
12149,Taladro 12149,3827,EPAHome,0
12150,Reflector 12150,10102,EPAHome,1
12151,Pulidora 12151,4569,Truper,TRUE
12152,Taladro 12152,3656,Bosch,
12153,Clavos 12153,1836,EPAHome,SI
12154,Taladro 12154,9779,Truper,0
12155,Brocha 12155,8944,Stanley,TRUE
12156,Brocha 12156,2217,Truper,
12157,Sierra 12157,1046,Pretul,0
12158,Clavos 12158,1756,Pretul,FALSE
12159,Taladro 12159,8410,Makita,NO
12160,Martillo 12160,490,Makita,NO
12161,Pulidora 12161,5994,Bosch,TRUE
12162,Sierra 12162,3789,Truper,FALSE
12163,Taladro 12163,7166,Total,NO
12164,Taladro 12164,9852,Total,TRUE
12165,Clavos 12165,7608,Bosch,TRUE
P12166,Cerradura 12166,6725,Total,FALSE
12167,Pintura 12167,4276,Truper,NO
12168,Pintura 12168,7048,Pretul,
12169,Clavos 12169,1028,,0
12170,Tornillo 12170,8180,Total,NO
12171,Cerradura 12171,9527,EPAHome,TRUE
12172,Cerradura 12172,10593,Bosch,SI
12173,Cerradura 12173,10667,,NO
12174,Brocha 12174,7781,Pretul,0
12175,Brocha 12175,7364,Makita,SI
12176,Brocha 12176,9320,Makita,SI
12177,,3397,Pretul,
12178,Cerradura 12178,9843,EPAHome,1
12179,Martillo 12179,3077,Pretul,
12180,Brocha 12180,6769,Total,TRUE
12181,Tornillo 12181,8128,Makita,TRUE
12182,Taladro 12182,3774,Truper,TRUE
12183,Martillo 12183,9734,Stanley,NO
12184,Martillo 12184,979,Truper,
12185,Taladro 12185,1847,Makita,SI
12186,Reflector 12186,3954,Total,SI
12187,Sierra 12187,4790,Truper,0
12188,Clavos 12188,10206,EPAHome,0
12189,Clavos 12189,717,Makita,
12190,Sierra 12190,1247,Total,1
12191,Tornillo 12191,10404,Bosch,FALSE
12192,Tornillo 12192,5764,Bosch,FALSE
12193,Sierra 12193,2277,Truper,NO
12194,Taladro 12194,4132,Pretul,0
12195,Pintura 12195,10092,,
12196,Reflector 12196,6108,EPAHome,SI
12197,Brocha 12197,1878,Makita,
12198,Brocha 12198,6800,Makita,0
12199,Cerradura 12199,8580,Stanley,0
12200,Clavos 12200,9889,EPAHome,0
12201,Sierra 12201,8860,,TRUE
12202,Pulidora 12202,6801,Makita,TRUE
12203,Pulidora 12203,6818,Bosch,0
12204,Pulidora 12204,7199,Truper,FALSE
12205,Sierra 12205,1690,Pretul,FALSE
12206,Reflector 12206,10553,EPAHome,TRUE
12207,Reflector 12207,10033,Makita,
12208,Martillo 12208,8082,Bosch,NO
12209,Martillo 12209,7106,Truper,0
12210,,8871,Total,FALSE
12211,Clavos 12211,9532,Pretul,1
12212,Reflector 12212,4043,Bosch,FALSE
12213,Pintura 12213,7009,EPAHome,
12214,Brocha 12214,3266,Bosch,NO
12215,Pulidora 12215,4262,EPAHome,0
12216,Tornillo 12216,9885,Bosch,0
12217,Pulidora 12217,9797,Makita,1
12218,Pulidora 12218,1741,Bosch,NO
12219,Brocha 12219,1036,Total,1
12220,Clavos 12220,8297,Bosch,FALSE
12221,Martillo 12221,6886,Total,NO
12222,Reflector 12222,10462,Makita,1
12223,Pintura 12223,5434,Pretul,
12224,Pintura 12224,3364,Total,TRUE
12225,Martillo 12225,6940,,0
12226,Tornillo 12226,10255,EPAHome,FALSE
12227,Brocha 12227,2525,Bosch,SI
12228,Clavos 12228,3379,EPAHome,FALSE
12229,Sierra 12229,10005,Pretul,FALSE
12230,Martillo 12230,1627,Stanley,1
12231,Reflector 12231,10175,,NO
12232,Reflector 12232,8607,EPAHome,0
12233,Pintura 12233,2077,Total,TRUE
12234,Taladro 12234,3265,Stanley,1
12235,Pulidora 12235,8239,Total,
12236,Pintura 12236,7434,Truper,TRUE
12237,Sierra 12237,4492,Truper,SI
12238,Martillo 12238,8022,Stanley,NO
12239,Pintura 12239,9017,,
12240,Martillo 12240,4435,EPAHome,1
12241,Pulidora 12241,9902,Makita,NO
12242,Pintura 12242,6497,Stanley,TRUE
P12243,,9155,Bosch,
12244,Clavos 12244,3813,Pretul,TRUE
12245,Pulidora 12245,1272,Truper,FALSE
12246,Taladro 12246,4632,Bosch,NO
12247,Sierra 12247,10455,Truper,FALSE
12248,Tornillo 12248,2237,EPAHome,
12249,Tornillo 12249,8352,Pretul,0
12250,Brocha 12250,10838,Total,FALSE
12251,Pintura 12251,914,,SI
12252,Cerradura 12252,2236,EPAHome,TRUE
12253,Taladro 12253,5232,Total,
12254,Martillo 12254,9626,Bosch,
12255,Taladro 12255,8870,EPAHome,SI
12256,Sierra 12256,2856,Pretul,TRUE
12257,Sierra 12257,2851,Bosch,
12258,Martillo 12258,7611,,
12259,Pintura 12259,3545,EPAHome,SI
12260,Pulidora 12260,2232,Bosch,TRUE
12261,Cerradura 12261,165,Truper,SI
12262,Pintura 12262,486,Makita,NO
12263,Reflector 12263,8814,Truper,SI
12264,Clavos 12264,1075,Bosch,
12265,Sierra 12265,1738,Bosch,1
12266,Tornillo 12266,8577,EPAHome,SI
12267,Sierra 12267,2768,Total,TRUE
12268,Cerradura 12268,10845,Truper,SI
12269,Taladro 12269,1652,Bosch,TRUE
12270,Sierra 12270,4315,Makita,1
12271,Tornillo 12271,3332,Makita,
12272,Reflector 12272,8660,,TRUE
12273,Martillo 12273,7844,EPAHome,1
12274,Taladro 12274,10645,Truper,TRUE
12275,Brocha 12275,2144,Bosch,TRUE
12276,,2151,Pretul,1
12277,Tornillo 12277,419,Bosch,TRUE
12278,Pulidora 12278,9838,Makita,TRUE
12279,Taladro 12279,7148,Truper,NO
12280,Tornillo 12280,8109,,1
12281,Cerradura 12281,10030,Stanley,1
12282,Martillo 12282,10842,Pretul,1
12283,Taladro 12283,7816,Total,
12284,Reflector 12284,7915,Bosch,0
12285,Pulidora 12285,4608,Makita,1
12286,Pintura 12286,9946,EPAHome,TRUE
12287,Pulidora 12287,7968,Bosch,TRUE
12288,Brocha 12288,1880,Stanley,NO
12289,Reflector 12289,3076,,FALSE
12290,Tornillo 12290,2297,,SI
12291,Pulidora 12291,8909,EPAHome,TRUE
12292,Brocha 12292,4495,,NO
12293,Pulidora 12293,4747,Pretul,FALSE
12294,Pulidora 12294,9867,Truper,TRUE
12295,Martillo 12295,8763,,TRUE
12296,Pulidora 12296,2315,Truper,SI
12297,Reflector 12297,5979,Bosch,FALSE
12298,Reflector 12298,2583,,FALSE
12299,Martillo 12299,5477,,SI
12300,Brocha 12300,ABC,EPAHome,1
12301,Cerradura 12301,3991,Truper,SI
12302,Cerradura 12302,8778,Total,0
12303,Reflector 12303,6292,Bosch,FALSE
12304,Martillo 12304,962,Total,1
12305,Brocha 12305,7022,Pretul,1
12306,Clavos 12306,9530,Stanley,NO
12307,Reflector 12307,8989,Makita,SI
12308,Cerradura 12308,2600,Truper,NO
12309,,784,Makita,FALSE
12310,Clavos 12310,4632,Stanley,TRUE
12311,Reflector 12311,7053,Total,
12312,Taladro 12312,9591,Makita,FALSE
12313,Pulidora 12313,250,Makita,
12314,Pintura 12314,4068,Stanley,
12315,Tornillo 12315,7962,EPAHome,TRUE
12316,Cerradura 12316,9093,Makita,TRUE
12317,Martillo 12317,3142,Makita,
12318,Sierra 12318,4371,Bosch,
12319,Cerradura 12319,10458,,FALSE
P12320,Pulidora 12320,2109,Truper,
12321,Pulidora 12321,3004,Truper,NO
12322,Sierra 12322,4425,Total,1
12323,Sierra 12323,7230,Stanley,TRUE
12324,Tornillo 12324,3083,EPAHome,
12325,Martillo 12325,6339,Makita,FALSE
12326,Sierra 12326,9333,Truper,0
12327,Reflector 12327,5883,Truper,0
12328,Clavos 12328,4995,,TRUE
12329,Pulidora 12329,195,EPAHome,0
12330,Martillo 12330,3561,EPAHome,
12331,Clavos 12331,8982,Bosch,SI
12332,Brocha 12332,3423,Truper,FALSE
12333,Martillo 12333,1491,Stanley,TRUE
12334,Pintura 12334,8319,Truper,SI
12335,Martillo 12335,8461,Stanley,NO
12336,Sierra 12336,2171,Pretul,
12337,Pulidora 12337,8712,Truper,
12338,Reflector 12338,5734,,NO
12339,Taladro 12339,659,Truper,TRUE
12340,Sierra 12340,10057,Makita,TRUE
12341,Pulidora 12341,4018,,FALSE
12342,,6468,Stanley,1
12343,Pintura 12343,2580,Pretul,TRUE
12344,Sierra 12344,7331,,FALSE
12345,Sierra 12345,10723,Truper,1
12346,Brocha 12346,10025,Stanley,0
12347,Brocha 12347,10808,Bosch,FALSE
12348,Clavos 12348,2993,Truper,TRUE
12349,Reflector 12349,4281,Truper,FALSE
12350,Taladro 12350,9202,EPAHome,0
12351,Clavos 12351,5844,Stanley,NO
12352,Martillo 12352,8013,Total,1
12353,Tornillo 12353,202,EPAHome,1
12354,Martillo 12354,8908,Makita,NO
12355,Reflector 12355,3837,EPAHome,0
12356,Sierra 12356,7922,Truper,TRUE
12357,Pintura 12357,1585,Pretul,SI
12358,Pulidora 12358,7146,Truper,0
12359,Clavos 12359,8614,Stanley,
12360,Reflector 12360,6102,EPAHome,0
12361,Brocha 12361,3512,Bosch,TRUE
12362,Reflector 12362,3013,,FALSE
12363,Pulidora 12363,7040,Truper,TRUE
12364,Sierra 12364,4366,Total,
12365,Cerradura 12365,6456,,TRUE
12366,Tornillo 12366,9019,EPAHome,SI
12367,Pulidora 12367,4665,Truper,SI
12368,Pintura 12368,4933,Bosch,
12369,Sierra 12369,10365,Truper,FALSE
12370,Brocha 12370,8515,Bosch,FALSE
12371,Reflector 12371,2453,Total,SI
12372,Pintura 12372,10036,EPAHome,
12373,Reflector 12373,4634,Truper,SI
12374,Reflector 12374,6825,Truper,1
12375,,6643,Bosch,0
12376,Tornillo 12376,6028,Stanley,FALSE
12377,Brocha 12377,2324,Makita,
12378,Martillo 12378,2115,,1
12379,Pulidora 12379,4564,Bosch,TRUE
12380,Brocha 12380,4757,EPAHome,0
12381,Cerradura 12381,1030,EPAHome,NO
12382,Taladro 12382,971,EPAHome,SI
12383,Reflector 12383,4297,Truper,
12384,Pulidora 12384,7171,Pretul,
12385,Sierra 12385,8850,Total,FALSE
12386,Reflector 12386,7106,Truper,TRUE
12387,Taladro 12387,5947,EPAHome,FALSE
12388,Pintura 12388,9322,Total,NO
12389,Pintura 12389,4478,EPAHome,0
12390,Pulidora 12390,2019,Total,0
12391,Reflector 12391,1256,EPAHome,1
12392,Taladro 12392,8864,Stanley,FALSE
12393,Clavos 12393,5820,Truper,NO
12394,Pintura 12394,5746,Pretul,FALSE
12395,Taladro 12395,7133,Pretul,1
12396,Martillo 12396,5664,Total,NO
P12397,Martillo 12397,3079,,NO
12398,Taladro 12398,4834,Makita,1
12399,Brocha 12399,10484,,SI
12400,Tornillo 12400,7217,Makita,
12401,Pintura 12401,2296,EPAHome,0
12402,Brocha 12402,4348,Total,
12403,Cerradura 12403,6259,Stanley,TRUE
12404,Martillo 12404,8877,Truper,NO
12405,Taladro 12405,2306,Pretul,TRUE
12406,Pulidora 12406,6198,Total,
12407,Clavos 12407,1005,,FALSE
12408,,3296,Pretul,0
12409,Reflector 12409,9851,Truper,NO
12410,Brocha 12410,1833,Bosch,0
12411,Pintura 12411,9070,,TRUE
12412,Pintura 12412,6398,Stanley,NO
12413,Pintura 12413,6799,,0
12414,Martillo 12414,8214,,1
12415,Pulidora 12415,4735,Truper,FALSE
12416,Pintura 12416,3781,,TRUE
12417,Clavos 12417,6349,Stanley,0
12418,Martillo 12418,7392,Stanley,SI
12419,Martillo 12419,1304,Makita,0
12420,Cerradura 12420,2422,Stanley,
12421,Tornillo 12421,10350,Truper,SI
12422,Pulidora 12422,9297,Total,1
12423,Pintura 12423,10128,Stanley,FALSE
12424,Cerradura 12424,3320,Pretul,0
12425,Taladro 12425,2863,Bosch,0
12426,Cerradura 12426,1972,EPAHome,SI
12427,Martillo 12427,4535,EPAHome,TRUE
12428,Sierra 12428,3056,EPAHome,0
12429,Pulidora 12429,20,Pretul,0
12430,Pulidora 12430,9695,Stanley,1
12431,Tornillo 12431,1709,EPAHome,1
12432,Reflector 12432,219,EPAHome,SI
12433,Taladro 12433,135,Truper,SI
12434,Pintura 12434,1554,Pretul,NO
12435,Martillo 12435,5449,Stanley,
12436,Martillo 12436,3443,EPAHome,SI
12437,Taladro 12437,9724,Truper,0
12438,Martillo 12438,3148,Makita,TRUE
12439,Taladro 12439,2287,Makita,TRUE
12440,Pulidora 12440,9275,,SI
12441,,6430,Truper,
12442,Martillo 12442,507,Makita,
12443,Tornillo 12443,5896,Bosch,FALSE
12444,Reflector 12444,3767,EPAHome,
12445,Reflector 12445,6601,Makita,0
12446,Clavos 12446,4346,Truper,0
12447,Sierra 12447,4651,Bosch,NO
12448,Tornillo 12448,9608,Pretul,
12449,Clavos 12449,2452,Stanley,0
12450,Reflector 12450,6937,Stanley,FALSE
12451,Taladro 12451,4437,Bosch,FALSE
12452,Sierra 12452,4053,Pretul,SI
12453,Sierra 12453,6888,Total,NO
12454,Martillo 12454,1328,Bosch,SI
12455,Cerradura 12455,3047,Bosch,SI
12456,Pulidora 12456,1472,,
12457,Tornillo 12457,7828,EPAHome,TRUE
12458,Sierra 12458,7365,Truper,FALSE
12459,Reflector 12459,4135,Stanley,FALSE
12460,Clavos 12460,5127,Truper,1
12461,Taladro 12461,10621,Truper,NO
12462,Cerradura 12462,6564,Total,FALSE
12463,Clavos 12463,7747,Stanley,SI
12464,Cerradura 12464,6395,Truper,TRUE
12465,Taladro 12465,3659,Stanley,0
12466,Sierra 12466,3888,EPAHome,1
12467,Sierra 12467,299,Total,FALSE
12468,Taladro 12468,7883,Truper,FALSE
12469,Pulidora 12469,460,Total,0
12470,Clavos 12470,3600,EPAHome,
12471,Clavos 12471,1037,Bosch,NO
12472,Brocha 12472,6017,Bosch,TRUE
12473,Reflector 12473,3356,Bosch,FALSE
P12474,,6233,Total,FALSE
12475,Martillo 12475,6260,Stanley,NO
12476,Sierra 12476,4463,Truper,FALSE
12477,Sierra 12477,9791,Total,
12478,Clavos 12478,2742,Pretul,TRUE
12479,Clavos 12479,6919,Stanley,TRUE
12480,Brocha 12480,6701,EPAHome,NO
12481,Brocha 12481,8846,EPAHome,FALSE
12482,Brocha 12482,922,Makita,FALSE
12483,Cerradura 12483,10840,Pretul,
12484,Reflector 12484,3143,Bosch,NO
12485,Sierra 12485,481,Truper,NO
12486,Sierra 12486,5072,,NO
12487,Brocha 12487,2192,,
12488,Pulidora 12488,10137,,NO
12489,Cerradura 12489,10157,Pretul,0
12490,Pulidora 12490,3567,Stanley,0
12491,Reflector 12491,4335,,FALSE
12492,Tornillo 12492,4557,Total,NO
12493,Clavos 12493,9666,Total,FALSE
12494,Sierra 12494,9534,Stanley,1
12495,Pulidora 12495,4053,Total,
12496,Tornillo 12496,2111,Pretul,FALSE
12497,Cerradura 12497,10620,EPAHome,FALSE
12498,Cerradura 12498,5922,,1
12499,Reflector 12499,9886,Bosch,1
12500,Pulidora 12500,9929,Total,TRUE
12500,Pulidora 12500,9929,Total,TRUE
12501,Tornillo 12501,2890,Makita,SI
12502,Pulidora 12502,2150,EPAHome,SI
12503,Martillo 12503,3361,Total,NO
12504,Pulidora 12504,9717,,TRUE
12505,Tornillo 12505,ABC,Pretul,0
12506,Tornillo 12506,2711,Pretul,1
12507,,4003,Stanley,1
12508,Sierra 12508,9636,Stanley,1
12509,Brocha 12509,9925,Makita,0
12510,Taladro 12510,3437,Pretul,SI
12511,Pintura 12511,211,Stanley,0
12512,Reflector 12512,7560,Bosch,
12513,Reflector 12513,7500,EPAHome,TRUE
12514,Sierra 12514,549,Truper,FALSE
12515,Cerradura 12515,10207,Pretul,0
12516,Brocha 12516,2873,Pretul,TRUE
12517,Pintura 12517,8761,Stanley,TRUE
12518,Clavos 12518,8301,Truper,FALSE
12519,Reflector 12519,8417,,TRUE
12520,Tornillo 12520,4424,,TRUE
12521,Martillo 12521,4615,Total,NO
12522,Brocha 12522,760,Makita,NO
12523,Martillo 12523,5223,EPAHome,SI
12524,Taladro 12524,6748,Stanley,0
12525,Brocha 12525,7356,Truper,SI
12526,Reflector 12526,7188,EPAHome,1
12527,Tornillo 12527,6078,Pretul,0
12528,Tornillo 12528,4179,Makita,TRUE
12529,Pintura 12529,8858,,1
12530,Martillo 12530,7606,Makita,1
12531,Taladro 12531,1123,Bosch,
12532,Brocha 12532,1782,Bosch,TRUE
12533,Clavos 12533,9824,EPAHome,SI
12534,Sierra 12534,10209,Makita,0
12535,Sierra 12535,2799,Stanley,
12536,Reflector 12536,10718,Total,NO
12537,Taladro 12537,3129,EPAHome,SI
12538,Pintura 12538,3722,Truper,NO
12539,Taladro 12539,2357,Makita,
12540,,2315,Makita,
12541,Tornillo 12541,2587,Truper,0
12542,Martillo 12542,7267,Stanley,SI
12543,Clavos 12543,3701,EPAHome,TRUE
12544,Pulidora 12544,8013,Truper,
12545,Pulidora 12545,7739,,1
12546,Reflector 12546,2031,,
12547,Taladro 12547,8993,Bosch,TRUE
12548,Cerradura 12548,1732,Pretul,FALSE
12549,Cerradura 12549,9556,Bosch,1
12550,Taladro 12550,1184,Stanley,
P12551,Martillo 12551,10641,Pretul,0
12552,Cerradura 12552,5544,,TRUE
12553,Sierra 12553,1762,EPAHome,TRUE
12554,Pulidora 12554,5190,,SI
12555,Sierra 12555,6365,Total,1
12556,Sierra 12556,8033,Makita,NO
12557,Cerradura 12557,7874,Total,FALSE
12558,Brocha 12558,6087,EPAHome,0
12559,Tornillo 12559,1865,Truper,SI
12560,Tornillo 12560,2115,Total,SI
12561,Pintura 12561,614,EPAHome,1
12562,Tornillo 12562,3021,Truper,NO
12563,Pulidora 12563,1993,Total,
12564,Tornillo 12564,6535,Total,FALSE
12565,Sierra 12565,106,Pretul,TRUE
12566,Reflector 12566,3050,Bosch,NO
12567,Clavos 12567,8997,Bosch,TRUE
12568,Pulidora 12568,5506,Total,0
12569,Pintura 12569,335,EPAHome,1
12570,Tornillo 12570,10491,EPAHome,FALSE
12571,Pintura 12571,9923,Bosch,0
12572,Taladro 12572,4787,Pretul,SI
12573,,9983,EPAHome,NO
12574,Pulidora 12574,5614,,NO
12575,Clavos 12575,4638,Total,TRUE
12576,Taladro 12576,276,EPAHome,TRUE
12577,Pintura 12577,8453,Pretul,0
12578,Cerradura 12578,1055,,0
12579,Cerradura 12579,5643,Truper,TRUE
12580,Pulidora 12580,9069,Total,1
12581,Pulidora 12581,677,Truper,1
12582,Brocha 12582,1439,Pretul,FALSE
12583,Martillo 12583,287,Pretul,FALSE
12584,Pulidora 12584,967,,1
12585,Pintura 12585,3569,,1
12586,Martillo 12586,8103,,
12587,Clavos 12587,2500,Total,FALSE
12588,Sierra 12588,9327,Total,
12589,Pulidora 12589,10349,Total,FALSE
12590,Reflector 12590,102,Truper,1
12591,Cerradura 12591,8541,Truper,TRUE
12592,Clavos 12592,6381,Stanley,
12593,Brocha 12593,3646,EPAHome,1
12594,Pulidora 12594,1468,Makita,NO
12595,Tornillo 12595,481,Pretul,
12596,Tornillo 12596,5306,Total,NO
12597,Clavos 12597,535,Pretul,1
12598,Brocha 12598,6601,,1
12599,Brocha 12599,525,Pretul,FALSE
12600,Reflector 12600,703,Makita,FALSE
12601,Pintura 12601,1227,Stanley,
12602,Cerradura 12602,7377,EPAHome,NO
12603,Pulidora 12603,1461,,0
12604,Cerradura 12604,5014,EPAHome,0
12605,Brocha 12605,10758,Truper,NO
12606,,8174,Makita,0
12607,Cerradura 12607,3962,Truper,TRUE
12608,Cerradura 12608,4161,Bosch,NO
12609,Pulidora 12609,1653,Makita,0
12610,Brocha 12610,7621,,1
12611,Clavos 12611,2518,Bosch,NO
12612,Pulidora 12612,5409,Makita,0
12613,Pulidora 12613,10176,Bosch,NO
12614,Reflector 12614,5039,Makita,
12615,Brocha 12615,9633,Makita,0
12616,Pintura 12616,4555,EPAHome,SI
12617,Taladro 12617,5030,Bosch,
12618,Martillo 12618,573,Bosch,FALSE
12619,Sierra 12619,5333,Total,SI
12620,Brocha 12620,4321,Total,
12621,Pulidora 12621,7206,Truper,
12622,Pulidora 12622,5331,Makita,NO
12623,Pintura 12623,6361,Truper,FALSE
12624,Reflector 12624,4921,Bosch,1
12625,Martillo 12625,4715,EPAHome,SI
12626,Pulidora 12626,3277,Truper,1
12627,Pintura 12627,1074,Makita,0
P12628,Sierra 12628,8549,Truper,0
12629,Sierra 12629,3456,Pretul,NO
12630,Pulidora 12630,6469,Bosch,SI
12631,Pulidora 12631,5730,Bosch,0
12632,Pulidora 12632,9154,EPAHome,FALSE
12633,Clavos 12633,1708,,NO
12634,Reflector 12634,6735,,NO
12635,Taladro 12635,9578,Stanley,NO
12636,Pulidora 12636,10311,Total,FALSE
12637,Tornillo 12637,586,Pretul,TRUE
12638,Reflector 12638,1715,Pretul,NO
12639,,1706,Truper,FALSE
12640,Reflector 12640,7843,Total,FALSE
12641,Taladro 12641,10753,Makita,
12642,Cerradura 12642,2253,Bosch,
12643,Clavos 12643,4026,Total,0
12644,Clavos 12644,2883,Truper,0
12645,Martillo 12645,3634,Pretul,NO
12646,Reflector 12646,4977,Stanley,1
12647,Sierra 12647,5259,Bosch,SI
12648,Martillo 12648,2949,Truper,1
12649,Taladro 12649,8034,Pretul,
12650,Tornillo 12650,10772,Total,1
12651,Sierra 12651,7931,Makita,TRUE
12652,Pulidora 12652,5972,Stanley,FALSE
12653,Pulidora 12653,2939,Total,
12654,Pulidora 12654,51,EPAHome,NO
12655,Pintura 12655,3601,,0
12656,Taladro 12656,6718,Truper,FALSE
12657,Clavos 12657,6278,Makita,
12658,Tornillo 12658,7044,,1
12659,Sierra 12659,4560,Truper,SI
12660,Pintura 12660,9651,Bosch,TRUE
12661,Pulidora 12661,2360,Truper,SI
12662,Cerradura 12662,2447,Pretul,SI
12663,Pulidora 12663,4434,Bosch,NO
12664,Pintura 12664,8032,Makita,0
12665,Cerradura 12665,1234,Bosch,SI
12666,Martillo 12666,3088,Truper,FALSE
12667,Taladro 12667,3434,EPAHome,FALSE
12668,Tornillo 12668,2508,Bosch,
12669,Martillo 12669,6916,EPAHome,TRUE
12670,Reflector 12670,7909,EPAHome,FALSE
12671,Pintura 12671,10502,,FALSE
12672,,8793,Truper,1
12673,Clavos 12673,3217,Pretul,TRUE
12674,Clavos 12674,1512,Bosch,FALSE
12675,Pulidora 12675,10815,Bosch,1
12676,Pulidora 12676,6729,Truper,SI
12677,Martillo 12677,8461,,1
12678,Sierra 12678,253,Stanley,1
12679,Cerradura 12679,9584,Bosch,SI
12680,Brocha 12680,8439,Stanley,1
12681,Sierra 12681,9323,Pretul,NO
12682,Pintura 12682,5217,Pretul,NO
12683,Brocha 12683,204,Total,0
12684,Reflector 12684,7773,Truper,1
12685,Pulidora 12685,10396,Bosch,FALSE
12686,Taladro 12686,5214,Total,0
12687,Tornillo 12687,5517,Stanley,0
12688,Sierra 12688,10403,EPAHome,0
12689,Tornillo 12689,5277,EPAHome,
12690,Pulidora 12690,10719,Total,1
12691,Tornillo 12691,8591,,NO
12692,Pulidora 12692,463,Truper,TRUE
12693,Pintura 12693,878,EPAHome,0
12694,Cerradura 12694,5994,Pretul,NO
12695,Tornillo 12695,7401,,NO
12696,Taladro 12696,3093,Stanley,
12697,Pintura 12697,5173,Makita,TRUE
12698,Pulidora 12698,5083,Total,FALSE
12699,Cerradura 12699,3331,Total,TRUE
12700,Sierra 12700,7954,Stanley,0
12701,Brocha 12701,4691,Total,FALSE
12702,Sierra 12702,553,,
12703,Pulidora 12703,10509,Truper,SI
12704,Brocha 12704,8963,Pretul,FALSE
P12705,,1565,EPAHome,TRUE
12706,Pulidora 12706,2625,EPAHome,NO
12707,Pulidora 12707,10591,EPAHome,TRUE
12708,Tornillo 12708,6789,EPAHome,0
12709,Clavos 12709,8795,Pretul,NO
12710,Reflector 12710,ABC,Total,TRUE
12711,Pulidora 12711,960,Makita,SI
12712,Tornillo 12712,6931,Makita,TRUE
12713,Pulidora 12713,2629,Truper,FALSE
12714,Martillo 12714,5960,,TRUE
12715,Pulidora 12715,9436,,SI
12716,Martillo 12716,4756,Total,TRUE
12717,Brocha 12717,5904,Makita,FALSE
12718,Brocha 12718,2346,Makita,NO
12719,Martillo 12719,6487,Truper,FALSE
12720,Tornillo 12720,5885,Pretul,FALSE
12721,Pintura 12721,8299,Truper,0
12722,Pulidora 12722,1740,EPAHome,FALSE
12723,Pintura 12723,5608,Bosch,
12724,Reflector 12724,9815,Makita,FALSE
12725,Pintura 12725,9971,Stanley,NO
12726,Brocha 12726,781,Pretul,
12727,Taladro 12727,2159,,0
12728,Pintura 12728,4172,Makita,0
12729,Brocha 12729,9850,Stanley,0
12730,Pulidora 12730,4093,Bosch,FALSE
12731,Taladro 12731,4215,Makita,0
12732,Pintura 12732,2271,,1
12733,Pulidora 12733,3857,Total,FALSE
12734,Tornillo 12734,5600,Total,NO
12735,Taladro 12735,8865,Stanley,
12736,Pulidora 12736,6692,EPAHome,TRUE
12737,Reflector 12737,7142,Makita,
12738,,9356,EPAHome,0
12739,Reflector 12739,9989,EPAHome,0
12740,Pintura 12740,7757,Stanley,FALSE
12741,Cerradura 12741,3499,Total,NO
12742,Martillo 12742,4476,Truper,
12743,Taladro 12743,8150,Total,NO
12744,Taladro 12744,1544,,1
12745,Cerradura 12745,1096,Bosch,
12746,Brocha 12746,4613,Bosch,0
12747,Pulidora 12747,4374,,0
12748,Brocha 12748,4808,Makita,
12749,Pulidora 12749,7705,Total,TRUE
12750,Clavos 12750,5414,EPAHome,NO
12751,Clavos 12751,277,Makita,NO
12752,Clavos 12752,4051,EPAHome,FALSE
12753,Clavos 12753,6040,EPAHome,0
12754,Taladro 12754,2717,,NO
12755,Sierra 12755,8198,Stanley,NO
12756,Clavos 12756,10656,,1
12757,Pintura 12757,10530,EPAHome,
12758,Brocha 12758,8319,Makita,NO
12759,Reflector 12759,6646,Bosch,SI
12760,Clavos 12760,8945,,0
12761,Brocha 12761,3170,Makita,TRUE
12762,Reflector 12762,6594,Pretul,1
12763,Brocha 12763,3512,Makita,1
12764,Pulidora 12764,1935,Stanley,NO
12765,Reflector 12765,5947,EPAHome,0
12766,Brocha 12766,3500,,NO
12767,Cerradura 12767,10689,Bosch,
12768,Martillo 12768,8951,Total,NO
12769,Pintura 12769,9176,Makita,
12770,Pulidora 12770,9270,Makita,1
12771,,7813,Total,
12772,Cerradura 12772,4439,Total,TRUE
12773,Reflector 12773,6022,Pretul,SI
12774,Reflector 12774,3929,Truper,SI
12775,Brocha 12775,7428,Makita,TRUE
12776,Pintura 12776,7900,Bosch,SI
12777,Reflector 12777,948,EPAHome,TRUE
12778,Taladro 12778,9471,Truper,TRUE
12779,Martillo 12779,4980,Total,FALSE
12780,Pintura 12780,7637,EPAHome,FALSE
12781,Reflector 12781,1091,Truper,TRUE
P12782,Reflector 12782,8754,Pretul,FALSE
12783,Tornillo 12783,5147,Stanley,NO
12784,Sierra 12784,2548,Stanley,0
12785,Taladro 12785,3567,,1
12786,Taladro 12786,6524,EPAHome,0
12787,Pulidora 12787,99,Total,NO
12788,Martillo 12788,3162,Makita,FALSE
12789,Pintura 12789,652,Pretul,0
12790,Taladro 12790,5084,EPAHome,SI
12791,Pintura 12791,729,Total,0
12792,Tornillo 12792,3370,Bosch,TRUE
12793,Reflector 12793,2936,Total,1
12794,Pintura 12794,8149,Stanley,TRUE
12795,Cerradura 12795,8914,Pretul,0
12796,Brocha 12796,9570,Pretul,SI
12797,Pulidora 12797,4833,Total,0
12798,Martillo 12798,1821,EPAHome,
12799,Tornillo 12799,4529,Stanley,NO
12800,Taladro 12800,5727,Makita,
12801,Pulidora 12801,3964,Total,1
12802,Pulidora 12802,2823,Truper,FALSE
12803,Reflector 12803,5372,Makita,SI
12804,,1900,Makita,FALSE
12805,Pulidora 12805,4432,Total,TRUE
12806,Martillo 12806,6277,EPAHome,FALSE
12807,Reflector 12807,9323,,SI
12808,Sierra 12808,10309,Bosch,FALSE
12809,Clavos 12809,6931,Pretul,SI
12810,Clavos 12810,3317,Makita,SI
12811,Martillo 12811,10123,Stanley,FALSE
12812,Taladro 12812,8687,Total,SI
12813,Sierra 12813,4993,Total,0
12814,Cerradura 12814,9401,EPAHome,NO
12815,Taladro 12815,9721,Total,SI
12816,Clavos 12816,8016,,FALSE
12817,Brocha 12817,10562,Bosch,FALSE
12818,Sierra 12818,1288,Total,1
12819,Clavos 12819,5198,Stanley,1
12820,Pulidora 12820,2956,EPAHome,1
12821,Pulidora 12821,7281,Makita,TRUE
12822,Taladro 12822,389,Makita,1
12823,Cerradura 12823,4019,Truper,1
12824,Taladro 12824,5209,Makita,FALSE
12825,Cerradura 12825,1463,Total,FALSE
12826,Cerradura 12826,7672,Truper,
12827,Pintura 12827,545,Makita,NO
12828,Pulidora 12828,10103,Bosch,TRUE
12829,Martillo 12829,6277,Total,SI
12830,Clavos 12830,5343,Pretul,FALSE
12831,Clavos 12831,6249,Truper,FALSE
12832,Martillo 12832,2034,,TRUE
12833,Martillo 12833,7049,Pretul,
12834,Reflector 12834,726,Truper,
12835,Clavos 12835,1282,,NO
12836,Tornillo 12836,10191,Truper,SI
12837,,8529,EPAHome,TRUE
12838,Sierra 12838,4364,Bosch,SI
12839,Reflector 12839,1605,Stanley,FALSE
12840,Clavos 12840,2218,Truper,
12841,Martillo 12841,6931,Bosch,TRUE
12842,Reflector 12842,10546,EPAHome,FALSE
12843,Brocha 12843,2592,Stanley,NO
12844,Tornillo 12844,95,Stanley,FALSE
12845,Pintura 12845,3540,Makita,FALSE
12846,Reflector 12846,5279,EPAHome,0
12847,Tornillo 12847,811,EPAHome,
12848,Taladro 12848,1170,Stanley,1
12849,Pulidora 12849,4578,Makita,1
12850,Clavos 12850,2488,Makita,1
12851,Martillo 12851,10761,,1
12852,Martillo 12852,5738,Bosch,FALSE
12853,Pulidora 12853,6640,Truper,SI
12854,Pintura 12854,3286,,SI
12855,Clavos 12855,352,EPAHome,0
12856,Martillo 12856,4370,,SI
12857,Clavos 12857,10573,Bosch,0
12858,Sierra 12858,6536,,
P12859,Cerradura 12859,4775,Truper,SI
12860,Pulidora 12860,3549,Bosch,1
12861,Brocha 12861,6026,Stanley,SI
12862,Martillo 12862,6284,EPAHome,
12863,Tornillo 12863,9116,Pretul,FALSE
12864,Clavos 12864,1300,Bosch,FALSE
12865,Pintura 12865,1410,EPAHome,1
12866,Cerradura 12866,1524,Makita,TRUE
12867,Martillo 12867,2637,Total,FALSE
12868,Brocha 12868,8263,Total,
12869,Pintura 12869,8913,,SI
12870,,9726,Total,
12871,Martillo 12871,4774,Bosch,0
12872,Reflector 12872,1507,Total,
12873,Clavos 12873,5196,EPAHome,0
12874,Martillo 12874,2711,,1
12875,Tornillo 12875,5001,Total,TRUE
12876,Martillo 12876,10606,EPAHome,0
12877,Cerradura 12877,7614,Pretul,0
12878,Pulidora 12878,2862,Makita,1
12879,Pulidora 12879,7608,Stanley,1
12880,Cerradura 12880,855,EPAHome,1
12881,Clavos 12881,722,EPAHome,0
12882,Pintura 12882,4324,Stanley,FALSE
12883,Taladro 12883,1395,EPAHome,FALSE
12884,Reflector 12884,4038,Bosch,1
12885,Clavos 12885,9117,Total,
12886,Reflector 12886,9033,EPAHome,TRUE
12887,Taladro 12887,9424,EPAHome,0
12888,Brocha 12888,8392,Makita,
12889,Taladro 12889,10634,Makita,0
12890,Clavos 12890,6409,Pretul,FALSE
12891,Pulidora 12891,670,EPAHome,FALSE
12892,Cerradura 12892,10523,,0
12893,Tornillo 12893,4723,,
12894,Taladro 12894,8135,,NO
12895,Taladro 12895,4928,EPAHome,NO
12896,Clavos 12896,3934,Pretul,NO
12897,Tornillo 12897,3856,Makita,FALSE
12898,Sierra 12898,2700,Truper,
12899,Cerradura 12899,4896,EPAHome,NO
12900,Tornillo 12900,6015,Stanley,SI
12901,Cerradura 12901,2815,,1
12902,Tornillo 12902,9194,Truper,NO
12903,,5574,,FALSE
12904,Martillo 12904,1665,Pretul,
12905,Pintura 12905,8496,Truper,0
12906,Martillo 12906,3840,Total,1
12907,Reflector 12907,10850,EPAHome,FALSE
12908,Tornillo 12908,8206,Pretul,FALSE
12909,Pintura 12909,6822,Truper,FALSE
12910,Pulidora 12910,4284,Bosch,SI
12911,Tornillo 12911,3479,Stanley,NO
12912,Tornillo 12912,2728,,SI
12913,Brocha 12913,7095,Total,FALSE
12914,Cerradura 12914,1506,EPAHome,
12915,Cerradura 12915,ABC,Pretul,FALSE
12916,Tornillo 12916,34,EPAHome,TRUE
12917,Martillo 12917,214,Stanley,0
12918,Clavos 12918,1797,Makita,FALSE
12919,Sierra 12919,7481,Makita,SI
12920,Sierra 12920,5994,EPAHome,FALSE
12921,Taladro 12921,7298,Stanley,TRUE
12922,Sierra 12922,512,Pretul,NO
12923,Clavos 12923,1597,Pretul,FALSE
12924,Sierra 12924,3166,,0
12925,Brocha 12925,6999,Pretul,1
12926,Tornillo 12926,213,Makita,
12927,Clavos 12927,8843,Bosch,1
12928,Tornillo 12928,8110,,FALSE
12929,Pintura 12929,5082,Stanley,FALSE
12930,Brocha 12930,6685,EPAHome,0
12931,Pulidora 12931,10208,Makita,1
12932,Clavos 12932,10660,Pretul,FALSE
12933,Sierra 12933,7895,,TRUE
12934,Reflector 12934,1007,Makita,0
12935,Clavos 12935,6914,,
P12936,,5866,Makita,
12937,Pintura 12937,7270,,NO
12938,Reflector 12938,8384,Truper,1
12939,Tornillo 12939,7162,Makita,0
12940,Sierra 12940,5859,Makita,TRUE
12941,Reflector 12941,4937,Truper,1
12942,Reflector 12942,9175,Pretul,1
12943,Clavos 12943,326,Makita,
12944,Tornillo 12944,430,Total,FALSE
12945,Cerradura 12945,3653,Pretul,0
12946,Clavos 12946,6468,Makita,SI
12947,Sierra 12947,7038,Total,SI
12948,Tornillo 12948,6681,EPAHome,TRUE
12949,Clavos 12949,9956,Pretul,TRUE
12950,Tornillo 12950,8753,,TRUE
12951,Martillo 12951,5642,EPAHome,
12952,Martillo 12952,7208,,1
12953,Clavos 12953,1610,Truper,
12954,Taladro 12954,8888,Pretul,0
12955,Brocha 12955,8576,Truper,TRUE
12956,Pintura 12956,6142,Total,
12957,Pintura 12957,6648,Pretul,NO
12958,Martillo 12958,217,,FALSE
12959,Pulidora 12959,5360,EPAHome,1
12960,Martillo 12960,3445,Truper,SI
12961,Clavos 12961,7096,Stanley,FALSE
12962,Clavos 12962,8575,Pretul,1
12963,Brocha 12963,8113,Bosch,
12964,Pintura 12964,9633,EPAHome,0
12965,Pintura 12965,7756,Bosch,NO
12966,Brocha 12966,7440,Makita,0
12967,Clavos 12967,6407,Total,
12968,Brocha 12968,2122,Pretul,0
12969,,7496,Bosch,NO
12970,Clavos 12970,2297,Truper,0
12971,Sierra 12971,6845,EPAHome,FALSE
12972,Taladro 12972,10526,Truper,FALSE
12973,Cerradura 12973,10668,Makita,
12974,Pulidora 12974,2491,Pretul,TRUE
12975,Cerradura 12975,7882,Truper,TRUE
12976,Clavos 12976,9459,,TRUE
12977,Tornillo 12977,4214,Total,NO
12978,Taladro 12978,9613,Makita,TRUE
12979,Sierra 12979,4347,Pretul,TRUE
12980,Pulidora 12980,1118,,FALSE
12981,Taladro 12981,5725,Stanley,NO
12982,Cerradura 12982,7827,Makita,FALSE
12983,Pintura 12983,10707,Truper,SI
12984,Pintura 12984,9836,Stanley,1
12985,Cerradura 12985,5734,Total,1
12986,Taladro 12986,2708,Stanley,
12987,Sierra 12987,7307,Makita,
12988,Taladro 12988,3307,,SI
12989,Taladro 12989,329,,TRUE
12990,Pintura 12990,3177,Total,NO
12991,Sierra 12991,7664,Makita,TRUE
12992,Tornillo 12992,4522,Makita,0
12993,Reflector 12993,7842,Bosch,0
12994,Pintura 12994,7105,Total,0
12995,Pulidora 12995,8557,Makita,TRUE
12996,Pintura 12996,6144,Bosch,NO
12997,Brocha 12997,1204,Truper,SI
12998,Cerradura 12998,3066,Truper,
12999,Reflector 12999,4692,Pretul,SI
13000,Tornillo 13000,9752,Total,
13000,Tornillo 13000,9752,Total,
13001,Reflector 13001,6104,Pretul,0
13002,,6817,Makita,TRUE
13003,Pintura 13003,5875,EPAHome,SI
13004,Martillo 13004,248,Pretul,SI
13005,Pulidora 13005,5034,Total,NO
13006,Reflector 13006,4539,Bosch,FALSE
13007,Taladro 13007,1407,Truper,SI
13008,Martillo 13008,3628,Truper,SI
13009,Taladro 13009,2837,Truper,NO
13010,Pulidora 13010,4457,Stanley,TRUE
13011,Taladro 13011,6607,Makita,0
13012,Tornillo 13012,6292,Stanley,0
P13013,Taladro 13013,1319,Stanley,TRUE
13014,Pintura 13014,5850,Makita,TRUE
13015,Pulidora 13015,5490,Stanley,1
13016,Pintura 13016,1506,Pretul,NO
13017,Reflector 13017,1677,EPAHome,1
13018,Pulidora 13018,9989,Stanley,0
13019,Pulidora 13019,1193,Makita,SI
13020,Brocha 13020,727,Pretul,1
13021,Taladro 13021,4579,Bosch,1
13022,Clavos 13022,4625,Pretul,SI
13023,Tornillo 13023,5521,Total,1
13024,Reflector 13024,1212,Stanley,1
13025,Martillo 13025,6288,Truper,NO
13026,Martillo 13026,1577,Pretul,FALSE
13027,Cerradura 13027,2575,Makita,TRUE
13028,Reflector 13028,4442,,FALSE
13029,Cerradura 13029,3025,Total,0
13030,Pulidora 13030,6235,Bosch,NO
13031,Clavos 13031,6912,Makita,FALSE
13032,Pintura 13032,3176,Pretul,0
13033,Cerradura 13033,8398,Total,
13034,Tornillo 13034,8527,,FALSE
13035,,9714,EPAHome,
13036,Pintura 13036,306,Bosch,TRUE
13037,Reflector 13037,1791,Pretul,0
13038,Brocha 13038,5795,,TRUE
13039,Clavos 13039,2500,Pretul,1
13040,Martillo 13040,1655,Makita,
13041,Brocha 13041,5617,,0
13042,Pintura 13042,2782,Pretul,0
13043,Clavos 13043,10316,Truper,
13044,Taladro 13044,9102,,TRUE
13045,Martillo 13045,704,,1
13046,Martillo 13046,8556,Makita,SI
13047,Tornillo 13047,2005,Bosch,1
13048,Cerradura 13048,10003,,FALSE
13049,Reflector 13049,7700,Makita,0
13050,Pulidora 13050,173,EPAHome,TRUE
13051,Sierra 13051,8983,Makita,0
13052,Taladro 13052,9061,Makita,0
13053,Reflector 13053,1694,Bosch,1
13054,Tornillo 13054,4858,Bosch,TRUE
13055,Taladro 13055,7016,Makita,
13056,Brocha 13056,3380,Stanley,TRUE
13057,Clavos 13057,2964,Total,1
13058,Martillo 13058,2023,,TRUE
13059,Pintura 13059,3028,Bosch,NO
13060,Sierra 13060,5293,Stanley,TRUE
13061,Pintura 13061,1568,Truper,NO
13062,Pulidora 13062,10057,Stanley,SI
13063,Taladro 13063,5631,Stanley,NO
13064,Cerradura 13064,3910,Makita,SI
13065,Cerradura 13065,3096,Total,FALSE
13066,Sierra 13066,1780,Truper,NO
13067,Taladro 13067,43,Total,FALSE
13068,,2163,EPAHome,
13069,Clavos 13069,609,Bosch,TRUE
13070,Martillo 13070,3744,,SI
13071,Cerradura 13071,1604,,0
13072,Reflector 13072,2163,Stanley,
13073,Pintura 13073,10103,Pretul,TRUE
13074,Pintura 13074,3267,Pretul,
13075,Sierra 13075,4223,,FALSE
13076,Brocha 13076,2769,Truper,0
13077,Cerradura 13077,5444,Total,1
13078,Pulidora 13078,19,Pretul,SI
13079,Martillo 13079,6812,Bosch,NO
13080,Martillo 13080,2335,Makita,
13081,Pulidora 13081,3987,Pretul,
13082,Pulidora 13082,6909,Total,TRUE
13083,Pulidora 13083,5891,Makita,FALSE
13084,Taladro 13084,9688,Bosch,
13085,Tornillo 13085,2315,Bosch,
13086,Taladro 13086,5228,Stanley,1
13087,Brocha 13087,667,Bosch,NO
13088,Sierra 13088,9250,,SI
13089,Taladro 13089,4120,Truper,0
P13090,Cerradura 13090,5078,EPAHome,
13091,Brocha 13091,5191,Stanley,
13092,Brocha 13092,2321,,0
13093,Taladro 13093,4992,Bosch,NO
13094,Brocha 13094,7932,Bosch,
13095,Sierra 13095,1228,Stanley,NO
13096,Pintura 13096,7814,EPAHome,FALSE
13097,Cerradura 13097,2010,,
13098,Pintura 13098,3746,EPAHome,1
13099,Pulidora 13099,10394,Truper,TRUE
13100,Pintura 13100,3127,Makita,
13101,,1047,Pretul,1
13102,Martillo 13102,5310,Total,
13103,Tornillo 13103,3129,Bosch,SI
13104,Brocha 13104,4624,EPAHome,0
13105,Tornillo 13105,6756,Total,1
13106,Clavos 13106,3156,,NO
13107,Taladro 13107,4405,Total,1
13108,Clavos 13108,9541,EPAHome,
13109,Pintura 13109,8804,,TRUE
13110,Taladro 13110,6568,Makita,TRUE
13111,Brocha 13111,9464,,0
13112,Clavos 13112,4941,Truper,1
13113,Cerradura 13113,8318,Stanley,SI
13114,Cerradura 13114,1312,Bosch,SI
13115,Cerradura 13115,2778,Total,SI
13116,Clavos 13116,8010,Pretul,1
13117,Sierra 13117,4233,EPAHome,NO
13118,Sierra 13118,5519,Pretul,NO
13119,Martillo 13119,3301,EPAHome,FALSE
13120,Tornillo 13120,ABC,Bosch,TRUE
13121,Brocha 13121,9446,Pretul,
13122,Cerradura 13122,5706,,NO
13123,Clavos 13123,6964,Bosch,TRUE
13124,Pulidora 13124,3860,Pretul,0
13125,Pintura 13125,8151,Bosch,NO
13126,Tornillo 13126,2557,Truper,SI
13127,Clavos 13127,10114,Total,NO
13128,Pintura 13128,6470,Total,TRUE
13129,Martillo 13129,3372,Total,SI
13130,Brocha 13130,8261,Bosch,0
13131,Brocha 13131,8288,Pretul,
13132,Tornillo 13132,1267,Bosch,
13133,Reflector 13133,2063,Pretul,NO
13134,,3566,Makita,FALSE
13135,Pintura 13135,5496,Makita,
13136,Clavos 13136,122,Truper,SI
13137,Pulidora 13137,7267,Stanley,NO
13138,Clavos 13138,7270,Stanley,NO
13139,Martillo 13139,1531,Stanley,1
13140,Cerradura 13140,3261,EPAHome,SI
13141,Taladro 13141,9969,Bosch,TRUE
13142,Pulidora 13142,1412,Makita,
13143,Taladro 13143,3825,Pretul,0
13144,Cerradura 13144,934,Pretul,NO
13145,Clavos 13145,4580,EPAHome,SI
13146,Taladro 13146,10105,EPAHome,TRUE
13147,Pulidora 13147,10299,Stanley,1
13148,Clavos 13148,4410,Stanley,0
13149,Taladro 13149,8502,Stanley,SI
13150,Brocha 13150,9403,Bosch,NO
13151,Pintura 13151,7070,Makita,1
13152,Tornillo 13152,6419,,0
13153,Martillo 13153,2523,Truper,FALSE
13154,Reflector 13154,3,Stanley,0
13155,Reflector 13155,4651,Total,TRUE
13156,Taladro 13156,9673,Makita,FALSE
13157,Pulidora 13157,4194,Total,FALSE
13158,Pintura 13158,6351,Bosch,0
13159,Martillo 13159,5411,Truper,1
13160,Cerradura 13160,9990,Truper,1
13161,Martillo 13161,2670,Bosch,1
13162,Tornillo 13162,5792,Makita,0
13163,Reflector 13163,10695,EPAHome,1
13164,Pintura 13164,6612,,TRUE
13165,Brocha 13165,1466,EPAHome,
13166,Taladro 13166,4772,EPAHome,
P13167,,3425,Makita,FALSE
13168,Reflector 13168,10040,Bosch,0
13169,Pintura 13169,6273,Bosch,1
13170,Pintura 13170,4336,,
13171,Cerradura 13171,5617,Truper,SI
13172,Martillo 13172,451,Pretul,
13173,Pulidora 13173,4497,,1
13174,Brocha 13174,8265,Bosch,
13175,Pulidora 13175,5333,Pretul,SI
13176,Cerradura 13176,189,,FALSE
13177,Taladro 13177,1465,EPAHome,SI
13178,Reflector 13178,6399,EPAHome,
13179,Brocha 13179,4148,,0
13180,Pintura 13180,6836,Pretul,1
13181,Pulidora 13181,10368,EPAHome,1
13182,Brocha 13182,10081,Makita,NO
13183,Cerradura 13183,318,Stanley,
13184,Cerradura 13184,1277,,SI
13185,Reflector 13185,5199,Total,0
13186,Reflector 13186,1439,,1
13187,Tornillo 13187,10612,Makita,1
13188,Martillo 13188,1365,EPAHome,TRUE
13189,Tornillo 13189,9284,Total,FALSE
13190,Taladro 13190,6252,,FALSE
13191,Martillo 13191,8461,Pretul,
13192,Sierra 13192,8161,Makita,
13193,Martillo 13193,9449,Truper,
13194,Taladro 13194,1853,,
13195,Cerradura 13195,5179,Truper,NO
13196,Taladro 13196,10585,Makita,NO
13197,Pulidora 13197,3971,EPAHome,1
13198,Brocha 13198,10609,EPAHome,TRUE
13199,Brocha 13199,1746,,
13200,,3118,Total,1
13201,Pintura 13201,7813,Truper,1
13202,Cerradura 13202,5397,Stanley,0
13203,Tornillo 13203,8574,Truper,
13204,Cerradura 13204,1247,Makita,SI
13205,Martillo 13205,4208,EPAHome,0
13206,Brocha 13206,8341,Bosch,1
13207,Pintura 13207,9365,,SI
13208,Tornillo 13208,9736,Total,0
13209,Cerradura 13209,4531,EPAHome,SI
13210,Clavos 13210,4788,Total,1
13211,Cerradura 13211,10169,Total,0
13212,Pintura 13212,2702,EPAHome,1
13213,Cerradura 13213,6167,Makita,
13214,Brocha 13214,2640,Total,NO
13215,Cerradura 13215,5228,Truper,NO
13216,Brocha 13216,10329,Bosch,FALSE
13217,Martillo 13217,6614,Truper,FALSE
13218,Taladro 13218,9485,Total,0
13219,Tornillo 13219,9286,Truper,1
13220,Taladro 13220,4598,EPAHome,
13221,Taladro 13221,10660,Bosch,TRUE
13222,Tornillo 13222,373,Makita,1
13223,Cerradura 13223,6003,Total,0
13224,Sierra 13224,8254,Bosch,FALSE
13225,Taladro 13225,8288,Stanley,
13226,Reflector 13226,4258,Total,TRUE
13227,Cerradura 13227,4728,EPAHome,1
13228,Martillo 13228,3693,Makita,NO
13229,Taladro 13229,4167,EPAHome,1
13230,Taladro 13230,4763,Truper,1
13231,Pulidora 13231,6250,Total,TRUE
13232,Sierra 13232,8578,Bosch,FALSE
13233,,5946,Stanley,NO
13234,Pintura 13234,2943,Total,SI
13235,Martillo 13235,7258,Total,0
13236,Pulidora 13236,7724,EPAHome,FALSE
13237,Sierra 13237,3103,Total,
13238,Taladro 13238,9772,Total,NO
13239,Tornillo 13239,3542,Bosch,NO
13240,Pintura 13240,9623,Pretul,0
13241,Sierra 13241,4419,EPAHome,FALSE
13242,Cerradura 13242,5240,,SI
13243,Taladro 13243,3188,EPAHome,NO
P13244,Sierra 13244,7065,Makita,TRUE
13245,Pintura 13245,1064,Makita,SI
13246,Taladro 13246,10153,Pretul,1
13247,Pulidora 13247,4784,Truper,SI
13248,Reflector 13248,10756,Total,
13249,Brocha 13249,5561,Pretul,NO
13250,Taladro 13250,10663,Stanley,0
13251,Reflector 13251,4714,Pretul,
13252,Reflector 13252,6422,Pretul,1
13253,Martillo 13253,1795,Bosch,NO
13254,Pulidora 13254,1061,,1
13255,Sierra 13255,8900,Truper,0
13256,Tornillo 13256,8396,,FALSE
13257,Tornillo 13257,3278,Truper,0
13258,Pintura 13258,9458,EPAHome,
13259,Reflector 13259,603,Pretul,SI
13260,Clavos 13260,7520,,
13261,Sierra 13261,5139,Makita,1
13262,Tornillo 13262,5586,,FALSE
13263,Cerradura 13263,1609,Total,NO
13264,Clavos 13264,3684,,0
13265,Clavos 13265,6610,Truper,1
13266,,8892,EPAHome,1
13267,Tornillo 13267,702,Pretul,TRUE
13268,Pulidora 13268,4334,,0
13269,Reflector 13269,4253,EPAHome,TRUE
13270,Cerradura 13270,1395,Makita,1
13271,Clavos 13271,2393,Bosch,SI
13272,Tornillo 13272,3262,Stanley,0
13273,Sierra 13273,1363,Total,NO
13274,Tornillo 13274,3957,EPAHome,TRUE
13275,Pintura 13275,7302,,FALSE
13276,Sierra 13276,5998,Bosch,1
13277,Martillo 13277,5536,Pretul,TRUE
13278,Clavos 13278,10602,Truper,0
13279,Tornillo 13279,3611,,SI
13280,Pulidora 13280,1708,Makita,1
13281,Cerradura 13281,5814,Total,TRUE
13282,Martillo 13282,8231,Truper,SI
13283,Clavos 13283,2170,Stanley,NO
13284,Martillo 13284,5699,Total,0
13285,Sierra 13285,7369,Makita,0
13286,Martillo 13286,5005,Bosch,NO
13287,Sierra 13287,6722,Bosch,0
13288,Martillo 13288,10147,Makita,NO
13289,Pintura 13289,1102,Bosch,TRUE
13290,Tornillo 13290,9620,Stanley,NO
13291,Clavos 13291,6294,Total,0
13292,Sierra 13292,3353,Stanley,NO
13293,Pulidora 13293,4356,Bosch,NO
13294,Martillo 13294,6235,Truper,NO
13295,Cerradura 13295,9975,Stanley,FALSE
13296,Clavos 13296,7316,EPAHome,NO
13297,Pulidora 13297,9473,Total,SI
13298,Pintura 13298,9322,EPAHome,1
13299,,820,Total,1
13300,Pintura 13300,6499,Stanley,1
13301,Pintura 13301,3399,Total,
13302,Reflector 13302,5210,Pretul,NO
13303,Reflector 13303,4413,,0
13304,Sierra 13304,3100,Stanley,SI
13305,Clavos 13305,7487,Makita,0
13306,Pintura 13306,7178,Makita,
13307,Pintura 13307,8119,Bosch,1
13308,Martillo 13308,626,Stanley,TRUE
13309,Sierra 13309,8130,Pretul,1
13310,Tornillo 13310,3666,,NO
13311,Reflector 13311,8940,,1
13312,Brocha 13312,7885,Makita,0
13313,Brocha 13313,6136,Makita,0
13314,Cerradura 13314,10479,Total,TRUE
13315,Reflector 13315,2225,Truper,SI
13316,Pintura 13316,9051,,0
13317,Taladro 13317,10512,Stanley,1
13318,Taladro 13318,8263,EPAHome,FALSE
13319,Reflector 13319,5228,Total,
13320,Martillo 13320,8380,Pretul,
P13321,Brocha 13321,3134,Stanley,NO
13322,Reflector 13322,5302,,SI
13323,Sierra 13323,6061,Pretul,TRUE
13324,Brocha 13324,6075,Pretul,
13325,Pintura 13325,ABC,Stanley,
13326,Brocha 13326,4021,Pretul,SI
13327,Martillo 13327,1474,Pretul,SI
13328,Tornillo 13328,8957,Stanley,NO
13329,Brocha 13329,7112,Bosch,TRUE
13330,Reflector 13330,8268,EPAHome,NO
13331,Pulidora 13331,3690,EPAHome,FALSE
13332,,10142,Total,TRUE
13333,Taladro 13333,8553,Bosch,NO
13334,Martillo 13334,2997,Bosch,NO
13335,Reflector 13335,561,Total,TRUE
13336,Brocha 13336,8230,Stanley,0
13337,Pulidora 13337,4681,Bosch,1
13338,Tornillo 13338,581,Total,1
13339,Martillo 13339,5638,Pretul,TRUE
13340,Sierra 13340,4585,Truper,TRUE
13341,Reflector 13341,7010,Stanley,SI
13342,Clavos 13342,8149,EPAHome,NO
13343,Sierra 13343,3511,Makita,0
13344,Tornillo 13344,6397,Bosch,
13345,Reflector 13345,2099,Bosch,1
13346,Pintura 13346,8196,Pretul,0
13347,Sierra 13347,6931,Bosch,0
13348,Brocha 13348,2066,Bosch,FALSE
13349,Cerradura 13349,8682,EPAHome,
13350,Martillo 13350,5802,Pretul,0
13351,Pintura 13351,3469,EPAHome,FALSE
13352,Clavos 13352,8089,Total,NO
13353,Taladro 13353,3906,EPAHome,FALSE
13354,Clavos 13354,8027,Stanley,1
13355,Pintura 13355,5148,EPAHome,TRUE
13356,Reflector 13356,8468,Total,SI
13357,Pintura 13357,9612,Truper,NO
13358,Martillo 13358,3639,Bosch,NO
13359,Pulidora 13359,1966,Pretul,0
13360,Cerradura 13360,5022,Bosch,NO
13361,Sierra 13361,1191,Stanley,NO
13362,Taladro 13362,4047,Stanley,0
13363,Cerradura 13363,4543,Total,
13364,Reflector 13364,239,EPAHome,0
13365,,5781,Makita,SI
13366,Martillo 13366,5238,Makita,TRUE
13367,Clavos 13367,1656,Bosch,1
13368,Reflector 13368,6183,Truper,FALSE
13369,Pulidora 13369,455,Bosch,NO
13370,Tornillo 13370,2811,EPAHome,0
13371,Taladro 13371,9091,Pretul,TRUE
13372,Cerradura 13372,241,Stanley,0
13373,Sierra 13373,8896,Total,TRUE
13374,Pulidora 13374,6790,Makita,NO
13375,Taladro 13375,10622,EPAHome,FALSE
13376,Sierra 13376,6328,Truper,
13377,Tornillo 13377,2710,Pretul,TRUE
13378,Pintura 13378,5725,,SI
13379,Reflector 13379,8227,,
13380,Tornillo 13380,6559,Bosch,TRUE
13381,Pintura 13381,675,Total,FALSE
13382,Taladro 13382,5744,Truper,SI
13383,Pulidora 13383,540,EPAHome,FALSE
13384,Taladro 13384,597,Makita,
13385,Pulidora 13385,7627,,SI
13386,Clavos 13386,1966,Stanley,1
13387,Cerradura 13387,153,Stanley,0
13388,Sierra 13388,6721,Bosch,FALSE
13389,Cerradura 13389,5527,Stanley,TRUE
13390,Martillo 13390,5236,Stanley,1
13391,Tornillo 13391,766,Stanley,
13392,Pintura 13392,9575,EPAHome,0
13393,Pintura 13393,4894,Total,SI
13394,Clavos 13394,9079,EPAHome,TRUE
13395,Cerradura 13395,506,,SI
13396,Sierra 13396,6020,Pretul,
13397,Taladro 13397,7444,Pretul,0
P13398,,9798,Makita,NO
13399,Pulidora 13399,1816,,TRUE
13400,Reflector 13400,2615,Makita,1
13401,Taladro 13401,8400,Truper,FALSE
13402,Clavos 13402,450,EPAHome,0
13403,Pulidora 13403,4463,EPAHome,TRUE
13404,Pulidora 13404,2339,Bosch,0
13405,Pintura 13405,4296,Makita,1
13406,Cerradura 13406,299,,NO
13407,Reflector 13407,7430,EPAHome,SI
13408,Tornillo 13408,10141,Makita,0
13409,Pintura 13409,7435,Pretul,1
13410,Reflector 13410,5618,Makita,0
13411,Martillo 13411,9573,Truper,TRUE
13412,Sierra 13412,85,Stanley,TRUE
13413,Taladro 13413,2915,Bosch,
13414,Taladro 13414,7048,Truper,FALSE
13415,Martillo 13415,596,Truper,
13416,Cerradura 13416,1268,Bosch,NO
13417,Sierra 13417,9178,Pretul,0
13418,Brocha 13418,3379,Makita,FALSE
13419,Clavos 13419,3829,,
13420,Sierra 13420,7145,EPAHome,TRUE
13421,Tornillo 13421,1471,,
13422,Reflector 13422,2948,Makita,TRUE
13423,Pintura 13423,993,Bosch,1
13424,Pulidora 13424,3931,EPAHome,TRUE
13425,Pulidora 13425,10482,Stanley,TRUE
13426,Reflector 13426,2088,Total,FALSE
13427,Pintura 13427,1663,Stanley,TRUE
13428,Martillo 13428,5640,Makita,
13429,Sierra 13429,7818,Truper,FALSE
13430,Clavos 13430,2806,Stanley,1
13431,,7373,Stanley,TRUE
13432,Tornillo 13432,9760,Truper,FALSE
13433,Brocha 13433,4956,Stanley,1
13434,Pulidora 13434,7946,Truper,TRUE
13435,Pulidora 13435,7952,Pretul,0
13436,Martillo 13436,9273,,NO
13437,Sierra 13437,3285,Pretul,1
13438,Clavos 13438,2157,EPAHome,FALSE
13439,Clavos 13439,6797,Makita,NO
13440,Brocha 13440,4717,Bosch,NO
13441,Brocha 13441,1760,Pretul,
13442,Cerradura 13442,133,Total,1
13443,Martillo 13443,5672,,FALSE
13444,Clavos 13444,3659,Stanley,TRUE
13445,Tornillo 13445,3627,Truper,
13446,Martillo 13446,9646,EPAHome,1
13447,Taladro 13447,6520,Makita,FALSE
13448,Clavos 13448,2691,Makita,FALSE
13449,Pintura 13449,7676,Stanley,1
13450,Brocha 13450,7663,EPAHome,NO
13451,Taladro 13451,9042,,FALSE
13452,Martillo 13452,10794,Truper,SI
13453,Pulidora 13453,6641,Pretul,TRUE
13454,Cerradura 13454,3038,Stanley,1
13455,Cerradura 13455,10037,Pretul,1
13456,Sierra 13456,1063,EPAHome,FALSE
13457,Reflector 13457,4029,Bosch,FALSE
13458,Clavos 13458,7429,Truper,TRUE
13459,Martillo 13459,1631,Stanley,
13460,Pintura 13460,7338,,FALSE
13461,Clavos 13461,7231,Makita,
13462,Clavos 13462,4338,Stanley,FALSE
13463,Cerradura 13463,87,Total,SI
13464,,9944,,SI
13465,Reflector 13465,474,Truper,TRUE
13466,Clavos 13466,590,Truper,
13467,Reflector 13467,4647,Pretul,SI
13468,Martillo 13468,10664,Stanley,1
13469,Cerradura 13469,6057,Total,NO
13470,Pintura 13470,6846,,SI
13471,Cerradura 13471,6382,Makita,1
13472,Clavos 13472,8737,Pretul,FALSE
13473,Brocha 13473,731,Total,
13474,Brocha 13474,9145,Pretul,SI
P13475,Brocha 13475,4451,,SI
13476,Martillo 13476,9062,Pretul,1
13477,Cerradura 13477,2764,Bosch,TRUE
13478,Clavos 13478,1975,Truper,1
13479,Tornillo 13479,536,Bosch,
13480,Reflector 13480,3277,Bosch,0
13481,Brocha 13481,22,Makita,FALSE
13482,Tornillo 13482,5869,Truper,1
13483,Taladro 13483,7347,Truper,NO
13484,Reflector 13484,6120,Truper,FALSE
13485,Tornillo 13485,3304,EPAHome,0
13486,Martillo 13486,10407,Bosch,1
13487,Reflector 13487,7397,Bosch,FALSE
13488,Clavos 13488,4922,Pretul,1
13489,Clavos 13489,985,Total,NO
13490,Pulidora 13490,8252,,NO
13491,Reflector 13491,9496,Bosch,0
13492,Reflector 13492,388,,1
13493,Pulidora 13493,3117,EPAHome,FALSE
13494,Cerradura 13494,10384,EPAHome,NO
13495,Martillo 13495,527,Total,NO
13496,Martillo 13496,6132,EPAHome,FALSE
13497,,7161,Truper,SI
13498,Cerradura 13498,9767,Bosch,NO
13499,Taladro 13499,2346,Bosch,TRUE
13500,Tornillo 13500,2782,Stanley,TRUE
13500,Tornillo 13500,2782,Stanley,TRUE
13501,Brocha 13501,1696,,
13502,Pulidora 13502,2871,EPAHome,1
13503,Cerradura 13503,8991,EPAHome,
13504,Reflector 13504,5012,Bosch,1
13505,Clavos 13505,5941,Stanley,1
13506,Sierra 13506,5180,Bosch,TRUE
13507,Reflector 13507,6075,Stanley,NO
13508,Clavos 13508,8031,Stanley,1
13509,Martillo 13509,10714,Stanley,TRUE
13510,Tornillo 13510,4674,,NO
13511,Tornillo 13511,109,Total,0
13512,Clavos 13512,8495,Pretul,0
13513,Brocha 13513,10824,Makita,
13514,Tornillo 13514,8508,Stanley,FALSE
13515,Brocha 13515,5168,Makita,1
13516,Taladro 13516,9409,Makita,1
13517,Pintura 13517,6988,,NO
13518,Pintura 13518,7748,,FALSE
13519,Brocha 13519,7610,,
13520,Martillo 13520,4984,EPAHome,FALSE
13521,Pintura 13521,10027,,FALSE
13522,Taladro 13522,6126,Total,SI
13523,Cerradura 13523,10195,Stanley,0
13524,Cerradura 13524,6644,EPAHome,0
13525,Sierra 13525,1504,EPAHome,FALSE
13526,Martillo 13526,6925,Total,
13527,Brocha 13527,3819,Bosch,NO
13528,Tornillo 13528,3083,Pretul,0
13529,Martillo 13529,9377,Total,SI
13530,,ABC,,FALSE
13531,Reflector 13531,3367,,TRUE
13532,Pintura 13532,331,Total,
13533,Cerradura 13533,1810,Bosch,SI
13534,Sierra 13534,8660,Truper,TRUE
13535,Pintura 13535,687,Truper,1
13536,Tornillo 13536,6090,EPAHome,0
13537,Pulidora 13537,7837,Truper,FALSE
13538,Pulidora 13538,10534,Stanley,TRUE
13539,Reflector 13539,9259,EPAHome,0
13540,Brocha 13540,3444,Truper,TRUE
13541,Pulidora 13541,5596,EPAHome,
13542,Cerradura 13542,1657,,SI
13543,Brocha 13543,2391,EPAHome,FALSE
13544,Reflector 13544,10116,,SI
13545,Martillo 13545,8932,Makita,0
13546,Taladro 13546,9739,Bosch,1
13547,Cerradura 13547,9104,Pretul,NO
13548,Brocha 13548,2399,Stanley,SI
13549,Taladro 13549,2074,Pretul,1
13550,Martillo 13550,7935,Stanley,SI
13551,Sierra 13551,1632,EPAHome,SI
P13552,Sierra 13552,10315,Bosch,FALSE
13553,Martillo 13553,1508,Truper,FALSE
13554,Sierra 13554,2091,Bosch,1
13555,Pulidora 13555,1699,Makita,0
13556,Tornillo 13556,1593,Total,0
13557,Tornillo 13557,9565,Truper,TRUE
13558,Pulidora 13558,2750,Truper,TRUE
13559,Clavos 13559,85,Bosch,FALSE
13560,Brocha 13560,3754,EPAHome,NO
13561,Brocha 13561,7887,Makita,SI
13562,Clavos 13562,2674,EPAHome,SI
13563,,9108,EPAHome,0
13564,Sierra 13564,10640,Total,
13565,Tornillo 13565,9063,Bosch,0
13566,Pulidora 13566,3468,Stanley,NO
13567,Brocha 13567,8180,Makita,1
13568,Pulidora 13568,738,Pretul,0
13569,Brocha 13569,10199,Pretul,SI
13570,Reflector 13570,2272,Pretul,FALSE
13571,Cerradura 13571,3190,EPAHome,0
13572,Reflector 13572,1198,,0
13573,Reflector 13573,9633,EPAHome,0
13574,Pintura 13574,7678,EPAHome,SI
13575,Martillo 13575,5479,Total,NO
13576,Reflector 13576,2186,,
13577,Reflector 13577,9263,Bosch,
13578,Tornillo 13578,10493,Truper,TRUE
13579,Tornillo 13579,2912,Makita,NO
13580,Pulidora 13580,2932,Stanley,0
13581,Pulidora 13581,6239,Pretul,TRUE
13582,Brocha 13582,1931,Truper,TRUE
13583,Clavos 13583,8725,EPAHome,FALSE
13584,Pulidora 13584,10398,Makita,TRUE
13585,Clavos 13585,6509,Pretul,TRUE
13586,Pintura 13586,56,Total,FALSE
13587,Pulidora 13587,8486,Total,FALSE
13588,Taladro 13588,6912,Pretul,SI
13589,Pulidora 13589,7613,,FALSE
13590,Pulidora 13590,447,Total,NO
13591,Tornillo 13591,5366,Stanley,TRUE
13592,Taladro 13592,8613,Stanley,0
13593,Martillo 13593,2926,Stanley,0
13594,Brocha 13594,926,,SI
13595,Brocha 13595,5563,Bosch,NO
13596,,3466,Bosch,0
13597,Pintura 13597,9438,Makita,NO
13598,Cerradura 13598,5162,Makita,1
13599,Brocha 13599,1722,,SI
13600,Cerradura 13600,7231,Stanley,1
13601,Reflector 13601,6676,,FALSE
13602,Brocha 13602,5720,Stanley,NO
13603,Sierra 13603,656,Stanley,SI
13604,Sierra 13604,5944,Makita,SI
13605,Martillo 13605,3577,Pretul,1
13606,Taladro 13606,6417,EPAHome,
13607,Cerradura 13607,8426,EPAHome,FALSE
13608,Martillo 13608,6668,Total,0
13609,Martillo 13609,625,Truper,
13610,Clavos 13610,5998,Pretul,TRUE
13611,Tornillo 13611,10642,Stanley,1
13612,Clavos 13612,798,Stanley,TRUE
13613,Brocha 13613,4708,Pretul,FALSE
13614,Cerradura 13614,833,,NO
13615,Pulidora 13615,10525,Makita,TRUE
13616,Pulidora 13616,4515,Makita,
13617,Clavos 13617,9475,Total,TRUE
13618,Brocha 13618,6701,Stanley,
13619,Pintura 13619,5907,Bosch,1
13620,Pintura 13620,6591,Total,FALSE
13621,Clavos 13621,484,Total,FALSE
13622,Sierra 13622,1770,Pretul,NO
13623,Tornillo 13623,4651,Bosch,
13624,Pintura 13624,6945,Bosch,
13625,Sierra 13625,6310,,SI
13626,Brocha 13626,1735,Bosch,FALSE
13627,Clavos 13627,8660,,1
13628,Cerradura 13628,6807,Makita,0
P13629,,5881,Stanley,0
13630,Pulidora 13630,7676,,1
13631,Taladro 13631,5961,Stanley,0
13632,Cerradura 13632,139,,FALSE
13633,Taladro 13633,3958,,TRUE
13634,Sierra 13634,10741,Truper,0
13635,Brocha 13635,7223,Bosch,1
13636,Cerradura 13636,879,EPAHome,FALSE
13637,Brocha 13637,8135,Bosch,SI
13638,Brocha 13638,4106,Makita,1
13639,Cerradura 13639,3526,EPAHome,
13640,Taladro 13640,5640,Pretul,FALSE
13641,Martillo 13641,186,,0
13642,Pintura 13642,10087,,1
13643,Brocha 13643,8816,Bosch,TRUE
13644,Reflector 13644,5382,Stanley,TRUE
13645,Martillo 13645,7780,Stanley,0
13646,Clavos 13646,3756,Truper,FALSE
13647,Cerradura 13647,2622,,NO
13648,Reflector 13648,6418,EPAHome,1
13649,Taladro 13649,4231,Bosch,SI
13650,Reflector 13650,2242,Bosch,
13651,Pulidora 13651,1610,EPAHome,
13652,Pulidora 13652,101,Bosch,TRUE
13653,Tornillo 13653,8064,Bosch,FALSE
13654,Reflector 13654,5262,EPAHome,0
13655,Clavos 13655,8888,,FALSE
13656,Reflector 13656,288,Stanley,FALSE
13657,Martillo 13657,5399,,1
13658,Martillo 13658,9068,Makita,
13659,Reflector 13659,10677,Stanley,1
13660,Taladro 13660,7336,,0
13661,Reflector 13661,2865,Pretul,NO
13662,,5974,Pretul,FALSE
13663,Martillo 13663,6426,EPAHome,0
13664,Tornillo 13664,2836,Total,1
13665,Cerradura 13665,4025,EPAHome,TRUE
13666,Reflector 13666,7035,Truper,NO
13667,Tornillo 13667,4476,Pretul,NO
13668,Sierra 13668,7364,Pretul,TRUE
13669,Tornillo 13669,6623,Bosch,FALSE
13670,Reflector 13670,10676,Stanley,
13671,Tornillo 13671,8243,Bosch,NO
13672,Martillo 13672,291,Makita,NO
13673,Pintura 13673,6989,Truper,0
13674,Taladro 13674,9639,Bosch,1
13675,Cerradura 13675,618,,FALSE
13676,Reflector 13676,6995,Makita,1
13677,Taladro 13677,2456,EPAHome,1
13678,Tornillo 13678,10318,Bosch,NO
13679,Pulidora 13679,8618,Bosch,NO
13680,Reflector 13680,7240,Makita,FALSE
13681,Clavos 13681,3412,Stanley,NO
13682,Taladro 13682,9676,Stanley,FALSE
13683,Cerradura 13683,4919,Total,TRUE
13684,Cerradura 13684,5835,,FALSE
13685,Martillo 13685,5038,Pretul,
13686,Sierra 13686,4334,Pretul,FALSE
13687,Clavos 13687,8037,EPAHome,FALSE
13688,Taladro 13688,1971,Stanley,0
13689,Clavos 13689,7705,EPAHome,
13690,Taladro 13690,1504,EPAHome,TRUE
13691,Tornillo 13691,3978,Truper,TRUE
13692,Tornillo 13692,10070,EPAHome,NO
13693,Clavos 13693,1599,Truper,SI
13694,Reflector 13694,1066,Stanley,FALSE
13695,,8334,Bosch,NO
13696,Reflector 13696,1189,Bosch,
13697,Sierra 13697,10777,Truper,1
13698,Brocha 13698,5461,Truper,SI
13699,Clavos 13699,430,,FALSE
13700,Sierra 13700,2417,Truper,TRUE
13701,Sierra 13701,2325,,
13702,Martillo 13702,2126,Pretul,TRUE
13703,Sierra 13703,1624,Bosch,
13704,Brocha 13704,2491,Truper,1
13705,Brocha 13705,10007,Bosch,
P13706,Martillo 13706,5074,Makita,NO
13707,Reflector 13707,10830,EPAHome,SI
13708,Sierra 13708,9696,,1
13709,Pulidora 13709,3202,Total,1
13710,Taladro 13710,171,Total,NO
13711,Tornillo 13711,1746,Pretul,
13712,Pulidora 13712,9,Pretul,FALSE
13713,Tornillo 13713,3330,EPAHome,NO
13714,Pulidora 13714,9012,EPAHome,SI
13715,Tornillo 13715,1056,Truper,TRUE
13716,Reflector 13716,6842,Truper,1
13717,Tornillo 13717,4072,Bosch,
13718,Pulidora 13718,9229,,
13719,Sierra 13719,7127,Makita,TRUE
13720,Martillo 13720,2597,,1
13721,Reflector 13721,9220,Stanley,0
13722,Tornillo 13722,6827,Total,NO
13723,Reflector 13723,4164,Stanley,0
13724,Tornillo 13724,5924,Makita,SI
13725,Reflector 13725,8236,Makita,FALSE
13726,Cerradura 13726,10180,,0
13727,Brocha 13727,9242,,FALSE
13728,,1915,Makita,
13729,Tornillo 13729,1220,Total,
13730,Cerradura 13730,2075,Bosch,1
13731,Brocha 13731,7215,Stanley,1
13732,Sierra 13732,7968,Total,NO
13733,Cerradura 13733,1477,Stanley,0
13734,Reflector 13734,8012,EPAHome,FALSE
13735,Brocha 13735,ABC,Stanley,1
13736,Martillo 13736,2779,EPAHome,1
13737,Tornillo 13737,8591,Stanley,
13738,Martillo 13738,2970,,NO
13739,Tornillo 13739,4923,Makita,TRUE
13740,Martillo 13740,4376,Stanley,0
13741,Pulidora 13741,5075,Total,1
13742,Cerradura 13742,385,Bosch,1
13743,Taladro 13743,4136,Makita,SI
13744,Sierra 13744,5686,Pretul,0
13745,Cerradura 13745,2266,Stanley,FALSE
13746,Reflector 13746,803,Total,1
13747,Brocha 13747,6015,Truper,FALSE
13748,Sierra 13748,7972,Bosch,FALSE
13749,Pulidora 13749,6761,Stanley,1
13750,Sierra 13750,9646,Pretul,NO
13751,Clavos 13751,2720,EPAHome,0
13752,Reflector 13752,1009,Bosch,SI
13753,Brocha 13753,3680,Bosch,NO
13754,Cerradura 13754,10612,Total,SI
13755,Reflector 13755,7074,,NO
13756,Tornillo 13756,3740,EPAHome,TRUE
13757,Reflector 13757,6102,,1
13758,Sierra 13758,10768,Makita,1
13759,Clavos 13759,3184,Truper,
13760,Reflector 13760,9291,,0
13761,,3838,Truper,TRUE
13762,Pintura 13762,5732,EPAHome,SI
13763,Pintura 13763,8807,Truper,FALSE
13764,Sierra 13764,2056,Pretul,1
13765,Cerradura 13765,10784,Total,1
13766,Clavos 13766,7578,Pretul,SI
13767,Martillo 13767,2051,Truper,
13768,Pintura 13768,7522,Total,SI
13769,Brocha 13769,5311,Truper,FALSE
13770,Martillo 13770,8336,Total,NO
13771,Cerradura 13771,3831,,
13772,Tornillo 13772,4913,Total,TRUE
13773,Sierra 13773,4545,Bosch,FALSE
13774,Sierra 13774,10612,,0
13775,Pintura 13775,7899,Pretul,SI
13776,Martillo 13776,5432,Pretul,NO
13777,Pintura 13777,4371,Total,
13778,Reflector 13778,99,EPAHome,TRUE
13779,Taladro 13779,9054,,FALSE
13780,Cerradura 13780,3199,,
13781,Pintura 13781,2808,Pretul,NO
13782,Martillo 13782,724,Pretul,
P13783,Clavos 13783,9683,Stanley,SI
13784,Brocha 13784,757,Bosch,1
13785,Pintura 13785,9977,Stanley,TRUE
13786,Pulidora 13786,1645,Truper,NO
13787,Pintura 13787,9099,Total,SI
13788,Martillo 13788,1895,,SI
13789,Brocha 13789,6578,Total,0
13790,Sierra 13790,2317,EPAHome,
13791,Brocha 13791,3579,Stanley,SI
13792,Martillo 13792,9394,Pretul,
13793,Pintura 13793,7742,EPAHome,0
13794,,10070,,1
13795,Pintura 13795,9710,Bosch,0
13796,Pintura 13796,459,,
13797,Cerradura 13797,9900,Total,NO
13798,Pulidora 13798,1592,Makita,
13799,Taladro 13799,3320,,FALSE
13800,Tornillo 13800,3060,,
13801,Martillo 13801,7681,Pretul,SI
13802,Pintura 13802,5125,Total,NO
13803,Martillo 13803,5909,EPAHome,SI
13804,Clavos 13804,709,Stanley,0
13805,Pulidora 13805,8595,,1
13806,Cerradura 13806,1930,Bosch,0
13807,Sierra 13807,5793,Total,SI
13808,Taladro 13808,7822,,
13809,Pulidora 13809,7774,Total,FALSE
13810,Martillo 13810,1228,Bosch,0
13811,Clavos 13811,1394,Pretul,
13812,Taladro 13812,337,Total,NO
13813,Cerradura 13813,5537,Truper,NO
13814,Taladro 13814,4711,Makita,
13815,Tornillo 13815,5982,Truper,
13816,Reflector 13816,3724,Makita,NO
13817,Clavos 13817,3207,Truper,TRUE
13818,Sierra 13818,1903,,0
13819,Tornillo 13819,5754,Pretul,FALSE
13820,Pulidora 13820,6424,Makita,TRUE
13821,Cerradura 13821,6058,Makita,FALSE
13822,Taladro 13822,1012,Bosch,TRUE
13823,Pulidora 13823,123,Total,
13824,Brocha 13824,3620,Bosch,0
13825,Martillo 13825,1808,Makita,TRUE
13826,Taladro 13826,4692,Pretul,NO
13827,,3189,Bosch,SI
13828,Martillo 13828,9444,Pretul,0
13829,Reflector 13829,1414,Truper,NO
13830,Clavos 13830,8016,Stanley,1
13831,Clavos 13831,4199,Pretul,NO
13832,Tornillo 13832,5710,Stanley,NO
13833,Clavos 13833,8966,Pretul,
13834,Taladro 13834,6034,EPAHome,FALSE
13835,Pulidora 13835,5592,Total,FALSE
13836,Taladro 13836,10716,Truper,FALSE
13837,Cerradura 13837,8864,Makita,NO
13838,Tornillo 13838,5589,Stanley,TRUE
13839,Clavos 13839,2443,Pretul,1
13840,Pulidora 13840,10294,Truper,TRUE
13841,Tornillo 13841,1032,Makita,0
13842,Martillo 13842,5792,Total,NO
13843,Pulidora 13843,3399,Pretul,
13844,Brocha 13844,6387,EPAHome,1
13845,Tornillo 13845,4504,,FALSE
13846,Cerradura 13846,10698,,TRUE
13847,Martillo 13847,4952,Pretul,0
13848,Taladro 13848,137,,0
13849,Pulidora 13849,9023,Makita,NO
13850,Cerradura 13850,1821,Stanley,0
13851,Pulidora 13851,9305,Total,
13852,Taladro 13852,4123,,TRUE
13853,Cerradura 13853,8638,Stanley,
13854,Taladro 13854,455,Total,1
13855,Sierra 13855,2141,Truper,SI
13856,Reflector 13856,1969,,FALSE
13857,Clavos 13857,3265,,1
13858,Brocha 13858,6029,EPAHome,NO
13859,Martillo 13859,371,Bosch,TRUE
P13860,,6150,Stanley,TRUE
13861,Taladro 13861,7664,Total,NO
13862,Taladro 13862,10065,Pretul,1
13863,Pintura 13863,1174,,0
13864,Pulidora 13864,802,EPAHome,NO
13865,Clavos 13865,2550,Stanley,FALSE
13866,Clavos 13866,15,Truper,1
13867,Cerradura 13867,2558,Bosch,SI
13868,Martillo 13868,1359,Stanley,TRUE
13869,Tornillo 13869,2431,Pretul,SI
13870,Pulidora 13870,5366,,NO
13871,Clavos 13871,2671,,TRUE
13872,Martillo 13872,2604,Total,NO
13873,Taladro 13873,2173,Makita,SI
13874,Pintura 13874,9441,EPAHome,FALSE
13875,Reflector 13875,3551,,NO
13876,Pintura 13876,4742,Total,SI
13877,Reflector 13877,2308,Bosch,1
13878,Clavos 13878,2910,Makita,SI
13879,Cerradura 13879,8063,Stanley,TRUE
13880,Tornillo 13880,10479,Truper,0
13881,Taladro 13881,3180,Total,SI
13882,Cerradura 13882,3989,EPAHome,0
13883,Tornillo 13883,1451,Makita,
13884,Cerradura 13884,3776,EPAHome,1
13885,Cerradura 13885,5959,Truper,
13886,Sierra 13886,7339,Makita,TRUE
13887,Brocha 13887,5382,,TRUE
13888,Clavos 13888,2612,Makita,FALSE
13889,Martillo 13889,1941,Bosch,0
13890,Martillo 13890,5798,Truper,NO
13891,Sierra 13891,1495,Stanley,1
13892,Cerradura 13892,974,Makita,
13893,,10527,,1
13894,Cerradura 13894,6826,,1
13895,Cerradura 13895,8718,Total,TRUE
13896,Reflector 13896,2518,Bosch,1
13897,Sierra 13897,5615,Total,SI
13898,Cerradura 13898,9061,Total,NO
13899,Martillo 13899,10645,Stanley,1
13900,Martillo 13900,4800,EPAHome,
13901,Martillo 13901,9211,Truper,1
13902,Brocha 13902,565,Pretul,1
13903,Reflector 13903,9037,Total,FALSE
13904,Taladro 13904,9131,,0
13905,Taladro 13905,4983,Truper,TRUE
13906,Martillo 13906,36,Stanley,1
13907,Tornillo 13907,677,Truper,0
13908,Clavos 13908,10696,Makita,FALSE
13909,Pintura 13909,1386,Bosch,NO
13910,Reflector 13910,7619,Truper,SI
13911,Brocha 13911,4610,,NO
13912,Pulidora 13912,1195,EPAHome,SI
13913,Clavos 13913,10097,Truper,SI
13914,Pintura 13914,2769,Bosch,TRUE
13915,Martillo 13915,9733,Makita,0
13916,Reflector 13916,2097,EPAHome,
13917,Cerradura 13917,7998,Stanley,
13918,Reflector 13918,3456,,FALSE
13919,Clavos 13919,1903,Makita,TRUE
13920,Clavos 13920,4598,Total,NO
13921,Cerradura 13921,3791,Pretul,SI
13922,Pintura 13922,211,Bosch,TRUE
13923,Pulidora 13923,3187,Makita,TRUE
13924,Taladro 13924,7181,Truper,0
13925,Tornillo 13925,5444,Makita,FALSE
13926,,5463,Makita,FALSE
13927,Brocha 13927,2303,Truper,TRUE
13928,Brocha 13928,4116,Pretul,
13929,Pulidora 13929,8090,Makita,SI
13930,Taladro 13930,738,Pretul,FALSE
13931,Clavos 13931,6843,Total,1
13932,Martillo 13932,10136,EPAHome,0
13933,Pintura 13933,10464,Truper,0
13934,Pulidora 13934,8810,Truper,FALSE
13935,Sierra 13935,10707,Truper,TRUE
13936,Sierra 13936,7294,,1
P13937,Cerradura 13937,6733,Stanley,TRUE
13938,Pintura 13938,5659,Stanley,
13939,Pulidora 13939,3307,Pretul,0
13940,Taladro 13940,ABC,Bosch,
13941,Cerradura 13941,1201,Stanley,0
13942,Brocha 13942,4998,Stanley,FALSE
13943,Cerradura 13943,5467,Total,1
13944,Clavos 13944,8732,Bosch,NO
13945,Martillo 13945,109,Bosch,FALSE
13946,Martillo 13946,190,,FALSE
13947,Brocha 13947,3696,,0
13948,Pintura 13948,4311,Truper,TRUE
13949,Tornillo 13949,8119,Pretul,0
13950,Clavos 13950,8475,Bosch,0
13951,Cerradura 13951,1537,Total,SI
13952,Pulidora 13952,9619,Makita,
13953,Taladro 13953,3919,,TRUE
13954,Reflector 13954,5054,EPAHome,FALSE
13955,Brocha 13955,9779,Truper,0
13956,Pulidora 13956,2634,EPAHome,TRUE
13957,Brocha 13957,10208,Truper,NO
13958,Clavos 13958,5204,Pretul,1
13959,,10016,Bosch,0
13960,Reflector 13960,7759,Stanley,
13961,Taladro 13961,10208,Pretul,TRUE
13962,Pulidora 13962,3223,Total,NO
13963,Pulidora 13963,8495,EPAHome,0
13964,Tornillo 13964,1707,EPAHome,1
13965,Clavos 13965,9876,,NO
13966,Reflector 13966,9165,Total,SI
13967,Reflector 13967,7898,Total,SI
13968,Sierra 13968,6500,Stanley,NO
13969,Clavos 13969,133,Stanley,FALSE
13970,Sierra 13970,5189,Pretul,0
13971,Clavos 13971,3691,Stanley,
13972,Pintura 13972,9838,Bosch,NO
13973,Reflector 13973,4015,,TRUE
13974,Pintura 13974,9428,Total,TRUE
13975,Brocha 13975,3544,Bosch,TRUE
13976,Pulidora 13976,5454,Makita,0
13977,Sierra 13977,5940,EPAHome,1
13978,Sierra 13978,1699,Makita,NO
13979,Pintura 13979,472,Total,FALSE
13980,Brocha 13980,4167,,TRUE
13981,Brocha 13981,3926,Stanley,1
13982,Pulidora 13982,461,Bosch,
13983,Martillo 13983,2604,Total,1
13984,Reflector 13984,2200,Bosch,SI
13985,Tornillo 13985,8482,Bosch,TRUE
13986,Pintura 13986,6445,EPAHome,1
13987,Pulidora 13987,9185,Makita,FALSE
13988,Reflector 13988,4051,Stanley,TRUE
13989,Tornillo 13989,9987,Pretul,TRUE
13990,Reflector 13990,2604,,NO
13991,Martillo 13991,1625,Makita,FALSE
13992,,7595,EPAHome,SI
13993,Cerradura 13993,10112,,1
13994,Brocha 13994,357,Truper,0
13995,Pulidora 13995,4878,Pretul,0
13996,Reflector 13996,193,Total,TRUE
13997,Martillo 13997,446,EPAHome,NO
13998,Tornillo 13998,9123,Pretul,
13999,Tornillo 13999,1113,,
14000,Martillo 14000,2028,Makita,SI
14000,Martillo 14000,2028,Makita,SI
14001,Cerradura 14001,4781,,NO
14002,Pintura 14002,5645,Stanley,0
14003,Clavos 14003,1337,,FALSE
14004,Brocha 14004,5092,Pretul,0
14005,Taladro 14005,5902,,TRUE
14006,Cerradura 14006,2407,Total,
14007,Pintura 14007,10306,EPAHome,SI
14008,Pintura 14008,5136,Total,SI
14009,Reflector 14009,17,Total,0
14010,Taladro 14010,2997,Total,1
14011,Pulidora 14011,8987,Bosch,NO
14012,Clavos 14012,5318,,1
14013,Cerradura 14013,9804,Truper,FALSE
P14014,Cerradura 14014,1041,Pretul,SI
14015,Pintura 14015,6109,Total,1
14016,Martillo 14016,2875,Makita,
14017,Reflector 14017,6051,,FALSE
14018,Tornillo 14018,2390,Makita,FALSE
14019,Pulidora 14019,2607,Bosch,FALSE
14020,Reflector 14020,9702,Bosch,FALSE
14021,Pulidora 14021,3693,Truper,1
14022,Sierra 14022,9445,Pretul,
14023,Cerradura 14023,7200,Pretul,0
14024,Tornillo 14024,5939,Bosch,NO
14025,,7681,Pretul,NO
14026,Brocha 14026,9608,,NO
14027,Martillo 14027,9807,,FALSE
14028,Tornillo 14028,2614,Bosch,SI
14029,Pulidora 14029,1391,Makita,FALSE
14030,Cerradura 14030,2093,Makita,FALSE
14031,Pulidora 14031,642,Total,NO
14032,Tornillo 14032,5258,Bosch,
14033,Tornillo 14033,1973,Makita,0
14034,Sierra 14034,5666,Stanley,1
14035,Tornillo 14035,4343,EPAHome,NO
14036,Brocha 14036,5927,Stanley,1
14037,Pintura 14037,7304,EPAHome,FALSE
14038,Cerradura 14038,10728,Truper,TRUE
14039,Brocha 14039,3694,Stanley,NO
14040,Sierra 14040,5359,Stanley,0
14041,Pintura 14041,316,Stanley,0
14042,Pintura 14042,2148,Makita,0
14043,Reflector 14043,4202,Makita,
14044,Taladro 14044,3305,EPAHome,
14045,Martillo 14045,5856,Pretul,FALSE
14046,Cerradura 14046,74,Pretul,0
14047,Tornillo 14047,7093,,
14048,Reflector 14048,9494,Stanley,0
14049,Pulidora 14049,4504,Pretul,0
14050,Tornillo 14050,1143,Total,SI
14051,Tornillo 14051,4467,EPAHome,TRUE
14052,Taladro 14052,4371,Bosch,
14053,Cerradura 14053,153,,FALSE
14054,Cerradura 14054,6752,Truper,NO
14055,Reflector 14055,119,Pretul,TRUE
14056,Taladro 14056,7064,Bosch,0
14057,Taladro 14057,229,Pretul,1
14058,,9044,Truper,0
14059,Reflector 14059,6100,Stanley,TRUE
14060,Sierra 14060,5360,,FALSE
14061,Pulidora 14061,5872,Total,
14062,Taladro 14062,1029,Total,0
14063,Pulidora 14063,2800,EPAHome,0
14064,Clavos 14064,7332,Pretul,SI
14065,Pulidora 14065,9019,Truper,FALSE
14066,Martillo 14066,3452,Makita,TRUE
14067,Tornillo 14067,5226,,SI
14068,Reflector 14068,3899,Stanley,TRUE
14069,Clavos 14069,4586,Stanley,1
14070,Taladro 14070,7645,Pretul,FALSE
14071,Tornillo 14071,2093,Pretul,1
14072,Reflector 14072,2259,Stanley,SI
14073,Reflector 14073,2595,EPAHome,TRUE
14074,Tornillo 14074,7331,,1
14075,Pintura 14075,549,Truper,NO
14076,Pulidora 14076,4303,Total,NO
14077,Taladro 14077,6890,EPAHome,1
14078,Pintura 14078,10463,,
14079,Martillo 14079,7149,Total,0
14080,Sierra 14080,5381,Truper,1
14081,Clavos 14081,4966,Truper,TRUE
14082,Tornillo 14082,4907,EPAHome,NO
14083,Taladro 14083,6877,Total,NO
14084,Pulidora 14084,6213,Stanley,SI
14085,Sierra 14085,2050,Makita,FALSE
14086,Taladro 14086,4958,Total,TRUE
14087,Taladro 14087,7758,Truper,
14088,Sierra 14088,1852,Bosch,NO
14089,Sierra 14089,7344,Truper,NO
14090,Taladro 14090,7510,EPAHome,FALSE
P14091,,6453,Truper,NO
14092,Cerradura 14092,8493,EPAHome,
14093,Clavos 14093,8540,Pretul,SI
14094,Pintura 14094,1124,Total,FALSE
14095,Sierra 14095,627,EPAHome,
14096,Tornillo 14096,6366,EPAHome,
14097,Brocha 14097,3154,Makita,NO
14098,Clavos 14098,525,EPAHome,
14099,Martillo 14099,7919,Total,SI
14100,Martillo 14100,7066,,FALSE
14101,Cerradura 14101,3225,,
14102,Cerradura 14102,2329,Makita,FALSE
14103,Taladro 14103,9741,Pretul,1
14104,Reflector 14104,3616,Stanley,1
14105,Cerradura 14105,4053,,FALSE
14106,Martillo 14106,8790,EPAHome,
14107,Clavos 14107,1229,Makita,
14108,Martillo 14108,2046,Truper,NO
14109,Sierra 14109,10826,Truper,
14110,Taladro 14110,9984,,SI
14111,Clavos 14111,4213,Stanley,
14112,Taladro 14112,6500,Truper,TRUE
14113,Pintura 14113,2394,,1
14114,Reflector 14114,2516,Pretul,TRUE
14115,Brocha 14115,3087,,TRUE
14116,Cerradura 14116,6420,Stanley,TRUE
14117,Reflector 14117,1512,Bosch,0
14118,Pulidora 14118,163,Total,NO
14119,Taladro 14119,6525,Pretul,TRUE
14120,Reflector 14120,197,Pretul,NO
14121,Pulidora 14121,9393,Makita,NO
14122,Pulidora 14122,3089,Bosch,NO
14123,Pintura 14123,2478,Bosch,1
14124,,9707,Total,1
14125,Cerradura 14125,6031,Bosch,0
14126,Pulidora 14126,6131,Bosch,
14127,Reflector 14127,5610,Makita,0
14128,Tornillo 14128,1939,Makita,SI
14129,Pulidora 14129,5330,Total,0
14130,Pintura 14130,3960,Total,1
14131,Cerradura 14131,5158,Makita,FALSE
14132,Cerradura 14132,6307,Makita,1
14133,Clavos 14133,4991,EPAHome,TRUE
14134,Tornillo 14134,6922,EPAHome,TRUE
14135,Sierra 14135,7223,EPAHome,NO
14136,Reflector 14136,2764,Total,SI
14137,Reflector 14137,2562,EPAHome,1
14138,Taladro 14138,4226,Stanley,0
14139,Martillo 14139,4660,Makita,FALSE
14140,Sierra 14140,2414,Makita,0
14141,Cerradura 14141,1328,EPAHome,TRUE
14142,Reflector 14142,1056,Makita,0
14143,Brocha 14143,7174,Makita,NO
14144,Taladro 14144,2878,Truper,TRUE
14145,Pulidora 14145,ABC,,
14146,Pulidora 14146,4613,Stanley,1
14147,Martillo 14147,2952,Stanley,TRUE
14148,Cerradura 14148,9746,,SI
14149,Clavos 14149,6224,Truper,SI
14150,Martillo 14150,5962,Stanley,
14151,Tornillo 14151,6867,Stanley,NO
14152,Martillo 14152,4609,Stanley,
14153,Cerradura 14153,6500,Stanley,FALSE
14154,Sierra 14154,8273,Pretul,SI
14155,Cerradura 14155,6435,,SI
14156,Cerradura 14156,6381,Pretul,FALSE
14157,,8641,Bosch,0
14158,Cerradura 14158,9532,Truper,0
14159,Pintura 14159,360,,
14160,Taladro 14160,1446,Stanley,TRUE
14161,Taladro 14161,1953,Truper,SI
14162,Brocha 14162,5013,Makita,1
14163,Taladro 14163,2168,Bosch,
14164,Cerradura 14164,10351,Truper,1
14165,Clavos 14165,9592,Makita,TRUE
14166,Tornillo 14166,3777,Stanley,
14167,Tornillo 14167,1473,Stanley,TRUE
P14168,Taladro 14168,838,Pretul,1
14169,Cerradura 14169,3991,EPAHome,1
14170,Tornillo 14170,8606,Pretul,NO
14171,Pulidora 14171,9017,Stanley,
14172,Tornillo 14172,55,Pretul,SI
14173,Cerradura 14173,4015,Total,FALSE
14174,Taladro 14174,2536,Bosch,NO
14175,Martillo 14175,8226,Pretul,0
14176,Martillo 14176,1008,Truper,1
14177,Pulidora 14177,739,Stanley,SI
14178,Clavos 14178,4446,Stanley,NO
14179,Taladro 14179,147,Stanley,TRUE
14180,Tornillo 14180,7805,,0
14181,Cerradura 14181,2578,Total,0
14182,Pulidora 14182,1473,EPAHome,
14183,Martillo 14183,1638,,
14184,Tornillo 14184,6722,Pretul,TRUE
14185,Brocha 14185,10805,Total,0
14186,Brocha 14186,3111,EPAHome,SI
14187,Reflector 14187,2720,Total,1
14188,Reflector 14188,9636,Bosch,NO
14189,Reflector 14189,5890,Makita,
14190,,9411,EPAHome,TRUE
14191,Martillo 14191,1879,Makita,0
14192,Clavos 14192,1937,Stanley,FALSE
14193,Martillo 14193,2818,EPAHome,SI
14194,Sierra 14194,2624,,
14195,Pulidora 14195,10416,Total,FALSE
14196,Brocha 14196,9232,EPAHome,NO
14197,Pulidora 14197,6260,Truper,TRUE
14198,Brocha 14198,3428,Total,FALSE
14199,Pulidora 14199,2632,EPAHome,1
14200,Sierra 14200,1810,,0
14201,Cerradura 14201,1905,Pretul,TRUE
14202,Brocha 14202,248,Truper,0
14203,Taladro 14203,3580,Total,SI
14204,Martillo 14204,7556,EPAHome,1
14205,Reflector 14205,6837,Makita,SI
14206,Reflector 14206,7330,Bosch,TRUE
14207,Brocha 14207,5499,Bosch,0
14208,Sierra 14208,860,,SI
14209,Cerradura 14209,1755,Makita,0
14210,Clavos 14210,21,,
14211,Cerradura 14211,7875,Makita,
14212,Tornillo 14212,10083,Stanley,FALSE
14213,Pulidora 14213,793,Pretul,1
14214,Martillo 14214,6586,Pretul,FALSE
14215,Cerradura 14215,8155,Bosch,TRUE
14216,Tornillo 14216,2840,Makita,
14217,Pintura 14217,2049,EPAHome,NO
14218,Cerradura 14218,6465,Pretul,FALSE
14219,Martillo 14219,10737,,SI
14220,Sierra 14220,7431,,1
14221,Sierra 14221,7865,Truper,NO
14222,Brocha 14222,9846,Total,NO
14223,,7258,Stanley,
14224,Cerradura 14224,2699,Bosch,NO
14225,Clavos 14225,2496,Stanley,TRUE
14226,Reflector 14226,10250,Pretul,0
14227,Cerradura 14227,316,,NO
14228,Cerradura 14228,3760,Bosch,SI
14229,Pulidora 14229,3696,Stanley,FALSE
14230,Pintura 14230,2251,Pretul,NO
14231,Pulidora 14231,1856,Makita,SI
14232,Sierra 14232,9732,Pretul,1
14233,Reflector 14233,10133,Total,FALSE
14234,Martillo 14234,3276,EPAHome,1
14235,Taladro 14235,2297,Stanley,SI
14236,Reflector 14236,3291,Stanley,NO
14237,Pintura 14237,2320,Truper,TRUE
14238,Martillo 14238,8011,Truper,SI
14239,Pulidora 14239,4028,Truper,1
14240,Reflector 14240,6458,EPAHome,1
14241,Pintura 14241,5570,Pretul,FALSE
14242,Tornillo 14242,6876,Makita,NO
14243,Reflector 14243,7111,Makita,
14244,Martillo 14244,2520,Pretul,0
P14245,Pintura 14245,2975,Total,1
14246,Martillo 14246,237,Total,0
14247,Cerradura 14247,7706,,1
14248,Pintura 14248,1857,Stanley,TRUE
14249,Martillo 14249,4623,Pretul,TRUE
14250,Clavos 14250,10836,EPAHome,1
14251,Martillo 14251,3532,Truper,FALSE
14252,Clavos 14252,9801,,TRUE
14253,Pintura 14253,1860,Total,FALSE
14254,Brocha 14254,4701,Stanley,0
14255,Tornillo 14255,6346,Bosch,TRUE
14256,,2768,Total,TRUE
14257,Pintura 14257,5442,EPAHome,
14258,Brocha 14258,7259,Total,TRUE
14259,Sierra 14259,823,Bosch,1
14260,Tornillo 14260,2905,Stanley,
14261,Taladro 14261,4598,Truper,SI
14262,Tornillo 14262,9220,Total,0
14263,Clavos 14263,6570,Bosch,SI
14264,Pintura 14264,768,Truper,NO
14265,Reflector 14265,298,Truper,FALSE
14266,Reflector 14266,7391,Stanley,TRUE
14267,Sierra 14267,7143,EPAHome,SI
14268,Brocha 14268,8872,Makita,
14269,Tornillo 14269,8823,Bosch,NO
14270,Brocha 14270,1975,Truper,FALSE
14271,Martillo 14271,10320,Truper,TRUE
14272,Pulidora 14272,858,EPAHome,SI
14273,Sierra 14273,6899,,NO
14274,Pulidora 14274,6123,,FALSE
14275,Sierra 14275,5241,EPAHome,NO
14276,Brocha 14276,4491,Stanley,
14277,Reflector 14277,8408,Bosch,SI
14278,Taladro 14278,3085,Makita,TRUE
14279,Reflector 14279,5860,EPAHome,NO
14280,Pulidora 14280,3990,Total,
14281,Taladro 14281,6389,Truper,FALSE
14282,Pintura 14282,4046,Truper,1
14283,Cerradura 14283,1289,Bosch,
14284,Pintura 14284,1914,EPAHome,0
14285,Martillo 14285,6101,Stanley,1
14286,Cerradura 14286,7589,Makita,SI
14287,Sierra 14287,7995,Bosch,FALSE
14288,Pintura 14288,4376,Stanley,
14289,,782,Stanley,TRUE
14290,Sierra 14290,615,EPAHome,FALSE
14291,Sierra 14291,81,Truper,SI
14292,Martillo 14292,4120,EPAHome,TRUE
14293,Cerradura 14293,731,Truper,0
14294,Martillo 14294,8198,Bosch,1
14295,Cerradura 14295,4601,Stanley,0
14296,Tornillo 14296,8944,EPAHome,SI
14297,Reflector 14297,4667,Bosch,NO
14298,Tornillo 14298,2453,Makita,FALSE
14299,Pulidora 14299,7861,Truper,NO
14300,Pulidora 14300,2067,Pretul,1
14301,Pulidora 14301,8057,Bosch,TRUE
14302,Cerradura 14302,1069,Truper,FALSE
14303,Pulidora 14303,1672,Truper,
14304,Pulidora 14304,505,Makita,0
14305,Sierra 14305,5017,EPAHome,NO
14306,Cerradura 14306,2384,Truper,1
14307,Martillo 14307,1268,Pretul,
14308,Clavos 14308,2053,Stanley,
14309,Tornillo 14309,1271,Total,SI
14310,Martillo 14310,3375,Total,TRUE
14311,Cerradura 14311,4501,Truper,NO
14312,Tornillo 14312,2028,Stanley,NO
14313,Taladro 14313,6699,,
14314,Pulidora 14314,7325,Total,1
14315,Cerradura 14315,2822,Pretul,TRUE
14316,Pintura 14316,8859,EPAHome,NO
14317,Brocha 14317,7199,Stanley,TRUE
14318,Tornillo 14318,2371,Pretul,1
14319,Cerradura 14319,9764,Total,TRUE
14320,Cerradura 14320,6860,Pretul,
14321,Reflector 14321,2209,Stanley,
P14322,,2869,Total,FALSE
14323,Taladro 14323,2980,Bosch,1
14324,Tornillo 14324,2393,Makita,1
14325,Pulidora 14325,2991,EPAHome,NO
14326,Pintura 14326,2723,Total,NO
14327,Pintura 14327,360,Total,0
14328,Reflector 14328,642,Bosch,1
14329,Tornillo 14329,4573,,
14330,Tornillo 14330,7023,Total,1
14331,Pintura 14331,2638,EPAHome,0
14332,Taladro 14332,7880,Stanley,TRUE
14333,Brocha 14333,9017,Makita,
14334,Pulidora 14334,7140,,
14335,Brocha 14335,2634,Pretul,FALSE
14336,Pintura 14336,4488,Bosch,
14337,Sierra 14337,7000,Stanley,
14338,Clavos 14338,8285,Stanley,0
14339,Brocha 14339,9562,Truper,1
14340,Martillo 14340,1951,Total,1
14341,Pulidora 14341,2846,,SI
14342,Taladro 14342,846,Makita,
14343,Cerradura 14343,7140,Stanley,TRUE
14344,Brocha 14344,5150,EPAHome,FALSE
14345,Reflector 14345,1201,Truper,SI
14346,Pulidora 14346,7829,,
14347,Martillo 14347,466,EPAHome,1
14348,Sierra 14348,3337,Truper,NO
14349,Martillo 14349,7521,EPAHome,0
14350,Reflector 14350,ABC,Bosch,FALSE
14351,Sierra 14351,7194,Total,1
14352,Sierra 14352,9651,,NO
14353,Brocha 14353,8146,Total,0
14354,Cerradura 14354,5789,Truper,TRUE
14355,,2761,Bosch,FALSE
14356,Pintura 14356,1820,Makita,SI
14357,Sierra 14357,1117,Total,0
14358,Clavos 14358,227,Bosch,1
14359,Tornillo 14359,2819,EPAHome,0
14360,Cerradura 14360,7621,Makita,NO
14361,Martillo 14361,4903,EPAHome,SI
14362,Martillo 14362,6268,Stanley,SI
14363,Cerradura 14363,2675,Makita,1
14364,Pulidora 14364,6408,,
14365,Sierra 14365,6057,,FALSE
14366,Clavos 14366,5153,,FALSE
14367,Pulidora 14367,4537,Stanley,
14368,Cerradura 14368,1432,Stanley,FALSE
14369,Pulidora 14369,9641,Bosch,0
14370,Brocha 14370,10295,Stanley,TRUE
14371,Clavos 14371,9368,Makita,1
14372,Pintura 14372,10661,Total,
14373,Clavos 14373,3960,,1
14374,Clavos 14374,10637,Bosch,0
14375,Cerradura 14375,9948,Pretul,1
14376,Clavos 14376,616,Total,0
14377,Taladro 14377,4096,Stanley,FALSE
14378,Reflector 14378,6210,Pretul,FALSE
14379,Taladro 14379,6,Stanley,FALSE
14380,Reflector 14380,8146,Bosch,NO
14381,Sierra 14381,9596,Makita,TRUE
14382,Martillo 14382,7369,,FALSE
14383,Pintura 14383,2050,EPAHome,SI
14384,Tornillo 14384,4948,Stanley,SI
14385,Taladro 14385,7085,Bosch,TRUE
14386,Brocha 14386,10025,Makita,0
14387,Pintura 14387,4611,,0
14388,,908,Makita,SI
14389,Brocha 14389,2386,Makita,
14390,Sierra 14390,7294,,TRUE
14391,Pulidora 14391,8996,,NO
14392,Reflector 14392,3779,Bosch,
14393,Cerradura 14393,281,Total,FALSE
14394,Sierra 14394,2999,Makita,NO
14395,Clavos 14395,5556,Bosch,TRUE
14396,Cerradura 14396,146,Bosch,TRUE
14397,Clavos 14397,2291,Makita,1
14398,Sierra 14398,2961,Pretul,FALSE
P14399,Martillo 14399,2970,Bosch,FALSE
14400,Brocha 14400,4735,Stanley,TRUE
14401,Tornillo 14401,3797,Stanley,SI
14402,Pintura 14402,5477,Stanley,SI
14403,Tornillo 14403,3550,Bosch,1
14404,Pintura 14404,8706,Truper,FALSE
14405,Tornillo 14405,10787,,NO
14406,Tornillo 14406,8562,Stanley,
14407,Taladro 14407,9255,EPAHome,SI
14408,Clavos 14408,2683,Pretul,NO
14409,Pintura 14409,4876,Truper,NO
14410,Pintura 14410,5634,Makita,TRUE
14411,Cerradura 14411,5755,Stanley,SI
14412,Clavos 14412,9437,Bosch,FALSE
14413,Brocha 14413,4588,Truper,FALSE
14414,Sierra 14414,7228,Pretul,
14415,Taladro 14415,3010,Pretul,TRUE
14416,Reflector 14416,2906,Pretul,FALSE
14417,Pintura 14417,8824,Pretul,FALSE
14418,Taladro 14418,6918,Truper,1
14419,Martillo 14419,3984,Pretul,NO
14420,Reflector 14420,3625,Pretul,1
14421,,4458,,1
14422,Taladro 14422,7985,Pretul,FALSE
14423,Tornillo 14423,1437,,
14424,Tornillo 14424,4505,Pretul,TRUE
14425,Pulidora 14425,8466,Stanley,NO
14426,Cerradura 14426,1037,Stanley,0
14427,Tornillo 14427,3911,,0
14428,Pulidora 14428,9773,,0
14429,Cerradura 14429,7815,Stanley,FALSE
14430,Sierra 14430,1844,Truper,SI
14431,Sierra 14431,5068,Makita,
14432,Sierra 14432,7566,Total,SI
14433,Reflector 14433,3326,Total,1
14434,Pintura 14434,4066,Makita,1
14435,Tornillo 14435,406,Total,TRUE
14436,Reflector 14436,123,Makita,SI
14437,Tornillo 14437,2089,Total,SI
14438,Pulidora 14438,771,Makita,
14439,Brocha 14439,910,Makita,
14440,Sierra 14440,3850,Bosch,SI
14441,Taladro 14441,9142,Pretul,1
14442,Clavos 14442,4344,Pretul,FALSE
14443,Clavos 14443,5650,Stanley,TRUE
14444,Tornillo 14444,3473,Pretul,NO
14445,Sierra 14445,6307,Truper,0
14446,Sierra 14446,5488,Total,
14447,Reflector 14447,9766,Pretul,TRUE
14448,Clavos 14448,5850,Makita,NO
14449,Pintura 14449,5360,Truper,1
14450,Martillo 14450,3025,Total,0
14451,Cerradura 14451,8670,Stanley,SI
14452,Martillo 14452,6633,Pretul,TRUE
14453,Martillo 14453,6660,,NO
14454,,3646,Truper,NO
14455,Sierra 14455,7019,Makita,
14456,Reflector 14456,5715,Stanley,
14457,Sierra 14457,6728,Makita,SI
14458,Tornillo 14458,2757,Total,1
14459,Taladro 14459,1380,EPAHome,TRUE
14460,Sierra 14460,3339,Makita,0
14461,Martillo 14461,2763,,SI
14462,Sierra 14462,6403,,
14463,Taladro 14463,6420,Truper,SI
14464,Reflector 14464,5929,Total,0
14465,Pintura 14465,5846,Makita,1
14466,Brocha 14466,4252,EPAHome,1
14467,Brocha 14467,1448,Bosch,0
14468,Clavos 14468,6907,Stanley,TRUE
14469,Pulidora 14469,10266,EPAHome,FALSE
14470,Sierra 14470,5986,Stanley,NO
14471,Taladro 14471,2002,Bosch,1
14472,Sierra 14472,7302,,0
14473,Clavos 14473,4519,Pretul,NO
14474,Pulidora 14474,7792,Stanley,
14475,Brocha 14475,10431,Makita,TRUE
P14476,Clavos 14476,1213,Makita,FALSE
14477,Martillo 14477,156,Truper,NO
14478,Taladro 14478,7435,Pretul,NO
14479,Clavos 14479,8864,EPAHome,FALSE
14480,Reflector 14480,2316,,
14481,Reflector 14481,1285,Makita,TRUE
14482,Sierra 14482,3627,Total,0
14483,Clavos 14483,6924,Pretul,NO
14484,Sierra 14484,3183,,0
14485,Sierra 14485,6656,Truper,1
14486,Sierra 14486,1837,Total,FALSE
14487,,6396,EPAHome,0
14488,Clavos 14488,10231,Total,NO
14489,Martillo 14489,4208,Truper,
14490,Reflector 14490,7084,,NO
14491,Sierra 14491,4486,Makita,1
14492,Pintura 14492,8599,,FALSE
14493,Brocha 14493,3471,Makita,
14494,Martillo 14494,3900,,
14495,Clavos 14495,9185,Stanley,TRUE
14496,Cerradura 14496,1490,EPAHome,SI
14497,Pulidora 14497,6098,EPAHome,
14498,Reflector 14498,6769,Pretul,TRUE
14499,Cerradura 14499,1779,Stanley,
14500,Tornillo 14500,10249,Bosch,FALSE
14500,Tornillo 14500,10249,Bosch,FALSE
14501,Sierra 14501,9461,Makita,0
14502,Pintura 14502,4793,EPAHome,SI
14503,Pintura 14503,5467,EPAHome,NO
14504,Clavos 14504,6448,Truper,NO
14505,Pintura 14505,7878,Truper,NO
14506,Clavos 14506,10602,Total,SI
14507,Reflector 14507,4038,EPAHome,SI
14508,Cerradura 14508,1534,EPAHome,NO
14509,Clavos 14509,1981,Bosch,NO
14510,Brocha 14510,5788,Makita,0
14511,Reflector 14511,6618,Bosch,1
14512,Pintura 14512,3124,Makita,1
14513,Cerradura 14513,9840,Pretul,SI
14514,Pintura 14514,3719,Bosch,
14515,Brocha 14515,5297,Pretul,SI
14516,Martillo 14516,5337,EPAHome,FALSE
14517,Sierra 14517,1833,,FALSE
14518,Pintura 14518,1013,Stanley,
14519,Cerradura 14519,7459,,0
14520,,7024,Stanley,NO
14521,Pulidora 14521,6012,Total,FALSE
14522,Martillo 14522,4822,Bosch,
14523,Cerradura 14523,1183,Makita,0
14524,Clavos 14524,2118,Truper,0
14525,Martillo 14525,815,Total,
14526,Clavos 14526,3005,Truper,TRUE
14527,Brocha 14527,10383,Bosch,
14528,Cerradura 14528,7564,Pretul,1
14529,Reflector 14529,4882,Makita,NO
14530,Reflector 14530,7237,Truper,1
14531,Clavos 14531,97,Pretul,
14532,Sierra 14532,6860,Pretul,SI
14533,Martillo 14533,4440,Bosch,NO
14534,Clavos 14534,5905,,1
14535,Martillo 14535,6843,Stanley,NO
14536,Cerradura 14536,362,Total,NO
14537,Reflector 14537,4042,Total,FALSE
14538,Clavos 14538,9848,Total,TRUE
14539,Clavos 14539,1113,Truper,NO
14540,Martillo 14540,2973,Stanley,1
14541,Brocha 14541,2112,Total,TRUE
14542,Sierra 14542,5007,EPAHome,SI
14543,Tornillo 14543,10030,Total,1
14544,Pulidora 14544,6739,Makita,0
14545,Brocha 14545,1660,Pretul,1
14546,Martillo 14546,350,Total,0
14547,Tornillo 14547,3472,Makita,1
14548,Pulidora 14548,10796,Total,
14549,Clavos 14549,8847,EPAHome,NO
14550,Clavos 14550,10516,Pretul,1
14551,Tornillo 14551,10117,EPAHome,NO
14552,Reflector 14552,1906,Total,NO
P14553,,8791,EPAHome,SI
14554,Tornillo 14554,544,EPAHome,SI
14555,Reflector 14555,ABC,Bosch,FALSE
14556,Martillo 14556,3298,Bosch,1
14557,Brocha 14557,2427,Truper,0
14558,Taladro 14558,2230,Bosch,SI
14559,Martillo 14559,6727,Total,FALSE
14560,Sierra 14560,9464,Truper,1
14561,Tornillo 14561,742,,SI
14562,Martillo 14562,1097,Makita,NO
14563,Pulidora 14563,6419,EPAHome,TRUE
14564,Brocha 14564,6601,Makita,1
14565,Reflector 14565,28,Truper,FALSE
14566,Taladro 14566,7989,Total,TRUE
14567,Reflector 14567,532,Makita,1
14568,Tornillo 14568,9033,Makita,
14569,Pintura 14569,5573,Total,1
14570,Sierra 14570,2255,,1
14571,Pulidora 14571,7480,Pretul,1
14572,Brocha 14572,5655,Bosch,
14573,Reflector 14573,8276,Bosch,NO
14574,Martillo 14574,7342,Makita,SI
14575,Taladro 14575,8469,Makita,1
14576,Sierra 14576,1906,Bosch,0
14577,Tornillo 14577,5488,Truper,
14578,Brocha 14578,5571,EPAHome,TRUE
14579,Pulidora 14579,4129,Total,SI
14580,Clavos 14580,3376,Bosch,NO
14581,Sierra 14581,10491,Makita,0
14582,Sierra 14582,6882,Makita,NO
14583,Clavos 14583,3821,Makita,FALSE
14584,Clavos 14584,846,Pretul,TRUE
14585,Pulidora 14585,4492,Stanley,1
14586,,7747,Bosch,NO
14587,Taladro 14587,4863,Pretul,
14588,Pintura 14588,2786,Bosch,TRUE
14589,Pulidora 14589,10412,Bosch,SI
14590,Sierra 14590,10479,Truper,1
14591,Taladro 14591,10744,EPAHome,SI
14592,Martillo 14592,3511,Makita,FALSE
14593,Clavos 14593,9419,Makita,NO
14594,Martillo 14594,9959,Pretul,SI
14595,Martillo 14595,10780,,TRUE
14596,Brocha 14596,4872,Stanley,SI
14597,Taladro 14597,3469,EPAHome,
14598,Pintura 14598,9344,Truper,NO
14599,Reflector 14599,4896,Total,FALSE
14600,Martillo 14600,9114,Total,0
14601,Sierra 14601,9031,Makita,SI
14602,Tornillo 14602,221,Stanley,TRUE
14603,Sierra 14603,7135,EPAHome,
14604,Cerradura 14604,136,Makita,
14605,Taladro 14605,8015,Total,FALSE
14606,Tornillo 14606,5170,EPAHome,SI
14607,Tornillo 14607,10699,Bosch,1
14608,Martillo 14608,7011,Pretul,
14609,Cerradura 14609,9781,Pretul,0
14610,Taladro 14610,9787,,TRUE
14611,Cerradura 14611,5212,,1
14612,Brocha 14612,1475,Pretul,TRUE
14613,Brocha 14613,509,Bosch,NO
14614,Pintura 14614,7417,Truper,0
14615,Clavos 14615,4977,Stanley,NO
14616,Pulidora 14616,9280,Truper,FALSE
14617,Clavos 14617,9577,Pretul,SI
14618,Clavos 14618,10567,Total,TRUE
14619,,3344,Truper,FALSE
14620,Tornillo 14620,6166,Pretul,1
14621,Sierra 14621,3511,Makita,0
14622,Martillo 14622,7463,Makita,0
14623,Sierra 14623,8394,,1
14624,Reflector 14624,9799,Total,NO
14625,Tornillo 14625,9562,Pretul,1
14626,Reflector 14626,1976,Total,TRUE
14627,Pulidora 14627,3251,Pretul,TRUE
14628,Martillo 14628,453,Truper,NO
14629,Brocha 14629,9409,Pretul,SI
P14630,Cerradura 14630,7398,Makita,FALSE
14631,Clavos 14631,6645,EPAHome,1
14632,Brocha 14632,3955,Truper,0
14633,Cerradura 14633,1988,Makita,1
14634,Reflector 14634,8010,Total,TRUE
14635,Tornillo 14635,9419,Stanley,
14636,Cerradura 14636,7411,Pretul,
14637,Martillo 14637,3120,Pretul,FALSE
14638,Martillo 14638,3354,Pretul,FALSE
14639,Martillo 14639,3967,Makita,TRUE
14640,Sierra 14640,141,Stanley,TRUE
14641,Cerradura 14641,8846,,SI
14642,Clavos 14642,4482,EPAHome,SI
14643,Reflector 14643,807,Bosch,TRUE
14644,Pintura 14644,6099,Truper,TRUE
14645,Tornillo 14645,10431,Bosch,NO
14646,Clavos 14646,9901,Total,0
14647,Martillo 14647,3021,EPAHome,TRUE
14648,Pintura 14648,1022,EPAHome,NO
14649,Cerradura 14649,2035,Stanley,
14650,Taladro 14650,1102,Stanley,NO
14651,Clavos 14651,6631,Bosch,TRUE
14652,,1072,,NO
14653,Pulidora 14653,3574,,
14654,Brocha 14654,366,,0
14655,Cerradura 14655,7311,Truper,FALSE
14656,Tornillo 14656,2239,Makita,FALSE
14657,Cerradura 14657,3144,Bosch,NO
14658,Brocha 14658,8137,EPAHome,SI
14659,Pintura 14659,162,Total,TRUE
14660,Pulidora 14660,3980,Total,0
14661,Clavos 14661,6547,Stanley,
14662,Tornillo 14662,8127,Stanley,
14663,Brocha 14663,2018,Total,TRUE
14664,Cerradura 14664,10602,Bosch,FALSE
14665,Pulidora 14665,6771,Makita,1
14666,Martillo 14666,7291,Truper,TRUE
14667,Tornillo 14667,69,Makita,SI
14668,Taladro 14668,6083,,TRUE
14669,Sierra 14669,6772,Total,0
14670,Pulidora 14670,6383,Stanley,SI
14671,Pulidora 14671,2134,EPAHome,
14672,Brocha 14672,7363,Bosch,NO
14673,Clavos 14673,8416,,TRUE
14674,Sierra 14674,8854,Truper,0
14675,Taladro 14675,3557,,0
14676,Cerradura 14676,2628,Pretul,SI
14677,Sierra 14677,2476,Total,FALSE
14678,Cerradura 14678,1024,Truper,
14679,Martillo 14679,1904,Makita,SI
14680,Reflector 14680,4767,EPAHome,NO
14681,Reflector 14681,5519,,
14682,Sierra 14682,8053,Total,TRUE
14683,Taladro 14683,5967,Total,1
14684,Clavos 14684,7964,Bosch,SI
14685,,3420,,TRUE
14686,Pulidora 14686,9158,EPAHome,1
14687,Pintura 14687,3827,,SI
14688,Pulidora 14688,5954,Total,
14689,Tornillo 14689,2575,Truper,TRUE
14690,Pulidora 14690,10788,Truper,SI
14691,Taladro 14691,2190,EPAHome,
14692,Cerradura 14692,10294,Stanley,TRUE
14693,Cerradura 14693,482,Makita,NO
14694,Pulidora 14694,6152,Stanley,0
14695,Pintura 14695,8181,Makita,
14696,Brocha 14696,5586,Total,SI
14697,Martillo 14697,2322,,NO
14698,Brocha 14698,7179,,0
14699,Brocha 14699,4498,,SI
14700,Brocha 14700,2819,Makita,0
14701,Pintura 14701,7527,Truper,FALSE
14702,Sierra 14702,6908,,FALSE
14703,Brocha 14703,6342,Pretul,TRUE
14704,Reflector 14704,181,Truper,
14705,Taladro 14705,2885,Bosch,
14706,Brocha 14706,1515,Truper,TRUE
P14707,Clavos 14707,1254,Truper,0
14708,Reflector 14708,834,Bosch,NO
14709,Sierra 14709,117,Bosch,FALSE
14710,Reflector 14710,10798,Stanley,FALSE
14711,Brocha 14711,3273,Total,0
14712,Pulidora 14712,4908,Total,0
14713,Pintura 14713,10010,Stanley,0
14714,Cerradura 14714,3866,Stanley,1
14715,Tornillo 14715,7167,Total,SI
14716,Sierra 14716,6623,Truper,0
14717,Tornillo 14717,7660,Truper,0
14718,,4780,Stanley,1
14719,Taladro 14719,2144,Truper,FALSE
14720,Reflector 14720,309,Stanley,SI
14721,Sierra 14721,9287,Pretul,0
14722,Cerradura 14722,576,Truper,TRUE
14723,Sierra 14723,8131,Pretul,0
14724,Reflector 14724,7298,Truper,0
14725,Sierra 14725,6713,Stanley,1
14726,Clavos 14726,3180,,1
14727,Sierra 14727,8672,Pretul,SI
14728,Martillo 14728,8172,Bosch,NO
14729,Taladro 14729,6964,EPAHome,0
14730,Pintura 14730,2875,Total,SI
14731,Pintura 14731,4139,Pretul,NO
14732,Reflector 14732,8067,Stanley,FALSE
14733,Martillo 14733,4228,Total,1
14734,Taladro 14734,3590,Bosch,1
14735,Reflector 14735,10840,Pretul,SI
14736,Clavos 14736,10190,,
14737,Pintura 14737,180,Total,NO
14738,Cerradura 14738,3655,Pretul,TRUE
14739,Pintura 14739,5501,Truper,SI
14740,Pintura 14740,106,Pretul,
14741,Taladro 14741,3366,Stanley,NO
14742,Clavos 14742,6757,Stanley,TRUE
14743,Sierra 14743,8697,Stanley,TRUE
14744,Clavos 14744,9468,Makita,FALSE
14745,Taladro 14745,4342,Stanley,SI
14746,Taladro 14746,1369,EPAHome,SI
14747,Pintura 14747,5359,Truper,
14748,Pulidora 14748,9786,Makita,TRUE
14749,Pintura 14749,6913,Truper,TRUE
14750,Martillo 14750,5531,Stanley,FALSE
14751,,9202,EPAHome,
14752,Clavos 14752,5911,EPAHome,1
14753,Martillo 14753,2744,Pretul,1
14754,Pulidora 14754,3929,Total,TRUE
14755,Tornillo 14755,3138,Stanley,1
14756,Brocha 14756,7332,Bosch,1
14757,Cerradura 14757,5708,Truper,0
14758,Cerradura 14758,3913,Total,NO
14759,Sierra 14759,2147,Stanley,TRUE
14760,Cerradura 14760,ABC,Bosch,
14761,Reflector 14761,7008,Makita,SI
14762,Cerradura 14762,2088,Makita,
14763,Tornillo 14763,1873,EPAHome,NO
14764,Pulidora 14764,9275,Bosch,0
14765,Cerradura 14765,9766,Stanley,NO
14766,Reflector 14766,7157,Pretul,SI
14767,Cerradura 14767,4748,Pretul,FALSE
14768,Taladro 14768,3135,EPAHome,TRUE
14769,Cerradura 14769,10655,Truper,
14770,Pintura 14770,6402,Stanley,0
14771,Reflector 14771,3014,Bosch,0
14772,Pintura 14772,7931,Makita,SI
14773,Pulidora 14773,8641,EPAHome,
14774,Reflector 14774,10211,EPAHome,0
14775,Cerradura 14775,8743,Makita,
14776,Martillo 14776,75,Pretul,1
14777,Tornillo 14777,7112,Truper,0
14778,Reflector 14778,9149,Total,TRUE
14779,Brocha 14779,10829,Makita,TRUE
14780,Brocha 14780,8075,Bosch,TRUE
14781,Pulidora 14781,921,Pretul,TRUE
14782,Reflector 14782,7859,Makita,NO
14783,Brocha 14783,3480,Truper,
P14784,,1156,Total,FALSE
14785,Cerradura 14785,5932,EPAHome,TRUE
14786,Pintura 14786,9234,,
14787,Sierra 14787,850,Pretul,FALSE
14788,Clavos 14788,8464,Pretul,NO
14789,Brocha 14789,1405,Pretul,0
14790,Tornillo 14790,10613,Total,NO
14791,Brocha 14791,253,EPAHome,FALSE
14792,Pintura 14792,5018,,0
14793,Martillo 14793,3509,Makita,
14794,Brocha 14794,7685,Total,
14795,Taladro 14795,4082,Makita,FALSE
14796,Pulidora 14796,478,,NO
14797,Martillo 14797,8269,Bosch,
14798,Brocha 14798,1173,Truper,0
14799,Taladro 14799,6136,,1
14800,Sierra 14800,6173,Bosch,SI
14801,Sierra 14801,10410,EPAHome,
14802,Tornillo 14802,10694,,TRUE
14803,Reflector 14803,3669,Stanley,1
14804,Pulidora 14804,2276,Truper,0
14805,Taladro 14805,7346,Truper,
14806,Taladro 14806,685,Truper,1
14807,Martillo 14807,6754,Bosch,NO
14808,Pulidora 14808,3431,Stanley,
14809,Pulidora 14809,4906,EPAHome,0
14810,Tornillo 14810,4193,Total,
14811,Clavos 14811,3312,Makita,NO
14812,Tornillo 14812,8443,EPAHome,FALSE
14813,Tornillo 14813,7710,Truper,TRUE
14814,Sierra 14814,2764,EPAHome,0
14815,Martillo 14815,5185,Bosch,1
14816,Reflector 14816,3518,Stanley,1
14817,,5500,Stanley,TRUE
14818,Pulidora 14818,2793,EPAHome,NO
14819,Cerradura 14819,8900,Makita,FALSE
14820,Clavos 14820,8361,Pretul,0
14821,Cerradura 14821,7146,Bosch,SI
14822,Reflector 14822,2364,,TRUE
14823,Clavos 14823,4319,Total,TRUE
14824,Brocha 14824,10337,Truper,FALSE
14825,Reflector 14825,10466,Truper,SI
14826,Brocha 14826,9753,EPAHome,FALSE
14827,Reflector 14827,2954,Bosch,NO
14828,Pintura 14828,5991,EPAHome,1
14829,Pintura 14829,8518,Makita,TRUE
14830,Tornillo 14830,2968,Total,TRUE
14831,Pintura 14831,2655,,TRUE
14832,Martillo 14832,2308,,
14833,Clavos 14833,6466,,0
14834,Clavos 14834,10296,EPAHome,FALSE
14835,Taladro 14835,1955,,0
14836,Tornillo 14836,7746,Makita,FALSE
14837,Taladro 14837,3094,EPAHome,NO
14838,Pintura 14838,10665,,
14839,Cerradura 14839,7646,Total,TRUE
14840,Martillo 14840,9391,Pretul,SI
14841,Clavos 14841,5170,Stanley,0
14842,Sierra 14842,8785,Stanley,
14843,Cerradura 14843,10829,Truper,TRUE
14844,Martillo 14844,7385,Truper,NO
14845,Tornillo 14845,9897,Truper,0
14846,Sierra 14846,866,Bosch,1
14847,Brocha 14847,3786,Bosch,1
14848,Sierra 14848,4080,Total,NO
14849,Martillo 14849,2356,Makita,SI
14850,,1263,Bosch,NO
14851,Martillo 14851,9164,Total,
14852,Tornillo 14852,2622,Pretul,NO
14853,Tornillo 14853,574,Makita,SI
14854,Taladro 14854,3198,Makita,1
14855,Pintura 14855,6271,Makita,TRUE
14856,Tornillo 14856,1243,Total,0
14857,Tornillo 14857,9138,EPAHome,
14858,Tornillo 14858,4334,Stanley,SI
14859,Taladro 14859,9247,Makita,0
14860,Clavos 14860,1770,Truper,SI
P14861,Tornillo 14861,7336,Total,SI
14862,Martillo 14862,505,,FALSE
14863,Martillo 14863,3608,Pretul,
14864,Pulidora 14864,5988,Stanley,NO
14865,Martillo 14865,8195,Makita,TRUE
14866,Clavos 14866,10800,Total,FALSE
14867,Pulidora 14867,8725,Truper,1
14868,Martillo 14868,9437,Total,FALSE
14869,Tornillo 14869,6570,Bosch,
14870,Reflector 14870,9059,Bosch,NO
14871,Pulidora 14871,9366,Pretul,FALSE
14872,Cerradura 14872,8909,Pretul,NO
14873,Brocha 14873,5092,Stanley,1
14874,Reflector 14874,7133,Makita,0
14875,Taladro 14875,584,Truper,SI
14876,Martillo 14876,5651,Total,FALSE
14877,Pintura 14877,8407,Pretul,1
14878,Martillo 14878,7757,,SI
14879,Taladro 14879,4181,Truper,FALSE
14880,Sierra 14880,6688,Total,TRUE
14881,Tornillo 14881,9568,Makita,NO
14882,Pintura 14882,8542,Makita,
14883,,10336,Stanley,TRUE
14884,Pulidora 14884,3406,Pretul,SI
14885,Pulidora 14885,7267,Pretul,TRUE
14886,Reflector 14886,4876,Stanley,
14887,Clavos 14887,1132,Truper,
14888,Pulidora 14888,908,EPAHome,0
14889,Pintura 14889,2420,Makita,1
14890,Brocha 14890,7357,Pretul,
14891,Reflector 14891,2251,Makita,1
14892,Sierra 14892,4207,EPAHome,SI
14893,Pintura 14893,7922,,0
14894,Martillo 14894,10819,Makita,
14895,Reflector 14895,7355,Total,1
14896,Brocha 14896,642,Truper,0
14897,Clavos 14897,697,EPAHome,0
14898,Sierra 14898,5554,Bosch,0
14899,Sierra 14899,9578,EPAHome,
14900,Reflector 14900,1357,,NO
14901,Pulidora 14901,7005,Stanley,TRUE
14902,Pulidora 14902,5110,Total,0
14903,Sierra 14903,10229,Bosch,FALSE
14904,Cerradura 14904,6504,Truper,TRUE
14905,Martillo 14905,6018,Truper,TRUE
14906,Sierra 14906,6251,,TRUE
14907,Brocha 14907,3209,Pretul,1
14908,Sierra 14908,4624,Bosch,1
14909,Martillo 14909,1490,EPAHome,SI
14910,Tornillo 14910,185,,SI
14911,Brocha 14911,1729,Total,1
14912,Reflector 14912,4867,EPAHome,1
14913,Reflector 14913,8090,,
14914,Sierra 14914,10355,,SI
14915,Sierra 14915,2390,Makita,
14916,,7465,Makita,
14917,Taladro 14917,2205,Makita,0
14918,Brocha 14918,8461,Bosch,TRUE
14919,Clavos 14919,6970,Makita,NO
14920,Reflector 14920,391,Stanley,FALSE
14921,Taladro 14921,1599,Bosch,FALSE
14922,Brocha 14922,4133,Truper,SI
14923,Pulidora 14923,9160,,1
14924,Brocha 14924,4555,Pretul,NO
14925,Sierra 14925,651,Bosch,SI
14926,Clavos 14926,3391,EPAHome,
14927,Cerradura 14927,841,EPAHome,SI
14928,Pintura 14928,10030,Makita,0
14929,Taladro 14929,10247,Makita,NO
14930,Sierra 14930,2200,Bosch,TRUE
14931,Brocha 14931,7021,Makita,FALSE
14932,Cerradura 14932,2163,,NO
14933,Clavos 14933,9397,EPAHome,1
14934,Pintura 14934,3231,EPAHome,NO
14935,Martillo 14935,7948,Stanley,0
14936,Tornillo 14936,3764,Makita,1
14937,Martillo 14937,2847,EPAHome,TRUE
P14938,Pintura 14938,4811,Pretul,0
14939,Martillo 14939,8538,Pretul,0
14940,Pulidora 14940,5852,Stanley,FALSE
14941,Tornillo 14941,1336,Total,TRUE
14942,Pulidora 14942,3609,Makita,0
14943,Taladro 14943,6561,Pretul,NO
14944,Tornillo 14944,6096,Bosch,TRUE
14945,Sierra 14945,2297,Makita,1
14946,Taladro 14946,9996,Truper,NO
14947,Martillo 14947,6581,Total,0
14948,Martillo 14948,4170,Pretul,SI
14949,,6952,,SI
14950,Pulidora 14950,5637,EPAHome,
14951,Pulidora 14951,7567,,1
14952,Brocha 14952,3188,,TRUE
14953,Pintura 14953,4385,Truper,NO
14954,Brocha 14954,3198,EPAHome,NO
14955,Pintura 14955,8585,Truper,0
14956,Brocha 14956,4204,Makita,FALSE
14957,Clavos 14957,6239,Truper,0
14958,Reflector 14958,255,Stanley,TRUE
14959,Sierra 14959,10541,Total,FALSE
14960,Tornillo 14960,9960,Pretul,0
14961,Reflector 14961,2030,EPAHome,1
14962,Tornillo 14962,4248,Truper,0
14963,Tornillo 14963,6743,Stanley,0
14964,Pulidora 14964,2727,Truper,1
14965,Pintura 14965,ABC,EPAHome,0
14966,Pulidora 14966,3955,Total,1
14967,Pintura 14967,8281,Pretul,1
14968,Martillo 14968,4410,Bosch,TRUE
14969,Tornillo 14969,6624,Truper,TRUE
14970,Pintura 14970,4927,,
14971,Tornillo 14971,8544,Truper,SI
14972,Cerradura 14972,6480,Total,0
14973,Cerradura 14973,309,Pretul,0
14974,Reflector 14974,8886,Bosch,FALSE
14975,Martillo 14975,6960,,1
14976,Pintura 14976,3430,Stanley,1
14977,Tornillo 14977,3095,Pretul,TRUE
14978,Reflector 14978,7289,Truper,0
14979,Clavos 14979,3109,Truper,SI
14980,Sierra 14980,10005,Stanley,SI
14981,Sierra 14981,6305,,0
14982,,9917,,TRUE
14983,Tornillo 14983,6937,Total,0
14984,Taladro 14984,9116,Stanley,1
14985,Martillo 14985,8775,Pretul,NO
14986,Martillo 14986,5750,,SI
14987,Pulidora 14987,2181,EPAHome,NO
14988,Taladro 14988,3325,EPAHome,NO
14989,Pintura 14989,7807,EPAHome,0
14990,Martillo 14990,6890,,1
14991,Pulidora 14991,6095,Truper,TRUE
14992,Reflector 14992,4518,Stanley,0
14993,Martillo 14993,8588,Truper,
14994,Sierra 14994,8132,Pretul,SI
14995,Sierra 14995,9634,Bosch,1
14996,Sierra 14996,10132,Truper,FALSE
14997,Cerradura 14997,4429,EPAHome,0
14998,Martillo 14998,556,Stanley,NO
14999,Reflector 14999,10443,Pretul,SI
15000,Cerradura 15000,5089,EPAHome,0
15000,Cerradura 15000,5089,EPAHome,0
