id_cliente,nombre,ciudad,pais,segmento,fecha_registro
1,Cliente 00001,Santa Ana,ELS,,2025-09-21
2,Cliente 00002,Santa Ana,sv,,2025-10-18
3,Cliente 00003,Morazan,HN,,2025-12-25
4,Cliente 00004,La Paz,HN,Mayorista,2025-04-01
5,Cliente 00005,SAN SALVADOR,SV,Constructor,2025-02-15
6,Cliente 00006,San Salvador,NI,Mayorista,2025-11-11
7,Cliente 00007,Sonsonate,GT,Constructor,2025-06-12
8,Cliente 00008,Cuscatlan,NI,,2025-11-03
9,Cliente 00009,,NI,Constructor,2025-02-18
10,Cliente 00010,Usulutan,ELS,Mayorista,2025-03-21
11,Cliente 00011,Usulutan,SV,Constructor,2025-06-15
12,Cliente 00012,Morazan,SV,Mayorista,2025-10-18
13,Cliente 00013,La Paz,SV,Mayorista,2025-09-26
14,Cliente 00014,La Paz,GT,,2025-05-28
15,Cliente 00015,Morazan,HN,Mayorista,2025-09-17
16,Cliente 00016,San Salvador,HN,PyME,2025-03-27
17,Cliente 00017,san salvador,NI,,2025-11-04
18,Cliente 00018,,NI,,2025-07-16
19,Cliente 00019,santa ana,GT,PyME,2025-02-21
20,Cliente 00020,San Vicente,NI,Mayorista,2025-12-18
21,Cliente 00021,Ahuachapan,HN,Mayorista,2025-11-10
22,Cliente 00022,La Paz,GT,Mayorista,2025-04-10
23,Cliente 00023,Ahuachapan,SV,Hogar,2025-03-21
24,Cliente 00024,San Vicente,HN,Mayorista,2025-06-07
25,Cliente 00025,Ahuachapan,NI,Mayorista,2025-08-17
26,Cliente 00026,La Paz,GT,,2025-11-02
27,Cliente 00027,,ELS,Constructor,2025-08-26
28,Cliente 00028,Santa Ana,GT,,2025-05-15
29,Cliente 00029,San Miguel,GT,Mayorista,2025-02-21
30,Cliente 00030,Ahuachapan,GT,Constructor,2025-02-07
31,Cliente 00031,Morazan,sv,Mayorista,2025-01-03
32,Cliente 00032,San Salvador,GT,,2025-09-27
33,Cliente 00033,SAN SALVADOR,HN,PyME,2025-04-04
34,Cliente 00034,san salvador,HN,Constructor,2025-11-25
35,Cliente 00035,Chalatenango,sv,Hogar,2025-06-22
36,Cliente 00036,,HN,,2025-08-23
37,Cliente 00037,santa ana,HN,PyME,2025-08-19
38,Cliente 00038,santa ana,HN,,2025-05-03
39,Cliente 00039,Morazan,NI,PyME,2025-03-26
40,Cliente 00040,Usulutan,HN,Mayorista,2025-07-26
C41,Cliente 00041,santa ana,HN,PyME,2025-07-01
42,Cliente 00042,Santa Ana,GT,Hogar,2025-01-27
43,Cliente 00043,Chalatenango,NI,Constructor,2025-01-01
44,Cliente 00044,La Paz,ELS,Constructor,2025-08-11
45,Cliente 00045,,SV,Mayorista,2025-08-19
46,Cliente 00046,San Miguel,sv,,2025-09-07
47,Cliente 00047,Morazan,HN,Constructor,2025-08-20
48,Cliente 00048,La Libertad,NI,Hogar,2025-09-13
49,Cliente 00049,san salvador,sv,PyME,2025-01-21
50,Cliente 00050,san salvador,GT,PyME,2025-08-23
51,Cliente 00051,San Salvador,sv,,2025-04-26
52,Cliente 00052,santa ana,sv,PyME,2025-07-09
53,Cliente 00053,Morazan,HN,Mayorista,2025-02-13
54,Cliente 00054,,ELS,PyME,2025-06-06
55,Cliente 00055,Ahuachapan,GT,Mayorista,2025-07-10
56,Cliente 00056,San Vicente,sv,Constructor,2025-09-16
57,,San Vicente,SV,,2025-09-26
58,Cliente 00058,Ahuachapan,SV,PyME,2025-04-01
59,Cliente 00059,SAN SALVADOR,GT,Constructor,2025-07-18
60,Cliente 00060,San Miguel,SV,Constructor,2025-03-12
61,Cliente 00061,Sonsonate,SV,,2025-12-09
62,Cliente 00062,Sonsonate,HN,Constructor,2025-10-09
63,Cliente 00063,,NI,,2025-03-04
64,Cliente 00064,Ahuachapan,SV,Mayorista,2025-03-04
65,Cliente 00065,san salvador,ELS,PyME,2025-11-21
66,Cliente 00066,Santa Ana,HN,Constructor,2025-05-19
67,Cliente 00067,SAN SALVADOR,ELS,Constructor,2025-03-09
68,Cliente 00068,Ahuachapan,SV,Hogar,2025-07-28
69,Cliente 00069,Ahuachapan,GT,Hogar,2025-01-04
70,Cliente 00070,La Libertad,SV,Constructor,2025-02-04
71,Cliente 00071,Chalatenango,ELS,Mayorista,2025-10-21
72,Cliente 00072,,NI,,2025-01-13
73,Cliente 00073,La Union,HN,PyME,2025-10-15
74,Cliente 00074,Morazan,NI,Hogar,2025-11-12
75,Cliente 00075,Ahuachapan,GT,Constructor,2025-06-02
76,Cliente 00076,Morazan,SV,Constructor,2025-12-11
77,Cliente 00077,Usulutan,NI,Hogar,2025-05-25
78,Cliente 00078,Morazan,ELS,,2025-01-18
79,Cliente 00079,La Union,sv,,2025-01-24
80,Cliente 00080,Santa Ana,sv,,2025-02-04
81,Cliente 00081,,SV,PyME,2025-09-12
C82,Cliente 00082,Usulutan,SV,Mayorista,2025-10-05
83,Cliente 00083,Chalatenango,GT,Mayorista,2025-07-08
84,Cliente 00084,Morazan,NI,PyME,2025-03-06
85,Cliente 00085,San Salvador,NI,,2025-11-18
86,Cliente 00086,Cuscatlan,ELS,PyME,2025-04-01
87,Cliente 00087,San Salvador,ELS,,2025-08-14
88,Cliente 00088,Ahuachapan,ELS,PyME,2025-11-19
89,Cliente 00089,SAN SALVADOR,sv,,2025-01-21
90,Cliente 00090,,HN,Constructor,2025-06-21
91,Cliente 00091,La Union,SV,Hogar,2025-11-08
92,Cliente 00092,La Paz,SV,PyME,2025-11-17
93,Cliente 00093,santa ana,NI,Mayorista,2025-12-12
94,Cliente 00094,La Libertad,HN,Constructor,2025-06-28
95,Cliente 00095,Sonsonate,ELS,Constructor,2025-08-21
96,Cliente 00096,San Vicente,HN,Mayorista,2025-11-19
97,Cliente 00097,Usulutan,sv,PyME,2025-11-14
98,Cliente 00098,santa ana,GT,Hogar,2025-06-27
99,Cliente 00099,,HN,Mayorista,2025-01-21
100,Cliente 00100,San Miguel,SV,Constructor,2025-06-18
101,Cliente 00101,Ahuachapan,sv,Hogar,2025-01-18
102,Cliente 00102,Sonsonate,NI,,2025-05-19
103,Cliente 00103,san salvador,GT,Mayorista,2025-09-17
104,Cliente 00104,San Miguel,HN,Hogar,2025-02-05
105,Cliente 00105,Cuscatlan,ELS,,2025-05-10
106,Cliente 00106,san salvador,NI,,2025-11-26
107,Cliente 00107,Sonsonate,sv,Constructor,2025-05-18
108,Cliente 00108,,ELS,Constructor,2025-03-13
109,Cliente 00109,Sonsonate,NI,Hogar,2025-10-21
110,Cliente 00110,La Paz,GT,Constructor,2025-09-06
111,Cliente 00111,San Salvador,sv,Constructor,2025-09-05
112,Cliente 00112,San Miguel,SV,Hogar,2025-09-22
113,Cliente 00113,San Salvador,ELS,Hogar,ayer
114,,Sonsonate,HN,PyME,2025-10-20
115,Cliente 00115,La Libertad,sv,Hogar,2025-06-16
116,Cliente 00116,Santa Ana,NI,Hogar,2025-07-09
117,Cliente 00117,,HN,Constructor,2025-11-04
118,Cliente 00118,Chalatenango,GT,Mayorista,2025-02-18
119,Cliente 00119,La Libertad,ELS,Mayorista,2025-10-12
120,Cliente 00120,SAN SALVADOR,SV,Hogar,2025-08-25
121,Cliente 00121,Usulutan,ELS,PyME,2025-03-11
122,Cliente 00122,Morazan,HN,,2025-06-11
C123,Cliente 00123,La Paz,GT,Constructor,2025-03-07
124,Cliente 00124,San Vicente,sv,Constructor,2025-06-14
125,Cliente 00125,Cuscatlan,sv,PyME,2025-08-24
126,Cliente 00126,,HN,PyME,2025-07-09
127,Cliente 00127,La Union,SV,Constructor,2025-05-27
128,Cliente 00128,San Vicente,ELS,PyME,2025-09-21
129,Cliente 00129,Ahuachapan,sv,Constructor,2025-03-18
130,Cliente 00130,Santa Ana,ELS,Constructor,2025-10-15
131,Cliente 00131,Cuscatlan,GT,Hogar,2025-09-23
132,Cliente 00132,La Union,NI,Mayorista,2025-06-04
133,Cliente 00133,La Paz,NI,,2025-09-07
134,Cliente 00134,Morazan,ELS,Constructor,2025-01-13
135,Cliente 00135,,NI,PyME,2025-01-09
136,Cliente 00136,Ahuachapan,sv,Constructor,2025-10-21
137,Cliente 00137,Morazan,GT,Mayorista,2025-06-01
138,Cliente 00138,san salvador,sv,Hogar,2025-11-28
139,Cliente 00139,Ahuachapan,ELS,Hogar,2025-04-26
140,Cliente 00140,San Vicente,HN,Constructor,2025-10-21
141,Cliente 00141,Chalatenango,SV,,2025-12-07
142,Cliente 00142,San Salvador,SV,PyME,2025-06-08
143,Cliente 00143,San Vicente,sv,,2025-11-06
144,Cliente 00144,,NI,Constructor,2025-02-19
145,Cliente 00145,Morazan,NI,,2025-11-19
146,Cliente 00146,santa ana,SV,Hogar,2025-05-14
147,Cliente 00147,san salvador,sv,,2025-12-17
148,Cliente 00148,La Libertad,GT,Constructor,2025-06-12
149,Cliente 00149,La Union,HN,Mayorista,2025-05-16
150,Cliente 00150,La Union,ELS,Hogar,2025-11-16
151,Cliente 00151,santa ana,SV,Mayorista,2025-06-09
152,Cliente 00152,San Vicente,sv,Constructor,2025-05-17
153,Cliente 00153,,NI,Mayorista,2025-05-07
154,Cliente 00154,san salvador,GT,Hogar,2025-12-24
155,Cliente 00155,Usulutan,GT,,2025-02-28
156,Cliente 00156,La Union,GT,Constructor,2025-11-11
157,Cliente 00157,Chalatenango,sv,Hogar,2025-09-28
158,Cliente 00158,San Miguel,ELS,,2025-09-28
159,Cliente 00159,Cuscatlan,NI,Hogar,2025-10-07
160,Cliente 00160,San Salvador,GT,PyME,2025-04-14
161,Cliente 00161,santa ana,HN,PyME,2025-05-25
162,Cliente 00162,,NI,Mayorista,2025-03-18
163,Cliente 00163,La Union,ELS,Mayorista,2025-09-20
C164,Cliente 00164,Sonsonate,sv,,2025-09-23
165,Cliente 00165,santa ana,NI,PyME,2025-03-26
166,Cliente 00166,san salvador,NI,Hogar,2025-05-26
167,Cliente 00167,Usulutan,sv,PyME,2025-05-18
168,Cliente 00168,Chalatenango,sv,Mayorista,2025-03-06
169,Cliente 00169,san salvador,sv,PyME,2025-07-21
170,Cliente 00170,La Paz,HN,Hogar,2025-05-08
171,,,HN,Constructor,2025-09-03
172,Cliente 00172,San Vicente,NI,Mayorista,2025-03-11
173,Cliente 00173,santa ana,NI,,2025-01-16
174,Cliente 00174,San Salvador,SV,Hogar,2025-06-19
175,Cliente 00175,Ahuachapan,ELS,Hogar,2025-03-17
176,Cliente 00176,Sonsonate,SV,Mayorista,2025-11-14
177,Cliente 00177,Sonsonate,sv,PyME,2025-04-22
178,Cliente 00178,La Paz,sv,Constructor,2025-03-18
179,Cliente 00179,Morazan,NI,Mayorista,2025-08-28
180,Cliente 00180,,ELS,PyME,2025-05-21
180,Cliente 00180,,ELS,PyME,2025-05-21
181,Cliente 00181,San Vicente,HN,,2025-08-03
182,Cliente 00182,Sonsonate,NI,PyME,2025-02-25
183,Cliente 00183,SAN SALVADOR,ELS,,2025-12-06
184,Cliente 00184,Santa Ana,sv,PyME,2025-11-14
185,Cliente 00185,Sonsonate,GT,Hogar,2025-09-05
186,Cliente 00186,Ahuachapan,ELS,Constructor,2025-07-01
187,Cliente 00187,La Paz,HN,Mayorista,2025-05-27
188,Cliente 00188,Chalatenango,GT,PyME,2025-02-26
189,Cliente 00189,,sv,,2025-04-12
190,Cliente 00190,San Vicente,GT,,2025-11-19
191,Cliente 00191,san salvador,NI,,2025-06-25
192,Cliente 00192,Ahuachapan,NI,Hogar,2025-08-15
193,Cliente 00193,Chalatenango,HN,,2025-09-04
194,Cliente 00194,Ahuachapan,ELS,Hogar,2025-02-19
195,Cliente 00195,san salvador,SV,,2025-08-19
196,Cliente 00196,Santa Ana,GT,,2025-08-20
197,Cliente 00197,La Paz,HN,Hogar,2025-03-11
198,Cliente 00198,,sv,Hogar,2025-02-13
199,Cliente 00199,SAN SALVADOR,sv,,2025-05-01
200,Cliente 00200,san salvador,NI,Hogar,2025-10-17
201,Cliente 00201,Santa Ana,NI,Constructor,2025-12-05
202,Cliente 00202,Usulutan,GT,PyME,2025-06-23
203,Cliente 00203,San Vicente,NI,PyME,2025-07-08
204,Cliente 00204,La Union,GT,Hogar,2025-08-08
C205,Cliente 00205,San Miguel,GT,PyME,2025-02-19
206,Cliente 00206,La Paz,HN,Mayorista,2025-08-17
207,Cliente 00207,,SV,Mayorista,2025-04-13
208,Cliente 00208,san salvador,HN,Mayorista,2025-03-10
209,Cliente 00209,La Libertad,HN,Constructor,2025-05-25
210,Cliente 00210,Morazan,NI,,2025-01-12
211,Cliente 00211,San Miguel,HN,Hogar,2025-10-12
212,Cliente 00212,Sonsonate,HN,Hogar,2025-09-06
213,Cliente 00213,San Vicente,GT,Hogar,2025-02-26
214,Cliente 00214,Morazan,GT,Hogar,2025-04-07
215,Cliente 00215,san salvador,ELS,PyME,2025-09-09
216,Cliente 00216,,ELS,Hogar,2025-05-06
217,Cliente 00217,san salvador,sv,,2025-02-15
218,Cliente 00218,san salvador,ELS,Mayorista,2025-09-21
219,Cliente 00219,san salvador,sv,Mayorista,2025-01-10
220,Cliente 00220,SAN SALVADOR,sv,Hogar,2025-05-07
221,Cliente 00221,San Salvador,ELS,,2025-11-02
222,Cliente 00222,La Paz,ELS,Hogar,2025-12-24
223,Cliente 00223,San Miguel,HN,,2025-10-18
224,Cliente 00224,La Libertad,GT,Hogar,2025-09-12
225,Cliente 00225,,sv,,2025-07-15
226,Cliente 00226,SAN SALVADOR,sv,Hogar,ayer
227,Cliente 00227,Cuscatlan,HN,Hogar,2025-08-22
228,,San Miguel,sv,PyME,2025-03-18
229,Cliente 00229,Sonsonate,HN,Constructor,2025-07-09
230,Cliente 00230,San Miguel,GT,Hogar,2025-01-12
231,Cliente 00231,SAN SALVADOR,NI,PyME,2025-10-28
232,Cliente 00232,La Libertad,GT,PyME,2025-11-26
233,Cliente 00233,La Union,sv,Mayorista,2025-09-04
234,Cliente 00234,,sv,Hogar,2025-07-03
235,Cliente 00235,La Paz,NI,Mayorista,2025-11-19
236,Cliente 00236,La Union,HN,Constructor,2025-02-24
237,Cliente 00237,San Salvador,NI,Constructor,2025-04-04
238,Cliente 00238,Cuscatlan,sv,Constructor,2025-10-22
239,Cliente 00239,San Miguel,ELS,,2025-01-01
240,Cliente 00240,La Union,NI,PyME,2025-12-15
241,Cliente 00241,Santa Ana,sv,Mayorista,2025-03-20
242,Cliente 00242,La Paz,SV,Hogar,2025-03-01
243,Cliente 00243,,HN,,2025-05-05
244,Cliente 00244,Morazan,ELS,Hogar,2025-08-20
245,Cliente 00245,Usulutan,sv,Mayorista,2025-11-21
C246,Cliente 00246,San Salvador,GT,,2025-02-04
247,Cliente 00247,La Libertad,ELS,Mayorista,2025-02-28
248,Cliente 00248,Cuscatlan,ELS,Mayorista,2025-08-24
249,Cliente 00249,Usulutan,ELS,Mayorista,2025-12-20
250,Cliente 00250,Morazan,GT,Constructor,2025-06-27
251,Cliente 00251,San Miguel,SV,,2025-09-01
252,Cliente 00252,,sv,PyME,2025-12-10
253,Cliente 00253,Cuscatlan,sv,Constructor,2025-03-26
254,Cliente 00254,Santa Ana,sv,Mayorista,2025-03-20
255,Cliente 00255,La Union,NI,,2025-07-07
256,Cliente 00256,Usulutan,HN,,2025-07-23
257,Cliente 00257,Ahuachapan,ELS,Mayorista,2025-04-06
258,Cliente 00258,Usulutan,SV,,2025-04-10
259,Cliente 00259,San Miguel,GT,,2025-03-15
260,Cliente 00260,Cuscatlan,NI,Mayorista,2025-11-02
261,Cliente 00261,,HN,Constructor,2025-12-02
262,Cliente 00262,La Union,HN,Constructor,2025-07-08
263,Cliente 00263,Usulutan,NI,,2025-09-12
264,Cliente 00264,Chalatenango,GT,,2025-04-01
265,Cliente 00265,Morazan,HN,Mayorista,2025-07-20
266,Cliente 00266,Chalatenango,sv,,2025-10-13
267,Cliente 00267,Chalatenango,NI,Hogar,2025-02-08
268,Cliente 00268,Sonsonate,sv,Mayorista,2025-10-13
269,Cliente 00269,La Paz,sv,Mayorista,2025-09-07
270,Cliente 00270,,ELS,Hogar,2025-09-03
271,Cliente 00271,Santa Ana,SV,PyME,2025-07-04
272,Cliente 00272,San Vicente,HN,Constructor,2025-11-17
273,Cliente 00273,Santa Ana,GT,PyME,2025-06-10
274,Cliente 00274,San Salvador,SV,Hogar,2025-06-22
275,Cliente 00275,santa ana,GT,Mayorista,2025-02-21
276,Cliente 00276,Santa Ana,sv,,2025-08-11
277,Cliente 00277,San Miguel,SV,Hogar,2025-06-08
278,Cliente 00278,santa ana,GT,Mayorista,2025-02-18
279,Cliente 00279,,GT,PyME,2025-02-01
280,Cliente 00280,San Vicente,GT,Hogar,2025-08-16
281,Cliente 00281,san salvador,GT,Mayorista,2025-06-24
282,Cliente 00282,Santa Ana,SV,Mayorista,2025-03-14
283,Cliente 00283,SAN SALVADOR,ELS,,2025-09-08
284,Cliente 00284,Morazan,SV,Constructor,2025-03-01
285,,santa ana,HN,,2025-05-09
286,Cliente 00286,Morazan,SV,PyME,2025-06-25
C287,Cliente 00287,SAN SALVADOR,GT,Hogar,2025-10-25
288,Cliente 00288,,HN,Constructor,2025-06-14
289,Cliente 00289,Usulutan,sv,,2025-09-06
290,Cliente 00290,Morazan,ELS,Hogar,2025-09-20
291,Cliente 00291,Ahuachapan,HN,Mayorista,2025-05-14
292,Cliente 00292,Ahuachapan,sv,,2025-08-06
293,Cliente 00293,Chalatenango,HN,Constructor,2025-05-10
294,Cliente 00294,Santa Ana,HN,PyME,2025-01-07
295,Cliente 00295,La Union,NI,Constructor,2025-12-21
296,Cliente 00296,Santa Ana,NI,Constructor,2025-07-21
297,Cliente 00297,,GT,,2025-08-20
298,Cliente 00298,Cuscatlan,NI,Hogar,2025-06-28
299,Cliente 00299,Morazan,NI,Mayorista,2025-10-11
300,Cliente 00300,Cuscatlan,ELS,Hogar,2025-06-13
301,Cliente 00301,Chalatenango,ELS,Mayorista,2025-01-12
302,Cliente 00302,Morazan,GT,Hogar,2025-10-01
303,Cliente 00303,Usulutan,HN,,2025-01-04
304,Cliente 00304,La Union,GT,Constructor,2025-07-10
305,Cliente 00305,Ahuachapan,SV,PyME,2025-04-02
306,Cliente 00306,,SV,PyME,2025-03-02
307,Cliente 00307,Chalatenango,HN,,2025-08-04
308,Cliente 00308,san salvador,ELS,PyME,2025-02-28
309,Cliente 00309,Morazan,sv,Hogar,2025-12-03
310,Cliente 00310,Santa Ana,SV,,2025-12-24
311,Cliente 00311,Cuscatlan,SV,PyME,2025-08-27
312,Cliente 00312,San Salvador,ELS,Mayorista,2025-06-18
313,Cliente 00313,San Vicente,sv,Hogar,2025-07-10
314,Cliente 00314,santa ana,ELS,,2025-03-20
315,Cliente 00315,,GT,Hogar,2025-02-15
316,Cliente 00316,Morazan,GT,Mayorista,2025-11-21
317,Cliente 00317,santa ana,SV,Constructor,2025-02-26
318,Cliente 00318,santa ana,GT,PyME,2025-05-24
319,Cliente 00319,San Vicente,HN,,2025-03-07
320,Cliente 00320,La Union,sv,Constructor,2025-01-04
321,Cliente 00321,Sonsonate,GT,Mayorista,2025-02-12
322,Cliente 00322,Cuscatlan,SV,Hogar,2025-06-19
323,Cliente 00323,SAN SALVADOR,ELS,,2025-04-07
324,Cliente 00324,,ELS,Constructor,2025-02-10
325,Cliente 00325,Santa Ana,HN,Hogar,2025-12-08
326,Cliente 00326,San Vicente,HN,Constructor,2025-03-06
327,Cliente 00327,santa ana,sv,,2025-05-22
C328,Cliente 00328,Santa Ana,GT,Constructor,2025-10-21
329,Cliente 00329,La Paz,ELS,PyME,2025-04-25
330,Cliente 00330,San Miguel,ELS,Mayorista,2025-02-21
331,Cliente 00331,santa ana,HN,Constructor,2025-09-02
332,Cliente 00332,Chalatenango,sv,Constructor,2025-08-21
333,Cliente 00333,,SV,Constructor,2025-03-09
334,Cliente 00334,San Vicente,GT,Hogar,2025-04-10
335,Cliente 00335,Santa Ana,ELS,Mayorista,2025-02-16
336,Cliente 00336,La Union,ELS,Constructor,2025-03-23
337,Cliente 00337,san salvador,SV,Constructor,2025-07-03
338,Cliente 00338,Sonsonate,NI,PyME,2025-09-01
339,Cliente 00339,San Salvador,ELS,PyME,ayer
340,Cliente 00340,La Union,SV,Constructor,2025-08-17
341,Cliente 00341,Morazan,NI,Constructor,2025-09-24
342,,,HN,PyME,2025-01-12
343,Cliente 00343,La Paz,NI,Mayorista,2025-12-14
344,Cliente 00344,san salvador,NI,Constructor,2025-06-07
345,Cliente 00345,Ahuachapan,HN,,2025-06-26
346,Cliente 00346,Cuscatlan,HN,Hogar,2025-11-21
347,Cliente 00347,San Salvador,GT,Mayorista,2025-11-02
348,Cliente 00348,san salvador,GT,PyME,2025-11-16
349,Cliente 00349,Cuscatlan,SV,Constructor,2025-02-09
350,Cliente 00350,Santa Ana,sv,Mayorista,2025-04-21
351,Cliente 00351,,sv,Constructor,2025-04-15
352,Cliente 00352,San Salvador,SV,Hogar,2025-12-17
353,Cliente 00353,La Paz,ELS,PyME,2025-07-26
354,Cliente 00354,santa ana,sv,,2025-05-06
355,Cliente 00355,Usulutan,GT,Constructor,2025-07-27
356,Cliente 00356,Morazan,HN,Mayorista,2025-04-03
357,Cliente 00357,Cuscatlan,GT,Constructor,2025-04-20
358,Cliente 00358,La Paz,ELS,Constructor,2025-12-08
359,Cliente 00359,La Union,HN,Hogar,2025-04-24
360,Cliente 00360,,ELS,PyME,2025-02-15
360,Cliente 00360,,ELS,PyME,2025-02-15
361,Cliente 00361,San Miguel,sv,PyME,2025-05-20
362,Cliente 00362,Morazan,GT,Mayorista,2025-01-09
363,Cliente 00363,Usulutan,NI,Hogar,2025-11-02
364,Cliente 00364,Ahuachapan,GT,Constructor,2025-12-26
365,Cliente 00365,SAN SALVADOR,GT,,2025-09-14
366,Cliente 00366,La Union,GT,Hogar,2025-02-23
367,Cliente 00367,Ahuachapan,SV,Hogar,2025-09-28
368,Cliente 00368,santa ana,sv,Constructor,2025-10-11
C369,Cliente 00369,,sv,Constructor,2025-10-22
370,Cliente 00370,Ahuachapan,SV,Constructor,2025-03-19
371,Cliente 00371,Ahuachapan,GT,Constructor,2025-08-17
372,Cliente 00372,SAN SALVADOR,HN,PyME,2025-05-26
373,Cliente 00373,Ahuachapan,GT,Hogar,2025-03-13
374,Cliente 00374,SAN SALVADOR,HN,Constructor,2025-07-25
375,Cliente 00375,San Salvador,NI,,2025-01-03
376,Cliente 00376,san salvador,SV,Hogar,2025-11-11
377,Cliente 00377,santa ana,SV,Hogar,2025-08-02
378,Cliente 00378,,SV,,2025-02-15
379,Cliente 00379,san salvador,sv,,2025-03-16
380,Cliente 00380,Sonsonate,sv,Hogar,2025-06-15
381,Cliente 00381,san salvador,sv,Hogar,2025-05-17
382,Cliente 00382,La Paz,GT,,2025-12-25
383,Cliente 00383,Santa Ana,GT,Mayorista,2025-02-04
384,Cliente 00384,Usulutan,GT,PyME,2025-06-03
385,Cliente 00385,SAN SALVADOR,SV,PyME,2025-01-08
386,Cliente 00386,La Libertad,SV,Hogar,2025-05-01
387,Cliente 00387,,NI,PyME,2025-01-01
388,Cliente 00388,Usulutan,sv,Mayorista,2025-04-25
389,Cliente 00389,San Vicente,SV,Mayorista,2025-08-04
390,Cliente 00390,La Union,ELS,PyME,2025-10-08
391,Cliente 00391,san salvador,SV,PyME,2025-07-15
392,Cliente 00392,san salvador,HN,Hogar,2025-03-25
393,Cliente 00393,San Vicente,GT,Hogar,2025-06-26
394,Cliente 00394,La Paz,HN,PyME,2025-10-23
395,Cliente 00395,San Miguel,sv,,2025-09-03
396,Cliente 00396,,NI,PyME,2025-04-16
397,Cliente 00397,san salvador,sv,Mayorista,2025-11-28
398,Cliente 00398,Santa Ana,HN,Mayorista,2025-02-12
399,,Santa Ana,sv,,2025-10-20
400,Cliente 00400,Santa Ana,ELS,Mayorista,2025-01-22
401,Cliente 00401,Cuscatlan,GT,Constructor,2025-06-09
402,Cliente 00402,La Union,SV,Mayorista,2025-07-08
403,Cliente 00403,La Union,SV,Mayorista,2025-08-14
404,Cliente 00404,santa ana,ELS,,2025-08-07
405,Cliente 00405,,ELS,,2025-12-03
406,Cliente 00406,santa ana,ELS,Hogar,2025-08-22
407,Cliente 00407,San Miguel,GT,Constructor,2025-04-27
408,Cliente 00408,Morazan,GT,PyME,2025-09-26
409,Cliente 00409,San Miguel,HN,Hogar,2025-11-28
C410,Cliente 00410,San Miguel,SV,,2025-12-23
411,Cliente 00411,santa ana,NI,Constructor,2025-03-21
412,Cliente 00412,santa ana,SV,Constructor,2025-03-13
413,Cliente 00413,San Miguel,HN,PyME,2025-08-23
414,Cliente 00414,,SV,,2025-11-23
415,Cliente 00415,Chalatenango,SV,Mayorista,2025-01-21
416,Cliente 00416,Santa Ana,HN,,2025-10-22
417,Cliente 00417,San Vicente,SV,Constructor,2025-02-11
418,Cliente 00418,Santa Ana,GT,,2025-01-27
419,Cliente 00419,Santa Ana,sv,PyME,2025-12-21
420,Cliente 00420,santa ana,ELS,PyME,2025-07-19
421,Cliente 00421,Chalatenango,NI,Mayorista,2025-12-07
422,Cliente 00422,La Paz,HN,PyME,2025-08-13
423,Cliente 00423,,NI,Hogar,2025-11-17
424,Cliente 00424,santa ana,SV,,2025-07-21
425,Cliente 00425,Santa Ana,sv,Hogar,2025-04-17
426,Cliente 00426,Chalatenango,GT,Hogar,2025-08-02
427,Cliente 00427,San Salvador,sv,PyME,2025-04-18
428,Cliente 00428,Cuscatlan,NI,,2025-07-20
429,Cliente 00429,La Union,sv,Constructor,2025-04-05
430,Cliente 00430,La Paz,ELS,Mayorista,2025-06-28
431,Cliente 00431,La Union,SV,Hogar,2025-04-28
432,Cliente 00432,,NI,Constructor,2025-02-02
433,Cliente 00433,san salvador,GT,PyME,2025-12-16
434,Cliente 00434,SAN SALVADOR,NI,Mayorista,2025-02-21
435,Cliente 00435,Santa Ana,sv,Constructor,2025-04-08
436,Cliente 00436,Chalatenango,SV,Mayorista,2025-06-18
437,Cliente 00437,Chalatenango,SV,,2025-09-21
438,Cliente 00438,Morazan,HN,Hogar,2025-02-11
439,Cliente 00439,Ahuachapan,sv,Hogar,2025-07-03
440,Cliente 00440,san salvador,sv,Hogar,2025-03-06
441,Cliente 00441,,ELS,Hogar,2025-03-04
442,Cliente 00442,Chalatenango,sv,Hogar,2025-06-23
443,Cliente 00443,Santa Ana,SV,Constructor,2025-09-05
444,Cliente 00444,Ahuachapan,SV,,2025-04-10
445,Cliente 00445,Santa Ana,HN,Hogar,2025-09-05
446,Cliente 00446,Sonsonate,HN,Mayorista,2025-12-21
447,Cliente 00447,SAN SALVADOR,sv,Constructor,2025-03-24
448,Cliente 00448,Santa Ana,NI,PyME,2025-03-06
449,Cliente 00449,Sonsonate,NI,,2025-11-23
450,Cliente 00450,,GT,PyME,2025-08-26
C451,Cliente 00451,San Vicente,GT,Mayorista,2025-01-10
452,Cliente 00452,San Salvador,ELS,Constructor,ayer
453,Cliente 00453,Cuscatlan,HN,Constructor,2025-05-22
454,Cliente 00454,santa ana,ELS,PyME,2025-08-14
455,Cliente 00455,Ahuachapan,SV,PyME,2025-10-26
456,,La Paz,ELS,Constructor,2025-12-21
457,Cliente 00457,San Vicente,GT,Mayorista,2025-01-09
458,Cliente 00458,San Vicente,SV,PyME,2025-10-08
459,Cliente 00459,,GT,Hogar,2025-11-12
460,Cliente 00460,La Union,SV,Constructor,2025-10-13
461,Cliente 00461,Chalatenango,GT,Hogar,2025-10-14
462,Cliente 00462,san salvador,ELS,Mayorista,2025-05-23
463,Cliente 00463,La Libertad,sv,PyME,2025-09-15
464,Cliente 00464,San Miguel,GT,,2025-08-15
465,Cliente 00465,Santa Ana,SV,,2025-10-13
466,Cliente 00466,Usulutan,ELS,Constructor,2025-07-27
467,Cliente 00467,Usulutan,SV,PyME,2025-08-06
468,Cliente 00468,,SV,Constructor,2025-07-18
469,Cliente 00469,La Libertad,sv,Mayorista,2025-07-22
470,Cliente 00470,San Salvador,GT,Constructor,2025-07-17
471,Cliente 00471,Cuscatlan,ELS,Hogar,2025-07-24
472,Cliente 00472,Usulutan,HN,Hogar,2025-08-18
473,Cliente 00473,San Miguel,SV,PyME,2025-10-14
474,Cliente 00474,San Miguel,sv,Hogar,2025-10-21
475,Cliente 00475,San Vicente,GT,,2025-06-08
476,Cliente 00476,La Paz,SV,Hogar,2025-01-01
477,Cliente 00477,,HN,,2025-10-26
478,Cliente 00478,La Paz,GT,Hogar,2025-01-06
479,Cliente 00479,santa ana,sv,Hogar,2025-08-01
480,Cliente 00480,SAN SALVADOR,NI,Mayorista,2025-10-05
481,Cliente 00481,Ahuachapan,ELS,PyME,2025-08-17
482,Cliente 00482,santa ana,SV,Mayorista,2025-12-26
483,Cliente 00483,santa ana,ELS,Constructor,2025-04-03
484,Cliente 00484,San Vicente,GT,Constructor,2025-07-26
485,Cliente 00485,Cuscatlan,ELS,PyME,2025-03-21
486,Cliente 00486,,sv,Hogar,2025-07-23
487,Cliente 00487,La Paz,GT,Mayorista,2025-10-06
488,Cliente 00488,SAN SALVADOR,ELS,Hogar,2025-12-12
489,Cliente 00489,Sonsonate,ELS,Constructor,2025-08-21
490,Cliente 00490,Cuscatlan,GT,PyME,2025-11-12
491,Cliente 00491,San Miguel,SV,,2025-10-19
C492,Cliente 00492,san salvador,sv,PyME,2025-03-03
493,Cliente 00493,santa ana,NI,Mayorista,2025-12-13
494,Cliente 00494,Morazan,HN,PyME,2025-03-15
495,Cliente 00495,,SV,PyME,2025-09-07
496,Cliente 00496,Santa Ana,sv,,2025-05-24
497,Cliente 00497,La Paz,SV,Constructor,2025-11-01
498,Cliente 00498,santa ana,NI,,2025-06-05
499,Cliente 00499,San Miguel,SV,Mayorista,2025-05-06
500,Cliente 00500,La Union,GT,Constructor,2025-08-19
501,Cliente 00501,Sonsonate,GT,Hogar,2025-08-23
502,Cliente 00502,Cuscatlan,sv,Constructor,2025-06-05
503,Cliente 00503,Morazan,SV,Mayorista,2025-12-09
504,Cliente 00504,,ELS,Hogar,2025-02-03
505,Cliente 00505,Usulutan,ELS,,2025-05-14
506,Cliente 00506,san salvador,HN,Mayorista,2025-06-27
507,Cliente 00507,Usulutan,ELS,Hogar,2025-01-15
508,Cliente 00508,Ahuachapan,NI,,2025-06-04
509,Cliente 00509,Usulutan,HN,Hogar,2025-01-04
510,Cliente 00510,Sonsonate,sv,Hogar,2025-06-14
511,Cliente 00511,san salvador,ELS,Hogar,2025-09-23
512,Cliente 00512,Sonsonate,GT,,2025-12-03
513,,,HN,Constructor,2025-11-25
514,Cliente 00514,Morazan,SV,Hogar,2025-02-02
515,Cliente 00515,Santa Ana,HN,Constructor,2025-12-10
516,Cliente 00516,Ahuachapan,ELS,Mayorista,2025-02-12
517,Cliente 00517,Santa Ana,ELS,Mayorista,2025-06-24
518,Cliente 00518,La Libertad,HN,PyME,2025-02-02
519,Cliente 00519,San Miguel,ELS,Constructor,2025-10-28
520,Cliente 00520,san salvador,NI,,2025-03-21
521,Cliente 00521,SAN SALVADOR,HN,,2025-10-27
522,Cliente 00522,,NI,Hogar,2025-05-19
523,Cliente 00523,La Union,sv,Hogar,2025-05-06
524,Cliente 00524,La Libertad,GT,PyME,2025-04-21
525,Cliente 00525,Cuscatlan,NI,,2025-08-19
526,Cliente 00526,La Union,SV,Mayorista,2025-09-11
527,Cliente 00527,Usulutan,sv,Constructor,2025-08-10
528,Cliente 00528,Ahuachapan,NI,,2025-01-11
529,Cliente 00529,Ahuachapan,HN,,2025-01-24
530,Cliente 00530,Cuscatlan,ELS,Constructor,2025-09-28
531,Cliente 00531,,ELS,Mayorista,2025-12-26
532,Cliente 00532,santa ana,ELS,PyME,2025-09-09
C533,Cliente 00533,La Union,GT,Hogar,2025-09-26
534,Cliente 00534,Morazan,NI,PyME,2025-05-01
535,Cliente 00535,Chalatenango,GT,Hogar,2025-04-12
536,Cliente 00536,La Paz,ELS,Hogar,2025-07-19
537,Cliente 00537,Usulutan,sv,Mayorista,2025-11-13
538,Cliente 00538,Santa Ana,NI,Constructor,2025-11-07
539,Cliente 00539,La Libertad,SV,Mayorista,2025-10-03
540,Cliente 00540,,ELS,PyME,2025-12-01
540,Cliente 00540,,ELS,PyME,2025-12-01
541,Cliente 00541,La Paz,ELS,Mayorista,2025-08-15
542,Cliente 00542,Cuscatlan,sv,,2025-09-21
543,Cliente 00543,Cuscatlan,NI,,2025-02-18
544,Cliente 00544,San Salvador,ELS,Constructor,2025-02-17
545,Cliente 00545,Morazan,SV,PyME,2025-11-21
546,Cliente 00546,Ahuachapan,SV,Mayorista,2025-10-21
547,Cliente 00547,La Union,GT,PyME,2025-02-09
548,Cliente 00548,Sonsonate,HN,Constructor,2025-05-24
549,Cliente 00549,,GT,Hogar,2025-09-02
550,Cliente 00550,San Vicente,ELS,Mayorista,2025-08-18
551,Cliente 00551,Santa Ana,GT,PyME,2025-12-09
552,Cliente 00552,Cuscatlan,GT,Constructor,2025-02-06
553,Cliente 00553,santa ana,SV,PyME,2025-09-27
554,Cliente 00554,Ahuachapan,HN,Constructor,2025-03-22
555,Cliente 00555,La Union,HN,Hogar,2025-03-22
556,Cliente 00556,Chalatenango,NI,Mayorista,2025-10-26
557,Cliente 00557,San Vicente,HN,Hogar,2025-08-13
558,Cliente 00558,,HN,,2025-08-17
559,Cliente 00559,Ahuachapan,HN,,2025-10-13
560,Cliente 00560,Santa Ana,GT,,2025-08-18
561,Cliente 00561,Chalatenango,ELS,Mayorista,2025-06-14
562,Cliente 00562,Morazan,SV,Constructor,2025-06-25
563,Cliente 00563,Usulutan,NI,,2025-04-28
564,Cliente 00564,Morazan,GT,Hogar,2025-09-18
565,Cliente 00565,La Paz,HN,Constructor,ayer
566,Cliente 00566,Cuscatlan,sv,Constructor,2025-05-17
567,Cliente 00567,,GT,Hogar,2025-08-15
568,Cliente 00568,Ahuachapan,HN,PyME,2025-07-21
569,Cliente 00569,Ahuachapan,SV,PyME,2025-03-01
570,,SAN SALVADOR,HN,Hogar,2025-08-06
571,Cliente 00571,santa ana,HN,Hogar,2025-04-25
572,Cliente 00572,La Union,GT,Constructor,2025-01-11
573,Cliente 00573,san salvador,GT,Mayorista,2025-08-17
C574,Cliente 00574,La Union,NI,Constructor,2025-06-16
575,Cliente 00575,SAN SALVADOR,SV,Hogar,2025-07-19
576,Cliente 00576,,HN,PyME,2025-10-07
577,Cliente 00577,Sonsonate,sv,Mayorista,2025-02-16
578,Cliente 00578,Ahuachapan,ELS,Hogar,2025-12-09
579,Cliente 00579,Sonsonate,ELS,Hogar,2025-02-11
580,Cliente 00580,Sonsonate,GT,,2025-08-07
581,Cliente 00581,Cuscatlan,GT,Mayorista,2025-12-10
582,Cliente 00582,La Paz,SV,Constructor,2025-08-07
583,Cliente 00583,santa ana,sv,Hogar,2025-03-25
584,Cliente 00584,Ahuachapan,ELS,PyME,2025-09-16
585,Cliente 00585,,GT,Hogar,2025-04-06
586,Cliente 00586,San Vicente,ELS,Constructor,2025-01-10
587,Cliente 00587,La Libertad,SV,,2025-07-09
588,Cliente 00588,San Miguel,HN,PyME,2025-05-27
589,Cliente 00589,Sonsonate,SV,Constructor,2025-04-07
590,Cliente 00590,La Union,HN,Hogar,2025-09-25
591,Cliente 00591,Sonsonate,HN,Hogar,2025-11-10
592,Cliente 00592,La Union,GT,Constructor,2025-05-03
593,Cliente 00593,La Union,HN,Mayorista,2025-07-06
594,Cliente 00594,,NI,Mayorista,2025-02-05
595,Cliente 00595,Chalatenango,NI,PyME,2025-01-26
596,Cliente 00596,Usulutan,NI,PyME,2025-07-12
597,Cliente 00597,SAN SALVADOR,SV,Mayorista,2025-03-13
598,Cliente 00598,La Union,HN,PyME,2025-06-24
599,Cliente 00599,san salvador,sv,Mayorista,2025-02-02
600,Cliente 00600,Chalatenango,sv,,2025-07-12
601,Cliente 00601,Usulutan,GT,Hogar,2025-06-12
602,Cliente 00602,SAN SALVADOR,NI,,2025-04-02
603,Cliente 00603,,SV,Hogar,2025-08-03
604,Cliente 00604,Usulutan,GT,Constructor,2025-06-11
605,Cliente 00605,San Vicente,sv,PyME,2025-04-28
606,Cliente 00606,Ahuachapan,HN,,2025-09-08
607,Cliente 00607,san salvador,sv,PyME,2025-07-23
608,Cliente 00608,La Union,ELS,,2025-01-17
609,Cliente 00609,San Miguel,sv,PyME,2025-09-26
610,Cliente 00610,Ahuachapan,sv,Hogar,2025-06-28
611,Cliente 00611,San Salvador,NI,Mayorista,2025-02-20
612,Cliente 00612,,sv,PyME,2025-08-12
613,Cliente 00613,La Union,sv,Constructor,2025-05-18
614,Cliente 00614,La Libertad,ELS,Constructor,2025-08-09
C615,Cliente 00615,Usulutan,NI,Constructor,2025-02-20
616,Cliente 00616,La Union,NI,Constructor,2025-10-21
617,Cliente 00617,Sonsonate,NI,,2025-03-20
618,Cliente 00618,SAN SALVADOR,GT,Hogar,2025-12-07
619,Cliente 00619,Morazan,SV,PyME,2025-12-18
620,Cliente 00620,San Vicente,sv,Hogar,2025-11-08
621,Cliente 00621,,GT,Constructor,2025-03-28
622,Cliente 00622,Morazan,HN,Hogar,2025-06-16
623,Cliente 00623,Morazan,SV,Constructor,2025-12-25
624,Cliente 00624,Santa Ana,NI,,2025-04-25
625,Cliente 00625,La Paz,GT,Hogar,2025-03-11
626,Cliente 00626,La Libertad,HN,,2025-12-06
627,,La Union,GT,Constructor,2025-12-08
628,Cliente 00628,San Vicente,SV,Mayorista,2025-04-01
629,Cliente 00629,San Salvador,HN,Hogar,2025-09-13
630,Cliente 00630,,sv,Mayorista,2025-08-08
631,Cliente 00631,santa ana,GT,Constructor,2025-05-11
632,Cliente 00632,San Miguel,GT,Constructor,2025-04-14
633,Cliente 00633,San Salvador,ELS,PyME,2025-02-02
634,Cliente 00634,Usulutan,NI,Hogar,2025-08-06
635,Cliente 00635,Cuscatlan,SV,Constructor,2025-11-22
636,Cliente 00636,santa ana,sv,Constructor,2025-02-11
637,Cliente 00637,santa ana,SV,Mayorista,2025-11-11
638,Cliente 00638,La Paz,GT,Mayorista,2025-12-26
639,Cliente 00639,,ELS,PyME,2025-07-01
640,Cliente 00640,Chalatenango,HN,Hogar,2025-09-17
641,Cliente 00641,Chalatenango,HN,,2025-04-17
642,Cliente 00642,La Libertad,sv,,2025-10-24
643,Cliente 00643,San Salvador,GT,Mayorista,2025-01-20
644,Cliente 00644,Santa Ana,sv,Hogar,2025-08-11
645,Cliente 00645,La Paz,SV,Mayorista,2025-01-04
646,Cliente 00646,Cuscatlan,HN,Mayorista,2025-08-13
647,Cliente 00647,Usulutan,ELS,Mayorista,2025-10-15
648,Cliente 00648,,HN,PyME,2025-08-14
649,Cliente 00649,Santa Ana,GT,Mayorista,2025-12-14
650,Cliente 00650,san salvador,sv,Constructor,2025-03-07
651,Cliente 00651,Cuscatlan,ELS,,2025-07-23
652,Cliente 00652,Cuscatlan,SV,PyME,2025-07-22
653,Cliente 00653,La Libertad,GT,Constructor,2025-05-24
654,Cliente 00654,San Vicente,ELS,Hogar,2025-06-10
655,Cliente 00655,La Paz,GT,PyME,2025-04-21
C656,Cliente 00656,Sonsonate,GT,Constructor,2025-11-25
657,Cliente 00657,,sv,Mayorista,2025-11-13
658,Cliente 00658,Sonsonate,SV,Constructor,2025-05-13
659,Cliente 00659,Santa Ana,HN,Hogar,2025-02-27
660,Cliente 00660,La Libertad,sv,Hogar,2025-08-18
661,Cliente 00661,San Miguel,SV,Constructor,2025-05-01
662,Cliente 00662,Usulutan,HN,Hogar,2025-06-07
663,Cliente 00663,San Miguel,SV,Mayorista,2025-11-17
664,Cliente 00664,La Paz,SV,Mayorista,2025-09-23
665,Cliente 00665,Usulutan,ELS,PyME,2025-11-24
666,Cliente 00666,,SV,Mayorista,2025-04-14
667,Cliente 00667,La Paz,ELS,Hogar,2025-03-25
668,Cliente 00668,La Paz,NI,PyME,2025-06-12
669,Cliente 00669,La Union,NI,Mayorista,2025-06-04
670,Cliente 00670,San Vicente,ELS,Mayorista,2025-03-24
671,Cliente 00671,Morazan,SV,Hogar,2025-02-05
672,Cliente 00672,san salvador,NI,PyME,2025-07-13
673,Cliente 00673,San Miguel,GT,,2025-08-07
674,Cliente 00674,Morazan,GT,Mayorista,2025-07-14
675,Cliente 00675,,HN,Mayorista,2025-02-13
676,Cliente 00676,La Paz,sv,Hogar,2025-07-09
677,Cliente 00677,Santa Ana,HN,,2025-11-09
678,Cliente 00678,San Salvador,HN,,ayer
679,Cliente 00679,La Paz,HN,Mayorista,2025-05-20
680,Cliente 00680,Cuscatlan,sv,PyME,2025-05-12
681,Cliente 00681,San Salvador,SV,Constructor,2025-08-04
682,Cliente 00682,Usulutan,NI,,2025-01-16
683,Cliente 00683,San Miguel,GT,,2025-06-12
684,,,SV,Constructor,2025-04-20
685,Cliente 00685,La Paz,ELS,Constructor,2025-01-05
686,Cliente 00686,Chalatenango,sv,Hogar,2025-10-14
687,Cliente 00687,san salvador,GT,Mayorista,2025-04-18
688,Cliente 00688,Morazan,ELS,PyME,2025-06-04
689,Cliente 00689,san salvador,ELS,Mayorista,2025-01-17
690,Cliente 00690,San Vicente,GT,Hogar,2025-12-08
691,Cliente 00691,La Paz,ELS,Hogar,2025-05-25
692,Cliente 00692,La Paz,NI,,2025-02-13
693,Cliente 00693,,sv,PyME,2025-07-23
694,Cliente 00694,San Miguel,ELS,,2025-03-04
695,Cliente 00695,San Vicente,NI,Hogar,2025-08-18
696,Cliente 00696,La Paz,ELS,Constructor,2025-12-09
C697,Cliente 00697,santa ana,HN,Constructor,2025-12-11
698,Cliente 00698,santa ana,sv,PyME,2025-11-11
699,Cliente 00699,San Salvador,NI,Constructor,2025-04-25
700,Cliente 00700,La Union,SV,,2025-08-14
701,Cliente 00701,san salvador,ELS,PyME,2025-05-07
702,Cliente 00702,,HN,Hogar,2025-08-05
703,Cliente 00703,SAN SALVADOR,GT,,2025-04-20
704,Cliente 00704,La Union,GT,,2025-02-25
705,Cliente 00705,Morazan,sv,Hogar,2025-01-09
706,Cliente 00706,Santa Ana,SV,PyME,2025-06-27
707,Cliente 00707,San Miguel,ELS,Mayorista,2025-09-15
708,Cliente 00708,Chalatenango,sv,Hogar,2025-01-12
709,Cliente 00709,san salvador,sv,,2025-08-27
710,Cliente 00710,San Vicente,ELS,Mayorista,2025-05-17
711,Cliente 00711,,HN,Mayorista,2025-09-03
712,Cliente 00712,san salvador,NI,Hogar,2025-01-17
713,Cliente 00713,Santa Ana,SV,PyME,2025-04-05
714,Cliente 00714,san salvador,HN,PyME,2025-01-14
715,Cliente 00715,Chalatenango,ELS,Mayorista,2025-08-03
716,Cliente 00716,santa ana,sv,Mayorista,2025-07-06
717,Cliente 00717,La Paz,NI,PyME,2025-01-23
718,Cliente 00718,Ahuachapan,ELS,PyME,2025-04-03
719,Cliente 00719,Cuscatlan,SV,,2025-09-04
720,Cliente 00720,,ELS,Constructor,2025-04-07
720,Cliente 00720,,ELS,Constructor,2025-04-07
721,Cliente 00721,San Vicente,GT,Hogar,2025-01-03
722,Cliente 00722,San Miguel,SV,PyME,2025-11-02
723,Cliente 00723,Cuscatlan,GT,Mayorista,2025-02-05
724,Cliente 00724,San Salvador,NI,Constructor,2025-06-19
725,Cliente 00725,La Libertad,NI,PyME,2025-09-05
726,Cliente 00726,La Union,SV,Mayorista,2025-11-24
727,Cliente 00727,san salvador,SV,Constructor,2025-07-12
728,Cliente 00728,San Vicente,GT,Hogar,2025-03-14
729,Cliente 00729,,ELS,PyME,2025-05-19
730,Cliente 00730,SAN SALVADOR,sv,,2025-02-04
731,Cliente 00731,Ahuachapan,NI,Mayorista,2025-11-28
732,Cliente 00732,San Miguel,SV,PyME,2025-03-26
733,Cliente 00733,La Union,NI,,2025-09-08
734,Cliente 00734,santa ana,GT,Hogar,2025-07-26
735,Cliente 00735,Sonsonate,sv,,2025-03-18
736,Cliente 00736,La Union,SV,Hogar,2025-01-06
737,Cliente 00737,Usulutan,NI,,2025-03-10
C738,Cliente 00738,,ELS,PyME,2025-02-09
739,Cliente 00739,La Libertad,SV,PyME,2025-06-16
740,Cliente 00740,La Paz,sv,Hogar,2025-01-26
741,,La Libertad,NI,Constructor,2025-08-24
742,Cliente 00742,Cuscatlan,SV,,2025-12-11
743,Cliente 00743,Sonsonate,SV,,2025-06-12
744,Cliente 00744,santa ana,SV,Hogar,2025-02-25
745,Cliente 00745,Santa Ana,GT,,2025-08-23
746,Cliente 00746,santa ana,HN,Constructor,2025-05-02
747,Cliente 00747,,SV,Constructor,2025-07-15
748,Cliente 00748,San Miguel,SV,Mayorista,2025-02-03
749,Cliente 00749,San Miguel,NI,Hogar,2025-12-04
750,Cliente 00750,Cuscatlan,HN,Constructor,2025-05-12
751,Cliente 00751,Chalatenango,HN,Constructor,2025-11-03
752,Cliente 00752,La Union,GT,Hogar,2025-09-25
753,Cliente 00753,Sonsonate,ELS,Hogar,2025-10-18
754,Cliente 00754,La Libertad,NI,,2025-05-08
755,Cliente 00755,Usulutan,HN,Hogar,2025-11-04
756,Cliente 00756,,HN,Hogar,2025-08-01
757,Cliente 00757,SAN SALVADOR,ELS,Mayorista,2025-09-09
758,Cliente 00758,santa ana,SV,Constructor,2025-01-25
759,Cliente 00759,Usulutan,NI,,2025-02-17
760,Cliente 00760,San Salvador,ELS,PyME,2025-06-24
761,Cliente 00761,san salvador,SV,,2025-02-27
762,Cliente 00762,Cuscatlan,ELS,PyME,2025-01-02
763,Cliente 00763,La Libertad,NI,Constructor,2025-07-17
764,Cliente 00764,Ahuachapan,sv,Hogar,2025-04-10
765,Cliente 00765,,SV,Mayorista,2025-07-10
766,Cliente 00766,Santa Ana,ELS,PyME,2025-05-19
767,Cliente 00767,La Paz,GT,Hogar,2025-06-08
768,Cliente 00768,La Libertad,GT,Constructor,2025-07-05
769,Cliente 00769,san salvador,SV,Hogar,2025-02-01
770,Cliente 00770,San Vicente,ELS,PyME,2025-01-16
771,Cliente 00771,San Salvador,NI,Hogar,2025-12-21
772,Cliente 00772,Santa Ana,ELS,PyME,2025-08-20
773,Cliente 00773,Santa Ana,SV,Hogar,2025-08-05
774,Cliente 00774,,GT,Hogar,2025-08-06
775,Cliente 00775,santa ana,ELS,Constructor,2025-10-26
776,Cliente 00776,Usulutan,HN,Hogar,2025-05-12
777,Cliente 00777,santa ana,HN,PyME,2025-11-03
778,Cliente 00778,Sonsonate,SV,PyME,2025-10-01
C779,Cliente 00779,San Salvador,NI,PyME,2025-07-09
780,Cliente 00780,Ahuachapan,SV,,2025-02-17
781,Cliente 00781,Morazan,HN,Constructor,2025-11-07
782,Cliente 00782,Cuscatlan,SV,Mayorista,2025-07-25
783,Cliente 00783,,SV,PyME,2025-03-27
784,Cliente 00784,Ahuachapan,HN,Mayorista,2025-11-12
785,Cliente 00785,Morazan,NI,Mayorista,2025-10-19
786,Cliente 00786,Chalatenango,NI,Hogar,2025-08-19
787,Cliente 00787,Ahuachapan,GT,Constructor,2025-04-05
788,Cliente 00788,Santa Ana,NI,Hogar,2025-08-27
789,Cliente 00789,San Vicente,sv,Constructor,2025-08-11
790,Cliente 00790,Chalatenango,NI,Hogar,2025-10-02
791,Cliente 00791,san salvador,HN,PyME,ayer
792,Cliente 00792,,ELS,Constructor,2025-05-19
793,Cliente 00793,La Libertad,ELS,PyME,2025-10-15
794,Cliente 00794,La Union,SV,Mayorista,2025-08-15
795,Cliente 00795,Sonsonate,HN,Constructor,2025-05-26
796,Cliente 00796,San Salvador,ELS,Hogar,2025-05-24
797,Cliente 00797,Sonsonate,HN,Hogar,2025-06-19
798,,Cuscatlan,ELS,Hogar,2025-01-07
799,Cliente 00799,Ahuachapan,NI,Hogar,2025-08-11
800,Cliente 00800,Santa Ana,sv,PyME,2025-09-21
801,Cliente 00801,,SV,,2025-12-11
802,Cliente 00802,Morazan,NI,,2025-01-08
803,Cliente 00803,Cuscatlan,sv,Constructor,2025-06-10
804,Cliente 00804,Morazan,sv,Mayorista,2025-09-11
805,Cliente 00805,San Vicente,sv,Hogar,2025-04-02
806,Cliente 00806,Chalatenango,SV,Mayorista,2025-11-25
807,Cliente 00807,Santa Ana,GT,Mayorista,2025-07-27
808,Cliente 00808,La Union,SV,Constructor,2025-12-05
809,Cliente 00809,Morazan,ELS,Hogar,2025-12-15
810,Cliente 00810,,SV,PyME,2025-04-21
811,Cliente 00811,Morazan,HN,,2025-11-13
812,Cliente 00812,Chalatenango,sv,,2025-07-10
813,Cliente 00813,santa ana,sv,Mayorista,2025-07-17
814,Cliente 00814,La Union,HN,PyME,2025-05-28
815,Cliente 00815,santa ana,GT,Constructor,2025-06-13
816,Cliente 00816,san salvador,NI,PyME,2025-05-19
817,Cliente 00817,Morazan,NI,Hogar,2025-03-07
818,Cliente 00818,La Paz,sv,,2025-07-28
819,Cliente 00819,,NI,Hogar,2025-04-04
C820,Cliente 00820,La Paz,HN,Constructor,2025-11-16
821,Cliente 00821,SAN SALVADOR,SV,Constructor,2025-03-09
822,Cliente 00822,Santa Ana,HN,,2025-05-16
823,Cliente 00823,Chalatenango,ELS,PyME,2025-12-22
824,Cliente 00824,santa ana,HN,Constructor,2025-04-20
825,Cliente 00825,La Union,HN,,2025-10-07
826,Cliente 00826,San Miguel,sv,Mayorista,2025-10-25
827,Cliente 00827,Sonsonate,SV,Hogar,2025-10-11
828,Cliente 00828,,SV,Hogar,2025-08-19
829,Cliente 00829,San Salvador,NI,PyME,2025-08-16
830,Cliente 00830,Chalatenango,sv,Hogar,2025-07-06
831,Cliente 00831,SAN SALVADOR,ELS,Constructor,2025-12-14
832,Cliente 00832,Santa Ana,sv,Constructor,2025-04-23
833,Cliente 00833,La Union,NI,,2025-07-11
834,Cliente 00834,Ahuachapan,NI,Mayorista,2025-03-02
835,Cliente 00835,Chalatenango,ELS,Constructor,2025-09-19
836,Cliente 00836,La Union,HN,Mayorista,2025-05-21
837,Cliente 00837,,sv,PyME,2025-04-21
838,Cliente 00838,Cuscatlan,SV,Mayorista,2025-11-26
839,Cliente 00839,San Miguel,ELS,,2025-10-13
840,Cliente 00840,Cuscatlan,ELS,,2025-12-11
841,Cliente 00841,San Salvador,GT,Hogar,2025-04-12
842,Cliente 00842,La Libertad,NI,Constructor,2025-10-26
843,Cliente 00843,La Libertad,GT,,2025-07-08
844,Cliente 00844,Cuscatlan,NI,Mayorista,2025-12-18
845,Cliente 00845,san salvador,SV,Mayorista,2025-05-04
846,Cliente 00846,,GT,PyME,2025-11-12
847,Cliente 00847,Morazan,ELS,,2025-06-05
848,Cliente 00848,Cuscatlan,NI,,2025-02-22
849,Cliente 00849,SAN SALVADOR,sv,Hogar,2025-07-22
850,Cliente 00850,Ahuachapan,SV,,2025-08-03
851,Cliente 00851,Santa Ana,SV,Hogar,2025-06-23
852,Cliente 00852,santa ana,ELS,,2025-01-02
853,Cliente 00853,San Vicente,ELS,Hogar,2025-05-24
854,Cliente 00854,santa ana,HN,PyME,2025-01-21
855,,,HN,PyME,2025-05-03
856,Cliente 00856,San Salvador,HN,Hogar,2025-05-02
857,Cliente 00857,La Union,GT,Constructor,2025-05-10
858,Cliente 00858,Cuscatlan,SV,Mayorista,2025-02-19
859,Cliente 00859,Cuscatlan,ELS,Mayorista,2025-08-27
860,Cliente 00860,La Libertad,SV,,2025-05-12
C861,Cliente 00861,La Libertad,NI,Hogar,2025-05-11
862,Cliente 00862,La Libertad,SV,PyME,2025-06-10
863,Cliente 00863,Usulutan,SV,PyME,2025-02-26
864,Cliente 00864,,SV,Mayorista,2025-11-25
865,Cliente 00865,Usulutan,SV,Constructor,2025-06-09
866,Cliente 00866,La Union,HN,,2025-03-26
867,Cliente 00867,San Salvador,ELS,PyME,2025-11-02
868,Cliente 00868,Ahuachapan,GT,,2025-08-20
869,Cliente 00869,San Salvador,SV,Hogar,2025-03-11
870,Cliente 00870,Santa Ana,NI,Constructor,2025-08-28
871,Cliente 00871,San Vicente,NI,,2025-11-09
872,Cliente 00872,Cuscatlan,ELS,Hogar,2025-03-26
873,Cliente 00873,,GT,Mayorista,2025-02-18
874,Cliente 00874,Morazan,HN,Constructor,2025-02-21
875,Cliente 00875,Morazan,HN,Constructor,2025-10-14
876,Cliente 00876,San Salvador,sv,Hogar,2025-08-09
877,Cliente 00877,SAN SALVADOR,HN,Mayorista,2025-10-11
878,Cliente 00878,SAN SALVADOR,SV,Hogar,2025-12-12
879,Cliente 00879,Ahuachapan,GT,Constructor,2025-10-18
880,Cliente 00880,Cuscatlan,ELS,,2025-05-22
881,Cliente 00881,Cuscatlan,SV,,2025-06-16
882,Cliente 00882,,sv,Constructor,2025-09-04
883,Cliente 00883,Sonsonate,sv,Mayorista,2025-09-11
884,Cliente 00884,Sonsonate,HN,Hogar,2025-03-20
885,Cliente 00885,Cuscatlan,sv,Constructor,2025-08-13
886,Cliente 00886,Cuscatlan,SV,Constructor,2025-01-23
887,Cliente 00887,Santa Ana,ELS,,2025-07-24
888,Cliente 00888,SAN SALVADOR,NI,PyME,2025-05-25
889,Cliente 00889,SAN SALVADOR,ELS,Mayorista,2025-05-08
890,Cliente 00890,san salvador,sv,PyME,2025-08-02
891,Cliente 00891,,GT,,2025-09-08
892,Cliente 00892,Ahuachapan,SV,,2025-01-08
893,Cliente 00893,San Miguel,GT,Hogar,2025-10-05
894,Cliente 00894,La Paz,sv,Constructor,2025-04-28
895,Cliente 00895,San Miguel,HN,,2025-12-20
896,Cliente 00896,Cuscatlan,NI,,2025-07-16
897,Cliente 00897,san salvador,sv,Mayorista,2025-05-05
898,Cliente 00898,La Paz,SV,Constructor,2025-08-28
899,Cliente 00899,La Union,ELS,Constructor,2025-01-18
900,Cliente 00900,,SV,,2025-12-11
900,Cliente 00900,,SV,,2025-12-11
901,Cliente 00901,San Salvador,GT,PyME,2025-10-25
C902,Cliente 00902,San Miguel,HN,PyME,2025-04-19
903,Cliente 00903,Santa Ana,SV,PyME,2025-02-16
904,Cliente 00904,san salvador,HN,Hogar,ayer
905,Cliente 00905,La Paz,ELS,Mayorista,2025-02-19
906,Cliente 00906,Morazan,NI,Mayorista,2025-09-07
907,Cliente 00907,Santa Ana,ELS,,2025-11-23
908,Cliente 00908,Chalatenango,SV,,2025-04-09
909,Cliente 00909,,NI,PyME,2025-04-01
910,Cliente 00910,Usulutan,SV,Constructor,2025-05-03
911,Cliente 00911,San Vicente,NI,PyME,2025-06-20
912,,San Miguel,HN,Constructor,2025-07-07
913,Cliente 00913,SAN SALVADOR,sv,Hogar,2025-03-15
914,Cliente 00914,La Paz,HN,PyME,2025-07-06
915,Cliente 00915,La Paz,SV,Hogar,2025-02-16
916,Cliente 00916,La Paz,NI,Constructor,2025-05-14
917,Cliente 00917,Chalatenango,SV,PyME,2025-12-06
918,Cliente 00918,,HN,PyME,2025-06-24
919,Cliente 00919,La Paz,HN,Hogar,2025-09-03
920,Cliente 00920,San Vicente,sv,Mayorista,2025-03-03
921,Cliente 00921,Ahuachapan,SV,Constructor,2025-06-09
922,Cliente 00922,Morazan,SV,,2025-01-21
923,Cliente 00923,santa ana,NI,PyME,2025-12-21
924,Cliente 00924,San Miguel,sv,PyME,2025-12-09
925,Cliente 00925,La Union,GT,Constructor,2025-01-11
926,Cliente 00926,Ahuachapan,sv,Constructor,2025-05-05
927,Cliente 00927,,ELS,PyME,2025-02-25
928,Cliente 00928,San Miguel,SV,Hogar,2025-12-10
929,Cliente 00929,Santa Ana,sv,,2025-05-07
930,Cliente 00930,San Miguel,NI,Hogar,2025-05-09
931,Cliente 00931,La Union,GT,Constructor,2025-04-27
932,Cliente 00932,Sonsonate,NI,,2025-03-07
933,Cliente 00933,San Miguel,HN,PyME,2025-08-16
934,Cliente 00934,Usulutan,HN,Constructor,2025-01-27
935,Cliente 00935,SAN SALVADOR,sv,PyME,2025-09-05
936,Cliente 00936,,sv,PyME,2025-09-10
937,Cliente 00937,san salvador,GT,PyME,2025-01-09
938,Cliente 00938,Morazan,NI,Constructor,2025-03-08
939,Cliente 00939,san salvador,sv,Constructor,2025-10-01
940,Cliente 00940,La Union,ELS,Constructor,2025-08-19
941,Cliente 00941,san salvador,HN,Constructor,2025-06-09
942,Cliente 00942,La Libertad,sv,,2025-11-08
C943,Cliente 00943,San Salvador,HN,Constructor,2025-02-14
944,Cliente 00944,Usulutan,ELS,Hogar,2025-12-07
945,Cliente 00945,,sv,Hogar,2025-08-14
946,Cliente 00946,Chalatenango,NI,PyME,2025-07-09
947,Cliente 00947,Cuscatlan,SV,Constructor,2025-09-17
948,Cliente 00948,Morazan,SV,Mayorista,2025-09-09
949,Cliente 00949,san salvador,ELS,Hogar,2025-10-10
950,Cliente 00950,Cuscatlan,SV,Mayorista,2025-06-09
951,Cliente 00951,santa ana,GT,,2025-02-23
952,Cliente 00952,La Paz,sv,Constructor,2025-04-04
953,Cliente 00953,Cuscatlan,SV,Mayorista,2025-06-19
954,Cliente 00954,,SV,Hogar,2025-06-02
955,Cliente 00955,Morazan,SV,PyME,2025-02-08
956,Cliente 00956,Sonsonate,SV,Hogar,2025-02-09
957,Cliente 00957,Chalatenango,ELS,,2025-05-25
958,Cliente 00958,La Union,NI,,2025-10-22
959,Cliente 00959,La Paz,SV,,2025-02-14
960,Cliente 00960,Usulutan,GT,PyME,2025-04-01
961,Cliente 00961,Cuscatlan,HN,Constructor,2025-04-06
962,Cliente 00962,Usulutan,ELS,Constructor,2025-07-11
963,Cliente 00963,,NI,PyME,2025-08-01
964,Cliente 00964,La Union,SV,Hogar,2025-07-05
965,Cliente 00965,San Salvador,SV,PyME,2025-10-24
966,Cliente 00966,Santa Ana,ELS,Hogar,2025-03-27
967,Cliente 00967,La Libertad,sv,Constructor,2025-01-03
968,Cliente 00968,La Paz,HN,PyME,2025-11-05
969,,Cuscatlan,NI,PyME,2025-04-23
970,Cliente 00970,Cuscatlan,HN,Mayorista,2025-11-13
971,Cliente 00971,Usulutan,HN,Hogar,2025-08-26
972,Cliente 00972,,GT,Hogar,2025-04-10
973,Cliente 00973,San Miguel,SV,Mayorista,2025-08-22
974,Cliente 00974,Ahuachapan,SV,Mayorista,2025-06-11
975,Cliente 00975,La Paz,sv,,2025-06-09
976,Cliente 00976,La Paz,GT,Mayorista,2025-11-16
977,Cliente 00977,San Vicente,GT,PyME,2025-05-09
978,Cliente 00978,Santa Ana,SV,PyME,2025-12-07
979,Cliente 00979,La Libertad,ELS,Hogar,2025-11-18
980,Cliente 00980,Morazan,sv,Constructor,2025-05-10
981,Cliente 00981,,GT,Constructor,2025-05-28
982,Cliente 00982,Sonsonate,sv,PyME,2025-10-10
983,Cliente 00983,La Libertad,NI,Hogar,2025-04-02
C984,Cliente 00984,Ahuachapan,HN,Constructor,2025-02-27
985,Cliente 00985,La Paz,sv,Constructor,2025-08-27
986,Cliente 00986,San Miguel,SV,Mayorista,2025-02-01
987,Cliente 00987,SAN SALVADOR,NI,PyME,2025-07-06
988,Cliente 00988,La Paz,SV,PyME,2025-01-23
989,Cliente 00989,Usulutan,GT,Hogar,2025-12-25
990,Cliente 00990,,NI,,2025-07-14
991,Cliente 00991,Usulutan,SV,Constructor,2025-06-26
992,Cliente 00992,Sonsonate,NI,Mayorista,2025-12-07
993,Cliente 00993,La Union,ELS,,2025-03-14
994,Cliente 00994,Usulutan,SV,,2025-09-13
995,Cliente 00995,San Miguel,SV,Constructor,2025-05-16
996,Cliente 00996,La Paz,NI,Hogar,2025-03-21
997,Cliente 00997,La Paz,NI,Constructor,2025-07-26
998,Cliente 00998,santa ana,sv,Hogar,2025-01-06
999,Cliente 00999,,sv,,2025-09-28
1000,Cliente 01000,La Union,HN,,2025-09-19
1001,Cliente 01001,Chalatenango,SV,Hogar,2025-09-18
1002,Cliente 01002,santa ana,HN,PyME,2025-03-11
1003,Cliente 01003,Ahuachapan,NI,,2025-10-08
1004,Cliente 01004,La Union,ELS,,2025-02-10
1005,Cliente 01005,Morazan,NI,Constructor,2025-03-11
1006,Cliente 01006,Sonsonate,sv,Constructor,2025-04-27
1007,Cliente 01007,Morazan,sv,Hogar,2025-09-23
1008,Cliente 01008,,ELS,Mayorista,2025-07-21
1009,Cliente 01009,Ahuachapan,sv,Constructor,2025-10-03
1010,Cliente 01010,La Union,HN,,2025-12-03
1011,Cliente 01011,SAN SALVADOR,HN,Hogar,2025-12-13
1012,Cliente 01012,La Libertad,NI,Mayorista,2025-11-16
1013,Cliente 01013,Santa Ana,SV,Mayorista,2025-03-20
1014,Cliente 01014,Usulutan,sv,Constructor,2025-07-27
1015,Cliente 01015,Ahuachapan,HN,PyME,2025-04-12
1016,Cliente 01016,Ahuachapan,ELS,Constructor,2025-11-28
1017,Cliente 01017,,GT,PyME,ayer
1018,Cliente 01018,San Vicente,sv,PyME,2025-08-09
1019,Cliente 01019,La Union,HN,PyME,2025-07-02
1020,Cliente 01020,santa ana,HN,PyME,2025-03-11
1021,Cliente 01021,Sonsonate,HN,Constructor,2025-02-28
1022,Cliente 01022,La Union,sv,Constructor,2025-09-21
1023,Cliente 01023,santa ana,HN,Mayorista,2025-05-22
1024,Cliente 01024,Cuscatlan,ELS,PyME,2025-12-18
C1025,Cliente 01025,Usulutan,sv,,2025-09-28
1026,,,NI,Mayorista,2025-04-28
1027,Cliente 01027,La Libertad,HN,PyME,2025-07-14
1028,Cliente 01028,San Miguel,NI,Hogar,2025-03-05
1029,Cliente 01029,San Miguel,NI,Hogar,2025-01-22
1030,Cliente 01030,santa ana,HN,,2025-08-18
1031,Cliente 01031,SAN SALVADOR,ELS,Constructor,2025-08-17
1032,Cliente 01032,Chalatenango,SV,Constructor,2025-03-03
1033,Cliente 01033,San Salvador,sv,Mayorista,2025-08-17
1034,Cliente 01034,Chalatenango,HN,Mayorista,2025-04-19
1035,Cliente 01035,,NI,PyME,2025-12-28
1036,Cliente 01036,San Vicente,SV,Hogar,2025-01-22
1037,Cliente 01037,Santa Ana,NI,Mayorista,2025-02-26
1038,Cliente 01038,La Union,HN,Constructor,2025-11-28
1039,Cliente 01039,Morazan,HN,PyME,2025-06-22
1040,Cliente 01040,san salvador,ELS,Hogar,2025-11-14
1041,Cliente 01041,SAN SALVADOR,HN,Mayorista,2025-03-12
1042,Cliente 01042,santa ana,ELS,Hogar,2025-07-23
1043,Cliente 01043,Morazan,sv,Hogar,2025-04-16
1044,Cliente 01044,,ELS,,2025-05-11
1045,Cliente 01045,Sonsonate,HN,Hogar,2025-01-12
1046,Cliente 01046,SAN SALVADOR,sv,Constructor,2025-02-16
1047,Cliente 01047,san salvador,sv,Hogar,2025-04-14
1048,Cliente 01048,santa ana,ELS,,2025-04-05
1049,Cliente 01049,La Paz,HN,Mayorista,2025-01-07
1050,Cliente 01050,san salvador,HN,Constructor,2025-08-13
1051,Cliente 01051,La Libertad,sv,Mayorista,2025-06-12
1052,Cliente 01052,La Paz,HN,,2025-08-01
1053,Cliente 01053,,sv,,2025-06-21
1054,Cliente 01054,santa ana,ELS,Hogar,2025-04-05
1055,Cliente 01055,Ahuachapan,HN,PyME,2025-05-02
1056,Cliente 01056,San Vicente,HN,PyME,2025-05-26
1057,Cliente 01057,santa ana,ELS,Hogar,2025-06-25
1058,Cliente 01058,Ahuachapan,GT,,2025-03-15
1059,Cliente 01059,San Miguel,ELS,Constructor,2025-05-02
1060,Cliente 01060,Chalatenango,sv,Mayorista,2025-04-16
1061,Cliente 01061,Ahuachapan,SV,Hogar,2025-03-10
1062,Cliente 01062,,SV,,2025-05-21
1063,Cliente 01063,Usulutan,SV,Mayorista,2025-05-04
1064,Cliente 01064,SAN SALVADOR,sv,,2025-08-10
1065,Cliente 01065,SAN SALVADOR,ELS,Hogar,2025-11-11
C1066,Cliente 01066,San Salvador,SV,Mayorista,2025-11-03
1067,Cliente 01067,Usulutan,SV,Mayorista,2025-07-11
1068,Cliente 01068,san salvador,SV,Constructor,2025-05-19
1069,Cliente 01069,Usulutan,sv,Constructor,2025-06-05
1070,Cliente 01070,Morazan,HN,Constructor,2025-02-14
1071,Cliente 01071,,HN,PyME,2025-12-15
1072,Cliente 01072,san salvador,NI,,2025-04-19
1073,Cliente 01073,Morazan,ELS,,2025-11-27
1074,Cliente 01074,santa ana,HN,Constructor,2025-12-21
1075,Cliente 01075,San Vicente,sv,,2025-10-12
1076,Cliente 01076,Usulutan,GT,Hogar,2025-03-26
1077,Cliente 01077,Morazan,ELS,Constructor,2025-04-24
1078,Cliente 01078,santa ana,ELS,Constructor,2025-11-04
1079,Cliente 01079,Chalatenango,ELS,Mayorista,2025-07-02
1080,Cliente 01080,,ELS,,2025-07-09
1080,Cliente 01080,,ELS,,2025-07-09
1081,Cliente 01081,San Miguel,NI,Mayorista,2025-08-28
1082,Cliente 01082,Chalatenango,SV,Constructor,2025-02-19
1083,,La Paz,NI,Constructor,2025-08-06
1084,Cliente 01084,La Paz,GT,,2025-06-22
1085,Cliente 01085,La Libertad,sv,PyME,2025-12-14
1086,Cliente 01086,Chalatenango,SV,,2025-04-12
1087,Cliente 01087,San Salvador,HN,Constructor,2025-08-26
1088,Cliente 01088,San Miguel,sv,,2025-08-08
1089,Cliente 01089,,NI,PyME,2025-12-28
1090,Cliente 01090,Chalatenango,ELS,PyME,2025-05-07
1091,Cliente 01091,Santa Ana,sv,Constructor,2025-06-22
1092,Cliente 01092,san salvador,sv,PyME,2025-03-19
1093,Cliente 01093,La Paz,GT,Mayorista,2025-10-15
1094,Cliente 01094,Cuscatlan,ELS,Mayorista,2025-06-23
1095,Cliente 01095,Chalatenango,ELS,Mayorista,2025-12-06
1096,Cliente 01096,San Miguel,NI,Constructor,2025-07-23
1097,Cliente 01097,San Vicente,sv,Hogar,2025-09-15
1098,Cliente 01098,,HN,Mayorista,2025-01-03
1099,Cliente 01099,santa ana,ELS,Hogar,2025-03-28
1100,Cliente 01100,Sonsonate,NI,PyME,2025-06-04
1101,Cliente 01101,San Vicente,GT,Mayorista,2025-09-15
1102,Cliente 01102,Usulutan,ELS,Mayorista,2025-06-27
1103,Cliente 01103,San Salvador,SV,Hogar,2025-09-12
1104,Cliente 01104,Sonsonate,HN,Mayorista,2025-07-20
1105,Cliente 01105,SAN SALVADOR,NI,Hogar,2025-10-03
1106,Cliente 01106,SAN SALVADOR,NI,PyME,2025-08-20
C1107,Cliente 01107,,HN,PyME,2025-02-21
1108,Cliente 01108,La Union,sv,Hogar,2025-02-07
1109,Cliente 01109,san salvador,ELS,Mayorista,2025-02-16
1110,Cliente 01110,Morazan,ELS,Mayorista,2025-02-02
1111,Cliente 01111,san salvador,GT,Mayorista,2025-03-24
1112,Cliente 01112,Sonsonate,sv,Constructor,2025-06-11
1113,Cliente 01113,SAN SALVADOR,sv,Mayorista,2025-03-02
1114,Cliente 01114,Sonsonate,SV,PyME,2025-04-05
1115,Cliente 01115,La Union,GT,Hogar,2025-09-28
1116,Cliente 01116,,GT,Constructor,2025-01-16
1117,Cliente 01117,Ahuachapan,SV,Mayorista,2025-09-23
1118,Cliente 01118,La Paz,sv,,2025-03-28
1119,Cliente 01119,La Union,GT,PyME,2025-04-19
1120,Cliente 01120,La Paz,sv,PyME,2025-02-05
1121,Cliente 01121,SAN SALVADOR,HN,Mayorista,2025-01-03
1122,Cliente 01122,Sonsonate,ELS,Hogar,2025-05-12
1123,Cliente 01123,La Paz,GT,Constructor,2025-07-17
1124,Cliente 01124,Chalatenango,ELS,Mayorista,2025-01-21
1125,Cliente 01125,,GT,Mayorista,2025-08-17
1126,Cliente 01126,San Salvador,ELS,Mayorista,2025-07-24
1127,Cliente 01127,Ahuachapan,SV,,2025-01-02
1128,Cliente 01128,Sonsonate,ELS,,2025-10-15
1129,Cliente 01129,Morazan,NI,PyME,2025-12-12
1130,Cliente 01130,Morazan,NI,,ayer
1131,Cliente 01131,Santa Ana,GT,Constructor,2025-01-23
1132,Cliente 01132,San Vicente,ELS,Mayorista,2025-03-04
1133,Cliente 01133,Cuscatlan,sv,Constructor,2025-04-24
1134,Cliente 01134,,GT,Mayorista,2025-08-09
1135,Cliente 01135,La Union,sv,Mayorista,2025-01-22
1136,Cliente 01136,Morazan,GT,PyME,2025-09-05
1137,Cliente 01137,san salvador,ELS,Mayorista,2025-03-17
1138,Cliente 01138,SAN SALVADOR,GT,Mayorista,2025-07-23
1139,Cliente 01139,San Salvador,sv,,2025-10-22
1140,,La Paz,sv,Constructor,2025-11-13
1141,Cliente 01141,Sonsonate,GT,Mayorista,2025-08-08
1142,Cliente 01142,San Vicente,NI,,2025-11-25
1143,Cliente 01143,,ELS,PyME,2025-01-09
1144,Cliente 01144,San Miguel,GT,Mayorista,2025-03-02
1145,Cliente 01145,San Miguel,sv,Mayorista,2025-12-09
1146,Cliente 01146,Santa Ana,SV,PyME,2025-11-11
1147,Cliente 01147,SAN SALVADOR,GT,Hogar,2025-05-07
C1148,Cliente 01148,Chalatenango,ELS,Mayorista,2025-09-08
1149,Cliente 01149,santa ana,SV,,2025-01-03
1150,Cliente 01150,SAN SALVADOR,NI,PyME,2025-06-02
1151,Cliente 01151,San Salvador,GT,Constructor,2025-04-22
1152,Cliente 01152,,SV,,2025-03-18
1153,Cliente 01153,San Salvador,HN,,2025-07-10
1154,Cliente 01154,santa ana,SV,Hogar,2025-06-05
1155,Cliente 01155,Cuscatlan,sv,Constructor,2025-03-24
1156,Cliente 01156,La Libertad,SV,,2025-01-13
1157,Cliente 01157,Ahuachapan,SV,Mayorista,2025-04-16
1158,Cliente 01158,Ahuachapan,sv,Hogar,2025-07-04
1159,Cliente 01159,San Vicente,GT,Mayorista,2025-08-22
1160,Cliente 01160,Chalatenango,sv,Constructor,2025-10-02
1161,Cliente 01161,,GT,Hogar,2025-08-22
1162,Cliente 01162,Cuscatlan,ELS,Hogar,2025-02-25
1163,Cliente 01163,La Union,GT,Mayorista,2025-07-28
1164,Cliente 01164,La Libertad,NI,Hogar,2025-02-26
1165,Cliente 01165,Chalatenango,ELS,Hogar,2025-03-28
1166,Cliente 01166,Cuscatlan,sv,,2025-05-14
1167,Cliente 01167,La Union,sv,PyME,2025-09-21
1168,Cliente 01168,La Paz,HN,Constructor,2025-03-05
1169,Cliente 01169,San Salvador,GT,Mayorista,2025-08-24
1170,Cliente 01170,,GT,PyME,2025-09-17
1171,Cliente 01171,Ahuachapan,sv,Hogar,2025-07-06
1172,Cliente 01172,san salvador,ELS,PyME,2025-05-11
1173,Cliente 01173,Ahuachapan,GT,Hogar,2025-11-03
1174,Cliente 01174,Santa Ana,NI,Hogar,2025-03-12
1175,Cliente 01175,San Vicente,sv,Mayorista,2025-01-15
1176,Cliente 01176,Sonsonate,ELS,Constructor,2025-03-03
1177,Cliente 01177,santa ana,SV,,2025-01-23
1178,Cliente 01178,Sonsonate,sv,PyME,2025-03-08
1179,Cliente 01179,,SV,,2025-07-25
1180,Cliente 01180,La Paz,SV,Mayorista,2025-11-09
1181,Cliente 01181,Ahuachapan,SV,Hogar,2025-09-16
1182,Cliente 01182,La Union,HN,Mayorista,2025-01-06
1183,Cliente 01183,Ahuachapan,SV,Hogar,2025-11-20
1184,Cliente 01184,Usulutan,HN,PyME,2025-12-08
1185,Cliente 01185,San Vicente,GT,Mayorista,2025-07-08
1186,Cliente 01186,Usulutan,SV,Mayorista,2025-01-25
1187,Cliente 01187,SAN SALVADOR,GT,Constructor,2025-09-15
1188,Cliente 01188,,NI,PyME,2025-09-16
C1189,Cliente 01189,San Salvador,SV,Constructor,2025-10-05
1190,Cliente 01190,La Union,GT,Constructor,2025-08-01
1191,Cliente 01191,Chalatenango,sv,,2025-06-27
1192,Cliente 01192,Usulutan,NI,Hogar,2025-12-23
1193,Cliente 01193,La Union,sv,Mayorista,2025-05-03
1194,Cliente 01194,La Libertad,GT,Hogar,2025-01-06
1195,Cliente 01195,La Libertad,NI,,2025-04-06
1196,Cliente 01196,San Salvador,GT,Hogar,2025-02-14
1197,,,GT,Constructor,2025-11-09
1198,Cliente 01198,San Vicente,sv,Mayorista,2025-07-01
1199,Cliente 01199,Sonsonate,HN,Constructor,2025-12-01
1200,Cliente 01200,Cuscatlan,SV,,2025-01-09
1201,Cliente 01201,SAN SALVADOR,NI,,2025-04-05
1202,Cliente 01202,La Union,NI,,2025-03-16
1203,Cliente 01203,La Union,HN,Hogar,2025-05-16
1204,Cliente 01204,La Libertad,NI,,2025-05-05
1205,Cliente 01205,Chalatenango,NI,Mayorista,2025-08-28
1206,Cliente 01206,,GT,Mayorista,2025-10-12
1207,Cliente 01207,Sonsonate,NI,Constructor,2025-01-24
1208,Cliente 01208,Sonsonate,ELS,Hogar,2025-07-22
1209,Cliente 01209,Santa Ana,NI,Hogar,2025-12-21
1210,Cliente 01210,La Union,NI,,2025-08-17
1211,Cliente 01211,Santa Ana,SV,Constructor,2025-09-12
1212,Cliente 01212,Morazan,SV,Constructor,2025-03-05
1213,Cliente 01213,Chalatenango,sv,Mayorista,2025-11-02
1214,Cliente 01214,Ahuachapan,SV,PyME,2025-07-22
1215,Cliente 01215,,NI,Constructor,2025-05-20
1216,Cliente 01216,La Union,ELS,Hogar,2025-05-23
1217,Cliente 01217,Chalatenango,SV,Constructor,2025-05-19
1218,Cliente 01218,Sonsonate,SV,PyME,2025-04-01
1219,Cliente 01219,Sonsonate,NI,PyME,2025-09-07
1220,Cliente 01220,San Miguel,GT,Mayorista,2025-12-20
1221,Cliente 01221,San Vicente,ELS,Mayorista,2025-10-16
1222,Cliente 01222,La Libertad,GT,,2025-12-04
1223,Cliente 01223,Santa Ana,sv,PyME,2025-12-12
1224,Cliente 01224,,sv,Hogar,2025-08-02
1225,Cliente 01225,Morazan,ELS,Mayorista,2025-11-09
1226,Cliente 01226,Usulutan,NI,,2025-05-19
1227,Cliente 01227,Santa Ana,ELS,,2025-07-20
1228,Cliente 01228,SAN SALVADOR,ELS,,2025-10-25
1229,Cliente 01229,Sonsonate,GT,Constructor,2025-07-15
C1230,Cliente 01230,San Miguel,NI,PyME,2025-05-23
1231,Cliente 01231,La Paz,ELS,Hogar,2025-08-04
1232,Cliente 01232,san salvador,SV,Hogar,2025-03-02
1233,Cliente 01233,,HN,PyME,2025-02-04
1234,Cliente 01234,Usulutan,NI,Hogar,2025-05-22
1235,Cliente 01235,santa ana,sv,Mayorista,2025-02-21
1236,Cliente 01236,Cuscatlan,NI,Constructor,2025-05-26
1237,Cliente 01237,San Vicente,NI,Hogar,2025-06-07
1238,Cliente 01238,San Miguel,sv,PyME,2025-08-19
1239,Cliente 01239,Usulutan,GT,Constructor,2025-05-11
1240,Cliente 01240,La Paz,HN,Mayorista,2025-12-02
1241,Cliente 01241,Ahuachapan,GT,PyME,2025-10-24
1242,Cliente 01242,,GT,PyME,2025-02-17
1243,Cliente 01243,Usulutan,sv,,ayer
1244,Cliente 01244,Chalatenango,SV,,2025-07-04
1245,Cliente 01245,San Vicente,sv,Hogar,2025-05-21
1246,Cliente 01246,Morazan,NI,Constructor,2025-05-02
1247,Cliente 01247,San Vicente,NI,,2025-03-04
1248,Cliente 01248,Santa Ana,sv,Constructor,2025-10-03
1249,Cliente 01249,La Libertad,HN,,2025-01-23
1250,Cliente 01250,san salvador,SV,PyME,2025-06-18
1251,Cliente 01251,,sv,Constructor,2025-09-17
1252,Cliente 01252,La Union,SV,Hogar,2025-09-27
1253,Cliente 01253,La Union,GT,PyME,2025-10-20
1254,,Chalatenango,NI,Mayorista,2025-12-23
1255,Cliente 01255,San Salvador,NI,PyME,2025-02-03
1256,Cliente 01256,La Paz,NI,Constructor,2025-10-24
1257,Cliente 01257,Morazan,NI,PyME,2025-12-27
1258,Cliente 01258,La Union,ELS,Constructor,2025-07-11
1259,Cliente 01259,Usulutan,GT,Constructor,2025-11-02
1260,Cliente 01260,,sv,Constructor,2025-06-09
1260,Cliente 01260,,sv,Constructor,2025-06-09
1261,Cliente 01261,Morazan,HN,PyME,2025-12-12
1262,Cliente 01262,santa ana,ELS,Constructor,2025-08-08
1263,Cliente 01263,San Miguel,SV,Constructor,2025-08-11
1264,Cliente 01264,Chalatenango,sv,Hogar,2025-04-02
1265,Cliente 01265,Morazan,SV,PyME,2025-02-03
1266,Cliente 01266,Sonsonate,NI,Hogar,2025-07-04
1267,Cliente 01267,Chalatenango,HN,Mayorista,2025-11-19
1268,Cliente 01268,Santa Ana,sv,,2025-07-19
1269,Cliente 01269,,NI,Constructor,2025-02-07
1270,Cliente 01270,Usulutan,SV,Hogar,2025-07-21
C1271,Cliente 01271,Usulutan,SV,Constructor,2025-01-03
1272,Cliente 01272,SAN SALVADOR,GT,Constructor,2025-10-27
1273,Cliente 01273,La Libertad,ELS,Constructor,2025-01-27
1274,Cliente 01274,Chalatenango,SV,PyME,2025-06-19
1275,Cliente 01275,santa ana,ELS,Mayorista,2025-11-11
1276,Cliente 01276,Ahuachapan,SV,Constructor,2025-06-09
1277,Cliente 01277,San Vicente,NI,Mayorista,2025-04-08
1278,Cliente 01278,,ELS,Constructor,2025-09-18
1279,Cliente 01279,Sonsonate,ELS,Hogar,2025-11-26
1280,Cliente 01280,san salvador,ELS,Constructor,2025-06-16
1281,Cliente 01281,Ahuachapan,sv,PyME,2025-12-07
1282,Cliente 01282,santa ana,ELS,Mayorista,2025-08-04
1283,Cliente 01283,san salvador,ELS,PyME,2025-02-20
1284,Cliente 01284,San Salvador,ELS,PyME,2025-08-04
1285,Cliente 01285,San Vicente,NI,Constructor,2025-04-17
1286,Cliente 01286,Ahuachapan,HN,Mayorista,2025-02-23
1287,Cliente 01287,,NI,Constructor,2025-06-16
1288,Cliente 01288,La Paz,GT,Hogar,2025-10-16
1289,Cliente 01289,La Libertad,NI,Hogar,2025-12-05
1290,Cliente 01290,Santa Ana,GT,Constructor,2025-03-14
1291,Cliente 01291,Cuscatlan,SV,Constructor,2025-03-18
1292,Cliente 01292,san salvador,SV,PyME,2025-05-22
1293,Cliente 01293,Sonsonate,GT,Hogar,2025-05-28
1294,Cliente 01294,Usulutan,SV,PyME,2025-05-24
1295,Cliente 01295,La Union,ELS,Hogar,2025-08-24
1296,Cliente 01296,,ELS,PyME,2025-03-28
1297,Cliente 01297,Sonsonate,ELS,,2025-10-21
1298,Cliente 01298,santa ana,GT,,2025-10-11
1299,Cliente 01299,SAN SALVADOR,sv,PyME,2025-03-22
1300,Cliente 01300,Santa Ana,SV,Constructor,2025-11-21
1301,Cliente 01301,San Vicente,NI,,2025-10-24
1302,Cliente 01302,San Salvador,ELS,Mayorista,2025-04-13
1303,Cliente 01303,Chalatenango,GT,Hogar,2025-01-07
1304,Cliente 01304,Ahuachapan,NI,Mayorista,2025-11-04
1305,Cliente 01305,,NI,Hogar,2025-08-05
1306,Cliente 01306,Chalatenango,SV,Hogar,2025-11-26
1307,Cliente 01307,SAN SALVADOR,SV,Hogar,2025-12-14
1308,Cliente 01308,La Libertad,SV,,2025-08-08
1309,Cliente 01309,San Miguel,SV,PyME,2025-10-10
1310,Cliente 01310,Ahuachapan,sv,PyME,2025-08-11
1311,,Ahuachapan,SV,Mayorista,2025-02-16
C1312,Cliente 01312,SAN SALVADOR,HN,Mayorista,2025-11-28
1313,Cliente 01313,Santa Ana,NI,Mayorista,2025-01-26
1314,Cliente 01314,,NI,Hogar,2025-05-20
1315,Cliente 01315,San Vicente,ELS,Constructor,2025-10-28
1316,Cliente 01316,La Union,SV,Mayorista,2025-02-02
1317,Cliente 01317,SAN SALVADOR,HN,Hogar,2025-09-21
1318,Cliente 01318,La Paz,sv,PyME,2025-03-13
1319,Cliente 01319,Chalatenango,ELS,PyME,2025-11-09
1320,Cliente 01320,SAN SALVADOR,NI,PyME,2025-11-19
1321,Cliente 01321,Sonsonate,GT,Constructor,2025-06-14
1322,Cliente 01322,Usulutan,sv,Mayorista,2025-06-18
1323,Cliente 01323,,HN,,2025-12-04
1324,Cliente 01324,Ahuachapan,sv,Constructor,2025-07-04
1325,Cliente 01325,Sonsonate,SV,,2025-07-07
1326,Cliente 01326,Morazan,sv,Mayorista,2025-12-16
1327,Cliente 01327,San Salvador,SV,,2025-02-15
1328,Cliente 01328,San Miguel,HN,Mayorista,2025-02-16
1329,Cliente 01329,Santa Ana,GT,Constructor,2025-10-24
1330,Cliente 01330,Chalatenango,NI,,2025-07-02
1331,Cliente 01331,San Vicente,SV,Constructor,2025-05-18
1332,Cliente 01332,,SV,Constructor,2025-10-22
1333,Cliente 01333,San Salvador,HN,PyME,2025-06-06
1334,Cliente 01334,santa ana,ELS,PyME,2025-12-22
1335,Cliente 01335,Cuscatlan,ELS,PyME,2025-07-20
1336,Cliente 01336,Chalatenango,NI,Constructor,2025-01-04
1337,Cliente 01337,San Vicente,SV,Hogar,2025-10-22
1338,Cliente 01338,Chalatenango,NI,PyME,2025-10-11
1339,Cliente 01339,Santa Ana,NI,Constructor,2025-11-05
1340,Cliente 01340,La Union,SV,Hogar,2025-06-19
1341,Cliente 01341,,GT,,2025-09-02
1342,Cliente 01342,Ahuachapan,sv,PyME,2025-10-15
1343,Cliente 01343,San Vicente,ELS,PyME,2025-03-20
1344,Cliente 01344,La Libertad,ELS,Mayorista,2025-03-27
1345,Cliente 01345,San Miguel,SV,PyME,2025-07-05
1346,Cliente 01346,La Paz,ELS,Hogar,2025-08-25
1347,Cliente 01347,La Libertad,HN,Mayorista,2025-11-24
1348,Cliente 01348,Cuscatlan,sv,Constructor,2025-12-14
1349,Cliente 01349,San Miguel,ELS,Hogar,2025-02-17
1350,Cliente 01350,,HN,Mayorista,2025-08-26
1351,Cliente 01351,SAN SALVADOR,HN,Hogar,2025-01-26
1352,Cliente 01352,Santa Ana,GT,Mayorista,2025-11-23
C1353,Cliente 01353,santa ana,SV,,2025-06-27
1354,Cliente 01354,San Miguel,sv,Hogar,2025-04-13
1355,Cliente 01355,La Paz,NI,Mayorista,2025-06-04
1356,Cliente 01356,Santa Ana,HN,Constructor,ayer
1357,Cliente 01357,La Union,ELS,Hogar,2025-05-18
1358,Cliente 01358,Chalatenango,SV,,2025-02-10
1359,Cliente 01359,,ELS,Constructor,2025-11-24
1360,Cliente 01360,Usulutan,HN,Hogar,2025-03-01
1361,Cliente 01361,San Salvador,HN,Mayorista,2025-03-28
1362,Cliente 01362,san salvador,sv,PyME,2025-05-25
1363,Cliente 01363,santa ana,ELS,PyME,2025-07-19
1364,Cliente 01364,La Libertad,SV,Hogar,2025-01-06
1365,Cliente 01365,La Union,GT,Constructor,2025-10-18
1366,Cliente 01366,La Union,NI,PyME,2025-09-16
1367,Cliente 01367,La Paz,SV,Mayorista,2025-08-05
1368,,,SV,Hogar,2025-01-12
1369,Cliente 01369,Sonsonate,HN,Hogar,2025-10-25
1370,Cliente 01370,La Libertad,SV,Hogar,2025-10-21
1371,Cliente 01371,La Libertad,SV,Constructor,2025-01-15
1372,Cliente 01372,La Libertad,sv,Mayorista,2025-01-03
1373,Cliente 01373,Sonsonate,NI,,2025-12-05
1374,Cliente 01374,Chalatenango,sv,,2025-06-20
1375,Cliente 01375,La Paz,GT,PyME,2025-04-22
1376,Cliente 01376,Cuscatlan,GT,Hogar,2025-08-17
1377,Cliente 01377,,GT,Mayorista,2025-08-24
1378,Cliente 01378,Chalatenango,NI,Hogar,2025-05-18
1379,Cliente 01379,Cuscatlan,ELS,PyME,2025-02-05
1380,Cliente 01380,Cuscatlan,ELS,Hogar,2025-12-01
1381,Cliente 01381,Morazan,sv,,2025-12-11
1382,Cliente 01382,Usulutan,sv,Mayorista,2025-06-26
1383,Cliente 01383,SAN SALVADOR,ELS,,2025-06-25
1384,Cliente 01384,santa ana,SV,PyME,2025-10-14
1385,Cliente 01385,santa ana,HN,Mayorista,2025-11-07
1386,Cliente 01386,,ELS,Hogar,2025-09-20
1387,Cliente 01387,Cuscatlan,SV,PyME,2025-04-24
1388,Cliente 01388,La Libertad,sv,PyME,2025-03-27
1389,Cliente 01389,La Union,SV,PyME,2025-03-16
1390,Cliente 01390,san salvador,HN,Mayorista,2025-04-26
1391,Cliente 01391,Morazan,SV,PyME,2025-06-19
1392,Cliente 01392,San Miguel,NI,,2025-11-19
1393,Cliente 01393,Santa Ana,GT,PyME,2025-05-14
C1394,Cliente 01394,San Miguel,ELS,PyME,2025-01-21
1395,Cliente 01395,,NI,Hogar,2025-12-22
1396,Cliente 01396,Sonsonate,GT,Hogar,2025-02-09
1397,Cliente 01397,san salvador,sv,Hogar,2025-01-17
1398,Cliente 01398,La Libertad,sv,Constructor,2025-10-11
1399,Cliente 01399,San Vicente,ELS,Constructor,2025-07-14
1400,Cliente 01400,Chalatenango,HN,,2025-08-09
1401,Cliente 01401,San Salvador,GT,Mayorista,2025-01-10
1402,Cliente 01402,san salvador,SV,,2025-08-20
1403,Cliente 01403,La Libertad,sv,Mayorista,2025-08-08
1404,Cliente 01404,,SV,Hogar,2025-12-26
1405,Cliente 01405,Cuscatlan,ELS,,2025-08-09
1406,Cliente 01406,san salvador,sv,Hogar,2025-09-10
1407,Cliente 01407,La Libertad,HN,Constructor,2025-03-05
1408,Cliente 01408,La Union,SV,,2025-04-24
1409,Cliente 01409,santa ana,GT,Hogar,2025-01-07
1410,Cliente 01410,Usulutan,GT,Hogar,2025-03-05
1411,Cliente 01411,San Salvador,GT,Hogar,2025-08-09
1412,Cliente 01412,Cuscatlan,NI,PyME,2025-01-19
1413,Cliente 01413,,GT,,2025-04-28
1414,Cliente 01414,Morazan,ELS,Hogar,2025-05-14
1415,Cliente 01415,La Libertad,NI,Constructor,2025-12-07
1416,Cliente 01416,Morazan,NI,Hogar,2025-03-04
1417,Cliente 01417,Morazan,GT,PyME,2025-01-27
1418,Cliente 01418,Ahuachapan,HN,,2025-06-16
1419,Cliente 01419,Chalatenango,GT,Constructor,2025-10-02
1420,Cliente 01420,Morazan,HN,Hogar,2025-08-20
1421,Cliente 01421,La Union,ELS,PyME,2025-03-02
1422,Cliente 01422,,ELS,PyME,2025-10-04
1423,Cliente 01423,SAN SALVADOR,SV,Constructor,2025-06-15
1424,Cliente 01424,La Union,ELS,Mayorista,2025-01-16
1425,,Chalatenango,ELS,Hogar,2025-09-06
1426,Cliente 01426,san salvador,SV,PyME,2025-08-10
1427,Cliente 01427,La Libertad,ELS,Constructor,2025-05-04
1428,Cliente 01428,Cuscatlan,GT,PyME,2025-12-17
1429,Cliente 01429,San Salvador,NI,,2025-10-03
1430,Cliente 01430,San Miguel,ELS,Hogar,2025-02-16
1431,Cliente 01431,,NI,PyME,2025-12-28
1432,Cliente 01432,La Libertad,ELS,Hogar,2025-07-16
1433,Cliente 01433,La Paz,HN,,2025-07-24
1434,Cliente 01434,La Libertad,sv,Mayorista,2025-06-24
C1435,Cliente 01435,san salvador,GT,Hogar,2025-04-06
1436,Cliente 01436,san salvador,GT,Mayorista,2025-05-04
1437,Cliente 01437,San Vicente,sv,,2025-04-25
1438,Cliente 01438,SAN SALVADOR,ELS,Constructor,2025-07-05
1439,Cliente 01439,Sonsonate,GT,Constructor,2025-07-15
1440,Cliente 01440,,GT,Constructor,2025-02-22
1440,Cliente 01440,,GT,Constructor,2025-02-22
1441,Cliente 01441,Usulutan,sv,PyME,2025-08-07
1442,Cliente 01442,san salvador,ELS,,2025-09-28
1443,Cliente 01443,San Miguel,HN,Mayorista,2025-10-13
1444,Cliente 01444,Morazan,GT,PyME,2025-07-27
1445,Cliente 01445,Ahuachapan,GT,,2025-12-26
1446,Cliente 01446,san salvador,GT,Hogar,2025-05-18
1447,Cliente 01447,La Paz,ELS,Hogar,2025-09-08
1448,Cliente 01448,Chalatenango,SV,,2025-02-22
1449,Cliente 01449,,HN,Mayorista,2025-11-28
1450,Cliente 01450,san salvador,sv,Mayorista,2025-03-21
1451,Cliente 01451,San Vicente,NI,PyME,2025-08-28
1452,Cliente 01452,Usulutan,NI,Constructor,2025-01-10
1453,Cliente 01453,Chalatenango,ELS,Constructor,2025-01-20
1454,Cliente 01454,Morazan,ELS,Constructor,2025-10-20
1455,Cliente 01455,San Salvador,sv,,2025-06-05
1456,Cliente 01456,La Union,HN,Constructor,2025-10-11
1457,Cliente 01457,Usulutan,sv,PyME,2025-02-25
1458,Cliente 01458,,ELS,PyME,2025-03-14
1459,Cliente 01459,Sonsonate,NI,PyME,2025-01-11
1460,Cliente 01460,Santa Ana,HN,Mayorista,2025-06-12
1461,Cliente 01461,San Miguel,NI,PyME,2025-03-01
1462,Cliente 01462,Usulutan,NI,Constructor,2025-04-23
1463,Cliente 01463,Cuscatlan,sv,Hogar,2025-09-07
1464,Cliente 01464,San Salvador,ELS,Hogar,2025-03-16
1465,Cliente 01465,San Vicente,sv,Hogar,2025-08-07
1466,Cliente 01466,La Union,GT,Mayorista,2025-02-25
1467,Cliente 01467,,ELS,Mayorista,2025-07-06
1468,Cliente 01468,Ahuachapan,NI,,2025-07-27
1469,Cliente 01469,Sonsonate,sv,Hogar,ayer
1470,Cliente 01470,San Salvador,HN,Mayorista,2025-11-09
1471,Cliente 01471,San Vicente,SV,Hogar,2025-10-25
1472,Cliente 01472,San Vicente,HN,PyME,2025-02-27
1473,Cliente 01473,Cuscatlan,SV,Mayorista,2025-10-09
1474,Cliente 01474,Santa Ana,GT,Constructor,2025-07-05
1475,Cliente 01475,La Union,SV,Mayorista,2025-12-12
C1476,Cliente 01476,,SV,Hogar,2025-04-12
1477,Cliente 01477,santa ana,HN,,2025-03-13
1478,Cliente 01478,Santa Ana,NI,,2025-10-01
1479,Cliente 01479,Morazan,ELS,PyME,2025-12-16
1480,Cliente 01480,Sonsonate,ELS,Mayorista,2025-11-05
1481,Cliente 01481,La Libertad,ELS,PyME,2025-12-05
1482,,Chalatenango,SV,Hogar,2025-08-14
1483,Cliente 01483,Chalatenango,GT,PyME,2025-11-27
1484,Cliente 01484,La Libertad,SV,Constructor,2025-08-05
1485,Cliente 01485,,ELS,Constructor,2025-03-09
1486,Cliente 01486,Santa Ana,NI,,2025-10-12
1487,Cliente 01487,La Union,ELS,,2025-08-10
1488,Cliente 01488,San Miguel,sv,Hogar,2025-02-19
1489,Cliente 01489,San Vicente,NI,Constructor,2025-03-09
1490,Cliente 01490,santa ana,ELS,Constructor,2025-12-18
1491,Cliente 01491,Chalatenango,sv,Mayorista,2025-10-27
1492,Cliente 01492,Usulutan,SV,Mayorista,2025-02-17
1493,Cliente 01493,San Salvador,NI,Hogar,2025-07-06
1494,Cliente 01494,,SV,Constructor,2025-06-08
1495,Cliente 01495,Ahuachapan,HN,Constructor,2025-04-18
1496,Cliente 01496,Ahuachapan,NI,Mayorista,2025-04-28
1497,Cliente 01497,Usulutan,HN,PyME,2025-09-18
1498,Cliente 01498,San Vicente,sv,Mayorista,2025-06-01
1499,Cliente 01499,La Libertad,ELS,Hogar,2025-01-22
1500,Cliente 01500,Cuscatlan,NI,Constructor,2025-11-23
1501,Cliente 01501,Chalatenango,GT,PyME,2025-04-17
1502,Cliente 01502,Morazan,ELS,,2025-01-02
1503,Cliente 01503,,NI,Mayorista,2025-04-20
1504,Cliente 01504,Santa Ana,ELS,Constructor,2025-02-01
1505,Cliente 01505,La Paz,ELS,Mayorista,2025-07-20
1506,Cliente 01506,santa ana,HN,Mayorista,2025-01-12
1507,Cliente 01507,La Union,NI,Constructor,2025-12-23
1508,Cliente 01508,Chalatenango,HN,Mayorista,2025-05-13
1509,Cliente 01509,san salvador,NI,Constructor,2025-04-07
1510,Cliente 01510,SAN SALVADOR,GT,Constructor,2025-02-03
1511,Cliente 01511,Santa Ana,NI,Hogar,2025-04-05
1512,Cliente 01512,,GT,PyME,2025-09-19
1513,Cliente 01513,Usulutan,HN,,2025-04-17
1514,Cliente 01514,SAN SALVADOR,GT,Hogar,2025-02-22
1515,Cliente 01515,San Vicente,SV,Constructor,2025-09-06
1516,Cliente 01516,San Vicente,HN,Mayorista,2025-07-08
C1517,Cliente 01517,La Union,SV,PyME,2025-04-12
1518,Cliente 01518,Chalatenango,sv,Mayorista,2025-07-15
1519,Cliente 01519,Usulutan,SV,Mayorista,2025-09-06
1520,Cliente 01520,San Miguel,sv,Hogar,2025-12-26
1521,Cliente 01521,,NI,PyME,2025-12-19
1522,Cliente 01522,La Libertad,sv,,2025-12-06
1523,Cliente 01523,San Miguel,NI,PyME,2025-10-02
1524,Cliente 01524,santa ana,HN,Hogar,2025-07-03
1525,Cliente 01525,San Vicente,sv,,2025-11-26
1526,Cliente 01526,santa ana,sv,Mayorista,2025-04-17
1527,Cliente 01527,San Vicente,HN,Mayorista,2025-03-05
1528,Cliente 01528,La Union,SV,,2025-04-08
1529,Cliente 01529,santa ana,sv,Constructor,2025-04-17
1530,Cliente 01530,,sv,PyME,2025-02-12
1531,Cliente 01531,SAN SALVADOR,GT,PyME,2025-05-02
1532,Cliente 01532,Usulutan,HN,PyME,2025-04-07
1533,Cliente 01533,San Vicente,HN,Hogar,2025-07-13
1534,Cliente 01534,Morazan,SV,Constructor,2025-01-11
1535,Cliente 01535,Cuscatlan,HN,Mayorista,2025-08-17
1536,Cliente 01536,Usulutan,sv,Hogar,2025-07-05
1537,Cliente 01537,SAN SALVADOR,NI,,2025-02-20
1538,Cliente 01538,La Paz,HN,,2025-02-12
1539,,,SV,Hogar,2025-10-20
1540,Cliente 01540,Cuscatlan,ELS,Mayorista,2025-09-20
1541,Cliente 01541,Usulutan,SV,Hogar,2025-09-25
1542,Cliente 01542,Ahuachapan,SV,Mayorista,2025-11-08
1543,Cliente 01543,San Vicente,sv,Mayorista,2025-10-26
1544,Cliente 01544,La Union,ELS,Hogar,2025-07-28
1545,Cliente 01545,Santa Ana,SV,Constructor,2025-09-23
1546,Cliente 01546,Chalatenango,SV,Constructor,2025-11-09
1547,Cliente 01547,Sonsonate,sv,Mayorista,2025-12-12
1548,Cliente 01548,,HN,,2025-10-12
1549,Cliente 01549,La Union,NI,,2025-09-21
1550,Cliente 01550,Usulutan,ELS,Constructor,2025-06-16
1551,Cliente 01551,santa ana,GT,PyME,2025-06-24
1552,Cliente 01552,San Vicente,NI,,2025-04-10
1553,Cliente 01553,santa ana,GT,Constructor,2025-11-21
1554,Cliente 01554,La Union,SV,Hogar,2025-09-16
1555,Cliente 01555,Cuscatlan,SV,Constructor,2025-03-25
1556,Cliente 01556,San Salvador,ELS,Mayorista,2025-03-15
1557,Cliente 01557,,SV,PyME,2025-05-10
C1558,Cliente 01558,La Libertad,HN,Constructor,2025-03-27
1559,Cliente 01559,SAN SALVADOR,NI,PyME,2025-08-20
1560,Cliente 01560,Chalatenango,SV,PyME,2025-07-28
1561,Cliente 01561,Chalatenango,NI,Hogar,2025-03-13
1562,Cliente 01562,Ahuachapan,HN,Hogar,2025-06-05
1563,Cliente 01563,San Salvador,ELS,Constructor,2025-07-16
1564,Cliente 01564,La Paz,NI,Mayorista,2025-09-26
1565,Cliente 01565,Chalatenango,SV,PyME,2025-09-18
1566,Cliente 01566,,HN,Hogar,2025-06-10
1567,Cliente 01567,SAN SALVADOR,NI,Hogar,2025-04-07
1568,Cliente 01568,Chalatenango,GT,Constructor,2025-04-06
1569,Cliente 01569,Morazan,GT,Mayorista,2025-07-08
1570,Cliente 01570,SAN SALVADOR,NI,PyME,2025-02-04
1571,Cliente 01571,Santa Ana,SV,,2025-10-06
1572,Cliente 01572,San Salvador,GT,Hogar,2025-08-19
1573,Cliente 01573,SAN SALVADOR,SV,,2025-04-12
1574,Cliente 01574,Ahuachapan,GT,,2025-09-02
1575,Cliente 01575,,sv,Constructor,2025-04-26
1576,Cliente 01576,Morazan,sv,,2025-08-27
1577,Cliente 01577,Usulutan,HN,PyME,2025-10-26
1578,Cliente 01578,SAN SALVADOR,ELS,,2025-08-15
1579,Cliente 01579,SAN SALVADOR,sv,Hogar,2025-05-16
1580,Cliente 01580,San Miguel,sv,Hogar,2025-02-10
1581,Cliente 01581,Sonsonate,sv,Constructor,2025-07-06
1582,Cliente 01582,santa ana,ELS,PyME,ayer
1583,Cliente 01583,San Miguel,HN,Constructor,2025-04-13
1584,Cliente 01584,,GT,Hogar,2025-08-24
1585,Cliente 01585,Sonsonate,GT,Constructor,2025-04-11
1586,Cliente 01586,Ahuachapan,GT,Hogar,2025-02-27
1587,Cliente 01587,Ahuachapan,GT,Hogar,2025-02-04
1588,Cliente 01588,Morazan,HN,PyME,2025-02-27
1589,Cliente 01589,San Miguel,GT,PyME,2025-12-17
1590,Cliente 01590,La Paz,NI,Hogar,2025-05-21
1591,Cliente 01591,Santa Ana,ELS,,2025-02-04
1592,Cliente 01592,Usulutan,HN,Mayorista,2025-03-07
1593,Cliente 01593,,ELS,,2025-12-13
1594,Cliente 01594,san salvador,ELS,Constructor,2025-02-23
1595,Cliente 01595,santa ana,SV,,2025-03-15
1596,,La Libertad,GT,Hogar,2025-11-16
1597,Cliente 01597,Morazan,SV,Hogar,2025-02-05
1598,Cliente 01598,Usulutan,NI,,2025-06-27
C1599,Cliente 01599,San Salvador,sv,Constructor,2025-06-21
1600,Cliente 01600,Santa Ana,sv,Constructor,2025-08-14
1601,Cliente 01601,La Libertad,NI,Mayorista,2025-07-18
1602,Cliente 01602,,sv,Hogar,2025-03-01
1603,Cliente 01603,La Libertad,SV,,2025-05-21
1604,Cliente 01604,Ahuachapan,GT,Constructor,2025-02-03
1605,Cliente 01605,San Salvador,NI,Constructor,2025-06-08
1606,Cliente 01606,SAN SALVADOR,sv,Constructor,2025-10-15
1607,Cliente 01607,La Paz,HN,Mayorista,2025-09-18
1608,Cliente 01608,Santa Ana,SV,Hogar,2025-11-14
1609,Cliente 01609,Cuscatlan,SV,Hogar,2025-11-18
1610,Cliente 01610,san salvador,GT,Hogar,2025-04-20
1611,Cliente 01611,,HN,PyME,2025-07-12
1612,Cliente 01612,Cuscatlan,GT,Hogar,2025-07-02
1613,Cliente 01613,Chalatenango,SV,Hogar,2025-04-22
1614,Cliente 01614,San Miguel,NI,Constructor,2025-10-19
1615,Cliente 01615,Sonsonate,SV,Mayorista,2025-05-11
1616,Cliente 01616,La Paz,NI,Hogar,2025-02-21
1617,Cliente 01617,SAN SALVADOR,NI,Constructor,2025-08-17
1618,Cliente 01618,Cuscatlan,sv,Mayorista,2025-04-06
1619,Cliente 01619,Santa Ana,NI,Constructor,2025-03-05
1620,Cliente 01620,,NI,Constructor,2025-01-25
1620,Cliente 01620,,NI,Constructor,2025-01-25
1621,Cliente 01621,Cuscatlan,NI,PyME,2025-10-23
1622,Cliente 01622,La Paz,sv,PyME,2025-08-11
1623,Cliente 01623,Santa Ana,ELS,Hogar,2025-04-21
1624,Cliente 01624,Morazan,SV,PyME,2025-04-28
1625,Cliente 01625,santa ana,HN,Mayorista,2025-06-27
1626,Cliente 01626,La Libertad,sv,,2025-09-27
1627,Cliente 01627,Usulutan,ELS,Constructor,2025-04-01
1628,Cliente 01628,Chalatenango,sv,,2025-06-15
1629,Cliente 01629,,NI,PyME,2025-09-01
1630,Cliente 01630,Cuscatlan,sv,Hogar,2025-04-07
1631,Cliente 01631,San Miguel,NI,,2025-12-25
1632,Cliente 01632,Morazan,HN,Hogar,2025-06-02
1633,Cliente 01633,San Salvador,ELS,Hogar,2025-09-06
1634,Cliente 01634,san salvador,ELS,,2025-06-04
1635,Cliente 01635,La Paz,ELS,Mayorista,2025-08-24
1636,Cliente 01636,La Libertad,GT,Mayorista,2025-06-25
1637,Cliente 01637,Morazan,ELS,Constructor,2025-12-03
1638,Cliente 01638,,GT,Hogar,2025-03-18
1639,Cliente 01639,Usulutan,SV,PyME,2025-09-12
C1640,Cliente 01640,Sonsonate,NI,PyME,2025-05-20
1641,Cliente 01641,Ahuachapan,sv,Hogar,2025-10-02
1642,Cliente 01642,La Libertad,sv,Mayorista,2025-05-06
1643,Cliente 01643,SAN SALVADOR,SV,,2025-05-27
1644,Cliente 01644,Chalatenango,HN,,2025-08-14
1645,Cliente 01645,SAN SALVADOR,SV,Constructor,2025-11-09
1646,Cliente 01646,Cuscatlan,ELS,Hogar,2025-08-14
1647,Cliente 01647,,GT,,2025-08-21
1648,Cliente 01648,La Paz,HN,Hogar,2025-06-18
1649,Cliente 01649,Ahuachapan,ELS,Constructor,2025-12-11
1650,Cliente 01650,Chalatenango,sv,Mayorista,2025-04-09
1651,Cliente 01651,San Vicente,GT,,2025-11-23
1652,Cliente 01652,San Miguel,NI,Hogar,2025-12-13
1653,,Ahuachapan,sv,,2025-01-08
1654,Cliente 01654,Santa Ana,NI,Constructor,2025-01-02
1655,Cliente 01655,La Paz,SV,Hogar,2025-06-05
1656,Cliente 01656,,ELS,Hogar,2025-05-14
1657,Cliente 01657,San Salvador,NI,Constructor,2025-03-12
1658,Cliente 01658,santa ana,SV,Constructor,2025-07-24
1659,Cliente 01659,santa ana,SV,Mayorista,2025-05-11
1660,Cliente 01660,La Libertad,ELS,,2025-09-22
1661,Cliente 01661,Cuscatlan,sv,Mayorista,2025-06-21
1662,Cliente 01662,Chalatenango,sv,Constructor,2025-01-03
1663,Cliente 01663,SAN SALVADOR,NI,PyME,2025-01-13
1664,Cliente 01664,Santa Ana,GT,PyME,2025-07-05
1665,Cliente 01665,,NI,Hogar,2025-03-10
1666,Cliente 01666,La Union,ELS,PyME,2025-10-28
1667,Cliente 01667,San Vicente,NI,,2025-06-21
1668,Cliente 01668,La Union,GT,PyME,2025-03-03
1669,Cliente 01669,Cuscatlan,sv,Constructor,2025-05-28
1670,Cliente 01670,Usulutan,sv,PyME,2025-05-01
1671,Cliente 01671,La Union,ELS,Hogar,2025-09-15
1672,Cliente 01672,santa ana,GT,Mayorista,2025-11-21
1673,Cliente 01673,san salvador,sv,PyME,2025-11-04
1674,Cliente 01674,,HN,Mayorista,2025-03-03
1675,Cliente 01675,Cuscatlan,NI,PyME,2025-09-19
1676,Cliente 01676,Usulutan,sv,,2025-11-27
1677,Cliente 01677,San Miguel,ELS,PyME,2025-11-15
1678,Cliente 01678,La Libertad,ELS,PyME,2025-01-13
1679,Cliente 01679,SAN SALVADOR,sv,,2025-10-13
1680,Cliente 01680,La Paz,GT,,2025-12-18
C1681,Cliente 01681,santa ana,NI,Hogar,2025-07-18
1682,Cliente 01682,Cuscatlan,HN,Hogar,2025-04-12
1683,Cliente 01683,,HN,Mayorista,2025-06-28
1684,Cliente 01684,san salvador,SV,Mayorista,2025-01-12
1685,Cliente 01685,San Vicente,sv,Hogar,2025-03-07
1686,Cliente 01686,santa ana,SV,Mayorista,2025-02-16
1687,Cliente 01687,Ahuachapan,HN,Hogar,2025-12-02
1688,Cliente 01688,santa ana,NI,,2025-01-21
1689,Cliente 01689,san salvador,GT,Hogar,2025-03-13
1690,Cliente 01690,La Union,sv,,2025-11-24
1691,Cliente 01691,San Miguel,NI,PyME,2025-02-14
1692,Cliente 01692,,GT,,2025-05-17
1693,Cliente 01693,La Libertad,NI,Hogar,2025-03-07
1694,Cliente 01694,santa ana,NI,,2025-05-14
1695,Cliente 01695,La Union,SV,Mayorista,ayer
1696,Cliente 01696,Usulutan,sv,PyME,2025-06-14
1697,Cliente 01697,San Miguel,SV,Hogar,2025-08-06
1698,Cliente 01698,San Salvador,HN,Constructor,2025-10-11
1699,Cliente 01699,SAN SALVADOR,ELS,Constructor,2025-12-08
1700,Cliente 01700,santa ana,NI,Mayorista,2025-02-10
1701,Cliente 01701,,HN,,2025-12-10
1702,Cliente 01702,san salvador,ELS,Constructor,2025-05-20
1703,Cliente 01703,Santa Ana,NI,,2025-06-07
1704,Cliente 01704,Cuscatlan,ELS,Mayorista,2025-08-06
1705,Cliente 01705,santa ana,ELS,Hogar,2025-07-19
1706,Cliente 01706,La Union,sv,Constructor,2025-11-19
1707,Cliente 01707,Cuscatlan,GT,Mayorista,2025-05-03
1708,Cliente 01708,La Libertad,ELS,,2025-08-22
1709,Cliente 01709,La Libertad,GT,Mayorista,2025-03-12
1710,,,GT,,2025-12-14
1711,Cliente 01711,Sonsonate,HN,Hogar,2025-06-23
1712,Cliente 01712,La Paz,NI,,2025-09-09
1713,Cliente 01713,Santa Ana,SV,,2025-08-19
1714,Cliente 01714,San Salvador,sv,Constructor,2025-08-06
1715,Cliente 01715,Sonsonate,sv,Mayorista,2025-03-16
1716,Cliente 01716,Ahuachapan,HN,Constructor,2025-09-15
1717,Cliente 01717,Chalatenango,SV,Mayorista,2025-02-05
1718,Cliente 01718,San Salvador,ELS,Mayorista,2025-04-26
1719,Cliente 01719,,SV,Mayorista,2025-09-09
1720,Cliente 01720,Usulutan,ELS,Hogar,2025-04-18
1721,Cliente 01721,San Miguel,ELS,,2025-06-26
C1722,Cliente 01722,Chalatenango,ELS,Constructor,2025-11-23
1723,Cliente 01723,San Vicente,GT,PyME,2025-12-01
1724,Cliente 01724,santa ana,HN,PyME,2025-12-22
1725,Cliente 01725,La Paz,sv,Constructor,2025-08-16
1726,Cliente 01726,La Union,HN,Hogar,2025-10-10
1727,Cliente 01727,Sonsonate,HN,Constructor,2025-01-06
1728,Cliente 01728,,ELS,,2025-01-08
1729,Cliente 01729,Santa Ana,HN,,2025-04-23
1730,Cliente 01730,Cuscatlan,ELS,Mayorista,2025-10-26
1731,Cliente 01731,san salvador,sv,PyME,2025-06-04
1732,Cliente 01732,santa ana,sv,Mayorista,2025-07-27
1733,Cliente 01733,Morazan,HN,PyME,2025-04-11
1734,Cliente 01734,San Vicente,SV,,2025-04-15
1735,Cliente 01735,Chalatenango,GT,,2025-09-25
1736,Cliente 01736,San Vicente,SV,PyME,2025-05-20
1737,Cliente 01737,,sv,PyME,2025-08-06
1738,Cliente 01738,san salvador,NI,Constructor,2025-04-02
1739,Cliente 01739,La Libertad,sv,PyME,2025-02-10
1740,Cliente 01740,SAN SALVADOR,GT,PyME,2025-01-04
1741,Cliente 01741,Chalatenango,ELS,Mayorista,2025-11-11
1742,Cliente 01742,san salvador,ELS,Constructor,2025-06-02
1743,Cliente 01743,san salvador,sv,Constructor,2025-10-16
1744,Cliente 01744,santa ana,NI,Mayorista,2025-11-18
1745,Cliente 01745,Morazan,sv,Constructor,2025-07-19
1746,Cliente 01746,,NI,Constructor,2025-03-28
1747,Cliente 01747,San Vicente,HN,,2025-01-27
1748,Cliente 01748,La Libertad,SV,,2025-01-02
1749,Cliente 01749,Santa Ana,ELS,Hogar,2025-06-04
1750,Cliente 01750,Usulutan,ELS,Constructor,2025-11-19
1751,Cliente 01751,SAN SALVADOR,SV,Mayorista,2025-11-19
1752,Cliente 01752,Sonsonate,HN,Hogar,2025-10-10
1753,Cliente 01753,Morazan,SV,Constructor,2025-01-19
1754,Cliente 01754,Sonsonate,GT,Constructor,2025-11-03
1755,Cliente 01755,,SV,Hogar,2025-07-19
1756,Cliente 01756,Usulutan,ELS,,2025-08-15
1757,Cliente 01757,La Union,sv,Hogar,2025-11-11
1758,Cliente 01758,Ahuachapan,HN,PyME,2025-02-01
1759,Cliente 01759,santa ana,NI,PyME,2025-12-04
1760,Cliente 01760,Usulutan,NI,Hogar,2025-04-21
1761,Cliente 01761,santa ana,ELS,Constructor,2025-12-22
1762,Cliente 01762,Chalatenango,GT,PyME,2025-01-19
C1763,Cliente 01763,La Paz,GT,Constructor,2025-07-09
1764,Cliente 01764,,GT,Mayorista,2025-11-02
1765,Cliente 01765,SAN SALVADOR,ELS,Hogar,2025-01-07
1766,Cliente 01766,La Libertad,NI,PyME,2025-06-27
1767,,San Miguel,SV,Constructor,2025-05-16
1768,Cliente 01768,SAN SALVADOR,NI,PyME,2025-02-15
1769,Cliente 01769,San Vicente,sv,Hogar,2025-07-08
1770,Cliente 01770,San Salvador,GT,Hogar,2025-03-24
1771,Cliente 01771,Cuscatlan,ELS,Constructor,2025-04-10
1772,Cliente 01772,San Salvador,GT,Mayorista,2025-01-16
1773,Cliente 01773,,GT,,2025-11-08
1774,Cliente 01774,Sonsonate,SV,PyME,2025-08-24
1775,Cliente 01775,Ahuachapan,SV,Mayorista,2025-05-26
1776,Cliente 01776,Sonsonate,HN,,2025-07-14
1777,Cliente 01777,Cuscatlan,HN,,2025-10-10
1778,Cliente 01778,Usulutan,GT,PyME,2025-11-06
1779,Cliente 01779,San Salvador,SV,PyME,2025-11-14
1780,Cliente 01780,San Salvador,GT,PyME,2025-03-11
1781,Cliente 01781,Usulutan,GT,Hogar,2025-02-06
1782,Cliente 01782,,ELS,PyME,2025-11-21
1783,Cliente 01783,San Vicente,NI,,2025-11-02
1784,Cliente 01784,Cuscatlan,ELS,Constructor,2025-12-15
1785,Cliente 01785,Usulutan,GT,Constructor,2025-11-10
1786,Cliente 01786,Chalatenango,HN,PyME,2025-10-10
1787,Cliente 01787,Chalatenango,GT,Mayorista,2025-12-03
1788,Cliente 01788,san salvador,sv,Constructor,2025-09-25
1789,Cliente 01789,Usulutan,GT,,2025-03-26
1790,Cliente 01790,san salvador,GT,Constructor,2025-12-16
1791,Cliente 01791,,sv,PyME,2025-05-17
1792,Cliente 01792,SAN SALVADOR,NI,Hogar,2025-07-03
1793,Cliente 01793,Sonsonate,ELS,Constructor,2025-07-24
1794,Cliente 01794,Santa Ana,SV,,2025-09-06
1795,Cliente 01795,San Miguel,NI,PyME,2025-08-22
1796,Cliente 01796,Morazan,NI,Mayorista,2025-03-17
1797,Cliente 01797,Santa Ana,NI,,2025-06-10
1798,Cliente 01798,La Union,HN,Hogar,2025-08-27
1799,Cliente 01799,Santa Ana,GT,,2025-10-28
1800,Cliente 01800,,sv,,2025-06-08
1800,Cliente 01800,,sv,,2025-06-08
1801,Cliente 01801,Morazan,sv,PyME,2025-08-27
1802,Cliente 01802,Morazan,HN,,2025-09-03
1803,Cliente 01803,San Salvador,ELS,Constructor,2025-04-17
C1804,Cliente 01804,Morazan,NI,,2025-08-18
1805,Cliente 01805,Usulutan,sv,,2025-07-20
1806,Cliente 01806,Sonsonate,GT,Mayorista,2025-06-22
1807,Cliente 01807,Sonsonate,GT,Mayorista,2025-02-05
1808,Cliente 01808,La Libertad,ELS,Hogar,ayer
1809,Cliente 01809,,SV,PyME,2025-06-19
1810,Cliente 01810,La Paz,ELS,,2025-01-18
1811,Cliente 01811,san salvador,SV,,2025-08-21
1812,Cliente 01812,San Salvador,sv,,2025-07-17
1813,Cliente 01813,San Miguel,SV,Constructor,2025-12-19
1814,Cliente 01814,san salvador,ELS,,2025-02-01
1815,Cliente 01815,La Paz,ELS,Hogar,2025-10-14
1816,Cliente 01816,La Paz,NI,Hogar,2025-10-24
1817,Cliente 01817,Cuscatlan,SV,Constructor,2025-05-18
1818,Cliente 01818,,NI,PyME,2025-12-01
1819,Cliente 01819,Santa Ana,HN,PyME,2025-01-05
1820,Cliente 01820,san salvador,sv,,2025-01-03
1821,Cliente 01821,La Paz,sv,Hogar,2025-06-13
1822,Cliente 01822,La Paz,HN,PyME,2025-11-24
1823,Cliente 01823,San Miguel,ELS,Hogar,2025-06-21
1824,,La Paz,ELS,PyME,2025-08-16
1825,Cliente 01825,Morazan,SV,Constructor,2025-08-13
1826,Cliente 01826,Morazan,HN,Constructor,2025-07-22
1827,Cliente 01827,,NI,Mayorista,2025-06-08
1828,Cliente 01828,La Libertad,SV,Constructor,2025-08-26
1829,Cliente 01829,San Salvador,NI,PyME,2025-04-11
1830,Cliente 01830,San Miguel,NI,Mayorista,2025-08-02
1831,Cliente 01831,San Miguel,HN,Hogar,2025-05-01
1832,Cliente 01832,Cuscatlan,HN,Hogar,2025-11-07
1833,Cliente 01833,La Paz,sv,Hogar,2025-05-03
1834,Cliente 01834,san salvador,SV,,2025-04-08
1835,Cliente 01835,Cuscatlan,ELS,Constructor,2025-11-07
1836,Cliente 01836,,SV,,2025-06-19
1837,Cliente 01837,SAN SALVADOR,GT,Constructor,2025-11-17
1838,Cliente 01838,Morazan,SV,Hogar,2025-09-27
1839,Cliente 01839,SAN SALVADOR,ELS,Hogar,2025-07-27
1840,Cliente 01840,san salvador,HN,,2025-11-10
1841,Cliente 01841,San Vicente,SV,Mayorista,2025-03-01
1842,Cliente 01842,Chalatenango,GT,,2025-11-13
1843,Cliente 01843,La Libertad,sv,Constructor,2025-10-24
1844,Cliente 01844,Santa Ana,ELS,PyME,2025-07-27
C1845,Cliente 01845,,HN,Hogar,2025-12-13
1846,Cliente 01846,Chalatenango,GT,Constructor,2025-04-16
1847,Cliente 01847,SAN SALVADOR,ELS,PyME,2025-08-20
1848,Cliente 01848,san salvador,SV,Hogar,2025-10-12
1849,Cliente 01849,Usulutan,SV,Mayorista,2025-03-15
1850,Cliente 01850,San Salvador,sv,Mayorista,2025-08-13
1851,Cliente 01851,Morazan,NI,PyME,2025-02-13
1852,Cliente 01852,San Salvador,sv,,2025-09-15
1853,Cliente 01853,Santa Ana,sv,Constructor,2025-08-26
1854,Cliente 01854,,SV,,2025-09-20
1855,Cliente 01855,SAN SALVADOR,HN,Hogar,2025-06-27
1856,Cliente 01856,SAN SALVADOR,HN,Hogar,2025-08-13
1857,Cliente 01857,Sonsonate,ELS,Constructor,2025-06-03
1858,Cliente 01858,Ahuachapan,SV,,2025-03-10
1859,Cliente 01859,Usulutan,GT,Constructor,2025-03-13
1860,Cliente 01860,San Salvador,SV,Constructor,2025-06-17
1861,Cliente 01861,Sonsonate,GT,Constructor,2025-04-23
1862,Cliente 01862,Santa Ana,sv,PyME,2025-12-07
1863,Cliente 01863,,HN,Constructor,2025-05-03
1864,Cliente 01864,Usulutan,HN,Constructor,2025-02-11
1865,Cliente 01865,santa ana,GT,Mayorista,2025-07-18
1866,Cliente 01866,San Salvador,SV,Hogar,2025-03-07
1867,Cliente 01867,San Miguel,GT,,2025-05-12
1868,Cliente 01868,Morazan,HN,Mayorista,2025-06-25
1869,Cliente 01869,La Libertad,NI,Mayorista,2025-02-27
1870,Cliente 01870,San Miguel,ELS,Mayorista,2025-04-28
1871,Cliente 01871,Chalatenango,sv,Mayorista,2025-02-13
1872,Cliente 01872,,HN,,2025-11-09
1873,Cliente 01873,La Paz,ELS,Mayorista,2025-11-04
1874,Cliente 01874,Usulutan,GT,Constructor,2025-11-22
1875,Cliente 01875,Usulutan,SV,Mayorista,2025-11-03
1876,Cliente 01876,santa ana,GT,Constructor,2025-12-11
1877,Cliente 01877,La Paz,HN,Hogar,2025-06-23
1878,Cliente 01878,SAN SALVADOR,GT,PyME,2025-03-14
1879,Cliente 01879,san salvador,SV,Hogar,2025-02-28
1880,Cliente 01880,La Union,sv,Hogar,2025-10-07
1881,,,sv,,2025-10-02
1882,Cliente 01882,La Union,HN,Constructor,2025-01-26
1883,Cliente 01883,san salvador,GT,,2025-11-19
1884,Cliente 01884,Usulutan,NI,Mayorista,2025-08-09
1885,Cliente 01885,La Paz,ELS,,2025-05-24
C1886,Cliente 01886,Morazan,sv,Mayorista,2025-12-27
1887,Cliente 01887,Sonsonate,HN,Constructor,2025-10-05
1888,Cliente 01888,San Vicente,ELS,Hogar,2025-11-27
1889,Cliente 01889,Cuscatlan,NI,PyME,2025-08-09
1890,Cliente 01890,,ELS,Mayorista,2025-02-25
1891,Cliente 01891,Santa Ana,SV,Hogar,2025-10-22
1892,Cliente 01892,santa ana,ELS,PyME,2025-05-25
1893,Cliente 01893,santa ana,NI,Mayorista,2025-03-09
1894,Cliente 01894,Cuscatlan,NI,Mayorista,2025-04-19
1895,Cliente 01895,Sonsonate,sv,Hogar,2025-08-16
1896,Cliente 01896,Sonsonate,ELS,Constructor,2025-12-27
1897,Cliente 01897,San Salvador,ELS,Hogar,2025-11-17
1898,Cliente 01898,Morazan,SV,PyME,2025-10-17
1899,Cliente 01899,,NI,Hogar,2025-06-03
1900,Cliente 01900,Cuscatlan,SV,Constructor,2025-01-11
1901,Cliente 01901,santa ana,ELS,PyME,2025-05-08
1902,Cliente 01902,san salvador,sv,,2025-07-10
1903,Cliente 01903,SAN SALVADOR,ELS,Mayorista,2025-02-20
1904,Cliente 01904,La Libertad,sv,Constructor,2025-02-20
1905,Cliente 01905,Santa Ana,ELS,Hogar,2025-05-08
1906,Cliente 01906,San Salvador,HN,Mayorista,2025-11-28
1907,Cliente 01907,Santa Ana,HN,PyME,2025-11-19
1908,Cliente 01908,,HN,Mayorista,2025-10-20
1909,Cliente 01909,La Paz,GT,,2025-07-14
1910,Cliente 01910,san salvador,sv,Mayorista,2025-12-14
1911,Cliente 01911,santa ana,sv,,2025-08-24
1912,Cliente 01912,La Union,SV,PyME,2025-12-24
1913,Cliente 01913,Sonsonate,SV,Hogar,2025-11-16
1914,Cliente 01914,Ahuachapan,sv,Mayorista,2025-01-09
1915,Cliente 01915,san salvador,GT,Mayorista,2025-06-07
1916,Cliente 01916,Sonsonate,GT,PyME,2025-01-16
1917,Cliente 01917,,GT,Constructor,2025-01-27
1918,Cliente 01918,santa ana,ELS,Mayorista,2025-05-04
1919,Cliente 01919,Usulutan,sv,Constructor,2025-10-05
1920,Cliente 01920,Morazan,HN,Mayorista,2025-05-15
1921,Cliente 01921,Ahuachapan,sv,,ayer
1922,Cliente 01922,Chalatenango,NI,,2025-09-20
1923,Cliente 01923,San Miguel,HN,Hogar,2025-02-24
1924,Cliente 01924,Usulutan,GT,PyME,2025-08-23
1925,Cliente 01925,San Vicente,HN,Mayorista,2025-10-28
1926,Cliente 01926,,GT,Mayorista,2025-02-26
C1927,Cliente 01927,San Vicente,GT,,2025-07-23
1928,Cliente 01928,Ahuachapan,ELS,Constructor,2025-07-21
1929,Cliente 01929,SAN SALVADOR,sv,Mayorista,2025-10-25
1930,Cliente 01930,Morazan,SV,Hogar,2025-09-08
1931,Cliente 01931,San Miguel,NI,Mayorista,2025-08-06
1932,Cliente 01932,san salvador,NI,Constructor,2025-11-26
1933,Cliente 01933,san salvador,ELS,Mayorista,2025-02-07
1934,Cliente 01934,Cuscatlan,SV,Constructor,2025-02-09
1935,Cliente 01935,,GT,PyME,2025-12-03
1936,Cliente 01936,Sonsonate,GT,Mayorista,2025-06-17
1937,Cliente 01937,La Paz,HN,PyME,2025-01-11
1938,,san salvador,GT,Mayorista,2025-01-11
1939,Cliente 01939,Morazan,GT,PyME,2025-08-28
1940,Cliente 01940,San Vicente,sv,Mayorista,2025-08-13
1941,Cliente 01941,Chalatenango,NI,Mayorista,2025-08-02
1942,Cliente 01942,Morazan,ELS,Mayorista,2025-08-16
1943,Cliente 01943,San Vicente,ELS,Hogar,2025-04-05
1944,Cliente 01944,,HN,Mayorista,2025-07-24
1945,Cliente 01945,San Vicente,sv,Hogar,2025-03-03
1946,Cliente 01946,Chalatenango,HN,,2025-06-21
1947,Cliente 01947,Morazan,NI,Constructor,2025-10-05
1948,Cliente 01948,santa ana,ELS,,2025-11-28
1949,Cliente 01949,Chalatenango,GT,Mayorista,2025-08-20
1950,Cliente 01950,Ahuachapan,sv,,2025-04-07
1951,Cliente 01951,Santa Ana,sv,Hogar,2025-05-10
1952,Cliente 01952,La Union,SV,,2025-11-06
1953,Cliente 01953,,GT,Hogar,2025-05-25
1954,Cliente 01954,san salvador,NI,,2025-09-06
1955,Cliente 01955,Santa Ana,SV,PyME,2025-12-28
1956,Cliente 01956,SAN SALVADOR,NI,Hogar,2025-03-18
1957,Cliente 01957,San Vicente,GT,Mayorista,2025-04-28
1958,Cliente 01958,Chalatenango,sv,Mayorista,2025-07-05
1959,Cliente 01959,La Libertad,NI,PyME,2025-03-16
1960,Cliente 01960,Ahuachapan,SV,PyME,2025-01-24
1961,Cliente 01961,La Paz,sv,PyME,2025-03-18
1962,Cliente 01962,,NI,,2025-11-12
1963,Cliente 01963,Cuscatlan,NI,Constructor,2025-06-23
1964,Cliente 01964,SAN SALVADOR,SV,Mayorista,2025-05-15
1965,Cliente 01965,Cuscatlan,SV,Hogar,2025-03-08
1966,Cliente 01966,Sonsonate,NI,PyME,2025-10-08
1967,Cliente 01967,Santa Ana,NI,Hogar,2025-11-15
C1968,Cliente 01968,Sonsonate,NI,,2025-07-16
1969,Cliente 01969,SAN SALVADOR,NI,PyME,2025-10-12
1970,Cliente 01970,Morazan,HN,Constructor,2025-12-25
1971,Cliente 01971,,NI,,2025-06-27
1972,Cliente 01972,Sonsonate,sv,PyME,2025-05-24
1973,Cliente 01973,santa ana,NI,Hogar,2025-05-06
1974,Cliente 01974,Santa Ana,GT,Hogar,2025-03-13
1975,Cliente 01975,Usulutan,ELS,PyME,2025-09-21
1976,Cliente 01976,Sonsonate,GT,PyME,2025-04-07
1977,Cliente 01977,San Vicente,NI,Hogar,2025-07-27
1978,Cliente 01978,La Union,GT,Hogar,2025-09-14
1979,Cliente 01979,Santa Ana,sv,,2025-09-02
1980,Cliente 01980,,sv,Mayorista,2025-07-13
1980,Cliente 01980,,sv,Mayorista,2025-07-13
1981,Cliente 01981,Ahuachapan,HN,Constructor,2025-07-08
1982,Cliente 01982,Chalatenango,ELS,PyME,2025-11-05
1983,Cliente 01983,La Libertad,SV,Mayorista,2025-05-27
1984,Cliente 01984,Ahuachapan,HN,,2025-02-05
1985,Cliente 01985,Chalatenango,ELS,Mayorista,2025-02-24
1986,Cliente 01986,Cuscatlan,HN,Hogar,2025-04-26
1987,Cliente 01987,La Paz,HN,Constructor,2025-04-09
1988,Cliente 01988,Chalatenango,SV,,2025-02-20
1989,Cliente 01989,,GT,Mayorista,2025-05-13
1990,Cliente 01990,La Union,ELS,Constructor,2025-04-18
1991,Cliente 01991,san salvador,NI,PyME,2025-01-15
1992,Cliente 01992,Ahuachapan,GT,Mayorista,2025-09-02
1993,Cliente 01993,Ahuachapan,ELS,PyME,2025-09-26
1994,Cliente 01994,Chalatenango,NI,PyME,2025-09-26
1995,,La Paz,GT,PyME,2025-09-09
1996,Cliente 01996,La Union,GT,PyME,2025-07-02
1997,Cliente 01997,Usulutan,ELS,Constructor,2025-04-19
1998,Cliente 01998,,sv,Constructor,2025-11-16
1999,Cliente 01999,La Union,NI,Mayorista,2025-04-22
2000,Cliente 02000,Santa Ana,GT,Hogar,2025-07-05
2001,Cliente 02001,SAN SALVADOR,HN,,2025-08-08
2002,Cliente 02002,SAN SALVADOR,HN,Constructor,2025-11-17
2003,Cliente 02003,Chalatenango,sv,,2025-09-06
2004,Cliente 02004,Santa Ana,GT,Constructor,2025-04-12
2005,Cliente 02005,Sonsonate,GT,Constructor,2025-06-28
2006,Cliente 02006,SAN SALVADOR,ELS,Constructor,2025-12-04
2007,Cliente 02007,,SV,PyME,2025-11-27
2008,Cliente 02008,santa ana,GT,Hogar,2025-10-11
C2009,Cliente 02009,San Salvador,HN,,2025-12-14
2010,Cliente 02010,Chalatenango,ELS,Hogar,2025-03-04
2011,Cliente 02011,San Vicente,NI,Hogar,2025-03-24
2012,Cliente 02012,SAN SALVADOR,ELS,Constructor,2025-03-08
2013,Cliente 02013,Chalatenango,NI,Mayorista,2025-04-27
2014,Cliente 02014,La Libertad,SV,Mayorista,2025-08-18
2015,Cliente 02015,Usulutan,GT,Mayorista,2025-06-12
2016,Cliente 02016,,ELS,Mayorista,2025-05-27
2017,Cliente 02017,San Miguel,ELS,,2025-06-21
2018,Cliente 02018,San Vicente,HN,Constructor,2025-04-15
2019,Cliente 02019,Santa Ana,NI,Mayorista,2025-05-02
2020,Cliente 02020,Ahuachapan,HN,PyME,2025-07-21
2021,Cliente 02021,san salvador,GT,Hogar,2025-10-01
2022,Cliente 02022,Cuscatlan,GT,,2025-01-20
2023,Cliente 02023,Sonsonate,NI,PyME,2025-03-27
2024,Cliente 02024,Ahuachapan,GT,Mayorista,2025-01-18
2025,Cliente 02025,,NI,Mayorista,2025-07-11
2026,Cliente 02026,santa ana,HN,Mayorista,2025-11-02
2027,Cliente 02027,SAN SALVADOR,NI,Hogar,2025-11-27
2028,Cliente 02028,SAN SALVADOR,HN,Constructor,2025-02-19
2029,Cliente 02029,La Libertad,SV,Constructor,2025-03-17
2030,Cliente 02030,La Paz,SV,Hogar,2025-11-22
2031,Cliente 02031,Chalatenango,sv,Mayorista,2025-06-20
2032,Cliente 02032,Santa Ana,ELS,Mayorista,2025-08-24
2033,Cliente 02033,san salvador,SV,Hogar,2025-06-24
2034,Cliente 02034,,sv,PyME,ayer
2035,Cliente 02035,san salvador,GT,PyME,2025-02-14
2036,Cliente 02036,Cuscatlan,SV,Mayorista,2025-11-11
2037,Cliente 02037,Cuscatlan,GT,Constructor,2025-04-15
2038,Cliente 02038,Santa Ana,ELS,Constructor,2025-05-15
2039,Cliente 02039,La Paz,SV,PyME,2025-03-24
2040,Cliente 02040,La Paz,SV,Mayorista,2025-02-26
2041,Cliente 02041,San Miguel,ELS,Mayorista,2025-12-23
2042,Cliente 02042,Chalatenango,NI,PyME,2025-02-22
2043,Cliente 02043,,HN,Constructor,2025-03-12
2044,Cliente 02044,San Vicente,sv,Mayorista,2025-10-19
2045,Cliente 02045,La Paz,HN,Hogar,2025-02-24
2046,Cliente 02046,Usulutan,SV,,2025-09-05
2047,Cliente 02047,San Vicente,SV,Hogar,2025-12-21
2048,Cliente 02048,San Salvador,sv,Constructor,2025-09-04
2049,Cliente 02049,San Salvador,ELS,,2025-08-04
C2050,Cliente 02050,La Union,sv,Constructor,2025-07-16
2051,Cliente 02051,La Paz,ELS,PyME,2025-08-06
2052,,,sv,PyME,2025-04-10
2053,Cliente 02053,Usulutan,SV,Mayorista,2025-10-13
2054,Cliente 02054,Sonsonate,ELS,Hogar,2025-11-08
2055,Cliente 02055,Ahuachapan,sv,,2025-08-26
2056,Cliente 02056,San Vicente,NI,,2025-04-03
2057,Cliente 02057,San Salvador,ELS,Mayorista,2025-03-21
2058,Cliente 02058,Ahuachapan,SV,Hogar,2025-11-27
2059,Cliente 02059,San Vicente,GT,,2025-11-09
2060,Cliente 02060,Usulutan,GT,Mayorista,2025-03-06
2061,Cliente 02061,,GT,Mayorista,2025-11-10
2062,Cliente 02062,San Miguel,SV,Mayorista,2025-07-18
2063,Cliente 02063,san salvador,HN,Constructor,2025-11-25
2064,Cliente 02064,La Union,ELS,,2025-11-10
2065,Cliente 02065,Santa Ana,NI,Mayorista,2025-10-04
2066,Cliente 02066,santa ana,HN,PyME,2025-08-06
2067,Cliente 02067,san salvador,ELS,Mayorista,2025-11-20
2068,Cliente 02068,Morazan,sv,Mayorista,2025-07-20
2069,Cliente 02069,san salvador,sv,Constructor,2025-11-28
2070,Cliente 02070,,HN,,2025-05-28
2071,Cliente 02071,Ahuachapan,NI,Constructor,2025-11-01
2072,Cliente 02072,Usulutan,HN,PyME,2025-02-08
2073,Cliente 02073,La Union,sv,Mayorista,2025-07-10
2074,Cliente 02074,La Union,SV,Constructor,2025-04-06
2075,Cliente 02075,Cuscatlan,GT,Hogar,2025-09-28
2076,Cliente 02076,Usulutan,HN,,2025-09-17
2077,Cliente 02077,Chalatenango,SV,PyME,2025-09-04
2078,Cliente 02078,SAN SALVADOR,SV,,2025-07-20
2079,Cliente 02079,,NI,PyME,2025-04-12
2080,Cliente 02080,santa ana,NI,,2025-10-06
2081,Cliente 02081,Santa Ana,SV,,2025-04-15
2082,Cliente 02082,San Vicente,ELS,Constructor,2025-03-17
2083,Cliente 02083,santa ana,NI,Constructor,2025-11-03
2084,Cliente 02084,Usulutan,GT,PyME,2025-03-21
2085,Cliente 02085,San Vicente,sv,PyME,2025-01-28
2086,Cliente 02086,Morazan,ELS,Constructor,2025-12-02
2087,Cliente 02087,La Libertad,GT,,2025-02-12
2088,Cliente 02088,,GT,PyME,2025-07-18
2089,Cliente 02089,Santa Ana,NI,Constructor,2025-11-15
2090,Cliente 02090,San Vicente,sv,,2025-08-06
C2091,Cliente 02091,san salvador,NI,Mayorista,2025-07-04
2092,Cliente 02092,Ahuachapan,GT,Mayorista,2025-05-28
2093,Cliente 02093,La Libertad,GT,,2025-04-02
2094,Cliente 02094,Ahuachapan,NI,,2025-05-05
2095,Cliente 02095,San Miguel,sv,PyME,2025-01-12
2096,Cliente 02096,San Miguel,SV,Mayorista,2025-06-18
2097,Cliente 02097,,sv,Constructor,2025-04-02
2098,Cliente 02098,Santa Ana,sv,Constructor,2025-08-16
2099,Cliente 02099,Chalatenango,sv,Hogar,2025-01-23
2100,Cliente 02100,santa ana,HN,Constructor,2025-07-17
2101,Cliente 02101,Cuscatlan,NI,Constructor,2025-01-23
2102,Cliente 02102,San Vicente,NI,Hogar,2025-03-16
2103,Cliente 02103,san salvador,SV,,2025-08-07
2104,Cliente 02104,Sonsonate,GT,Mayorista,2025-10-05
2105,Cliente 02105,La Union,ELS,Hogar,2025-01-26
2106,Cliente 02106,,GT,Mayorista,2025-03-03
2107,Cliente 02107,SAN SALVADOR,HN,Hogar,2025-12-26
2108,Cliente 02108,Chalatenango,NI,PyME,2025-04-11
2109,,Usulutan,NI,PyME,2025-12-04
2110,Cliente 02110,La Libertad,HN,Mayorista,2025-09-09
2111,Cliente 02111,Sonsonate,ELS,,2025-05-09
2112,Cliente 02112,Usulutan,ELS,PyME,2025-08-27
2113,Cliente 02113,San Vicente,HN,Hogar,2025-08-02
2114,Cliente 02114,Ahuachapan,SV,,2025-11-22
2115,Cliente 02115,,NI,PyME,2025-10-07
2116,Cliente 02116,Santa Ana,NI,,2025-08-18
2117,Cliente 02117,La Libertad,ELS,PyME,2025-10-09
2118,Cliente 02118,San Salvador,ELS,Constructor,2025-02-25
2119,Cliente 02119,San Miguel,NI,PyME,2025-05-08
2120,Cliente 02120,Ahuachapan,NI,Constructor,2025-08-20
2121,Cliente 02121,Santa Ana,ELS,,2025-08-05
2122,Cliente 02122,Morazan,NI,Constructor,2025-01-10
2123,Cliente 02123,Cuscatlan,NI,Constructor,2025-05-22
2124,Cliente 02124,,NI,Mayorista,2025-03-01
2125,Cliente 02125,La Paz,GT,Mayorista,2025-09-26
2126,Cliente 02126,Cuscatlan,ELS,Hogar,2025-07-18
2127,Cliente 02127,santa ana,GT,Hogar,2025-01-14
2128,Cliente 02128,Cuscatlan,sv,Hogar,2025-02-26
2129,Cliente 02129,Sonsonate,ELS,PyME,2025-06-22
2130,Cliente 02130,Usulutan,ELS,Constructor,2025-07-21
2131,Cliente 02131,La Paz,sv,Mayorista,2025-12-25
C2132,Cliente 02132,SAN SALVADOR,GT,Hogar,2025-04-14
2133,Cliente 02133,,GT,Hogar,2025-03-25
2134,Cliente 02134,La Libertad,HN,PyME,2025-10-22
2135,Cliente 02135,Santa Ana,SV,Mayorista,2025-05-08
2136,Cliente 02136,SAN SALVADOR,sv,PyME,2025-10-07
2137,Cliente 02137,La Paz,SV,Constructor,2025-11-18
2138,Cliente 02138,Sonsonate,HN,,2025-08-01
2139,Cliente 02139,Sonsonate,GT,Constructor,2025-10-26
2140,Cliente 02140,Morazan,ELS,Hogar,2025-10-19
2141,Cliente 02141,Chalatenango,HN,PyME,2025-02-23
2142,Cliente 02142,,SV,Mayorista,2025-05-10
2143,Cliente 02143,San Miguel,ELS,Hogar,2025-07-05
2144,Cliente 02144,San Vicente,ELS,,2025-03-03
2145,Cliente 02145,La Libertad,SV,Hogar,2025-01-09
2146,Cliente 02146,Cuscatlan,GT,,2025-08-03
2147,Cliente 02147,san salvador,HN,PyME,ayer
2148,Cliente 02148,Cuscatlan,HN,Hogar,2025-01-04
2149,Cliente 02149,La Paz,NI,Hogar,2025-01-03
2150,Cliente 02150,La Libertad,sv,PyME,2025-02-11
2151,Cliente 02151,,GT,PyME,2025-04-17
2152,Cliente 02152,santa ana,ELS,Hogar,2025-01-03
2153,Cliente 02153,San Salvador,SV,,2025-03-23
2154,Cliente 02154,SAN SALVADOR,HN,PyME,2025-11-10
2155,Cliente 02155,San Salvador,ELS,Constructor,2025-04-09
2156,Cliente 02156,Santa Ana,NI,,2025-04-27
2157,Cliente 02157,san salvador,ELS,Hogar,2025-02-14
2158,Cliente 02158,Ahuachapan,sv,,2025-10-07
2159,Cliente 02159,Cuscatlan,ELS,Hogar,2025-04-15
2160,Cliente 02160,,GT,Mayorista,2025-08-17
2160,Cliente 02160,,GT,Mayorista,2025-08-17
2161,Cliente 02161,Cuscatlan,ELS,Hogar,2025-03-23
2162,Cliente 02162,La Paz,NI,,2025-10-24
2163,Cliente 02163,San Salvador,sv,,2025-07-26
2164,Cliente 02164,santa ana,GT,Mayorista,2025-02-03
2165,Cliente 02165,San Salvador,ELS,PyME,2025-06-23
2166,,San Salvador,NI,Mayorista,2025-01-23
2167,Cliente 02167,Usulutan,GT,PyME,2025-03-04
2168,Cliente 02168,san salvador,ELS,Constructor,2025-12-09
2169,Cliente 02169,,sv,Constructor,2025-12-23
2170,Cliente 02170,SAN SALVADOR,HN,PyME,2025-02-14
2171,Cliente 02171,Usulutan,SV,Constructor,2025-01-04
2172,Cliente 02172,Santa Ana,ELS,Mayorista,2025-05-18
C2173,Cliente 02173,Ahuachapan,HN,,2025-12-01
2174,Cliente 02174,San Vicente,GT,Constructor,2025-07-17
2175,Cliente 02175,Cuscatlan,NI,Hogar,2025-06-22
2176,Cliente 02176,San Miguel,NI,Constructor,2025-02-18
2177,Cliente 02177,La Paz,ELS,Mayorista,2025-05-20
2178,Cliente 02178,,sv,,2025-02-21
2179,Cliente 02179,Chalatenango,HN,Hogar,2025-11-20
2180,Cliente 02180,La Union,NI,Mayorista,2025-10-09
2181,Cliente 02181,Cuscatlan,NI,Mayorista,2025-04-09
2182,Cliente 02182,santa ana,NI,PyME,2025-10-16
2183,Cliente 02183,San Miguel,ELS,Hogar,2025-12-16
2184,Cliente 02184,Santa Ana,sv,Mayorista,2025-04-02
2185,Cliente 02185,san salvador,GT,Mayorista,2025-10-28
2186,Cliente 02186,santa ana,GT,,2025-10-02
2187,Cliente 02187,,SV,Hogar,2025-11-09
2188,Cliente 02188,Usulutan,ELS,,2025-09-22
2189,Cliente 02189,Santa Ana,sv,,2025-02-08
2190,Cliente 02190,Cuscatlan,NI,Hogar,2025-08-23
2191,Cliente 02191,Ahuachapan,GT,Hogar,2025-06-16
2192,Cliente 02192,santa ana,HN,PyME,2025-01-16
2193,Cliente 02193,Usulutan,NI,Constructor,2025-03-05
2194,Cliente 02194,santa ana,ELS,,2025-01-06
2195,Cliente 02195,SAN SALVADOR,HN,PyME,2025-10-17
2196,Cliente 02196,,ELS,Mayorista,2025-02-15
2197,Cliente 02197,Ahuachapan,ELS,Hogar,2025-07-20
2198,Cliente 02198,La Paz,ELS,,2025-10-24
2199,Cliente 02199,La Libertad,GT,Hogar,2025-04-13
2200,Cliente 02200,SAN SALVADOR,HN,Constructor,2025-03-06
2201,Cliente 02201,La Libertad,sv,PyME,2025-11-25
2202,Cliente 02202,La Union,ELS,Hogar,2025-02-13
2203,Cliente 02203,La Libertad,HN,,2025-04-15
2204,Cliente 02204,Sonsonate,NI,Hogar,2025-07-17
2205,Cliente 02205,,NI,PyME,2025-03-14
2206,Cliente 02206,san salvador,NI,Hogar,2025-08-05
2207,Cliente 02207,Sonsonate,ELS,Constructor,2025-02-09
2208,Cliente 02208,La Libertad,HN,Mayorista,2025-07-17
2209,Cliente 02209,La Libertad,NI,PyME,2025-07-08
2210,Cliente 02210,La Libertad,NI,Mayorista,2025-05-15
2211,Cliente 02211,Santa Ana,HN,PyME,2025-05-12
2212,Cliente 02212,San Miguel,SV,Mayorista,2025-08-15
2213,Cliente 02213,Cuscatlan,sv,,2025-10-07
C2214,Cliente 02214,,GT,PyME,2025-06-15
2215,Cliente 02215,San Salvador,NI,Constructor,2025-10-27
2216,Cliente 02216,La Paz,sv,,2025-05-04
2217,Cliente 02217,La Libertad,sv,,2025-06-10
2218,Cliente 02218,san salvador,sv,Mayorista,2025-09-11
2219,Cliente 02219,San Salvador,NI,Constructor,2025-03-23
2220,Cliente 02220,La Paz,GT,PyME,2025-06-14
2221,Cliente 02221,SAN SALVADOR,GT,PyME,2025-05-11
2222,Cliente 02222,san salvador,NI,Constructor,2025-12-03
2223,,,ELS,Constructor,2025-05-22
2224,Cliente 02224,Usulutan,SV,PyME,2025-01-03
2225,Cliente 02225,santa ana,GT,,2025-02-03
2226,Cliente 02226,La Union,sv,Constructor,2025-12-21
2227,Cliente 02227,San Miguel,ELS,,2025-12-24
2228,Cliente 02228,santa ana,sv,,2025-08-11
2229,Cliente 02229,san salvador,NI,,2025-01-06
2230,Cliente 02230,Sonsonate,GT,Hogar,2025-02-08
2231,Cliente 02231,Chalatenango,NI,PyME,2025-04-03
2232,Cliente 02232,,HN,Mayorista,2025-01-11
2233,Cliente 02233,Sonsonate,GT,PyME,2025-04-08
2234,Cliente 02234,La Paz,ELS,PyME,2025-06-06
2235,Cliente 02235,san salvador,sv,,2025-02-08
2236,Cliente 02236,Cuscatlan,HN,Hogar,2025-12-15
2237,Cliente 02237,Usulutan,SV,PyME,2025-11-08
2238,Cliente 02238,Ahuachapan,SV,Hogar,2025-08-28
2239,Cliente 02239,La Paz,SV,Mayorista,2025-07-25
2240,Cliente 02240,san salvador,NI,,2025-06-04
2241,Cliente 02241,,sv,Constructor,2025-03-24
2242,Cliente 02242,Chalatenango,GT,PyME,2025-07-26
2243,Cliente 02243,San Miguel,NI,,2025-04-22
2244,Cliente 02244,Ahuachapan,sv,PyME,2025-01-23
2245,Cliente 02245,La Paz,NI,,2025-08-08
2246,Cliente 02246,Morazan,NI,PyME,2025-06-01
2247,Cliente 02247,Santa Ana,ELS,PyME,2025-07-24
2248,Cliente 02248,Chalatenango,GT,Mayorista,2025-12-25
2249,Cliente 02249,Sonsonate,HN,Mayorista,2025-10-15
2250,Cliente 02250,,sv,,2025-09-25
2251,Cliente 02251,La Libertad,SV,Constructor,2025-04-18
2252,Cliente 02252,santa ana,sv,Hogar,2025-04-16
2253,Cliente 02253,Morazan,ELS,PyME,2025-05-14
2254,Cliente 02254,San Miguel,sv,Hogar,2025-05-12
C2255,Cliente 02255,San Salvador,SV,Constructor,2025-12-21
2256,Cliente 02256,Sonsonate,SV,PyME,2025-07-01
2257,Cliente 02257,Morazan,GT,Hogar,2025-03-02
2258,Cliente 02258,Cuscatlan,HN,PyME,2025-07-23
2259,Cliente 02259,,GT,,2025-11-01
2260,Cliente 02260,san salvador,ELS,Constructor,ayer
2261,Cliente 02261,Sonsonate,NI,PyME,2025-01-22
2262,Cliente 02262,Sonsonate,NI,Constructor,2025-02-24
2263,Cliente 02263,Usulutan,sv,Hogar,2025-10-14
2264,Cliente 02264,Chalatenango,GT,Hogar,2025-05-12
2265,Cliente 02265,La Paz,NI,PyME,2025-12-26
2266,Cliente 02266,Cuscatlan,SV,Constructor,2025-04-26
2267,Cliente 02267,La Paz,HN,,2025-07-12
2268,Cliente 02268,,SV,Constructor,2025-06-24
2269,Cliente 02269,Santa Ana,SV,Hogar,2025-02-26
2270,Cliente 02270,Chalatenango,ELS,PyME,2025-10-26
2271,Cliente 02271,SAN SALVADOR,GT,Constructor,2025-11-25
2272,Cliente 02272,La Libertad,ELS,Hogar,2025-05-02
2273,Cliente 02273,Cuscatlan,HN,Constructor,2025-06-08
2274,Cliente 02274,San Vicente,SV,Mayorista,2025-05-08
2275,Cliente 02275,Santa Ana,NI,Mayorista,2025-11-01
2276,Cliente 02276,San Miguel,ELS,Mayorista,2025-01-22
2277,Cliente 02277,,NI,Hogar,2025-03-19
2278,Cliente 02278,Cuscatlan,SV,Hogar,2025-05-01
2279,Cliente 02279,Santa Ana,HN,Hogar,2025-04-02
2280,,San Miguel,NI,Hogar,2025-06-03
2281,Cliente 02281,La Union,HN,,2025-06-24
2282,Cliente 02282,Sonsonate,ELS,PyME,2025-04-23
2283,Cliente 02283,SAN SALVADOR,GT,Hogar,2025-10-14
2284,Cliente 02284,La Libertad,ELS,Hogar,2025-05-19
2285,Cliente 02285,Cuscatlan,SV,Hogar,2025-04-21
2286,Cliente 02286,,SV,,2025-05-18
2287,Cliente 02287,santa ana,HN,Hogar,2025-05-27
2288,Cliente 02288,Ahuachapan,sv,PyME,2025-07-01
2289,Cliente 02289,San Salvador,sv,Hogar,2025-03-26
2290,Cliente 02290,Santa Ana,SV,,2025-06-28
2291,Cliente 02291,Morazan,NI,Constructor,2025-04-05
2292,Cliente 02292,San Miguel,SV,PyME,2025-05-05
2293,Cliente 02293,La Libertad,HN,Constructor,2025-09-23
2294,Cliente 02294,San Vicente,GT,Constructor,2025-07-19
2295,Cliente 02295,,GT,Hogar,2025-05-16
C2296,Cliente 02296,san salvador,SV,Mayorista,2025-07-10
2297,Cliente 02297,SAN SALVADOR,HN,PyME,2025-11-20
2298,Cliente 02298,La Paz,ELS,Mayorista,2025-08-27
2299,Cliente 02299,La Union,GT,Hogar,2025-07-03
2300,Cliente 02300,San Miguel,SV,PyME,2025-10-15
2301,Cliente 02301,san salvador,GT,Mayorista,2025-10-09
2302,Cliente 02302,Sonsonate,SV,Constructor,2025-02-25
2303,Cliente 02303,Chalatenango,ELS,PyME,2025-02-07
2304,Cliente 02304,,sv,Mayorista,2025-10-22
2305,Cliente 02305,Santa Ana,SV,Mayorista,2025-06-09
2306,Cliente 02306,SAN SALVADOR,sv,Hogar,2025-04-21
2307,Cliente 02307,San Vicente,ELS,,2025-11-07
2308,Cliente 02308,santa ana,NI,Constructor,2025-05-23
2309,Cliente 02309,San Vicente,NI,Constructor,2025-09-11
2310,Cliente 02310,La Union,ELS,PyME,2025-07-02
2311,Cliente 02311,San Vicente,SV,,2025-06-03
2312,Cliente 02312,La Union,NI,PyME,2025-09-23
2313,Cliente 02313,,sv,Mayorista,2025-07-05
2314,Cliente 02314,san salvador,ELS,Mayorista,2025-06-27
2315,Cliente 02315,La Libertad,NI,PyME,2025-01-11
2316,Cliente 02316,santa ana,sv,,2025-08-04
2317,Cliente 02317,Cuscatlan,SV,Hogar,2025-05-21
2318,Cliente 02318,Morazan,sv,,2025-11-01
2319,Cliente 02319,San Salvador,SV,PyME,2025-02-15
2320,Cliente 02320,La Paz,HN,,2025-07-24
2321,Cliente 02321,santa ana,sv,Hogar,2025-02-11
2322,Cliente 02322,,SV,PyME,2025-01-16
2323,Cliente 02323,La Paz,SV,Constructor,2025-11-09
2324,Cliente 02324,Cuscatlan,HN,Mayorista,2025-05-25
2325,Cliente 02325,San Vicente,NI,Hogar,2025-01-25
2326,Cliente 02326,Usulutan,HN,Mayorista,2025-03-09
2327,Cliente 02327,San Salvador,sv,Hogar,2025-08-26
2328,Cliente 02328,La Union,SV,Constructor,2025-05-24
2329,Cliente 02329,San Salvador,sv,PyME,2025-04-28
2330,Cliente 02330,Chalatenango,NI,Constructor,2025-08-08
2331,Cliente 02331,,HN,Mayorista,2025-08-21
2332,Cliente 02332,Santa Ana,ELS,PyME,2025-02-26
2333,Cliente 02333,Sonsonate,ELS,,2025-05-17
2334,Cliente 02334,La Paz,sv,,2025-09-15
2335,Cliente 02335,San Vicente,ELS,PyME,2025-07-23
2336,Cliente 02336,Morazan,ELS,PyME,2025-07-14
C2337,,Morazan,sv,Hogar,2025-03-17
2338,Cliente 02338,san salvador,sv,PyME,2025-01-17
2339,Cliente 02339,san salvador,HN,PyME,2025-12-13
2340,Cliente 02340,,ELS,Constructor,2025-11-17
2340,Cliente 02340,,ELS,Constructor,2025-11-17
2341,Cliente 02341,San Vicente,HN,Hogar,2025-08-12
2342,Cliente 02342,Santa Ana,HN,Constructor,2025-07-27
2343,Cliente 02343,Ahuachapan,HN,Mayorista,2025-12-28
2344,Cliente 02344,santa ana,HN,Hogar,2025-03-06
2345,Cliente 02345,Ahuachapan,ELS,PyME,2025-10-05
2346,Cliente 02346,Ahuachapan,NI,,2025-05-19
2347,Cliente 02347,san salvador,HN,Hogar,2025-09-27
2348,Cliente 02348,San Miguel,SV,,2025-07-05
2349,Cliente 02349,,ELS,Hogar,2025-03-25
2350,Cliente 02350,Chalatenango,GT,Mayorista,2025-06-17
2351,Cliente 02351,La Union,SV,Constructor,2025-12-12
2352,Cliente 02352,Santa Ana,ELS,Hogar,2025-11-28
2353,Cliente 02353,santa ana,ELS,,2025-09-08
2354,Cliente 02354,La Libertad,SV,,2025-05-23
2355,Cliente 02355,La Union,NI,Hogar,2025-06-27
2356,Cliente 02356,San Salvador,GT,Hogar,2025-08-15
2357,Cliente 02357,SAN SALVADOR,NI,Constructor,2025-01-06
2358,Cliente 02358,,SV,PyME,2025-02-04
2359,Cliente 02359,La Union,sv,Constructor,2025-10-02
2360,Cliente 02360,Santa Ana,GT,PyME,2025-05-28
2361,Cliente 02361,La Libertad,NI,PyME,2025-01-14
2362,Cliente 02362,La Libertad,GT,PyME,2025-10-17
2363,Cliente 02363,La Union,GT,,2025-01-15
2364,Cliente 02364,Morazan,GT,,2025-10-18
2365,Cliente 02365,Sonsonate,GT,Mayorista,2025-07-27
2366,Cliente 02366,Cuscatlan,sv,,2025-04-09
2367,Cliente 02367,,HN,Hogar,2025-11-17
2368,Cliente 02368,Ahuachapan,sv,PyME,2025-09-25
2369,Cliente 02369,Ahuachapan,sv,Hogar,2025-03-15
2370,Cliente 02370,Ahuachapan,NI,Mayorista,2025-06-18
2371,Cliente 02371,santa ana,ELS,,2025-03-02
2372,Cliente 02372,Ahuachapan,NI,Constructor,2025-09-03
2373,Cliente 02373,San Salvador,SV,PyME,ayer
2374,Cliente 02374,Ahuachapan,SV,,2025-06-18
2375,Cliente 02375,Ahuachapan,ELS,,2025-01-25
2376,Cliente 02376,,sv,,2025-08-04
2377,Cliente 02377,Cuscatlan,sv,Constructor,2025-09-28
C2378,Cliente 02378,san salvador,ELS,,2025-01-19
2379,Cliente 02379,San Vicente,SV,PyME,2025-10-05
2380,Cliente 02380,SAN SALVADOR,ELS,,2025-07-17
2381,Cliente 02381,La Libertad,SV,Mayorista,2025-11-20
2382,Cliente 02382,Santa Ana,HN,Mayorista,2025-09-28
2383,Cliente 02383,Usulutan,GT,PyME,2025-05-13
2384,Cliente 02384,Ahuachapan,ELS,,2025-04-25
2385,Cliente 02385,,GT,PyME,2025-05-06
2386,Cliente 02386,La Union,HN,Mayorista,2025-12-01
2387,Cliente 02387,Santa Ana,sv,,2025-04-15
2388,Cliente 02388,Santa Ana,HN,Mayorista,2025-02-20
2389,Cliente 02389,Ahuachapan,SV,Hogar,2025-07-18
2390,Cliente 02390,Morazan,GT,Hogar,2025-07-15
2391,Cliente 02391,Usulutan,sv,Constructor,2025-10-04
2392,Cliente 02392,San Miguel,sv,,2025-01-21
2393,Cliente 02393,Santa Ana,SV,,2025-09-26
2394,,,NI,,2025-01-24
2395,Cliente 02395,Sonsonate,NI,Constructor,2025-06-23
2396,Cliente 02396,La Libertad,SV,Mayorista,2025-05-14
2397,Cliente 02397,Ahuachapan,HN,Hogar,2025-02-09
2398,Cliente 02398,La Libertad,sv,Constructor,2025-04-02
2399,Cliente 02399,San Miguel,sv,Hogar,2025-02-18
2400,Cliente 02400,La Paz,sv,Hogar,2025-08-26
2401,Cliente 02401,San Miguel,sv,,2025-02-14
2402,Cliente 02402,San Miguel,GT,,2025-09-05
2403,Cliente 02403,,ELS,Mayorista,2025-06-04
2404,Cliente 02404,Sonsonate,HN,Hogar,2025-11-24
2405,Cliente 02405,La Union,HN,PyME,2025-05-14
2406,Cliente 02406,Sonsonate,NI,PyME,2025-01-09
2407,Cliente 02407,santa ana,HN,,2025-07-14
2408,Cliente 02408,Cuscatlan,HN,PyME,2025-11-11
2409,Cliente 02409,SAN SALVADOR,sv,PyME,2025-07-06
2410,Cliente 02410,Santa Ana,GT,PyME,2025-09-27
2411,Cliente 02411,La Paz,GT,PyME,2025-08-27
2412,Cliente 02412,,GT,Constructor,2025-10-16
2413,Cliente 02413,Chalatenango,ELS,Constructor,2025-12-17
2414,Cliente 02414,san salvador,NI,,2025-06-12
2415,Cliente 02415,Morazan,SV,,2025-05-07
2416,Cliente 02416,santa ana,NI,,2025-06-03
2417,Cliente 02417,Morazan,sv,,2025-02-13
2418,Cliente 02418,Ahuachapan,SV,Constructor,2025-06-12
C2419,Cliente 02419,Chalatenango,GT,,2025-01-07
2420,Cliente 02420,Chalatenango,GT,Constructor,2025-12-16
2421,Cliente 02421,,NI,Mayorista,2025-11-15
2422,Cliente 02422,Usulutan,NI,,2025-02-02
2423,Cliente 02423,Sonsonate,HN,Mayorista,2025-03-26
2424,Cliente 02424,santa ana,sv,Hogar,2025-10-08
2425,Cliente 02425,Ahuachapan,GT,Hogar,2025-06-06
2426,Cliente 02426,Ahuachapan,sv,,2025-04-07
2427,Cliente 02427,Ahuachapan,SV,Hogar,2025-10-05
2428,Cliente 02428,san salvador,ELS,PyME,2025-01-03
2429,Cliente 02429,La Libertad,GT,PyME,2025-01-10
2430,Cliente 02430,,NI,Mayorista,2025-08-28
2431,Cliente 02431,San Miguel,SV,Constructor,2025-11-24
2432,Cliente 02432,Morazan,SV,Hogar,2025-07-06
2433,Cliente 02433,SAN SALVADOR,NI,PyME,2025-08-19
2434,Cliente 02434,San Miguel,ELS,Mayorista,2025-11-10
2435,Cliente 02435,Chalatenango,HN,,2025-05-26
2436,Cliente 02436,Sonsonate,SV,PyME,2025-10-04
2437,Cliente 02437,santa ana,HN,Mayorista,2025-01-11
2438,Cliente 02438,San Salvador,NI,Mayorista,2025-06-14
2439,Cliente 02439,,sv,PyME,2025-10-23
2440,Cliente 02440,Sonsonate,sv,Constructor,2025-10-18
2441,Cliente 02441,SAN SALVADOR,HN,PyME,2025-01-01
2442,Cliente 02442,Cuscatlan,HN,Constructor,2025-08-11
2443,Cliente 02443,SAN SALVADOR,ELS,,2025-12-11
2444,Cliente 02444,Morazan,GT,,2025-04-03
2445,Cliente 02445,Chalatenango,SV,Mayorista,2025-12-25
2446,Cliente 02446,san salvador,HN,Constructor,2025-02-23
2447,Cliente 02447,La Paz,GT,Constructor,2025-04-02
2448,Cliente 02448,,GT,Constructor,2025-04-22
2449,Cliente 02449,La Union,GT,,2025-04-24
2450,Cliente 02450,Ahuachapan,ELS,,2025-07-20
2451,,Sonsonate,SV,Hogar,2025-06-06
2452,Cliente 02452,Morazan,NI,PyME,2025-12-04
2453,Cliente 02453,San Vicente,sv,,2025-08-07
2454,Cliente 02454,San Miguel,SV,,2025-12-16
2455,Cliente 02455,Cuscatlan,ELS,Mayorista,2025-09-21
2456,Cliente 02456,Morazan,GT,Mayorista,2025-10-28
2457,Cliente 02457,,SV,PyME,2025-05-03
2458,Cliente 02458,Usulutan,sv,Constructor,2025-05-06
2459,Cliente 02459,San Miguel,SV,Mayorista,2025-03-03
C2460,Cliente 02460,San Vicente,SV,Hogar,2025-08-26
2461,Cliente 02461,san salvador,GT,PyME,2025-10-25
2462,Cliente 02462,Morazan,GT,Mayorista,2025-10-12
2463,Cliente 02463,San Salvador,sv,,2025-08-14
2464,Cliente 02464,Sonsonate,NI,Hogar,2025-12-10
2465,Cliente 02465,san salvador,NI,Hogar,2025-11-16
2466,Cliente 02466,,SV,,2025-03-24
2467,Cliente 02467,SAN SALVADOR,HN,PyME,2025-12-09
2468,Cliente 02468,Sonsonate,sv,,2025-06-01
2469,Cliente 02469,Usulutan,sv,Constructor,2025-04-23
2470,Cliente 02470,La Paz,HN,Mayorista,2025-10-23
2471,Cliente 02471,Santa Ana,HN,PyME,2025-01-17
2472,Cliente 02472,San Vicente,SV,PyME,2025-06-28
2473,Cliente 02473,Usulutan,GT,PyME,2025-05-19
2474,Cliente 02474,La Union,ELS,Hogar,2025-01-17
2475,Cliente 02475,,HN,Hogar,2025-08-05
2476,Cliente 02476,San Miguel,SV,,2025-08-08
2477,Cliente 02477,La Union,sv,,2025-12-01
2478,Cliente 02478,san salvador,sv,PyME,2025-03-06
2479,Cliente 02479,La Paz,ELS,PyME,2025-10-18
2480,Cliente 02480,La Libertad,ELS,Mayorista,2025-06-28
2481,Cliente 02481,Sonsonate,SV,Mayorista,2025-02-25
2482,Cliente 02482,Sonsonate,SV,Hogar,2025-07-02
2483,Cliente 02483,Morazan,SV,PyME,2025-03-01
2484,Cliente 02484,,GT,Mayorista,2025-04-20
2485,Cliente 02485,San Miguel,SV,PyME,2025-11-15
2486,Cliente 02486,San Salvador,NI,PyME,ayer
2487,Cliente 02487,San Salvador,sv,Mayorista,2025-06-04
2488,Cliente 02488,Morazan,HN,Mayorista,2025-11-22
2489,Cliente 02489,Santa Ana,GT,PyME,2025-05-28
2490,Cliente 02490,San Miguel,GT,Constructor,2025-11-16
2491,Cliente 02491,San Salvador,GT,PyME,2025-02-03
2492,Cliente 02492,La Union,GT,Hogar,2025-07-19
2493,Cliente 02493,,sv,,2025-07-14
2494,Cliente 02494,Usulutan,SV,PyME,2025-06-05
2495,Cliente 02495,La Libertad,sv,Hogar,2025-02-02
2496,Cliente 02496,La Libertad,GT,Hogar,2025-08-07
2497,Cliente 02497,Sonsonate,ELS,PyME,2025-08-02
2498,Cliente 02498,San Salvador,sv,Constructor,2025-08-17
2499,Cliente 02499,Chalatenango,SV,Hogar,2025-12-12
2500,Cliente 02500,Cuscatlan,SV,Constructor,2025-01-02
C2501,Cliente 02501,Santa Ana,HN,PyME,2025-11-15
2502,Cliente 02502,,sv,PyME,2025-05-08
2503,Cliente 02503,La Union,NI,Hogar,2025-03-07
2504,Cliente 02504,santa ana,HN,PyME,2025-02-21
2505,Cliente 02505,San Vicente,NI,Mayorista,2025-04-05
2506,Cliente 02506,Sonsonate,NI,Hogar,2025-07-22
2507,Cliente 02507,La Paz,HN,Constructor,2025-06-28
2508,,La Union,sv,PyME,2025-11-26
2509,Cliente 02509,La Paz,NI,PyME,2025-06-19
2510,Cliente 02510,Usulutan,HN,Mayorista,2025-06-10
2511,Cliente 02511,,GT,,2025-12-18
2512,Cliente 02512,Cuscatlan,sv,,2025-07-15
2513,Cliente 02513,Chalatenango,ELS,Mayorista,2025-03-03
2514,Cliente 02514,San Salvador,sv,PyME,2025-01-19
2515,Cliente 02515,San Salvador,ELS,Mayorista,2025-10-25
2516,Cliente 02516,La Libertad,HN,PyME,2025-12-15
2517,Cliente 02517,Sonsonate,NI,Mayorista,2025-10-15
2518,Cliente 02518,Chalatenango,GT,Hogar,2025-09-13
2519,Cliente 02519,Santa Ana,HN,Hogar,2025-10-13
2520,Cliente 02520,,HN,,2025-11-23
2520,Cliente 02520,,HN,,2025-11-23
2521,Cliente 02521,La Union,sv,Hogar,2025-01-13
2522,Cliente 02522,La Union,SV,Hogar,2025-02-07
2523,Cliente 02523,san salvador,GT,Hogar,2025-12-11
2524,Cliente 02524,san salvador,ELS,Constructor,2025-08-25
2525,Cliente 02525,San Vicente,HN,Mayorista,2025-12-17
2526,Cliente 02526,La Libertad,sv,,2025-09-26
2527,Cliente 02527,Santa Ana,NI,Mayorista,2025-02-17
2528,Cliente 02528,Sonsonate,HN,,2025-12-12
2529,Cliente 02529,,sv,,2025-07-26
2530,Cliente 02530,Sonsonate,NI,PyME,2025-11-22
2531,Cliente 02531,Ahuachapan,ELS,PyME,2025-03-28
2532,Cliente 02532,San Miguel,GT,,2025-04-28
2533,Cliente 02533,Usulutan,sv,Mayorista,2025-06-24
2534,Cliente 02534,La Libertad,ELS,,2025-05-10
2535,Cliente 02535,La Union,sv,Mayorista,2025-08-24
2536,Cliente 02536,Usulutan,ELS,,2025-02-16
2537,Cliente 02537,San Vicente,ELS,,2025-09-05
2538,Cliente 02538,,sv,Constructor,2025-05-18
2539,Cliente 02539,Usulutan,SV,Hogar,2025-02-10
2540,Cliente 02540,santa ana,ELS,Mayorista,2025-09-16
2541,Cliente 02541,La Libertad,GT,Constructor,2025-01-08
C2542,Cliente 02542,La Libertad,HN,,2025-03-14
2543,Cliente 02543,santa ana,NI,Mayorista,2025-07-01
2544,Cliente 02544,san salvador,sv,Mayorista,2025-04-03
2545,Cliente 02545,SAN SALVADOR,NI,PyME,2025-06-23
2546,Cliente 02546,La Paz,sv,PyME,2025-04-19
2547,Cliente 02547,,HN,Mayorista,2025-05-04
2548,Cliente 02548,La Libertad,HN,Hogar,2025-04-23
2549,Cliente 02549,SAN SALVADOR,SV,Hogar,2025-05-14
2550,Cliente 02550,Sonsonate,SV,Hogar,2025-10-25
2551,Cliente 02551,San Miguel,sv,PyME,2025-12-24
2552,Cliente 02552,Cuscatlan,HN,Mayorista,2025-02-15
2553,Cliente 02553,La Libertad,ELS,Constructor,2025-08-01
2554,Cliente 02554,Sonsonate,ELS,PyME,2025-11-26
2555,Cliente 02555,Cuscatlan,GT,Constructor,2025-12-27
2556,Cliente 02556,,sv,Hogar,2025-04-09
2557,Cliente 02557,santa ana,ELS,PyME,2025-11-05
2558,Cliente 02558,San Miguel,sv,,2025-09-26
2559,Cliente 02559,Santa Ana,HN,PyME,2025-11-16
2560,Cliente 02560,Santa Ana,SV,PyME,2025-08-07
2561,Cliente 02561,Morazan,SV,,2025-12-16
2562,Cliente 02562,La Union,ELS,,2025-11-04
2563,Cliente 02563,SAN SALVADOR,HN,Hogar,2025-10-05
2564,Cliente 02564,Cuscatlan,SV,PyME,2025-03-19
2565,,,HN,Hogar,2025-11-07
2566,Cliente 02566,La Union,ELS,PyME,2025-08-25
2567,Cliente 02567,San Miguel,HN,Constructor,2025-01-02
2568,Cliente 02568,Santa Ana,HN,Hogar,2025-06-21
2569,Cliente 02569,Morazan,sv,Mayorista,2025-11-10
2570,Cliente 02570,Sonsonate,GT,,2025-06-13
2571,Cliente 02571,Sonsonate,GT,,2025-07-27
2572,Cliente 02572,Chalatenango,HN,Mayorista,2025-07-10
2573,Cliente 02573,San Miguel,NI,Constructor,2025-07-13
2574,Cliente 02574,,ELS,Constructor,2025-12-24
2575,Cliente 02575,Cuscatlan,NI,Hogar,2025-11-03
2576,Cliente 02576,Ahuachapan,ELS,Constructor,2025-01-25
2577,Cliente 02577,San Vicente,GT,Hogar,2025-12-05
2578,Cliente 02578,Usulutan,sv,,2025-12-14
2579,Cliente 02579,La Union,NI,Hogar,2025-08-16
2580,Cliente 02580,Morazan,NI,Mayorista,2025-01-28
2581,Cliente 02581,San Salvador,HN,Mayorista,2025-01-25
2582,Cliente 02582,San Salvador,NI,Mayorista,2025-12-16
C2583,Cliente 02583,,ELS,PyME,2025-04-14
2584,Cliente 02584,san salvador,HN,Hogar,2025-10-06
2585,Cliente 02585,san salvador,sv,PyME,2025-06-17
2586,Cliente 02586,Sonsonate,NI,,2025-02-26
2587,Cliente 02587,San Miguel,sv,Hogar,2025-08-12
2588,Cliente 02588,Ahuachapan,GT,PyME,2025-01-09
2589,Cliente 02589,Cuscatlan,HN,Mayorista,2025-12-02
2590,Cliente 02590,La Libertad,GT,Constructor,2025-10-28
2591,Cliente 02591,Ahuachapan,HN,PyME,2025-10-14
2592,Cliente 02592,,GT,Mayorista,2025-08-27
2593,Cliente 02593,Usulutan,sv,PyME,2025-12-25
2594,Cliente 02594,La Paz,sv,,2025-07-16
2595,Cliente 02595,Morazan,ELS,Hogar,2025-05-27
2596,Cliente 02596,Usulutan,HN,Mayorista,2025-10-15
2597,Cliente 02597,San Salvador,HN,,2025-03-23
2598,Cliente 02598,Chalatenango,HN,Constructor,2025-08-08
2599,Cliente 02599,La Union,ELS,,ayer
2600,Cliente 02600,Cuscatlan,ELS,Hogar,2025-04-20
2601,Cliente 02601,,NI,Mayorista,2025-06-05
2602,Cliente 02602,san salvador,SV,PyME,2025-07-05
2603,Cliente 02603,Morazan,NI,PyME,2025-06-22
2604,Cliente 02604,Morazan,SV,Hogar,2025-06-16
2605,Cliente 02605,Ahuachapan,SV,Mayorista,2025-05-05
2606,Cliente 02606,Ahuachapan,GT,PyME,2025-12-09
2607,Cliente 02607,San Miguel,GT,,2025-03-12
2608,Cliente 02608,La Libertad,GT,Hogar,2025-11-01
2609,Cliente 02609,san salvador,ELS,PyME,2025-07-25
2610,Cliente 02610,,GT,PyME,2025-09-10
2611,Cliente 02611,San Vicente,HN,Mayorista,2025-12-08
2612,Cliente 02612,La Libertad,SV,Mayorista,2025-10-28
2613,Cliente 02613,Sonsonate,NI,Constructor,2025-02-10
2614,Cliente 02614,San Miguel,ELS,PyME,2025-10-03
2615,Cliente 02615,Ahuachapan,ELS,Hogar,2025-11-09
2616,Cliente 02616,SAN SALVADOR,sv,Mayorista,2025-09-07
2617,Cliente 02617,santa ana,ELS,,2025-09-12
2618,Cliente 02618,Chalatenango,HN,Mayorista,2025-02-07
2619,Cliente 02619,,GT,Constructor,2025-07-14
2620,Cliente 02620,La Libertad,sv,Hogar,2025-08-06
2621,Cliente 02621,Morazan,sv,Mayorista,2025-11-15
2622,,La Union,sv,Constructor,2025-07-18
2623,Cliente 02623,Cuscatlan,GT,Constructor,2025-04-07
C2624,Cliente 02624,Usulutan,NI,Mayorista,2025-12-15
2625,Cliente 02625,San Salvador,SV,Constructor,2025-07-07
2626,Cliente 02626,Morazan,HN,Mayorista,2025-10-02
2627,Cliente 02627,san salvador,NI,,2025-04-19
2628,Cliente 02628,,ELS,,2025-02-15
2629,Cliente 02629,Chalatenango,HN,Constructor,2025-03-14
2630,Cliente 02630,La Union,NI,Constructor,2025-04-20
2631,Cliente 02631,La Paz,NI,PyME,2025-01-22
2632,Cliente 02632,santa ana,SV,Mayorista,2025-04-24
2633,Cliente 02633,La Paz,GT,Mayorista,2025-04-24
2634,Cliente 02634,Cuscatlan,HN,Constructor,2025-07-03
2635,Cliente 02635,San Salvador,ELS,,2025-03-25
2636,Cliente 02636,Santa Ana,sv,PyME,2025-02-14
2637,Cliente 02637,,sv,Mayorista,2025-11-20
2638,Cliente 02638,san salvador,SV,,2025-02-13
2639,Cliente 02639,SAN SALVADOR,HN,Constructor,2025-12-23
2640,Cliente 02640,Usulutan,ELS,Constructor,2025-06-04
2641,Cliente 02641,San Salvador,HN,Hogar,2025-12-07
2642,Cliente 02642,Sonsonate,ELS,PyME,2025-09-10
2643,Cliente 02643,San Salvador,GT,Hogar,2025-10-08
2644,Cliente 02644,SAN SALVADOR,ELS,Hogar,2025-09-26
2645,Cliente 02645,SAN SALVADOR,HN,PyME,2025-07-20
2646,Cliente 02646,,SV,Mayorista,2025-05-02
2647,Cliente 02647,Sonsonate,NI,Constructor,2025-11-16
2648,Cliente 02648,Chalatenango,sv,Constructor,2025-02-07
2649,Cliente 02649,La Paz,HN,,2025-08-21
2650,Cliente 02650,La Paz,NI,Constructor,2025-03-09
2651,Cliente 02651,San Miguel,GT,PyME,2025-05-18
2652,Cliente 02652,Usulutan,GT,Mayorista,2025-04-06
2653,Cliente 02653,san salvador,sv,PyME,2025-04-10
2654,Cliente 02654,Chalatenango,ELS,,2025-06-17
2655,Cliente 02655,,GT,Mayorista,2025-11-12
2656,Cliente 02656,santa ana,ELS,Mayorista,2025-03-28
2657,Cliente 02657,santa ana,SV,,2025-06-12
2658,Cliente 02658,La Union,SV,Mayorista,2025-05-20
2659,Cliente 02659,Chalatenango,sv,Hogar,2025-05-06
2660,Cliente 02660,San Salvador,NI,Hogar,2025-04-20
2661,Cliente 02661,Usulutan,GT,,2025-07-14
2662,Cliente 02662,san salvador,SV,Mayorista,2025-04-25
2663,Cliente 02663,Sonsonate,ELS,Constructor,2025-03-16
2664,Cliente 02664,,HN,Constructor,2025-07-17
C2665,Cliente 02665,SAN SALVADOR,GT,Hogar,2025-05-21
2666,Cliente 02666,Santa Ana,GT,,2025-02-02
2667,Cliente 02667,La Libertad,GT,PyME,2025-09-12
2668,Cliente 02668,SAN SALVADOR,GT,Hogar,2025-02-06
2669,Cliente 02669,San Vicente,NI,Hogar,2025-10-26
2670,Cliente 02670,santa ana,HN,,2025-07-05
2671,Cliente 02671,La Paz,ELS,Constructor,2025-12-22
2672,Cliente 02672,Morazan,SV,Constructor,2025-09-02
2673,Cliente 02673,,sv,PyME,2025-02-03
2674,Cliente 02674,Usulutan,NI,Constructor,2025-12-27
2675,Cliente 02675,Sonsonate,sv,,2025-11-21
2676,Cliente 02676,Ahuachapan,sv,PyME,2025-02-26
2677,Cliente 02677,Chalatenango,HN,PyME,2025-10-07
2678,Cliente 02678,La Union,SV,Constructor,2025-07-04
2679,,santa ana,SV,Constructor,2025-01-03
2680,Cliente 02680,San Miguel,ELS,Constructor,2025-11-03
2681,Cliente 02681,La Paz,ELS,PyME,2025-01-28
2682,Cliente 02682,,HN,Mayorista,2025-11-03
2683,Cliente 02683,Morazan,sv,Constructor,2025-11-10
2684,Cliente 02684,La Union,ELS,Hogar,2025-07-18
2685,Cliente 02685,San Miguel,SV,PyME,2025-04-23
2686,Cliente 02686,Santa Ana,HN,,2025-06-03
2687,Cliente 02687,Sonsonate,sv,Constructor,2025-09-17
2688,Cliente 02688,San Vicente,SV,Hogar,2025-03-11
2689,Cliente 02689,SAN SALVADOR,sv,,2025-11-09
2690,Cliente 02690,La Paz,SV,,2025-11-06
2691,Cliente 02691,,SV,Hogar,2025-08-23
2692,Cliente 02692,Cuscatlan,sv,,2025-09-28
2693,Cliente 02693,San Miguel,NI,Constructor,2025-01-05
2694,Cliente 02694,San Vicente,ELS,PyME,2025-08-04
2695,Cliente 02695,La Libertad,HN,Mayorista,2025-05-27
2696,Cliente 02696,santa ana,SV,PyME,2025-10-09
2697,Cliente 02697,San Miguel,GT,PyME,2025-07-21
2698,Cliente 02698,Sonsonate,sv,,2025-10-11
2699,Cliente 02699,San Salvador,NI,,2025-07-12
2700,Cliente 02700,,sv,Hogar,2025-02-19
2700,Cliente 02700,,sv,Hogar,2025-02-19
2701,Cliente 02701,La Libertad,GT,Constructor,2025-03-23
2702,Cliente 02702,San Vicente,SV,Constructor,2025-11-06
2703,Cliente 02703,Morazan,sv,,2025-09-10
2704,Cliente 02704,santa ana,NI,Mayorista,2025-10-20
2705,Cliente 02705,Sonsonate,ELS,Mayorista,2025-01-26
C2706,Cliente 02706,Usulutan,ELS,Mayorista,2025-02-15
2707,Cliente 02707,La Paz,HN,Hogar,2025-10-26
2708,Cliente 02708,Usulutan,NI,Constructor,2025-05-09
2709,Cliente 02709,,HN,Mayorista,2025-11-16
2710,Cliente 02710,Sonsonate,sv,Mayorista,2025-10-14
2711,Cliente 02711,Cuscatlan,SV,,2025-11-23
2712,Cliente 02712,Ahuachapan,sv,PyME,ayer
2713,Cliente 02713,Usulutan,ELS,Mayorista,2025-07-12
2714,Cliente 02714,SAN SALVADOR,ELS,Constructor,2025-03-12
2715,Cliente 02715,Cuscatlan,sv,Constructor,2025-04-19
2716,Cliente 02716,SAN SALVADOR,NI,PyME,2025-06-26
2717,Cliente 02717,Ahuachapan,GT,,2025-09-13
2718,Cliente 02718,,sv,Constructor,2025-07-11
2719,Cliente 02719,San Vicente,NI,Mayorista,2025-07-09
2720,Cliente 02720,La Union,SV,PyME,2025-09-06
2721,Cliente 02721,Sonsonate,GT,Mayorista,2025-01-17
2722,Cliente 02722,santa ana,GT,,2025-07-07
2723,Cliente 02723,La Paz,NI,Constructor,2025-02-23
2724,Cliente 02724,La Union,ELS,PyME,2025-06-27
2725,Cliente 02725,Cuscatlan,ELS,PyME,2025-11-23
2726,Cliente 02726,La Union,NI,Constructor,2025-07-20
2727,Cliente 02727,,ELS,Mayorista,2025-10-12
2728,Cliente 02728,La Paz,HN,Mayorista,2025-02-17
2729,Cliente 02729,San Miguel,HN,Hogar,2025-03-24
2730,Cliente 02730,Morazan,SV,Hogar,2025-06-25
2731,Cliente 02731,La Libertad,ELS,Hogar,2025-05-10
2732,Cliente 02732,Chalatenango,NI,Hogar,2025-03-14
2733,Cliente 02733,Santa Ana,ELS,Constructor,2025-05-23
2734,Cliente 02734,Sonsonate,SV,Hogar,2025-04-27
2735,Cliente 02735,Cuscatlan,NI,Hogar,2025-11-08
2736,,,sv,Constructor,2025-02-21
2737,Cliente 02737,Santa Ana,GT,Constructor,2025-02-22
2738,Cliente 02738,Morazan,SV,,2025-06-08
2739,Cliente 02739,La Paz,HN,Constructor,2025-10-09
2740,Cliente 02740,La Paz,NI,,2025-08-28
2741,Cliente 02741,Chalatenango,ELS,,2025-11-11
2742,Cliente 02742,San Salvador,ELS,PyME,2025-12-20
2743,Cliente 02743,Ahuachapan,sv,Mayorista,2025-01-12
2744,Cliente 02744,Morazan,NI,,2025-06-08
2745,Cliente 02745,,NI,,2025-12-04
2746,Cliente 02746,Morazan,SV,PyME,2025-04-21
C2747,Cliente 02747,San Salvador,ELS,Hogar,2025-09-13
2748,Cliente 02748,Usulutan,sv,Hogar,2025-04-17
2749,Cliente 02749,La Paz,HN,Hogar,2025-11-07
2750,Cliente 02750,La Libertad,ELS,,2025-10-20
2751,Cliente 02751,SAN SALVADOR,sv,PyME,2025-01-12
2752,Cliente 02752,San Salvador,sv,Mayorista,2025-03-24
2753,Cliente 02753,Santa Ana,sv,Hogar,2025-07-12
2754,Cliente 02754,,SV,Mayorista,2025-03-08
2755,Cliente 02755,Morazan,ELS,Constructor,2025-07-02
2756,Cliente 02756,La Libertad,HN,Mayorista,2025-01-09
2757,Cliente 02757,Ahuachapan,sv,PyME,2025-11-16
2758,Cliente 02758,Cuscatlan,GT,Constructor,2025-08-12
2759,Cliente 02759,La Union,sv,PyME,2025-03-14
2760,Cliente 02760,Sonsonate,HN,Constructor,2025-08-16
2761,Cliente 02761,santa ana,SV,Constructor,2025-02-04
2762,Cliente 02762,Sonsonate,NI,,2025-07-17
2763,Cliente 02763,,sv,Hogar,2025-04-05
2764,Cliente 02764,Ahuachapan,GT,,2025-10-10
2765,Cliente 02765,La Paz,NI,Constructor,2025-01-01
2766,Cliente 02766,Santa Ana,ELS,Mayorista,2025-01-09
2767,Cliente 02767,Sonsonate,sv,Constructor,2025-05-11
2768,Cliente 02768,Ahuachapan,ELS,Mayorista,2025-05-14
2769,Cliente 02769,San Vicente,ELS,,2025-05-09
2770,Cliente 02770,La Libertad,ELS,Hogar,2025-10-21
2771,Cliente 02771,Cuscatlan,SV,Mayorista,2025-08-09
2772,Cliente 02772,,SV,Mayorista,2025-08-09
2773,Cliente 02773,Cuscatlan,NI,Mayorista,2025-12-03
2774,Cliente 02774,Sonsonate,ELS,Hogar,2025-10-17
2775,Cliente 02775,Sonsonate,GT,PyME,2025-03-01
2776,Cliente 02776,La Paz,sv,Constructor,2025-05-07
2777,Cliente 02777,santa ana,ELS,PyME,2025-07-13
2778,Cliente 02778,San Salvador,sv,PyME,2025-01-28
2779,Cliente 02779,Sonsonate,GT,Hogar,2025-02-28
2780,Cliente 02780,Cuscatlan,SV,Mayorista,2025-10-12
2781,Cliente 02781,,GT,Constructor,2025-06-11
2782,Cliente 02782,santa ana,GT,Constructor,2025-02-11
2783,Cliente 02783,La Union,GT,Constructor,2025-06-24
2784,Cliente 02784,Usulutan,GT,Mayorista,2025-03-17
2785,Cliente 02785,Sonsonate,HN,Constructor,2025-11-06
2786,Cliente 02786,La Libertad,sv,Hogar,2025-09-09
2787,Cliente 02787,La Libertad,HN,Hogar,2025-08-03
C2788,Cliente 02788,Chalatenango,sv,Constructor,2025-11-28
2789,Cliente 02789,Usulutan,HN,,2025-09-26
2790,Cliente 02790,,SV,Constructor,2025-09-28
2791,Cliente 02791,Ahuachapan,NI,PyME,2025-03-24
2792,Cliente 02792,Morazan,SV,Constructor,2025-11-09
2793,,Chalatenango,SV,PyME,2025-03-27
2794,Cliente 02794,Morazan,NI,PyME,2025-10-19
2795,Cliente 02795,santa ana,ELS,,2025-09-13
2796,Cliente 02796,La Libertad,NI,PyME,2025-10-03
2797,Cliente 02797,Cuscatlan,sv,,2025-11-19
2798,Cliente 02798,Usulutan,sv,PyME,2025-04-07
2799,Cliente 02799,,sv,Constructor,2025-08-16
2800,Cliente 02800,SAN SALVADOR,sv,Constructor,2025-11-20
2801,Cliente 02801,Chalatenango,HN,PyME,2025-02-26
2802,Cliente 02802,Santa Ana,ELS,,2025-08-15
2803,Cliente 02803,La Libertad,NI,Hogar,2025-04-14
2804,Cliente 02804,Chalatenango,NI,,2025-12-11
2805,Cliente 02805,Santa Ana,SV,Hogar,2025-07-01
2806,Cliente 02806,San Vicente,NI,PyME,2025-02-28
2807,Cliente 02807,Usulutan,GT,,2025-05-03
2808,Cliente 02808,,NI,Hogar,2025-12-17
2809,Cliente 02809,La Libertad,SV,Hogar,2025-05-10
2810,Cliente 02810,santa ana,GT,PyME,2025-05-12
2811,Cliente 02811,La Libertad,NI,PyME,2025-08-27
2812,Cliente 02812,Ahuachapan,ELS,Hogar,2025-07-03
2813,Cliente 02813,santa ana,SV,,2025-06-27
2814,Cliente 02814,La Union,HN,Constructor,2025-11-23
2815,Cliente 02815,La Union,ELS,Mayorista,2025-04-21
2816,Cliente 02816,Morazan,NI,Constructor,2025-10-06
2817,Cliente 02817,,GT,Constructor,2025-09-09
2818,Cliente 02818,Morazan,ELS,Hogar,2025-11-24
2819,Cliente 02819,san salvador,GT,Mayorista,2025-12-26
2820,Cliente 02820,Chalatenango,GT,Mayorista,2025-10-14
2821,Cliente 02821,San Vicente,GT,PyME,2025-03-03
2822,Cliente 02822,Santa Ana,ELS,Constructor,2025-03-13
2823,Cliente 02823,San Miguel,NI,Hogar,2025-12-26
2824,Cliente 02824,santa ana,NI,PyME,2025-05-18
2825,Cliente 02825,Santa Ana,HN,Constructor,ayer
2826,Cliente 02826,,SV,PyME,2025-12-07
2827,Cliente 02827,Santa Ana,SV,,2025-07-22
2828,Cliente 02828,Santa Ana,NI,PyME,2025-08-02
C2829,Cliente 02829,La Union,GT,Constructor,2025-01-11
2830,Cliente 02830,Chalatenango,SV,Constructor,2025-11-07
2831,Cliente 02831,Usulutan,GT,,2025-07-06
2832,Cliente 02832,La Paz,HN,Constructor,2025-08-21
2833,Cliente 02833,San Miguel,NI,PyME,2025-02-11
2834,Cliente 02834,Ahuachapan,sv,Hogar,2025-06-26
2835,Cliente 02835,,GT,PyME,2025-05-02
2836,Cliente 02836,san salvador,NI,Hogar,2025-11-04
2837,Cliente 02837,San Vicente,HN,Mayorista,2025-01-28
2838,Cliente 02838,Cuscatlan,sv,,2025-03-09
2839,Cliente 02839,San Vicente,SV,Mayorista,2025-07-24
2840,Cliente 02840,San Salvador,GT,Mayorista,2025-11-01
2841,Cliente 02841,San Miguel,GT,Hogar,2025-04-19
2842,Cliente 02842,San Vicente,ELS,Hogar,2025-03-16
2843,Cliente 02843,santa ana,NI,Hogar,2025-07-25
2844,Cliente 02844,,GT,Constructor,2025-03-20
2845,Cliente 02845,La Paz,HN,Constructor,2025-09-10
2846,Cliente 02846,santa ana,HN,Hogar,2025-07-14
2847,Cliente 02847,San Salvador,sv,Constructor,2025-06-06
2848,Cliente 02848,San Salvador,HN,Mayorista,2025-11-25
2849,Cliente 02849,santa ana,NI,Constructor,2025-02-21
2850,,Ahuachapan,HN,PyME,2025-10-07
2851,Cliente 02851,San Vicente,sv,,2025-05-11
2852,Cliente 02852,Usulutan,GT,Hogar,2025-08-19
2853,Cliente 02853,,SV,,2025-08-15
2854,Cliente 02854,san salvador,sv,,2025-05-23
2855,Cliente 02855,Chalatenango,SV,Constructor,2025-08-01
2856,Cliente 02856,santa ana,ELS,PyME,2025-05-08
2857,Cliente 02857,La Paz,GT,Mayorista,2025-05-17
2858,Cliente 02858,La Paz,SV,Constructor,2025-06-06
2859,Cliente 02859,San Salvador,ELS,,2025-06-04
2860,Cliente 02860,santa ana,ELS,,2025-02-16
2861,Cliente 02861,Santa Ana,HN,Constructor,2025-01-10
2862,Cliente 02862,,sv,Mayorista,2025-08-02
2863,Cliente 02863,La Union,NI,Constructor,2025-09-23
2864,Cliente 02864,Chalatenango,sv,Constructor,2025-03-27
2865,Cliente 02865,Santa Ana,SV,Hogar,2025-04-04
2866,Cliente 02866,Sonsonate,ELS,,2025-07-03
2867,Cliente 02867,San Vicente,sv,,2025-05-14
2868,Cliente 02868,La Paz,HN,Constructor,2025-02-16
2869,Cliente 02869,La Paz,SV,Constructor,2025-09-21
C2870,Cliente 02870,La Paz,SV,PyME,2025-03-25
2871,Cliente 02871,,NI,Hogar,2025-07-13
2872,Cliente 02872,santa ana,SV,PyME,2025-03-23
2873,Cliente 02873,La Paz,sv,Constructor,2025-06-26
2874,Cliente 02874,santa ana,NI,Constructor,2025-06-28
2875,Cliente 02875,San Salvador,sv,,2025-03-02
2876,Cliente 02876,San Vicente,GT,Hogar,2025-10-10
2877,Cliente 02877,Sonsonate,NI,Mayorista,2025-06-01
2878,Cliente 02878,Morazan,ELS,PyME,2025-05-08
2879,Cliente 02879,Santa Ana,ELS,PyME,2025-08-10
2880,Cliente 02880,,sv,Hogar,2025-07-22
2880,Cliente 02880,,sv,Hogar,2025-07-22
2881,Cliente 02881,San Vicente,NI,Hogar,2025-11-25
2882,Cliente 02882,Ahuachapan,HN,Constructor,2025-11-23
2883,Cliente 02883,La Paz,GT,Mayorista,2025-05-04
2884,Cliente 02884,Santa Ana,SV,Hogar,2025-05-25
2885,Cliente 02885,Chalatenango,HN,Hogar,2025-10-21
2886,Cliente 02886,Cuscatlan,ELS,,2025-07-23
2887,Cliente 02887,san salvador,NI,PyME,2025-03-12
2888,Cliente 02888,San Miguel,SV,Constructor,2025-03-09
2889,Cliente 02889,,HN,,2025-10-11
2890,Cliente 02890,San Miguel,SV,Constructor,2025-04-24
2891,Cliente 02891,La Libertad,SV,Mayorista,2025-02-22
2892,Cliente 02892,Ahuachapan,sv,,2025-05-02
2893,Cliente 02893,San Salvador,sv,Constructor,2025-04-05
2894,Cliente 02894,La Union,ELS,PyME,2025-10-05
2895,Cliente 02895,Chalatenango,ELS,Hogar,2025-03-19
2896,Cliente 02896,Sonsonate,NI,Constructor,2025-10-18
2897,Cliente 02897,Chalatenango,sv,PyME,2025-08-11
2898,Cliente 02898,,NI,Hogar,2025-07-21
2899,Cliente 02899,Cuscatlan,HN,Mayorista,2025-12-15
2900,Cliente 02900,Usulutan,SV,Mayorista,2025-08-09
2901,Cliente 02901,San Vicente,HN,PyME,2025-05-20
2902,Cliente 02902,Usulutan,sv,PyME,2025-02-19
2903,Cliente 02903,SAN SALVADOR,ELS,Hogar,2025-04-13
2904,Cliente 02904,Santa Ana,sv,Mayorista,2025-03-14
2905,Cliente 02905,La Libertad,HN,,2025-02-25
2906,Cliente 02906,Morazan,GT,Hogar,2025-08-08
2907,,,HN,Hogar,2025-05-14
2908,Cliente 02908,san salvador,HN,Hogar,2025-11-06
2909,Cliente 02909,SAN SALVADOR,ELS,PyME,2025-06-02
2910,Cliente 02910,Sonsonate,sv,Mayorista,2025-10-20
C2911,Cliente 02911,Usulutan,ELS,Constructor,2025-08-11
2912,Cliente 02912,La Union,NI,Constructor,2025-04-21
2913,Cliente 02913,La Union,GT,,2025-10-12
2914,Cliente 02914,Chalatenango,ELS,PyME,2025-01-18
2915,Cliente 02915,santa ana,HN,Mayorista,2025-06-19
2916,Cliente 02916,,SV,Hogar,2025-09-26
2917,Cliente 02917,La Paz,sv,Mayorista,2025-04-23
2918,Cliente 02918,Cuscatlan,ELS,,2025-07-24
2919,Cliente 02919,san salvador,HN,Mayorista,2025-10-20
2920,Cliente 02920,La Union,NI,Hogar,2025-06-22
2921,Cliente 02921,SAN SALVADOR,GT,PyME,2025-07-26
2922,Cliente 02922,Usulutan,sv,PyME,2025-04-02
2923,Cliente 02923,Morazan,GT,Hogar,2025-07-12
2924,Cliente 02924,Cuscatlan,SV,Mayorista,2025-06-14
2925,Cliente 02925,,sv,,2025-11-03
2926,Cliente 02926,La Union,HN,Hogar,2025-02-18
2927,Cliente 02927,SAN SALVADOR,GT,,2025-03-07
2928,Cliente 02928,san salvador,GT,,2025-10-07
2929,Cliente 02929,La Libertad,sv,PyME,2025-09-15
2930,Cliente 02930,La Paz,SV,Mayorista,2025-07-11
2931,Cliente 02931,san salvador,SV,Constructor,2025-09-07
2932,Cliente 02932,Cuscatlan,sv,Constructor,2025-08-16
2933,Cliente 02933,Usulutan,HN,Mayorista,2025-10-28
2934,Cliente 02934,,SV,Constructor,2025-07-09
2935,Cliente 02935,La Union,sv,Constructor,2025-11-06
2936,Cliente 02936,San Vicente,HN,Constructor,2025-04-19
2937,Cliente 02937,SAN SALVADOR,GT,Mayorista,2025-11-10
2938,Cliente 02938,Cuscatlan,HN,Hogar,ayer
2939,Cliente 02939,Sonsonate,HN,PyME,2025-07-19
2940,Cliente 02940,San Salvador,sv,,2025-01-06
2941,Cliente 02941,Chalatenango,sv,Hogar,2025-06-27
2942,Cliente 02942,San Miguel,SV,Mayorista,2025-05-09
2943,Cliente 02943,,sv,,2025-01-06
2944,Cliente 02944,Sonsonate,GT,Mayorista,2025-04-08
2945,Cliente 02945,La Paz,GT,,2025-09-08
2946,Cliente 02946,San Miguel,sv,,2025-08-15
2947,Cliente 02947,San Vicente,GT,,2025-04-11
2948,Cliente 02948,Sonsonate,NI,,2025-01-08
2949,Cliente 02949,La Libertad,HN,Constructor,2025-10-24
2950,Cliente 02950,san salvador,SV,Mayorista,2025-01-10
2951,Cliente 02951,San Miguel,sv,Constructor,2025-12-02
C2952,Cliente 02952,,HN,,2025-10-16
2953,Cliente 02953,San Vicente,sv,Mayorista,2025-09-03
2954,Cliente 02954,Usulutan,SV,,2025-01-20
2955,Cliente 02955,Morazan,ELS,Constructor,2025-09-02
2956,Cliente 02956,San Vicente,ELS,,2025-07-05
2957,Cliente 02957,SAN SALVADOR,NI,Mayorista,2025-11-20
2958,Cliente 02958,Sonsonate,HN,,2025-04-12
2959,Cliente 02959,Usulutan,NI,Mayorista,2025-01-12
2960,Cliente 02960,La Libertad,sv,Hogar,2025-06-22
2961,Cliente 02961,,NI,Constructor,2025-07-21
2962,Cliente 02962,SAN SALVADOR,GT,Mayorista,2025-07-09
2963,Cliente 02963,La Libertad,sv,PyME,2025-03-13
2964,,Sonsonate,sv,,2025-08-28
2965,Cliente 02965,Santa Ana,NI,Mayorista,2025-06-28
2966,Cliente 02966,Ahuachapan,sv,Constructor,2025-12-16
2967,Cliente 02967,La Union,ELS,PyME,2025-04-07
2968,Cliente 02968,Morazan,NI,,2025-12-14
2969,Cliente 02969,San Vicente,SV,Mayorista,2025-09-13
2970,Cliente 02970,,GT,PyME,2025-08-17
2971,Cliente 02971,santa ana,HN,,2025-05-14
2972,Cliente 02972,san salvador,HN,Constructor,2025-11-24
2973,Cliente 02973,Chalatenango,ELS,PyME,2025-08-18
2974,Cliente 02974,San Miguel,HN,Constructor,2025-08-24
2975,Cliente 02975,Usulutan,ELS,PyME,2025-12-03
2976,Cliente 02976,Morazan,HN,Hogar,2025-02-10
2977,Cliente 02977,Cuscatlan,NI,Hogar,2025-04-18
2978,Cliente 02978,Ahuachapan,ELS,Constructor,2025-01-18
2979,Cliente 02979,,sv,,2025-05-13
2980,Cliente 02980,San Miguel,NI,Mayorista,2025-12-19
2981,Cliente 02981,san salvador,ELS,Mayorista,2025-05-28
2982,Cliente 02982,Morazan,NI,PyME,2025-08-02
2983,Cliente 02983,santa ana,SV,PyME,2025-03-17
2984,Cliente 02984,Sonsonate,GT,Constructor,2025-01-13
2985,Cliente 02985,Morazan,sv,,2025-07-14
2986,Cliente 02986,San Miguel,sv,PyME,2025-03-19
2987,Cliente 02987,Sonsonate,ELS,Hogar,2025-07-24
2988,Cliente 02988,,SV,Mayorista,2025-05-06
2989,Cliente 02989,Chalatenango,sv,Constructor,2025-03-26
2990,Cliente 02990,san salvador,NI,,2025-10-21
2991,Cliente 02991,La Paz,HN,Hogar,2025-09-28
2992,Cliente 02992,La Paz,sv,Mayorista,2025-03-09
C2993,Cliente 02993,Santa Ana,GT,Hogar,2025-12-12
2994,Cliente 02994,Santa Ana,sv,Mayorista,2025-01-21
2995,Cliente 02995,Santa Ana,HN,Hogar,2025-11-07
2996,Cliente 02996,Chalatenango,HN,Hogar,2025-05-16
2997,Cliente 02997,,sv,Hogar,2025-06-02
2998,Cliente 02998,SAN SALVADOR,ELS,,2025-07-13
2999,Cliente 02999,San Vicente,SV,Mayorista,2025-08-14
3000,Cliente 03000,Morazan,SV,PyME,2025-12-13
3001,Cliente 03001,santa ana,GT,,2025-02-04
3002,Cliente 03002,La Libertad,SV,PyME,2025-07-13
3003,Cliente 03003,La Paz,NI,,2025-01-14
3004,Cliente 03004,San Salvador,HN,Hogar,2025-01-22
3005,Cliente 03005,Santa Ana,NI,,2025-07-11
3006,Cliente 03006,,SV,Constructor,2025-05-09
3007,Cliente 03007,Santa Ana,GT,Constructor,2025-07-11
3008,Cliente 03008,Chalatenango,sv,Hogar,2025-06-04
3009,Cliente 03009,Ahuachapan,NI,,2025-04-06
3010,Cliente 03010,Usulutan,GT,PyME,2025-08-19
3011,Cliente 03011,Santa Ana,NI,Mayorista,2025-02-22
3012,Cliente 03012,Santa Ana,SV,Constructor,2025-09-18
3013,Cliente 03013,La Libertad,HN,Constructor,2025-08-11
3014,Cliente 03014,Morazan,NI,,2025-12-28
3015,Cliente 03015,,sv,PyME,2025-11-13
3016,Cliente 03016,Chalatenango,SV,PyME,2025-03-10
3017,Cliente 03017,San Salvador,GT,Constructor,2025-09-16
3018,Cliente 03018,san salvador,NI,Constructor,2025-09-19
3019,Cliente 03019,San Vicente,SV,PyME,2025-04-03
3020,Cliente 03020,Chalatenango,NI,Mayorista,2025-03-16
3021,,Morazan,NI,,2025-03-11
3022,Cliente 03022,Ahuachapan,SV,Hogar,2025-03-08
3023,Cliente 03023,Cuscatlan,NI,Constructor,2025-11-04
3024,Cliente 03024,,GT,,2025-02-14
3025,Cliente 03025,Cuscatlan,sv,PyME,2025-11-03
3026,Cliente 03026,La Libertad,NI,Constructor,2025-09-18
3027,Cliente 03027,La Libertad,GT,Mayorista,2025-01-28
3028,Cliente 03028,San Salvador,HN,Hogar,2025-07-02
3029,Cliente 03029,Sonsonate,NI,Constructor,2025-11-13
3030,Cliente 03030,SAN SALVADOR,NI,PyME,2025-05-19
3031,Cliente 03031,Santa Ana,sv,PyME,2025-12-13
3032,Cliente 03032,Ahuachapan,sv,Hogar,2025-04-04
3033,Cliente 03033,,SV,,2025-09-27
C3034,Cliente 03034,Santa Ana,GT,,2025-11-03
3035,Cliente 03035,Santa Ana,sv,Mayorista,2025-06-05
3036,Cliente 03036,Chalatenango,GT,Mayorista,2025-06-05
3037,Cliente 03037,La Libertad,SV,,2025-01-18
3038,Cliente 03038,Usulutan,ELS,Hogar,2025-09-16
3039,Cliente 03039,San Vicente,GT,Constructor,2025-01-10
3040,Cliente 03040,Ahuachapan,sv,Constructor,2025-11-20
3041,Cliente 03041,san salvador,GT,PyME,2025-07-08
3042,Cliente 03042,,HN,Mayorista,2025-11-18
3043,Cliente 03043,SAN SALVADOR,HN,,2025-07-12
3044,Cliente 03044,Chalatenango,sv,Constructor,2025-09-02
3045,Cliente 03045,La Union,GT,Hogar,2025-02-03
3046,Cliente 03046,San Salvador,sv,Mayorista,2025-05-05
3047,Cliente 03047,Santa Ana,NI,Mayorista,2025-06-08
3048,Cliente 03048,Sonsonate,sv,,2025-04-15
3049,Cliente 03049,Sonsonate,HN,Constructor,2025-03-28
3050,Cliente 03050,Santa Ana,SV,Mayorista,2025-02-11
3051,Cliente 03051,,sv,Hogar,ayer
3052,Cliente 03052,Morazan,ELS,PyME,2025-10-03
3053,Cliente 03053,San Vicente,ELS,Mayorista,2025-07-26
3054,Cliente 03054,La Libertad,GT,,2025-12-11
3055,Cliente 03055,Cuscatlan,HN,PyME,2025-07-05
3056,Cliente 03056,Chalatenango,HN,Mayorista,2025-07-08
3057,Cliente 03057,Cuscatlan,sv,,2025-12-06
3058,Cliente 03058,Ahuachapan,sv,Hogar,2025-11-13
3059,Cliente 03059,La Paz,ELS,Hogar,2025-04-02
3060,Cliente 03060,,NI,Hogar,2025-05-16
3060,Cliente 03060,,NI,Hogar,2025-05-16
3061,Cliente 03061,Morazan,HN,,2025-03-26
3062,Cliente 03062,Santa Ana,SV,Constructor,2025-09-19
3063,Cliente 03063,santa ana,SV,,2025-04-17
3064,Cliente 03064,san salvador,sv,Hogar,2025-01-18
3065,Cliente 03065,Usulutan,ELS,,2025-09-17
3066,Cliente 03066,La Libertad,HN,,2025-07-15
3067,Cliente 03067,santa ana,GT,Constructor,2025-07-23
3068,Cliente 03068,Ahuachapan,GT,Constructor,2025-03-06
3069,Cliente 03069,,NI,Mayorista,2025-10-19
3070,Cliente 03070,La Union,ELS,Mayorista,2025-11-24
3071,Cliente 03071,SAN SALVADOR,GT,Mayorista,2025-03-14
3072,Cliente 03072,La Paz,ELS,Constructor,2025-07-10
3073,Cliente 03073,Cuscatlan,NI,PyME,2025-05-02
3074,Cliente 03074,La Paz,SV,Constructor,2025-05-16
C3075,Cliente 03075,La Paz,NI,PyME,2025-10-03
3076,Cliente 03076,La Union,HN,,2025-12-22
3077,Cliente 03077,Chalatenango,GT,,2025-07-17
3078,,,GT,Mayorista,2025-03-05
3079,Cliente 03079,San Salvador,ELS,,2025-11-21
3080,Cliente 03080,La Paz,HN,Hogar,2025-09-17
3081,Cliente 03081,San Miguel,GT,PyME,2025-03-02
3082,Cliente 03082,san salvador,SV,PyME,2025-11-09
3083,Cliente 03083,Morazan,GT,,2025-03-09
3084,Cliente 03084,Usulutan,NI,Constructor,2025-01-21
3085,Cliente 03085,San Miguel,NI,Mayorista,2025-01-07
3086,Cliente 03086,San Vicente,SV,PyME,2025-07-12
3087,Cliente 03087,,HN,Mayorista,2025-08-10
3088,Cliente 03088,santa ana,NI,PyME,2025-09-21
3089,Cliente 03089,La Union,ELS,,2025-02-12
3090,Cliente 03090,Usulutan,ELS,Constructor,2025-09-02
3091,Cliente 03091,La Libertad,SV,Hogar,2025-01-20
3092,Cliente 03092,Chalatenango,HN,Mayorista,2025-01-04
3093,Cliente 03093,san salvador,GT,PyME,2025-04-03
3094,Cliente 03094,La Union,sv,Mayorista,2025-05-26
3095,Cliente 03095,san salvador,NI,Constructor,2025-03-06
3096,Cliente 03096,,NI,Hogar,2025-09-07
3097,Cliente 03097,La Libertad,GT,Hogar,2025-06-07
3098,Cliente 03098,La Libertad,HN,PyME,2025-04-19
3099,Cliente 03099,Morazan,NI,Hogar,2025-05-16
3100,Cliente 03100,San Vicente,sv,PyME,2025-05-18
3101,Cliente 03101,Usulutan,HN,Hogar,2025-11-04
3102,Cliente 03102,Sonsonate,GT,Mayorista,2025-11-25
3103,Cliente 03103,San Salvador,HN,Hogar,2025-06-05
3104,Cliente 03104,Chalatenango,SV,,2025-06-03
3105,Cliente 03105,,HN,Constructor,2025-03-25
3106,Cliente 03106,Usulutan,sv,Mayorista,2025-11-04
3107,Cliente 03107,San Miguel,sv,PyME,2025-05-01
3108,Cliente 03108,San Miguel,ELS,Mayorista,2025-08-13
3109,Cliente 03109,La Paz,HN,Constructor,2025-06-03
3110,Cliente 03110,san salvador,ELS,PyME,2025-02-01
3111,Cliente 03111,La Union,SV,PyME,2025-11-05
3112,Cliente 03112,Santa Ana,SV,,2025-10-03
3113,Cliente 03113,santa ana,HN,PyME,2025-06-02
3114,Cliente 03114,,NI,,2025-12-19
3115,Cliente 03115,san salvador,GT,PyME,2025-11-28
C3116,Cliente 03116,Santa Ana,sv,Constructor,2025-12-26
3117,Cliente 03117,san salvador,SV,,2025-04-20
3118,Cliente 03118,SAN SALVADOR,GT,PyME,2025-06-14
3119,Cliente 03119,Morazan,NI,,2025-11-06
3120,Cliente 03120,San Salvador,sv,,2025-10-26
3121,Cliente 03121,La Libertad,SV,Mayorista,2025-04-20
3122,Cliente 03122,Usulutan,NI,Hogar,2025-05-12
3123,Cliente 03123,,HN,PyME,2025-02-23
3124,Cliente 03124,Usulutan,HN,Mayorista,2025-09-18
3125,Cliente 03125,san salvador,HN,,2025-03-15
3126,Cliente 03126,Chalatenango,sv,PyME,2025-03-21
3127,Cliente 03127,Ahuachapan,GT,,2025-02-04
3128,Cliente 03128,san salvador,HN,,2025-12-10
3129,Cliente 03129,Ahuachapan,ELS,Constructor,2025-04-03
3130,Cliente 03130,San Vicente,SV,Constructor,2025-07-15
3131,Cliente 03131,San Vicente,sv,,2025-05-12
3132,Cliente 03132,,SV,,2025-08-06
3133,Cliente 03133,Usulutan,NI,Mayorista,2025-02-01
3134,Cliente 03134,san salvador,sv,Mayorista,2025-10-21
3135,,La Libertad,NI,PyME,2025-10-04
3136,Cliente 03136,Usulutan,NI,Hogar,2025-08-12
3137,Cliente 03137,Chalatenango,GT,,2025-11-24
3138,Cliente 03138,La Union,NI,PyME,2025-07-09
3139,Cliente 03139,La Paz,SV,Mayorista,2025-02-06
3140,Cliente 03140,La Libertad,NI,Hogar,2025-07-20
3141,Cliente 03141,,HN,PyME,2025-05-08
3142,Cliente 03142,santa ana,sv,PyME,2025-06-11
3143,Cliente 03143,santa ana,ELS,PyME,2025-12-01
3144,Cliente 03144,Morazan,GT,Mayorista,2025-01-08
3145,Cliente 03145,Ahuachapan,ELS,Constructor,2025-08-21
3146,Cliente 03146,Cuscatlan,SV,,2025-09-09
3147,Cliente 03147,La Paz,NI,PyME,2025-01-08
3148,Cliente 03148,Usulutan,ELS,Mayorista,2025-03-04
3149,Cliente 03149,La Libertad,ELS,Hogar,2025-08-15
3150,Cliente 03150,,NI,,2025-02-22
3151,Cliente 03151,La Libertad,sv,Hogar,2025-07-03
3152,Cliente 03152,Santa Ana,SV,,2025-02-06
3153,Cliente 03153,Santa Ana,SV,Hogar,2025-06-07
3154,Cliente 03154,La Union,sv,Mayorista,2025-09-09
3155,Cliente 03155,San Salvador,GT,Hogar,2025-08-03
3156,Cliente 03156,San Salvador,HN,Hogar,2025-06-06
C3157,Cliente 03157,SAN SALVADOR,NI,Constructor,2025-08-20
3158,Cliente 03158,San Salvador,SV,PyME,2025-08-14
3159,Cliente 03159,,HN,Hogar,2025-06-14
3160,Cliente 03160,Cuscatlan,HN,Mayorista,2025-11-03
3161,Cliente 03161,san salvador,ELS,Constructor,2025-05-01
3162,Cliente 03162,Sonsonate,sv,,2025-08-09
3163,Cliente 03163,Ahuachapan,sv,PyME,2025-11-05
3164,Cliente 03164,Santa Ana,GT,Constructor,ayer
3165,Cliente 03165,La Paz,SV,PyME,2025-02-19
3166,Cliente 03166,La Paz,ELS,,2025-02-04
3167,Cliente 03167,Chalatenango,NI,PyME,2025-02-21
3168,Cliente 03168,,SV,Hogar,2025-05-12
3169,Cliente 03169,san salvador,ELS,,2025-08-14
3170,Cliente 03170,La Paz,SV,,2025-11-05
3171,Cliente 03171,La Union,ELS,PyME,2025-10-16
3172,Cliente 03172,San Salvador,sv,Constructor,2025-08-13
3173,Cliente 03173,Chalatenango,NI,PyME,2025-03-20
3174,Cliente 03174,San Salvador,HN,Constructor,2025-02-12
3175,Cliente 03175,SAN SALVADOR,HN,Hogar,2025-03-17
3176,Cliente 03176,San Salvador,ELS,,2025-11-11
3177,Cliente 03177,,NI,Constructor,2025-01-02
3178,Cliente 03178,Sonsonate,NI,Hogar,2025-08-22
3179,Cliente 03179,Morazan,GT,,2025-01-27
3180,Cliente 03180,La Union,sv,Hogar,2025-11-01
3181,Cliente 03181,SAN SALVADOR,HN,,2025-06-02
3182,Cliente 03182,Morazan,SV,PyME,2025-06-25
3183,Cliente 03183,Sonsonate,NI,,2025-03-09
3184,Cliente 03184,Morazan,sv,Mayorista,2025-09-03
3185,Cliente 03185,Sonsonate,GT,Hogar,2025-06-15
3186,Cliente 03186,,sv,PyME,2025-04-10
3187,Cliente 03187,La Paz,SV,PyME,2025-12-05
3188,Cliente 03188,Sonsonate,GT,PyME,2025-12-22
3189,Cliente 03189,San Miguel,SV,Constructor,2025-03-19
3190,Cliente 03190,San Vicente,SV,Constructor,2025-01-19
3191,Cliente 03191,san salvador,sv,,2025-03-19
3192,,La Paz,NI,Constructor,2025-09-23
3193,Cliente 03193,La Paz,NI,,2025-03-26
3194,Cliente 03194,Ahuachapan,HN,Hogar,2025-03-08
3195,Cliente 03195,,ELS,Mayorista,2025-11-10
3196,Cliente 03196,san salvador,ELS,Mayorista,2025-05-20
3197,Cliente 03197,La Union,GT,PyME,2025-07-17
C3198,Cliente 03198,La Paz,HN,Constructor,2025-02-19
3199,Cliente 03199,San Miguel,NI,PyME,2025-06-03
3200,Cliente 03200,La Paz,sv,Mayorista,2025-10-27
3201,Cliente 03201,La Union,NI,Hogar,2025-07-14
3202,Cliente 03202,La Union,GT,Hogar,2025-01-15
3203,Cliente 03203,La Libertad,NI,,2025-05-22
3204,Cliente 03204,,GT,Mayorista,2025-02-22
3205,Cliente 03205,San Salvador,SV,PyME,2025-07-09
3206,Cliente 03206,La Libertad,ELS,Constructor,2025-05-27
3207,Cliente 03207,Cuscatlan,HN,PyME,2025-04-09
3208,Cliente 03208,Chalatenango,NI,Constructor,2025-07-24
3209,Cliente 03209,La Libertad,NI,,2025-03-22
3210,Cliente 03210,Usulutan,ELS,Hogar,2025-05-14
3211,Cliente 03211,santa ana,sv,Hogar,2025-11-06
3212,Cliente 03212,SAN SALVADOR,ELS,Constructor,2025-07-15
3213,Cliente 03213,,NI,,2025-06-23
3214,Cliente 03214,La Union,SV,,2025-12-08
3215,Cliente 03215,Ahuachapan,SV,Mayorista,2025-02-18
3216,Cliente 03216,Santa Ana,GT,Constructor,2025-04-18
3217,Cliente 03217,Chalatenango,HN,,2025-08-03
3218,Cliente 03218,La Union,sv,Hogar,2025-06-25
3219,Cliente 03219,san salvador,NI,Mayorista,2025-02-21
3220,Cliente 03220,Cuscatlan,HN,Constructor,2025-07-08
3221,Cliente 03221,Cuscatlan,ELS,,2025-07-02
3222,Cliente 03222,,GT,PyME,2025-01-26
3223,Cliente 03223,Morazan,SV,,2025-11-15
3224,Cliente 03224,La Paz,sv,,2025-06-01
3225,Cliente 03225,San Miguel,NI,Mayorista,2025-03-23
3226,Cliente 03226,Chalatenango,ELS,,2025-06-03
3227,Cliente 03227,Ahuachapan,GT,Mayorista,2025-04-10
3228,Cliente 03228,Morazan,HN,PyME,2025-08-11
3229,Cliente 03229,Chalatenango,sv,Mayorista,2025-12-02
3230,Cliente 03230,La Union,ELS,Hogar,2025-07-27
3231,Cliente 03231,,sv,Hogar,2025-01-01
3232,Cliente 03232,Chalatenango,GT,Constructor,2025-12-03
3233,Cliente 03233,Ahuachapan,sv,Hogar,2025-11-26
3234,Cliente 03234,san salvador,NI,Hogar,2025-09-05
3235,Cliente 03235,San Salvador,sv,Constructor,2025-07-26
3236,Cliente 03236,La Union,HN,Mayorista,2025-10-04
3237,Cliente 03237,Ahuachapan,NI,Mayorista,2025-07-05
3238,Cliente 03238,Chalatenango,sv,Hogar,2025-08-20
C3239,Cliente 03239,Cuscatlan,NI,Hogar,2025-08-24
3240,Cliente 03240,,NI,,2025-02-13
3240,Cliente 03240,,NI,,2025-02-13
3241,Cliente 03241,Cuscatlan,SV,Mayorista,2025-02-20
3242,Cliente 03242,La Paz,ELS,Constructor,2025-07-26
3243,Cliente 03243,SAN SALVADOR,NI,Hogar,2025-12-28
3244,Cliente 03244,Chalatenango,HN,,2025-12-17
3245,Cliente 03245,santa ana,sv,Mayorista,2025-07-21
3246,Cliente 03246,Ahuachapan,HN,,2025-06-07
3247,Cliente 03247,San Salvador,GT,PyME,2025-03-11
3248,Cliente 03248,Usulutan,HN,Hogar,2025-05-13
3249,,,GT,,2025-08-04
3250,Cliente 03250,La Paz,SV,PyME,2025-01-24
3251,Cliente 03251,santa ana,SV,,2025-11-28
3252,Cliente 03252,La Union,NI,Hogar,2025-02-16
3253,Cliente 03253,Cuscatlan,ELS,Mayorista,2025-11-02
3254,Cliente 03254,Chalatenango,sv,,2025-09-08
3255,Cliente 03255,San Salvador,GT,Mayorista,2025-08-12
3256,Cliente 03256,La Union,ELS,Constructor,2025-01-08
3257,Cliente 03257,San Miguel,SV,Constructor,2025-10-20
3258,Cliente 03258,,sv,Hogar,2025-09-10
3259,Cliente 03259,santa ana,NI,Constructor,2025-12-04
3260,Cliente 03260,SAN SALVADOR,ELS,,2025-08-04
3261,Cliente 03261,San Salvador,GT,Constructor,2025-01-01
3262,Cliente 03262,Ahuachapan,ELS,,2025-09-14
3263,Cliente 03263,Ahuachapan,HN,Constructor,2025-07-13
3264,Cliente 03264,Cuscatlan,NI,Constructor,2025-04-20
3265,Cliente 03265,santa ana,SV,Constructor,2025-02-05
3266,Cliente 03266,SAN SALVADOR,NI,Mayorista,2025-09-02
3267,Cliente 03267,,HN,Hogar,2025-04-07
3268,Cliente 03268,Chalatenango,SV,PyME,2025-09-15
3269,Cliente 03269,SAN SALVADOR,sv,,2025-12-04
3270,Cliente 03270,Cuscatlan,SV,,2025-05-05
3271,Cliente 03271,Sonsonate,ELS,Constructor,2025-03-25
3272,Cliente 03272,Ahuachapan,sv,Constructor,2025-07-18
3273,Cliente 03273,La Union,sv,Hogar,2025-10-18
3274,Cliente 03274,Santa Ana,NI,PyME,2025-08-16
3275,Cliente 03275,Sonsonate,NI,,2025-03-22
3276,Cliente 03276,,NI,Hogar,2025-04-20
3277,Cliente 03277,San Salvador,sv,Constructor,ayer
3278,Cliente 03278,santa ana,ELS,PyME,2025-05-05
3279,Cliente 03279,Usulutan,GT,Hogar,2025-04-16
C3280,Cliente 03280,Cuscatlan,GT,PyME,2025-06-05
3281,Cliente 03281,Morazan,sv,,2025-10-09
3282,Cliente 03282,santa ana,SV,Constructor,2025-03-17
3283,Cliente 03283,La Libertad,GT,PyME,2025-08-04
3284,Cliente 03284,santa ana,NI,Constructor,2025-09-09
3285,Cliente 03285,,sv,Constructor,2025-08-03
3286,Cliente 03286,Morazan,SV,,2025-03-21
3287,Cliente 03287,Chalatenango,ELS,Constructor,2025-06-22
3288,Cliente 03288,Chalatenango,GT,Hogar,2025-06-17
3289,Cliente 03289,San Vicente,ELS,Constructor,2025-10-08
3290,Cliente 03290,La Union,sv,Mayorista,2025-06-23
3291,Cliente 03291,Sonsonate,NI,,2025-06-17
3292,Cliente 03292,Santa Ana,SV,Hogar,2025-09-11
3293,Cliente 03293,San Miguel,SV,PyME,2025-08-02
3294,Cliente 03294,,sv,Hogar,2025-05-18
3295,Cliente 03295,La Union,NI,Mayorista,2025-11-12
3296,Cliente 03296,san salvador,HN,Constructor,2025-08-10
3297,Cliente 03297,Cuscatlan,HN,Mayorista,2025-05-04
3298,Cliente 03298,San Miguel,HN,Hogar,2025-03-10
3299,Cliente 03299,Santa Ana,GT,Mayorista,2025-02-26
3300,Cliente 03300,Cuscatlan,GT,Hogar,2025-05-16
3301,Cliente 03301,Morazan,ELS,PyME,2025-08-11
3302,Cliente 03302,La Union,ELS,PyME,2025-03-19
3303,Cliente 03303,,SV,PyME,2025-01-19
3304,Cliente 03304,San Vicente,HN,Constructor,2025-06-13
3305,Cliente 03305,Chalatenango,NI,PyME,2025-11-23
3306,,Usulutan,GT,Mayorista,2025-03-28
3307,Cliente 03307,Sonsonate,HN,Constructor,2025-01-07
3308,Cliente 03308,san salvador,ELS,Mayorista,2025-11-13
3309,Cliente 03309,Santa Ana,HN,Constructor,2025-08-26
3310,Cliente 03310,Morazan,NI,Constructor,2025-06-15
3311,Cliente 03311,Sonsonate,sv,Constructor,2025-10-25
3312,Cliente 03312,,ELS,PyME,2025-04-15
3313,Cliente 03313,santa ana,SV,Mayorista,2025-07-12
3314,Cliente 03314,santa ana,NI,Constructor,2025-03-09
3315,Cliente 03315,Ahuachapan,ELS,Hogar,2025-05-25
3316,Cliente 03316,Cuscatlan,SV,Mayorista,2025-08-20
3317,Cliente 03317,Morazan,GT,PyME,2025-04-20
3318,Cliente 03318,San Miguel,sv,Mayorista,2025-03-21
3319,Cliente 03319,Santa Ana,NI,Hogar,2025-10-11
3320,Cliente 03320,San Salvador,SV,Constructor,2025-10-09
C3321,Cliente 03321,,HN,Mayorista,2025-08-11
3322,Cliente 03322,Sonsonate,HN,Constructor,2025-02-17
3323,Cliente 03323,Morazan,SV,Hogar,2025-07-07
3324,Cliente 03324,Sonsonate,HN,,2025-05-10
3325,Cliente 03325,San Miguel,ELS,Constructor,2025-05-28
3326,Cliente 03326,La Libertad,sv,Hogar,2025-05-01
3327,Cliente 03327,Sonsonate,SV,PyME,2025-09-09
3328,Cliente 03328,Cuscatlan,sv,Mayorista,2025-08-26
3329,Cliente 03329,Chalatenango,SV,Hogar,2025-10-20
3330,Cliente 03330,,sv,PyME,2025-02-14
3331,Cliente 03331,San Miguel,GT,Mayorista,2025-10-22
3332,Cliente 03332,San Vicente,GT,,2025-01-07
3333,Cliente 03333,San Salvador,HN,Mayorista,2025-09-11
3334,Cliente 03334,Cuscatlan,NI,Hogar,2025-05-25
3335,Cliente 03335,Sonsonate,GT,Constructor,2025-01-18
3336,Cliente 03336,San Salvador,NI,,2025-12-24
3337,Cliente 03337,Cuscatlan,GT,Mayorista,2025-02-05
3338,Cliente 03338,Cuscatlan,ELS,Hogar,2025-02-25
3339,Cliente 03339,,NI,Mayorista,2025-02-25
3340,Cliente 03340,Sonsonate,HN,Mayorista,2025-05-23
3341,Cliente 03341,SAN SALVADOR,GT,,2025-03-02
3342,Cliente 03342,Chalatenango,sv,PyME,2025-03-08
3343,Cliente 03343,santa ana,HN,Mayorista,2025-09-16
3344,Cliente 03344,Usulutan,GT,,2025-08-05
3345,Cliente 03345,santa ana,SV,Mayorista,2025-01-03
3346,Cliente 03346,San Salvador,ELS,Hogar,2025-02-17
3347,Cliente 03347,San Miguel,SV,Hogar,2025-03-07
3348,Cliente 03348,,SV,Hogar,2025-07-18
3349,Cliente 03349,San Vicente,HN,,2025-11-23
3350,Cliente 03350,Sonsonate,GT,PyME,2025-08-19
3351,Cliente 03351,santa ana,sv,,2025-11-04
3352,Cliente 03352,Santa Ana,GT,Mayorista,2025-06-06
3353,Cliente 03353,La Libertad,NI,PyME,2025-09-07
3354,Cliente 03354,Cuscatlan,ELS,Hogar,2025-03-23
3355,Cliente 03355,San Vicente,ELS,Constructor,2025-02-08
3356,Cliente 03356,San Salvador,SV,Constructor,2025-07-08
3357,Cliente 03357,,SV,PyME,2025-02-15
3358,Cliente 03358,La Libertad,GT,Hogar,2025-12-06
3359,Cliente 03359,Ahuachapan,GT,PyME,2025-02-26
3360,Cliente 03360,SAN SALVADOR,GT,PyME,2025-05-11
3361,Cliente 03361,Santa Ana,sv,,2025-12-21
C3362,Cliente 03362,San Miguel,GT,Mayorista,2025-11-16
3363,,san salvador,SV,Hogar,2025-03-02
3364,Cliente 03364,La Paz,SV,Hogar,2025-08-09
3365,Cliente 03365,Sonsonate,HN,Constructor,2025-05-15
3366,Cliente 03366,,sv,Hogar,2025-01-07
3367,Cliente 03367,La Libertad,NI,PyME,2025-01-08
3368,Cliente 03368,Ahuachapan,GT,Mayorista,2025-07-24
3369,Cliente 03369,santa ana,ELS,Constructor,2025-12-14
3370,Cliente 03370,Santa Ana,NI,Constructor,2025-11-11
3371,Cliente 03371,Sonsonate,SV,,2025-04-13
3372,Cliente 03372,La Libertad,NI,,2025-01-08
3373,Cliente 03373,La Paz,HN,Hogar,2025-09-01
3374,Cliente 03374,La Union,GT,PyME,2025-12-24
3375,Cliente 03375,,SV,Constructor,2025-07-16
3376,Cliente 03376,SAN SALVADOR,sv,Constructor,2025-03-13
3377,Cliente 03377,San Miguel,ELS,,2025-04-20
3378,Cliente 03378,Cuscatlan,HN,Constructor,2025-06-08
3379,Cliente 03379,Cuscatlan,NI,,2025-08-12
3380,Cliente 03380,San Miguel,sv,,2025-10-03
3381,Cliente 03381,La Paz,GT,PyME,2025-04-01
3382,Cliente 03382,La Union,NI,Mayorista,2025-05-25
3383,Cliente 03383,La Union,GT,,2025-05-15
3384,Cliente 03384,,GT,Mayorista,2025-06-10
3385,Cliente 03385,santa ana,GT,Constructor,2025-05-11
3386,Cliente 03386,San Miguel,sv,Hogar,2025-03-20
3387,Cliente 03387,Santa Ana,sv,PyME,2025-01-12
3388,Cliente 03388,Ahuachapan,NI,Mayorista,2025-03-12
3389,Cliente 03389,san salvador,HN,Constructor,2025-06-09
3390,Cliente 03390,Santa Ana,NI,Mayorista,ayer
3391,Cliente 03391,Santa Ana,NI,PyME,2025-02-08
3392,Cliente 03392,San Vicente,sv,Hogar,2025-10-19
3393,Cliente 03393,,GT,PyME,2025-04-04
3394,Cliente 03394,San Vicente,NI,Mayorista,2025-02-01
3395,Cliente 03395,Ahuachapan,SV,Hogar,2025-12-26
3396,Cliente 03396,Santa Ana,GT,Mayorista,2025-05-04
3397,Cliente 03397,La Libertad,HN,PyME,2025-01-22
3398,Cliente 03398,La Paz,ELS,Mayorista,2025-11-05
3399,Cliente 03399,San Miguel,sv,PyME,2025-08-16
3400,Cliente 03400,Santa Ana,SV,Hogar,2025-07-02
3401,Cliente 03401,Usulutan,NI,Hogar,2025-10-04
3402,Cliente 03402,,NI,Hogar,2025-11-21
C3403,Cliente 03403,Morazan,GT,Constructor,2025-02-28
3404,Cliente 03404,Sonsonate,ELS,Mayorista,2025-07-10
3405,Cliente 03405,Usulutan,HN,Hogar,2025-07-25
3406,Cliente 03406,Morazan,SV,Hogar,2025-03-10
3407,Cliente 03407,Usulutan,NI,Mayorista,2025-04-01
3408,Cliente 03408,La Paz,GT,Constructor,2025-04-18
3409,Cliente 03409,Ahuachapan,HN,Mayorista,2025-02-12
3410,Cliente 03410,Usulutan,HN,Mayorista,2025-10-19
3411,Cliente 03411,,ELS,Constructor,2025-07-11
3412,Cliente 03412,San Salvador,HN,,2025-04-07
3413,Cliente 03413,La Libertad,sv,PyME,2025-01-21
3414,Cliente 03414,La Paz,SV,Hogar,2025-10-15
3415,Cliente 03415,San Miguel,GT,Mayorista,2025-07-03
3416,Cliente 03416,Santa Ana,GT,Mayorista,2025-01-17
3417,Cliente 03417,Sonsonate,HN,Mayorista,2025-07-26
3418,Cliente 03418,La Libertad,SV,Mayorista,2025-07-20
3419,Cliente 03419,La Union,HN,Constructor,2025-07-03
3420,,,GT,Constructor,2025-06-20
3420,,,GT,Constructor,2025-06-20
3421,Cliente 03421,La Union,NI,Constructor,2025-06-02
3422,Cliente 03422,santa ana,HN,Constructor,2025-08-13
3423,Cliente 03423,Chalatenango,NI,Hogar,2025-09-22
3424,Cliente 03424,San Miguel,sv,,2025-07-09
3425,Cliente 03425,San Salvador,SV,,2025-11-13
3426,Cliente 03426,La Union,ELS,,2025-06-06
3427,Cliente 03427,santa ana,GT,PyME,2025-04-16
3428,Cliente 03428,Ahuachapan,NI,Hogar,2025-08-17
3429,Cliente 03429,,HN,PyME,2025-08-02
3430,Cliente 03430,La Libertad,GT,Mayorista,2025-05-16
3431,Cliente 03431,La Libertad,ELS,PyME,2025-09-25
3432,Cliente 03432,Ahuachapan,sv,Mayorista,2025-05-25
3433,Cliente 03433,San Miguel,SV,Mayorista,2025-03-22
3434,Cliente 03434,Usulutan,HN,Mayorista,2025-08-05
3435,Cliente 03435,San Miguel,ELS,PyME,2025-02-14
3436,Cliente 03436,La Union,ELS,Hogar,2025-07-15
3437,Cliente 03437,santa ana,sv,PyME,2025-04-28
3438,Cliente 03438,,ELS,PyME,2025-08-09
3439,Cliente 03439,La Paz,ELS,PyME,2025-03-04
3440,Cliente 03440,La Paz,GT,Mayorista,2025-10-02
3441,Cliente 03441,Santa Ana,GT,PyME,2025-03-26
3442,Cliente 03442,Ahuachapan,NI,Mayorista,2025-01-22
3443,Cliente 03443,La Libertad,SV,,2025-07-20
C3444,Cliente 03444,San Salvador,ELS,,2025-12-03
3445,Cliente 03445,Santa Ana,NI,Constructor,2025-02-25
3446,Cliente 03446,san salvador,SV,Hogar,2025-08-22
3447,Cliente 03447,,GT,PyME,2025-03-18
3448,Cliente 03448,San Miguel,SV,Hogar,2025-09-21
3449,Cliente 03449,San Miguel,sv,PyME,2025-10-09
3450,Cliente 03450,La Libertad,ELS,Hogar,2025-04-03
3451,Cliente 03451,Sonsonate,HN,Constructor,2025-11-24
3452,Cliente 03452,san salvador,ELS,PyME,2025-11-07
3453,Cliente 03453,San Salvador,ELS,Hogar,2025-10-06
3454,Cliente 03454,La Libertad,ELS,Constructor,2025-09-02
3455,Cliente 03455,San Miguel,GT,,2025-05-11
3456,Cliente 03456,,NI,Mayorista,2025-07-12
3457,Cliente 03457,Ahuachapan,HN,,2025-02-15
3458,Cliente 03458,Santa Ana,sv,,2025-12-26
3459,Cliente 03459,Chalatenango,HN,Hogar,2025-01-03
3460,Cliente 03460,Sonsonate,SV,PyME,2025-05-28
3461,Cliente 03461,santa ana,GT,PyME,2025-04-25
3462,Cliente 03462,Ahuachapan,GT,Mayorista,2025-06-19
3463,Cliente 03463,Santa Ana,sv,Constructor,2025-07-02
3464,Cliente 03464,San Vicente,HN,PyME,2025-11-11
3465,Cliente 03465,,HN,,2025-08-20
3466,Cliente 03466,SAN SALVADOR,GT,Hogar,2025-09-22
3467,Cliente 03467,La Libertad,SV,Constructor,2025-04-07
3468,Cliente 03468,La Paz,ELS,Constructor,2025-06-13
3469,Cliente 03469,Morazan,SV,Hogar,2025-05-22
3470,Cliente 03470,Santa Ana,GT,Hogar,2025-11-13
3471,Cliente 03471,La Libertad,SV,Constructor,2025-07-20
3472,Cliente 03472,San Miguel,SV,,2025-12-06
3473,Cliente 03473,La Union,sv,,2025-09-24
3474,Cliente 03474,,HN,Constructor,2025-05-09
3475,Cliente 03475,Morazan,GT,Mayorista,2025-04-03
3476,Cliente 03476,San Vicente,SV,Hogar,2025-08-04
3477,,La Union,NI,Mayorista,2025-10-11
3478,Cliente 03478,Chalatenango,SV,PyME,2025-10-05
3479,Cliente 03479,La Union,sv,PyME,2025-03-23
3480,Cliente 03480,Sonsonate,SV,PyME,2025-01-21
3481,Cliente 03481,Morazan,GT,Mayorista,2025-11-28
3482,Cliente 03482,San Vicente,SV,Mayorista,2025-01-05
3483,Cliente 03483,,sv,Hogar,2025-03-19
3484,Cliente 03484,San Salvador,sv,Hogar,2025-08-17
C3485,Cliente 03485,La Paz,SV,,2025-09-07
3486,Cliente 03486,San Salvador,NI,Hogar,2025-09-12
3487,Cliente 03487,La Union,NI,Constructor,2025-01-15
3488,Cliente 03488,Usulutan,NI,PyME,2025-08-12
3489,Cliente 03489,Cuscatlan,ELS,PyME,2025-03-08
3490,Cliente 03490,Cuscatlan,SV,Mayorista,2025-04-20
3491,Cliente 03491,san salvador,NI,PyME,2025-06-03
3492,Cliente 03492,,sv,,2025-11-09
3493,Cliente 03493,Santa Ana,sv,Constructor,2025-02-08
3494,Cliente 03494,San Vicente,ELS,Hogar,2025-08-24
3495,Cliente 03495,Usulutan,ELS,Hogar,2025-02-10
3496,Cliente 03496,Santa Ana,GT,,2025-01-26
3497,Cliente 03497,Morazan,ELS,PyME,2025-01-27
3498,Cliente 03498,La Libertad,SV,,2025-06-16
3499,Cliente 03499,La Libertad,HN,,2025-10-12
3500,Cliente 03500,San Vicente,SV,PyME,2025-11-12
3501,Cliente 03501,,NI,Hogar,2025-09-14
3502,Cliente 03502,San Vicente,SV,PyME,2025-01-01
3503,Cliente 03503,La Union,NI,Mayorista,ayer
3504,Cliente 03504,San Vicente,sv,Constructor,2025-11-01
3505,Cliente 03505,Sonsonate,NI,Constructor,2025-09-04
3506,Cliente 03506,santa ana,GT,Hogar,2025-05-24
3507,Cliente 03507,La Union,HN,PyME,2025-04-10
3508,Cliente 03508,Morazan,ELS,Hogar,2025-11-22
3509,Cliente 03509,Ahuachapan,NI,PyME,2025-06-14
3510,Cliente 03510,,ELS,,2025-06-02
3511,Cliente 03511,Cuscatlan,sv,Hogar,2025-05-11
3512,Cliente 03512,Ahuachapan,SV,Constructor,2025-10-20
3513,Cliente 03513,SAN SALVADOR,HN,Mayorista,2025-12-12
3514,Cliente 03514,Usulutan,GT,Constructor,2025-06-07
3515,Cliente 03515,Ahuachapan,ELS,Constructor,2025-03-05
3516,Cliente 03516,San Miguel,HN,Mayorista,2025-10-25
3517,Cliente 03517,santa ana,HN,,2025-07-25
3518,Cliente 03518,Morazan,SV,Mayorista,2025-07-08
3519,Cliente 03519,,ELS,Constructor,2025-07-26
3520,Cliente 03520,San Vicente,HN,Mayorista,2025-03-02
3521,Cliente 03521,SAN SALVADOR,SV,Mayorista,2025-07-24
3522,Cliente 03522,Sonsonate,NI,PyME,2025-07-18
3523,Cliente 03523,santa ana,GT,Constructor,2025-02-02
3524,Cliente 03524,San Miguel,GT,Hogar,2025-12-03
3525,Cliente 03525,Ahuachapan,sv,,2025-10-11
C3526,Cliente 03526,La Paz,sv,,2025-11-25
3527,Cliente 03527,Usulutan,GT,Hogar,2025-06-18
3528,Cliente 03528,,ELS,PyME,2025-04-08
3529,Cliente 03529,La Paz,GT,Mayorista,2025-02-16
3530,Cliente 03530,La Paz,sv,,2025-07-13
3531,Cliente 03531,SAN SALVADOR,HN,PyME,2025-10-12
3532,Cliente 03532,La Union,HN,Mayorista,2025-11-17
3533,Cliente 03533,san salvador,SV,Mayorista,2025-03-24
3534,,Chalatenango,GT,Mayorista,2025-06-08
3535,Cliente 03535,SAN SALVADOR,GT,Hogar,2025-07-08
3536,Cliente 03536,San Miguel,GT,,2025-01-28
3537,Cliente 03537,,SV,Hogar,2025-06-04
3538,Cliente 03538,Usulutan,SV,Constructor,2025-12-04
3539,Cliente 03539,Cuscatlan,HN,Constructor,2025-09-03
3540,Cliente 03540,La Union,SV,Hogar,2025-01-28
3541,Cliente 03541,santa ana,NI,,2025-08-08
3542,Cliente 03542,San Salvador,HN,Mayorista,2025-01-25
3543,Cliente 03543,Usulutan,sv,PyME,2025-06-05
3544,Cliente 03544,San Miguel,NI,Constructor,2025-10-11
3545,Cliente 03545,san salvador,GT,Mayorista,2025-05-04
3546,Cliente 03546,,ELS,PyME,2025-05-14
3547,Cliente 03547,SAN SALVADOR,HN,Hogar,2025-05-07
3548,Cliente 03548,San Miguel,ELS,Constructor,2025-07-12
3549,Cliente 03549,San Vicente,HN,Hogar,2025-06-16
3550,Cliente 03550,Cuscatlan,sv,Constructor,2025-12-02
3551,Cliente 03551,San Vicente,sv,PyME,2025-08-23
3552,Cliente 03552,La Paz,SV,Mayorista,2025-12-23
3553,Cliente 03553,Chalatenango,SV,Constructor,2025-08-07
3554,Cliente 03554,santa ana,SV,Mayorista,2025-07-03
3555,Cliente 03555,,NI,,2025-02-20
3556,Cliente 03556,Sonsonate,SV,Constructor,2025-11-24
3557,Cliente 03557,Cuscatlan,sv,,2025-01-18
3558,Cliente 03558,La Libertad,HN,,2025-06-15
3559,Cliente 03559,SAN SALVADOR,ELS,Hogar,2025-06-08
3560,Cliente 03560,Chalatenango,ELS,Hogar,2025-06-07
3561,Cliente 03561,Ahuachapan,SV,Constructor,2025-02-22
3562,Cliente 03562,Morazan,GT,PyME,2025-08-17
3563,Cliente 03563,Ahuachapan,NI,Constructor,2025-04-27
3564,Cliente 03564,,HN,PyME,2025-10-21
3565,Cliente 03565,Santa Ana,sv,,2025-06-19
3566,Cliente 03566,Cuscatlan,HN,Constructor,2025-11-11
C3567,Cliente 03567,santa ana,HN,Hogar,2025-06-06
3568,Cliente 03568,Ahuachapan,ELS,,2025-09-11
3569,Cliente 03569,Sonsonate,GT,,2025-11-18
3570,Cliente 03570,San Miguel,SV,Hogar,2025-11-07
3571,Cliente 03571,Sonsonate,SV,,2025-01-11
3572,Cliente 03572,Ahuachapan,ELS,Mayorista,2025-12-19
3573,Cliente 03573,,ELS,,2025-08-13
3574,Cliente 03574,Usulutan,sv,Constructor,2025-01-14
3575,Cliente 03575,San Miguel,ELS,Hogar,2025-07-01
3576,Cliente 03576,La Libertad,NI,,2025-12-02
3577,Cliente 03577,San Miguel,SV,Hogar,2025-09-11
3578,Cliente 03578,Usulutan,sv,Constructor,2025-05-05
3579,Cliente 03579,Santa Ana,sv,,2025-12-06
3580,Cliente 03580,Sonsonate,ELS,,2025-07-24
3581,Cliente 03581,santa ana,SV,Hogar,2025-09-18
3582,Cliente 03582,,HN,PyME,2025-01-01
3583,Cliente 03583,Cuscatlan,GT,Constructor,2025-02-01
3584,Cliente 03584,La Paz,SV,Mayorista,2025-08-05
3585,Cliente 03585,Morazan,HN,Mayorista,2025-09-09
3586,Cliente 03586,Sonsonate,HN,,2025-11-05
3587,Cliente 03587,San Vicente,SV,PyME,2025-04-05
3588,Cliente 03588,santa ana,sv,Hogar,2025-07-04
3589,Cliente 03589,SAN SALVADOR,NI,PyME,2025-07-24
3590,Cliente 03590,Santa Ana,NI,Constructor,2025-01-04
3591,,,SV,Mayorista,2025-06-02
3592,Cliente 03592,La Libertad,SV,Hogar,2025-10-04
3593,Cliente 03593,La Union,HN,,2025-04-02
3594,Cliente 03594,San Miguel,NI,PyME,2025-06-12
3595,Cliente 03595,santa ana,GT,PyME,2025-12-06
3596,Cliente 03596,san salvador,SV,Constructor,2025-12-12
3597,Cliente 03597,Cuscatlan,GT,Mayorista,2025-05-01
3598,Cliente 03598,Cuscatlan,sv,,2025-12-02
3599,Cliente 03599,San Miguel,GT,Constructor,2025-05-10
3600,Cliente 03600,,SV,Hogar,2025-05-27
3600,Cliente 03600,,SV,Hogar,2025-05-27
3601,Cliente 03601,SAN SALVADOR,NI,PyME,2025-06-06
3602,Cliente 03602,San Salvador,HN,Constructor,2025-01-12
3603,Cliente 03603,Usulutan,NI,Hogar,2025-07-22
3604,Cliente 03604,La Libertad,sv,,2025-10-18
3605,Cliente 03605,Sonsonate,ELS,Mayorista,2025-02-12
3606,Cliente 03606,San Salvador,SV,Constructor,2025-10-27
3607,Cliente 03607,Cuscatlan,SV,Mayorista,2025-02-24
C3608,Cliente 03608,San Miguel,SV,Hogar,2025-01-09
3609,Cliente 03609,,sv,,2025-01-25
3610,Cliente 03610,La Paz,ELS,Constructor,2025-01-03
3611,Cliente 03611,SAN SALVADOR,sv,Hogar,2025-04-15
3612,Cliente 03612,SAN SALVADOR,sv,Hogar,2025-07-09
3613,Cliente 03613,San Salvador,ELS,Mayorista,2025-09-12
3614,Cliente 03614,santa ana,sv,PyME,2025-05-24
3615,Cliente 03615,Cuscatlan,HN,Constructor,2025-06-21
3616,Cliente 03616,Cuscatlan,sv,Mayorista,ayer
3617,Cliente 03617,Sonsonate,SV,Constructor,2025-04-10
3618,Cliente 03618,,sv,PyME,2025-01-24
3619,Cliente 03619,Ahuachapan,HN,,2025-03-02
3620,Cliente 03620,La Paz,ELS,Hogar,2025-09-26
3621,Cliente 03621,Santa Ana,GT,Mayorista,2025-08-15
3622,Cliente 03622,Santa Ana,SV,Hogar,2025-07-22
3623,Cliente 03623,San Salvador,GT,Constructor,2025-07-26
3624,Cliente 03624,SAN SALVADOR,SV,PyME,2025-09-20
3625,Cliente 03625,Sonsonate,sv,PyME,2025-12-05
3626,Cliente 03626,Chalatenango,SV,,2025-04-01
3627,Cliente 03627,,NI,,2025-01-19
3628,Cliente 03628,La Paz,NI,Hogar,2025-03-02
3629,Cliente 03629,Chalatenango,GT,Hogar,2025-04-01
3630,Cliente 03630,Morazan,SV,Mayorista,2025-04-24
3631,Cliente 03631,SAN SALVADOR,GT,PyME,2025-01-03
3632,Cliente 03632,San Salvador,ELS,Mayorista,2025-08-12
3633,Cliente 03633,La Paz,NI,Hogar,2025-06-14
3634,Cliente 03634,Santa Ana,GT,Constructor,2025-08-17
3635,Cliente 03635,Chalatenango,sv,Constructor,2025-07-25
3636,Cliente 03636,,NI,Hogar,2025-02-05
3637,Cliente 03637,Sonsonate,ELS,Hogar,2025-01-15
3638,Cliente 03638,san salvador,sv,,2025-01-22
3639,Cliente 03639,San Vicente,NI,PyME,2025-05-23
3640,Cliente 03640,La Union,HN,,2025-03-11
3641,Cliente 03641,Ahuachapan,ELS,,2025-09-16
3642,Cliente 03642,La Paz,GT,Mayorista,2025-11-15
3643,Cliente 03643,La Union,SV,,2025-11-13
3644,Cliente 03644,san salvador,HN,Constructor,2025-01-08
3645,Cliente 03645,,NI,PyME,2025-03-27
3646,Cliente 03646,Chalatenango,HN,,2025-06-11
3647,Cliente 03647,Morazan,HN,Constructor,2025-09-13
3648,,Morazan,HN,Mayorista,2025-03-27
C3649,Cliente 03649,Sonsonate,HN,,2025-08-02
3650,Cliente 03650,Ahuachapan,ELS,PyME,2025-04-11
3651,Cliente 03651,Sonsonate,HN,PyME,2025-03-26
3652,Cliente 03652,Usulutan,HN,PyME,2025-03-25
3653,Cliente 03653,SAN SALVADOR,ELS,PyME,2025-12-05
3654,Cliente 03654,,ELS,,2025-12-18
3655,Cliente 03655,San Miguel,ELS,PyME,2025-03-09
3656,Cliente 03656,SAN SALVADOR,HN,PyME,2025-04-09
3657,Cliente 03657,Cuscatlan,SV,,2025-09-17
3658,Cliente 03658,San Vicente,sv,Hogar,2025-05-21
3659,Cliente 03659,Morazan,HN,,2025-02-19
3660,Cliente 03660,san salvador,ELS,,2025-07-28
3661,Cliente 03661,san salvador,NI,,2025-09-22
3662,Cliente 03662,santa ana,sv,PyME,2025-07-09
3663,Cliente 03663,,sv,Hogar,2025-08-26
3664,Cliente 03664,Sonsonate,HN,Constructor,2025-09-27
3665,Cliente 03665,san salvador,SV,Hogar,2025-04-23
3666,Cliente 03666,Usulutan,ELS,Constructor,2025-01-20
3667,Cliente 03667,Usulutan,HN,Mayorista,2025-12-17
3668,Cliente 03668,santa ana,GT,Hogar,2025-06-19
3669,Cliente 03669,santa ana,HN,PyME,2025-06-18
3670,Cliente 03670,San Miguel,GT,Hogar,2025-05-24
3671,Cliente 03671,SAN SALVADOR,sv,Mayorista,2025-05-24
3672,Cliente 03672,,HN,Constructor,2025-09-09
3673,Cliente 03673,Morazan,HN,Hogar,2025-04-03
3674,Cliente 03674,Santa Ana,NI,PyME,2025-01-23
3675,Cliente 03675,Chalatenango,NI,Mayorista,2025-04-20
3676,Cliente 03676,Sonsonate,HN,Hogar,2025-10-13
3677,Cliente 03677,Santa Ana,GT,,2025-11-01
3678,Cliente 03678,San Miguel,sv,Mayorista,2025-05-04
3679,Cliente 03679,La Union,SV,PyME,2025-10-23
3680,Cliente 03680,Cuscatlan,SV,PyME,2025-05-16
3681,Cliente 03681,,GT,Hogar,2025-04-09
3682,Cliente 03682,San Salvador,ELS,Hogar,2025-02-01
3683,Cliente 03683,Santa Ana,NI,,2025-04-27
3684,Cliente 03684,San Salvador,HN,Constructor,2025-11-08
3685,Cliente 03685,san salvador,GT,Mayorista,2025-03-01
3686,Cliente 03686,Cuscatlan,HN,Mayorista,2025-09-28
3687,Cliente 03687,san salvador,HN,Mayorista,2025-03-01
3688,Cliente 03688,Santa Ana,sv,Hogar,2025-11-22
3689,Cliente 03689,Santa Ana,sv,Constructor,2025-11-01
C3690,Cliente 03690,,HN,Mayorista,2025-02-07
3691,Cliente 03691,San Salvador,GT,Constructor,2025-09-08
3692,Cliente 03692,Morazan,ELS,PyME,2025-11-17
3693,Cliente 03693,Cuscatlan,sv,Hogar,2025-05-07
3694,Cliente 03694,Usulutan,NI,Constructor,2025-04-19
3695,Cliente 03695,San Salvador,HN,PyME,2025-11-01
3696,Cliente 03696,Sonsonate,sv,,2025-12-27
3697,Cliente 03697,La Union,NI,Hogar,2025-07-03
3698,Cliente 03698,San Salvador,SV,PyME,2025-01-13
3699,Cliente 03699,,HN,Constructor,2025-09-25
3700,Cliente 03700,Cuscatlan,ELS,Mayorista,2025-05-10
3701,Cliente 03701,Sonsonate,ELS,Mayorista,2025-05-18
3702,Cliente 03702,San Miguel,sv,PyME,2025-03-22
3703,Cliente 03703,SAN SALVADOR,ELS,,2025-06-02
3704,Cliente 03704,San Vicente,SV,PyME,2025-03-24
3705,,La Paz,SV,Constructor,2025-06-01
3706,Cliente 03706,Morazan,HN,Mayorista,2025-03-23
3707,Cliente 03707,san salvador,HN,,2025-06-10
3708,Cliente 03708,,HN,PyME,2025-12-01
3709,Cliente 03709,santa ana,ELS,Hogar,2025-03-22
3710,Cliente 03710,Usulutan,ELS,PyME,2025-01-05
3711,Cliente 03711,San Miguel,SV,,2025-10-01
3712,Cliente 03712,san salvador,HN,Mayorista,2025-01-09
3713,Cliente 03713,La Libertad,HN,Hogar,2025-08-13
3714,Cliente 03714,San Miguel,sv,PyME,2025-09-08
3715,Cliente 03715,La Paz,ELS,Hogar,2025-02-08
3716,Cliente 03716,San Vicente,HN,PyME,2025-09-10
3717,Cliente 03717,,sv,PyME,2025-05-11
3718,Cliente 03718,San Vicente,ELS,Mayorista,2025-07-15
3719,Cliente 03719,Chalatenango,sv,,2025-04-25
3720,Cliente 03720,San Miguel,sv,Hogar,2025-09-17
3721,Cliente 03721,SAN SALVADOR,sv,Hogar,2025-12-06
3722,Cliente 03722,La Union,SV,Mayorista,2025-05-22
3723,Cliente 03723,Usulutan,GT,Mayorista,2025-11-11
3724,Cliente 03724,Sonsonate,GT,PyME,2025-06-02
3725,Cliente 03725,Morazan,HN,,2025-12-15
3726,Cliente 03726,,sv,Mayorista,2025-09-11
3727,Cliente 03727,SAN SALVADOR,SV,Constructor,2025-08-25
3728,Cliente 03728,Santa Ana,sv,Constructor,2025-12-21
3729,Cliente 03729,San Miguel,HN,,ayer
3730,Cliente 03730,San Salvador,ELS,PyME,2025-06-24
C3731,Cliente 03731,San Vicente,HN,Constructor,2025-03-05
3732,Cliente 03732,San Miguel,ELS,Hogar,2025-06-19
3733,Cliente 03733,San Miguel,ELS,Constructor,2025-01-10
3734,Cliente 03734,Ahuachapan,SV,,2025-10-15
3735,Cliente 03735,,sv,Hogar,2025-05-06
3736,Cliente 03736,Chalatenango,SV,,2025-04-23
3737,Cliente 03737,Chalatenango,sv,,2025-10-22
3738,Cliente 03738,La Union,ELS,PyME,2025-06-08
3739,Cliente 03739,La Paz,HN,Hogar,2025-01-11
3740,Cliente 03740,San Salvador,HN,,2025-07-14
3741,Cliente 03741,santa ana,GT,Hogar,2025-05-03
3742,Cliente 03742,San Miguel,NI,PyME,2025-10-22
3743,Cliente 03743,san salvador,NI,,2025-06-09
3744,Cliente 03744,,sv,,2025-05-09
3745,Cliente 03745,SAN SALVADOR,ELS,Constructor,2025-01-25
3746,Cliente 03746,La Union,sv,Mayorista,2025-01-24
3747,Cliente 03747,La Union,HN,Mayorista,2025-05-22
3748,Cliente 03748,La Libertad,HN,,2025-05-05
3749,Cliente 03749,San Vicente,sv,Hogar,2025-05-11
3750,Cliente 03750,Sonsonate,NI,Hogar,2025-05-03
3751,Cliente 03751,San Salvador,SV,Mayorista,2025-10-06
3752,Cliente 03752,Santa Ana,GT,Hogar,2025-06-16
3753,Cliente 03753,,HN,Mayorista,2025-07-04
3754,Cliente 03754,La Libertad,GT,Hogar,2025-09-21
3755,Cliente 03755,Sonsonate,ELS,,2025-05-27
3756,Cliente 03756,SAN SALVADOR,NI,Hogar,2025-06-19
3757,Cliente 03757,Chalatenango,GT,,2025-02-08
3758,Cliente 03758,La Libertad,HN,PyME,2025-09-24
3759,Cliente 03759,Chalatenango,NI,Constructor,2025-12-12
3760,Cliente 03760,san salvador,sv,PyME,2025-09-11
3761,Cliente 03761,SAN SALVADOR,sv,PyME,2025-12-07
3762,,,ELS,Mayorista,2025-09-19
3763,Cliente 03763,Morazan,GT,Constructor,2025-10-12
3764,Cliente 03764,Chalatenango,ELS,,2025-03-26
3765,Cliente 03765,Sonsonate,SV,,2025-08-01
3766,Cliente 03766,Morazan,sv,PyME,2025-03-14
3767,Cliente 03767,Sonsonate,ELS,PyME,2025-11-15
3768,Cliente 03768,Sonsonate,GT,,2025-06-05
3769,Cliente 03769,Cuscatlan,NI,Constructor,2025-01-02
3770,Cliente 03770,santa ana,SV,,2025-03-02
3771,Cliente 03771,,ELS,Hogar,2025-07-04
C3772,Cliente 03772,Sonsonate,SV,PyME,2025-08-15
3773,Cliente 03773,Morazan,sv,Hogar,2025-05-19
3774,Cliente 03774,Sonsonate,GT,PyME,2025-08-10
3775,Cliente 03775,Usulutan,NI,,2025-06-10
3776,Cliente 03776,san salvador,ELS,PyME,2025-09-21
3777,Cliente 03777,Morazan,GT,Constructor,2025-02-25
3778,Cliente 03778,Ahuachapan,SV,Hogar,2025-09-10
3779,Cliente 03779,La Libertad,ELS,PyME,2025-09-17
3780,Cliente 03780,,sv,PyME,2025-12-02
3780,Cliente 03780,,sv,PyME,2025-12-02
3781,Cliente 03781,San Vicente,HN,,2025-07-15
3782,Cliente 03782,La Union,GT,Hogar,2025-02-02
3783,Cliente 03783,Chalatenango,sv,Hogar,2025-06-03
3784,Cliente 03784,san salvador,SV,PyME,2025-03-11
3785,Cliente 03785,La Libertad,NI,,2025-02-18
3786,Cliente 03786,Sonsonate,SV,PyME,2025-11-06
3787,Cliente 03787,San Miguel,ELS,Hogar,2025-06-26
3788,Cliente 03788,San Miguel,ELS,Mayorista,2025-08-15
3789,Cliente 03789,,ELS,Constructor,2025-01-25
3790,Cliente 03790,Morazan,HN,Hogar,2025-05-22
3791,Cliente 03791,Santa Ana,HN,Constructor,2025-11-17
3792,Cliente 03792,SAN SALVADOR,sv,Hogar,2025-06-24
3793,Cliente 03793,Sonsonate,ELS,Hogar,2025-12-23
3794,Cliente 03794,San Salvador,ELS,Hogar,2025-09-19
3795,Cliente 03795,Chalatenango,HN,Constructor,2025-09-11
3796,Cliente 03796,La Libertad,SV,,2025-04-07
3797,Cliente 03797,san salvador,GT,Constructor,2025-10-21
3798,Cliente 03798,,NI,PyME,2025-02-28
3799,Cliente 03799,La Paz,sv,,2025-09-12
3800,Cliente 03800,Cuscatlan,GT,Constructor,2025-05-07
3801,Cliente 03801,La Union,NI,,2025-05-02
3802,Cliente 03802,Sonsonate,ELS,Mayorista,2025-01-26
3803,Cliente 03803,Cuscatlan,sv,Mayorista,2025-09-25
3804,Cliente 03804,san salvador,NI,Mayorista,2025-05-08
3805,Cliente 03805,La Union,ELS,,2025-04-09
3806,Cliente 03806,San Miguel,SV,PyME,2025-10-21
3807,Cliente 03807,,HN,Hogar,2025-03-21
3808,Cliente 03808,Ahuachapan,GT,,2025-12-04
3809,Cliente 03809,san salvador,ELS,Mayorista,2025-03-11
3810,Cliente 03810,La Libertad,ELS,Mayorista,2025-02-16
3811,Cliente 03811,La Union,NI,PyME,2025-06-18
3812,Cliente 03812,San Miguel,ELS,Hogar,2025-09-19
C3813,Cliente 03813,Morazan,NI,Mayorista,2025-11-24
3814,Cliente 03814,La Union,HN,,2025-06-18
3815,Cliente 03815,La Paz,SV,Hogar,2025-04-02
3816,Cliente 03816,,sv,Hogar,2025-07-12
3817,Cliente 03817,SAN SALVADOR,ELS,,2025-10-20
3818,Cliente 03818,San Miguel,SV,Hogar,2025-01-23
3819,,Morazan,HN,Hogar,2025-11-07
3820,Cliente 03820,La Union,SV,,2025-02-19
3821,Cliente 03821,santa ana,ELS,PyME,2025-04-11
3822,Cliente 03822,San Salvador,ELS,,2025-02-14
3823,Cliente 03823,San Salvador,HN,Mayorista,2025-09-26
3824,Cliente 03824,santa ana,sv,,2025-03-05
3825,Cliente 03825,,NI,,2025-10-11
3826,Cliente 03826,santa ana,SV,Hogar,2025-11-01
3827,Cliente 03827,Chalatenango,NI,PyME,2025-09-10
3828,Cliente 03828,Chalatenango,SV,Constructor,2025-04-26
3829,Cliente 03829,san salvador,GT,Mayorista,2025-02-22
3830,Cliente 03830,Morazan,SV,,2025-06-05
3831,Cliente 03831,La Libertad,NI,,2025-01-26
3832,Cliente 03832,Chalatenango,HN,PyME,2025-09-05
3833,Cliente 03833,Santa Ana,GT,,2025-09-01
3834,Cliente 03834,,sv,PyME,2025-11-19
3835,Cliente 03835,santa ana,SV,Constructor,2025-07-25
3836,Cliente 03836,san salvador,ELS,,2025-03-20
3837,Cliente 03837,Sonsonate,NI,Mayorista,2025-05-15
3838,Cliente 03838,Usulutan,sv,Constructor,2025-11-17
3839,Cliente 03839,La Paz,GT,PyME,2025-09-19
3840,Cliente 03840,Morazan,HN,PyME,2025-11-19
3841,Cliente 03841,Santa Ana,HN,PyME,2025-11-01
3842,Cliente 03842,San Vicente,ELS,PyME,ayer
3843,Cliente 03843,,SV,,2025-03-11
3844,Cliente 03844,San Vicente,SV,Constructor,2025-07-24
3845,Cliente 03845,Usulutan,NI,PyME,2025-10-09
3846,Cliente 03846,Morazan,SV,Constructor,2025-03-25
3847,Cliente 03847,santa ana,HN,,2025-10-09
3848,Cliente 03848,Santa Ana,ELS,,2025-04-06
3849,Cliente 03849,Usulutan,NI,Hogar,2025-05-28
3850,Cliente 03850,Usulutan,sv,,2025-10-03
3851,Cliente 03851,Sonsonate,NI,,2025-06-24
3852,Cliente 03852,,GT,Constructor,2025-10-17
3853,Cliente 03853,San Vicente,sv,,2025-03-08
C3854,Cliente 03854,santa ana,HN,PyME,2025-10-01
3855,Cliente 03855,Chalatenango,GT,,2025-06-08
3856,Cliente 03856,San Salvador,sv,Hogar,2025-04-11
3857,Cliente 03857,San Miguel,SV,Mayorista,2025-07-04
3858,Cliente 03858,SAN SALVADOR,SV,Hogar,2025-09-20
3859,Cliente 03859,Cuscatlan,NI,,2025-03-02
3860,Cliente 03860,La Paz,ELS,,2025-06-14
3861,Cliente 03861,,GT,Mayorista,2025-01-20
3862,Cliente 03862,Morazan,GT,Hogar,2025-09-19
3863,Cliente 03863,San Miguel,ELS,Constructor,2025-05-23
3864,Cliente 03864,san salvador,SV,PyME,2025-04-09
3865,Cliente 03865,San Vicente,ELS,Constructor,2025-01-05
3866,Cliente 03866,Santa Ana,sv,,2025-02-26
3867,Cliente 03867,Santa Ana,GT,,2025-09-23
3868,Cliente 03868,SAN SALVADOR,SV,Hogar,2025-01-17
3869,Cliente 03869,La Union,ELS,Constructor,2025-04-06
3870,Cliente 03870,,GT,Hogar,2025-11-10
3871,Cliente 03871,Cuscatlan,GT,Constructor,2025-05-10
3872,Cliente 03872,SAN SALVADOR,SV,Hogar,2025-08-26
3873,Cliente 03873,La Union,HN,,2025-09-21
3874,Cliente 03874,Ahuachapan,NI,,2025-05-17
3875,Cliente 03875,San Salvador,GT,Mayorista,2025-05-09
3876,,San Miguel,GT,PyME,2025-11-22
3877,Cliente 03877,Cuscatlan,sv,,2025-05-24
3878,Cliente 03878,Chalatenango,sv,PyME,2025-10-13
3879,Cliente 03879,,NI,Mayorista,2025-01-16
3880,Cliente 03880,san salvador,SV,PyME,2025-03-26
3881,Cliente 03881,Sonsonate,GT,PyME,2025-04-09
3882,Cliente 03882,Santa Ana,sv,Constructor,2025-06-09
3883,Cliente 03883,Morazan,SV,Constructor,2025-07-01
3884,Cliente 03884,Ahuachapan,GT,Mayorista,2025-02-12
3885,Cliente 03885,SAN SALVADOR,GT,Constructor,2025-09-23
3886,Cliente 03886,Sonsonate,GT,Mayorista,2025-05-16
3887,Cliente 03887,Cuscatlan,SV,Constructor,2025-06-20
3888,Cliente 03888,,sv,Mayorista,2025-04-13
3889,Cliente 03889,San Vicente,NI,Constructor,2025-02-23
3890,Cliente 03890,San Vicente,sv,,2025-08-13
3891,Cliente 03891,san salvador,GT,Constructor,2025-02-02
3892,Cliente 03892,La Libertad,ELS,Mayorista,2025-06-28
3893,Cliente 03893,Morazan,SV,Mayorista,2025-04-25
3894,Cliente 03894,San Salvador,NI,Hogar,2025-09-13
C3895,Cliente 03895,La Union,ELS,PyME,2025-01-24
3896,Cliente 03896,Ahuachapan,GT,Mayorista,2025-06-03
3897,Cliente 03897,,NI,PyME,2025-11-22
3898,Cliente 03898,Cuscatlan,SV,Hogar,2025-01-02
3899,Cliente 03899,Morazan,NI,Mayorista,2025-10-23
3900,Cliente 03900,San Salvador,HN,PyME,2025-08-05
3901,Cliente 03901,San Miguel,SV,Mayorista,2025-12-09
3902,Cliente 03902,SAN SALVADOR,sv,Constructor,2025-04-07
3903,Cliente 03903,La Paz,HN,PyME,2025-02-20
3904,Cliente 03904,San Salvador,sv,Mayorista,2025-11-05
3905,Cliente 03905,santa ana,ELS,PyME,2025-12-24
3906,Cliente 03906,,GT,,2025-01-14
3907,Cliente 03907,La Union,SV,,2025-05-17
3908,Cliente 03908,Morazan,HN,Hogar,2025-02-18
3909,Cliente 03909,Morazan,HN,Hogar,2025-12-21
3910,Cliente 03910,San Salvador,ELS,Mayorista,2025-04-10
3911,Cliente 03911,La Paz,GT,Hogar,2025-03-03
3912,Cliente 03912,Santa Ana,sv,PyME,2025-01-16
3913,Cliente 03913,Morazan,GT,Mayorista,2025-01-19
3914,Cliente 03914,La Union,sv,Mayorista,2025-01-28
3915,Cliente 03915,,NI,Constructor,2025-02-18
3916,Cliente 03916,Ahuachapan,sv,PyME,2025-11-23
3917,Cliente 03917,Santa Ana,SV,PyME,2025-03-04
3918,Cliente 03918,SAN SALVADOR,ELS,Constructor,2025-05-07
3919,Cliente 03919,Cuscatlan,HN,Mayorista,2025-04-23
3920,Cliente 03920,Santa Ana,NI,PyME,2025-09-20
3921,Cliente 03921,Ahuachapan,HN,Mayorista,2025-12-26
3922,Cliente 03922,santa ana,sv,,2025-05-20
3923,Cliente 03923,Morazan,SV,PyME,2025-01-20
3924,Cliente 03924,,NI,PyME,2025-08-20
3925,Cliente 03925,Morazan,GT,,2025-07-07
3926,Cliente 03926,La Libertad,HN,Constructor,2025-09-03
3927,Cliente 03927,Sonsonate,HN,PyME,2025-06-24
3928,Cliente 03928,La Libertad,SV,Constructor,2025-09-12
3929,Cliente 03929,San Salvador,SV,,2025-08-12
3930,Cliente 03930,La Paz,SV,Mayorista,2025-04-10
3931,Cliente 03931,San Miguel,sv,,2025-08-23
3932,Cliente 03932,San Miguel,GT,PyME,2025-01-04
3933,,,sv,Constructor,2025-06-14
3934,Cliente 03934,Morazan,ELS,PyME,2025-06-06
3935,Cliente 03935,SAN SALVADOR,NI,Hogar,2025-08-20
C3936,Cliente 03936,Chalatenango,ELS,Mayorista,2025-09-14
3937,Cliente 03937,san salvador,SV,Hogar,2025-03-11
3938,Cliente 03938,San Salvador,GT,PyME,2025-03-11
3939,Cliente 03939,La Libertad,sv,Mayorista,2025-08-02
3940,Cliente 03940,La Union,ELS,Mayorista,2025-06-27
3941,Cliente 03941,Usulutan,sv,Constructor,2025-11-01
3942,Cliente 03942,,ELS,Mayorista,2025-08-10
3943,Cliente 03943,Ahuachapan,HN,Hogar,2025-10-27
3944,Cliente 03944,Ahuachapan,NI,Mayorista,2025-09-04
3945,Cliente 03945,santa ana,GT,,2025-01-25
3946,Cliente 03946,San Vicente,HN,,2025-02-28
3947,Cliente 03947,Morazan,ELS,Mayorista,2025-03-09
3948,Cliente 03948,La Paz,ELS,Mayorista,2025-08-11
3949,Cliente 03949,San Vicente,SV,PyME,2025-05-08
3950,Cliente 03950,San Miguel,HN,PyME,2025-09-23
3951,Cliente 03951,,NI,,2025-01-05
3952,Cliente 03952,Chalatenango,ELS,PyME,2025-08-05
3953,Cliente 03953,san salvador,ELS,Hogar,2025-12-17
3954,Cliente 03954,Chalatenango,sv,Constructor,2025-01-27
3955,Cliente 03955,santa ana,ELS,,ayer
3956,Cliente 03956,La Libertad,SV,,2025-09-13
3957,Cliente 03957,San Salvador,ELS,Mayorista,2025-06-03
3958,Cliente 03958,santa ana,HN,Mayorista,2025-03-01
3959,Cliente 03959,Ahuachapan,HN,PyME,2025-11-09
3960,Cliente 03960,,SV,PyME,2025-06-14
3960,Cliente 03960,,SV,PyME,2025-06-14
3961,Cliente 03961,san salvador,sv,PyME,2025-12-05
3962,Cliente 03962,santa ana,GT,Constructor,2025-11-27
3963,Cliente 03963,La Union,HN,Hogar,2025-02-17
3964,Cliente 03964,San Salvador,HN,Hogar,2025-10-23
3965,Cliente 03965,San Vicente,GT,Mayorista,2025-05-23
3966,Cliente 03966,La Union,HN,Mayorista,2025-12-15
3967,Cliente 03967,Ahuachapan,GT,Constructor,2025-07-27
3968,Cliente 03968,La Union,sv,Constructor,2025-07-11
3969,Cliente 03969,,NI,Hogar,2025-12-20
3970,Cliente 03970,Santa Ana,ELS,Hogar,2025-12-19
3971,Cliente 03971,La Libertad,ELS,Constructor,2025-03-26
3972,Cliente 03972,Ahuachapan,SV,PyME,2025-03-24
3973,Cliente 03973,La Paz,sv,,2025-03-06
3974,Cliente 03974,San Salvador,HN,Hogar,2025-05-02
3975,Cliente 03975,Sonsonate,GT,Mayorista,2025-06-27
3976,Cliente 03976,San Vicente,HN,Mayorista,2025-04-20
C3977,Cliente 03977,San Miguel,SV,,2025-08-16
3978,Cliente 03978,,NI,,2025-02-03
3979,Cliente 03979,Chalatenango,SV,Hogar,2025-07-09
3980,Cliente 03980,San Vicente,sv,Mayorista,2025-01-24
3981,Cliente 03981,La Paz,sv,PyME,2025-05-05
3982,Cliente 03982,Usulutan,ELS,,2025-04-18
3983,Cliente 03983,La Union,HN,Mayorista,2025-08-08
3984,Cliente 03984,Morazan,ELS,PyME,2025-10-15
3985,Cliente 03985,san salvador,HN,Constructor,2025-08-26
3986,Cliente 03986,La Libertad,ELS,Mayorista,2025-09-01
3987,Cliente 03987,,NI,PyME,2025-07-07
3988,Cliente 03988,Ahuachapan,SV,Constructor,2025-05-27
3989,Cliente 03989,san salvador,GT,Hogar,2025-02-22
3990,,Usulutan,sv,Hogar,2025-12-22
3991,Cliente 03991,santa ana,sv,Hogar,2025-09-19
3992,Cliente 03992,San Salvador,ELS,Constructor,2025-03-01
3993,Cliente 03993,Morazan,HN,Mayorista,2025-12-18
3994,Cliente 03994,Chalatenango,SV,,2025-12-16
3995,Cliente 03995,Chalatenango,sv,Mayorista,2025-06-06
3996,Cliente 03996,,sv,,2025-09-01
3997,Cliente 03997,San Salvador,NI,Mayorista,2025-09-10
3998,Cliente 03998,La Union,GT,Mayorista,2025-07-17
3999,Cliente 03999,santa ana,HN,PyME,2025-03-27
4000,Cliente 04000,SAN SALVADOR,ELS,Constructor,2025-02-26
4001,Cliente 04001,Usulutan,ELS,Mayorista,2025-01-14
4002,Cliente 04002,san salvador,GT,PyME,2025-06-25
4003,Cliente 04003,Sonsonate,GT,,2025-01-01
4004,Cliente 04004,San Miguel,ELS,Constructor,2025-08-02
4005,Cliente 04005,,GT,,2025-12-04
4006,Cliente 04006,Ahuachapan,NI,PyME,2025-06-07
4007,Cliente 04007,san salvador,GT,PyME,2025-04-05
4008,Cliente 04008,Ahuachapan,NI,Hogar,2025-01-11
4009,Cliente 04009,La Paz,HN,Mayorista,2025-06-17
4010,Cliente 04010,Chalatenango,SV,Hogar,2025-02-13
4011,Cliente 04011,San Vicente,SV,Mayorista,2025-04-21
4012,Cliente 04012,santa ana,ELS,,2025-07-20
4013,Cliente 04013,Morazan,ELS,,2025-08-14
4014,Cliente 04014,,NI,Hogar,2025-01-10
4015,Cliente 04015,Usulutan,SV,PyME,2025-04-07
4016,Cliente 04016,Sonsonate,NI,,2025-08-18
4017,Cliente 04017,La Paz,sv,Hogar,2025-05-20
C4018,Cliente 04018,Cuscatlan,ELS,Hogar,2025-01-02
4019,Cliente 04019,Santa Ana,GT,Constructor,2025-06-08
4020,Cliente 04020,santa ana,ELS,Hogar,2025-01-06
4021,Cliente 04021,san salvador,sv,Mayorista,2025-05-27
4022,Cliente 04022,Santa Ana,ELS,Mayorista,2025-11-11
4023,Cliente 04023,,ELS,,2025-09-07
4024,Cliente 04024,La Paz,SV,,2025-11-03
4025,Cliente 04025,Santa Ana,SV,PyME,2025-04-06
4026,Cliente 04026,Chalatenango,ELS,Constructor,2025-03-12
4027,Cliente 04027,Morazan,sv,Mayorista,2025-01-15
4028,Cliente 04028,Cuscatlan,GT,Hogar,2025-01-15
4029,Cliente 04029,santa ana,HN,Constructor,2025-03-14
4030,Cliente 04030,Ahuachapan,NI,Mayorista,2025-08-04
4031,Cliente 04031,Santa Ana,SV,Constructor,2025-09-12
4032,Cliente 04032,,HN,Hogar,2025-11-14
4033,Cliente 04033,Santa Ana,SV,PyME,2025-08-14
4034,Cliente 04034,San Miguel,NI,Mayorista,2025-07-24
4035,Cliente 04035,San Vicente,NI,Mayorista,2025-09-25
4036,Cliente 04036,Morazan,sv,Constructor,2025-05-11
4037,Cliente 04037,Santa Ana,SV,PyME,2025-07-12
4038,Cliente 04038,Santa Ana,sv,Mayorista,2025-03-03
4039,Cliente 04039,San Miguel,SV,,2025-09-20
4040,Cliente 04040,San Salvador,SV,,2025-05-16
4041,Cliente 04041,,NI,PyME,2025-07-16
4042,Cliente 04042,San Miguel,HN,Constructor,2025-05-02
4043,Cliente 04043,San Miguel,ELS,,2025-01-19
4044,Cliente 04044,Morazan,sv,,2025-09-18
4045,Cliente 04045,Ahuachapan,SV,PyME,2025-06-01
4046,Cliente 04046,La Paz,SV,PyME,2025-03-27
4047,,Sonsonate,sv,PyME,2025-04-21
4048,Cliente 04048,San Vicente,NI,Mayorista,2025-11-28
4049,Cliente 04049,La Libertad,ELS,Constructor,2025-03-02
4050,Cliente 04050,,HN,Constructor,2025-11-26
4051,Cliente 04051,SAN SALVADOR,SV,,2025-02-11
4052,Cliente 04052,Usulutan,SV,PyME,2025-05-13
4053,Cliente 04053,Santa Ana,NI,,2025-05-10
4054,Cliente 04054,San Vicente,ELS,Constructor,2025-02-05
4055,Cliente 04055,La Union,ELS,PyME,2025-06-18
4056,Cliente 04056,San Salvador,HN,Mayorista,2025-05-26
4057,Cliente 04057,san salvador,SV,,2025-08-11
4058,Cliente 04058,SAN SALVADOR,HN,,2025-04-22
C4059,Cliente 04059,,HN,,2025-04-12
4060,Cliente 04060,santa ana,NI,Constructor,2025-06-10
4061,Cliente 04061,Chalatenango,SV,Hogar,2025-12-02
4062,Cliente 04062,La Union,NI,Hogar,2025-05-01
4063,Cliente 04063,SAN SALVADOR,ELS,Constructor,2025-10-19
4064,Cliente 04064,San Vicente,NI,Mayorista,2025-06-12
4065,Cliente 04065,Ahuachapan,GT,Mayorista,2025-12-15
4066,Cliente 04066,San Vicente,NI,PyME,2025-08-11
4067,Cliente 04067,La Libertad,SV,Hogar,2025-05-04
4068,Cliente 04068,,SV,,ayer
4069,Cliente 04069,Morazan,ELS,Constructor,2025-05-25
4070,Cliente 04070,Cuscatlan,ELS,Constructor,2025-07-10
4071,Cliente 04071,La Union,NI,Mayorista,2025-12-08
4072,Cliente 04072,Cuscatlan,NI,Mayorista,2025-09-21
4073,Cliente 04073,Ahuachapan,NI,PyME,2025-07-07
4074,Cliente 04074,San Vicente,HN,,2025-04-12
4075,Cliente 04075,Morazan,NI,PyME,2025-11-28
4076,Cliente 04076,Morazan,NI,Constructor,2025-09-24
4077,Cliente 04077,,HN,Constructor,2025-11-22
4078,Cliente 04078,san salvador,ELS,Mayorista,2025-10-19
4079,Cliente 04079,Usulutan,SV,,2025-07-12
4080,Cliente 04080,San Miguel,SV,Hogar,2025-11-10
4081,Cliente 04081,Morazan,ELS,,2025-04-09
4082,Cliente 04082,Ahuachapan,GT,Mayorista,2025-01-06
4083,Cliente 04083,Sonsonate,sv,,2025-09-01
4084,Cliente 04084,La Union,SV,,2025-07-23
4085,Cliente 04085,Ahuachapan,HN,Hogar,2025-09-25
4086,Cliente 04086,,GT,Mayorista,2025-04-23
4087,Cliente 04087,SAN SALVADOR,ELS,Constructor,2025-11-17
4088,Cliente 04088,La Union,ELS,Constructor,2025-02-06
4089,Cliente 04089,San Vicente,sv,Constructor,2025-06-20
4090,Cliente 04090,San Salvador,GT,Constructor,2025-07-21
4091,Cliente 04091,San Salvador,sv,,2025-09-15
4092,Cliente 04092,San Vicente,sv,,2025-11-08
4093,Cliente 04093,SAN SALVADOR,HN,Mayorista,2025-12-07
4094,Cliente 04094,santa ana,NI,Hogar,2025-05-12
4095,Cliente 04095,,ELS,,2025-12-09
4096,Cliente 04096,santa ana,SV,Constructor,2025-04-04
4097,Cliente 04097,san salvador,NI,Constructor,2025-05-15
4098,Cliente 04098,santa ana,NI,,2025-06-14
4099,Cliente 04099,san salvador,HN,PyME,2025-06-06
C4100,Cliente 04100,SAN SALVADOR,NI,Hogar,2025-10-26
4101,Cliente 04101,Usulutan,HN,,2025-06-14
4102,Cliente 04102,La Libertad,HN,Hogar,2025-06-26
4103,Cliente 04103,La Libertad,GT,Hogar,2025-07-14
4104,,,GT,PyME,2025-07-01
4105,Cliente 04105,La Libertad,SV,,2025-04-27
4106,Cliente 04106,La Union,sv,,2025-06-08
4107,Cliente 04107,San Salvador,NI,,2025-09-19
4108,Cliente 04108,SAN SALVADOR,sv,Mayorista,2025-03-28
4109,Cliente 04109,Santa Ana,GT,PyME,2025-03-05
4110,Cliente 04110,La Paz,SV,,2025-09-16
4111,Cliente 04111,Cuscatlan,NI,,2025-05-17
4112,Cliente 04112,San Miguel,NI,PyME,2025-11-23
4113,Cliente 04113,,GT,PyME,2025-10-04
4114,Cliente 04114,Sonsonate,GT,,2025-04-10
4115,Cliente 04115,La Union,sv,,2025-06-05
4116,Cliente 04116,Ahuachapan,HN,,2025-02-28
4117,Cliente 04117,Morazan,ELS,Constructor,2025-06-26
4118,Cliente 04118,Usulutan,ELS,,2025-05-18
4119,Cliente 04119,Cuscatlan,sv,Hogar,2025-02-19
4120,Cliente 04120,Santa Ana,NI,,2025-02-01
4121,Cliente 04121,Chalatenango,SV,PyME,2025-09-05
4122,Cliente 04122,,ELS,PyME,2025-11-08
4123,Cliente 04123,san salvador,GT,Mayorista,2025-05-01
4124,Cliente 04124,La Paz,ELS,,2025-07-21
4125,Cliente 04125,santa ana,ELS,,2025-06-25
4126,Cliente 04126,San Miguel,HN,PyME,2025-05-03
4127,Cliente 04127,Chalatenango,ELS,Constructor,2025-03-11
4128,Cliente 04128,San Miguel,sv,Mayorista,2025-07-13
4129,Cliente 04129,Usulutan,HN,Constructor,2025-06-05
4130,Cliente 04130,Morazan,NI,Hogar,2025-12-25
4131,Cliente 04131,,SV,Hogar,2025-03-15
4132,Cliente 04132,Sonsonate,SV,Hogar,2025-06-24
4133,Cliente 04133,Usulutan,GT,Hogar,2025-02-13
4134,Cliente 04134,Sonsonate,GT,,2025-12-14
4135,Cliente 04135,Sonsonate,sv,PyME,2025-10-15
4136,Cliente 04136,Morazan,GT,Mayorista,2025-12-05
4137,Cliente 04137,Usulutan,HN,Constructor,2025-08-23
4138,Cliente 04138,santa ana,NI,Mayorista,2025-03-04
4139,Cliente 04139,Morazan,SV,PyME,2025-07-03
4140,Cliente 04140,,sv,Constructor,2025-05-04
4140,Cliente 04140,,sv,Constructor,2025-05-04
C4141,Cliente 04141,La Paz,sv,Mayorista,2025-02-15
4142,Cliente 04142,La Paz,SV,Hogar,2025-03-27
4143,Cliente 04143,San Vicente,sv,Constructor,2025-08-08
4144,Cliente 04144,san salvador,SV,Constructor,2025-09-16
4145,Cliente 04145,santa ana,ELS,Constructor,2025-09-20
4146,Cliente 04146,Santa Ana,GT,Hogar,2025-01-10
4147,Cliente 04147,Morazan,SV,PyME,2025-01-12
4148,Cliente 04148,Santa Ana,ELS,Constructor,2025-03-05
4149,Cliente 04149,,HN,Constructor,2025-03-17
4150,Cliente 04150,San Miguel,SV,Mayorista,2025-11-14
4151,Cliente 04151,Chalatenango,NI,Mayorista,2025-11-23
4152,Cliente 04152,san salvador,SV,Constructor,2025-07-07
4153,Cliente 04153,La Paz,SV,Constructor,2025-10-22
4154,Cliente 04154,Santa Ana,NI,PyME,2025-09-21
4155,Cliente 04155,SAN SALVADOR,HN,Constructor,2025-02-01
4156,Cliente 04156,San Vicente,SV,PyME,2025-01-11
4157,Cliente 04157,La Paz,HN,,2025-06-09
4158,Cliente 04158,,SV,PyME,2025-06-24
4159,Cliente 04159,Morazan,sv,,2025-05-18
4160,Cliente 04160,La Union,ELS,Constructor,2025-11-21
4161,,Chalatenango,NI,Constructor,2025-11-23
4162,Cliente 04162,Cuscatlan,ELS,PyME,2025-12-28
4163,Cliente 04163,Santa Ana,HN,Hogar,2025-05-11
4164,Cliente 04164,La Paz,SV,Mayorista,2025-03-15
4165,Cliente 04165,San Miguel,HN,,2025-08-10
4166,Cliente 04166,Morazan,sv,Mayorista,2025-03-04
4167,Cliente 04167,,HN,Constructor,2025-04-19
4168,Cliente 04168,Usulutan,ELS,Mayorista,2025-03-27
4169,Cliente 04169,SAN SALVADOR,GT,Mayorista,2025-04-23
4170,Cliente 04170,La Union,SV,Mayorista,2025-06-21
4171,Cliente 04171,Santa Ana,SV,Hogar,2025-06-21
4172,Cliente 04172,San Salvador,sv,,2025-05-25
4173,Cliente 04173,Ahuachapan,HN,Mayorista,2025-01-22
4174,Cliente 04174,Usulutan,SV,Hogar,2025-01-21
4175,Cliente 04175,La Libertad,ELS,Mayorista,2025-02-14
4176,Cliente 04176,,sv,Mayorista,2025-06-16
4177,Cliente 04177,La Union,GT,PyME,2025-07-11
4178,Cliente 04178,Chalatenango,NI,,2025-09-28
4179,Cliente 04179,SAN SALVADOR,ELS,PyME,2025-08-05
4180,Cliente 04180,Ahuachapan,GT,Hogar,2025-10-28
4181,Cliente 04181,Cuscatlan,SV,,ayer
C4182,Cliente 04182,santa ana,GT,Mayorista,2025-03-02
4183,Cliente 04183,Morazan,SV,,2025-12-28
4184,Cliente 04184,San Miguel,SV,PyME,2025-12-17
4185,Cliente 04185,,NI,Mayorista,2025-08-15
4186,Cliente 04186,San Vicente,NI,PyME,2025-06-11
4187,Cliente 04187,SAN SALVADOR,SV,,2025-11-26
4188,Cliente 04188,Santa Ana,GT,PyME,2025-03-24
4189,Cliente 04189,SAN SALVADOR,sv,Constructor,2025-07-13
4190,Cliente 04190,La Libertad,ELS,PyME,2025-08-18
4191,Cliente 04191,Cuscatlan,sv,Mayorista,2025-02-11
4192,Cliente 04192,San Miguel,ELS,PyME,2025-10-03
4193,Cliente 04193,Ahuachapan,SV,PyME,2025-04-09
4194,Cliente 04194,,NI,PyME,2025-05-15
4195,Cliente 04195,San Miguel,ELS,,2025-05-18
4196,Cliente 04196,Usulutan,SV,Hogar,2025-04-21
4197,Cliente 04197,Santa Ana,SV,,2025-12-28
4198,Cliente 04198,san salvador,sv,Constructor,2025-07-26
4199,Cliente 04199,La Libertad,ELS,PyME,2025-06-19
4200,Cliente 04200,La Union,GT,,2025-07-18
4201,Cliente 04201,Chalatenango,HN,Mayorista,2025-08-11
4202,Cliente 04202,San Salvador,GT,PyME,2025-03-28
4203,Cliente 04203,,sv,PyME,2025-03-24
4204,Cliente 04204,Usulutan,NI,Constructor,2025-11-18
4205,Cliente 04205,San Miguel,HN,Hogar,2025-09-12
4206,Cliente 04206,San Miguel,HN,Mayorista,2025-06-09
4207,Cliente 04207,Usulutan,SV,Hogar,2025-01-13
4208,Cliente 04208,san salvador,SV,PyME,2025-09-05
4209,Cliente 04209,La Union,HN,,2025-03-20
4210,Cliente 04210,La Libertad,HN,,2025-02-23
4211,Cliente 04211,santa ana,HN,Constructor,2025-02-17
4212,Cliente 04212,,SV,,2025-04-17
4213,Cliente 04213,santa ana,sv,Hogar,2025-05-25
4214,Cliente 04214,Sonsonate,NI,,2025-08-25
4215,Cliente 04215,Morazan,sv,Hogar,2025-01-26
4216,Cliente 04216,Cuscatlan,GT,PyME,2025-12-23
4217,Cliente 04217,Usulutan,ELS,Mayorista,2025-05-07
4218,,Santa Ana,ELS,PyME,2025-05-25
4219,Cliente 04219,Usulutan,HN,Hogar,2025-11-19
4220,Cliente 04220,san salvador,NI,,2025-09-06
4221,Cliente 04221,,SV,Hogar,2025-01-10
4222,Cliente 04222,La Union,ELS,,2025-09-03
C4223,Cliente 04223,La Paz,NI,,2025-05-24
4224,Cliente 04224,SAN SALVADOR,NI,Constructor,2025-06-21
4225,Cliente 04225,SAN SALVADOR,NI,PyME,2025-04-26
4226,Cliente 04226,SAN SALVADOR,sv,,2025-02-19
4227,Cliente 04227,Cuscatlan,HN,Constructor,2025-07-04
4228,Cliente 04228,San Miguel,sv,PyME,2025-11-11
4229,Cliente 04229,Santa Ana,GT,,2025-04-02
4230,Cliente 04230,,ELS,,2025-01-15
4231,Cliente 04231,Santa Ana,GT,,2025-07-09
4232,Cliente 04232,La Union,HN,Mayorista,2025-06-13
4233,Cliente 04233,La Libertad,SV,PyME,2025-09-28
4234,Cliente 04234,San Salvador,ELS,Constructor,2025-06-25
4235,Cliente 04235,Ahuachapan,NI,,2025-04-22
4236,Cliente 04236,Ahuachapan,NI,Mayorista,2025-06-13
4237,Cliente 04237,San Miguel,SV,PyME,2025-05-01
4238,Cliente 04238,Usulutan,SV,,2025-09-04
4239,Cliente 04239,,SV,PyME,2025-05-25
4240,Cliente 04240,san salvador,HN,,2025-10-28
4241,Cliente 04241,La Libertad,sv,,2025-09-10
4242,Cliente 04242,La Libertad,HN,Hogar,2025-07-25
4243,Cliente 04243,Chalatenango,GT,,2025-06-06
4244,Cliente 04244,Morazan,HN,Mayorista,2025-10-16
4245,Cliente 04245,La Paz,ELS,Constructor,2025-09-11
4246,Cliente 04246,san salvador,HN,Constructor,2025-11-16
4247,Cliente 04247,san salvador,NI,PyME,2025-02-20
4248,Cliente 04248,,GT,Hogar,2025-06-26
4249,Cliente 04249,san salvador,HN,,2025-10-19
4250,Cliente 04250,Ahuachapan,HN,Hogar,2025-11-03
4251,Cliente 04251,La Union,ELS,,2025-07-07
4252,Cliente 04252,San Vicente,sv,Constructor,2025-06-05
4253,Cliente 04253,San Vicente,sv,PyME,2025-09-07
4254,Cliente 04254,santa ana,SV,PyME,2025-11-16
4255,Cliente 04255,Cuscatlan,sv,Hogar,2025-09-03
4256,Cliente 04256,La Libertad,sv,Hogar,2025-10-12
4257,Cliente 04257,,HN,PyME,2025-07-05
4258,Cliente 04258,SAN SALVADOR,GT,,2025-06-16
4259,Cliente 04259,La Union,GT,Constructor,2025-10-23
4260,Cliente 04260,Chalatenango,NI,Mayorista,2025-08-28
4261,Cliente 04261,san salvador,SV,,2025-03-25
4262,Cliente 04262,san salvador,HN,Constructor,2025-03-18
4263,Cliente 04263,SAN SALVADOR,NI,,2025-08-10
C4264,Cliente 04264,Chalatenango,HN,,2025-07-03
4265,Cliente 04265,San Vicente,HN,Hogar,2025-08-23
4266,Cliente 04266,,GT,PyME,2025-01-10
4267,Cliente 04267,SAN SALVADOR,SV,,2025-07-06
4268,Cliente 04268,La Union,HN,Hogar,2025-08-06
4269,Cliente 04269,Usulutan,ELS,Constructor,2025-04-04
4270,Cliente 04270,SAN SALVADOR,GT,PyME,2025-06-18
4271,Cliente 04271,La Libertad,sv,PyME,2025-06-10
4272,Cliente 04272,Santa Ana,SV,,2025-03-07
4273,Cliente 04273,Cuscatlan,sv,Hogar,2025-06-01
4274,Cliente 04274,La Libertad,sv,Mayorista,2025-05-04
4275,,,NI,Constructor,2025-10-25
4276,Cliente 04276,SAN SALVADOR,sv,,2025-03-27
4277,Cliente 04277,santa ana,NI,,2025-04-27
4278,Cliente 04278,Cuscatlan,NI,Hogar,2025-08-23
4279,Cliente 04279,La Union,SV,Hogar,2025-07-15
4280,Cliente 04280,Santa Ana,sv,Hogar,2025-03-17
4281,Cliente 04281,Sonsonate,sv,Hogar,2025-09-15
4282,Cliente 04282,San Vicente,GT,Hogar,2025-08-17
4283,Cliente 04283,Morazan,ELS,PyME,2025-04-06
4284,Cliente 04284,,GT,Mayorista,2025-08-06
4285,Cliente 04285,Usulutan,SV,Mayorista,2025-04-27
4286,Cliente 04286,Morazan,NI,,2025-10-21
4287,Cliente 04287,SAN SALVADOR,GT,Constructor,2025-08-28
4288,Cliente 04288,san salvador,SV,Hogar,2025-08-16
4289,Cliente 04289,SAN SALVADOR,HN,Hogar,2025-09-12
4290,Cliente 04290,santa ana,HN,Mayorista,2025-06-28
4291,Cliente 04291,Cuscatlan,sv,,2025-01-12
4292,Cliente 04292,Santa Ana,SV,,2025-12-05
4293,Cliente 04293,,NI,,2025-03-02
4294,Cliente 04294,Ahuachapan,HN,,ayer
4295,Cliente 04295,Morazan,ELS,Mayorista,2025-09-09
4296,Cliente 04296,Morazan,sv,Mayorista,2025-09-10
4297,Cliente 04297,San Miguel,NI,,2025-02-05
4298,Cliente 04298,San Vicente,sv,,2025-12-22
4299,Cliente 04299,santa ana,ELS,Constructor,2025-07-24
4300,Cliente 04300,La Union,HN,Constructor,2025-01-02
4301,Cliente 04301,Usulutan,SV,Mayorista,2025-07-21
4302,Cliente 04302,,NI,Mayorista,2025-01-12
4303,Cliente 04303,santa ana,NI,Constructor,2025-03-23
4304,Cliente 04304,Santa Ana,NI,Constructor,2025-09-19
C4305,Cliente 04305,Cuscatlan,HN,PyME,2025-02-16
4306,Cliente 04306,Cuscatlan,NI,Hogar,2025-07-19
4307,Cliente 04307,Usulutan,ELS,Mayorista,2025-06-19
4308,Cliente 04308,Usulutan,GT,PyME,2025-10-15
4309,Cliente 04309,La Union,GT,Mayorista,2025-11-17
4310,Cliente 04310,San Vicente,ELS,PyME,2025-10-22
4311,Cliente 04311,,NI,,2025-08-13
4312,Cliente 04312,Morazan,SV,Mayorista,2025-10-04
4313,Cliente 04313,san salvador,HN,,2025-05-06
4314,Cliente 04314,La Libertad,ELS,PyME,2025-08-25
4315,Cliente 04315,Usulutan,ELS,,2025-10-02
4316,Cliente 04316,SAN SALVADOR,GT,PyME,2025-09-08
4317,Cliente 04317,Sonsonate,SV,Constructor,2025-05-06
4318,Cliente 04318,Sonsonate,GT,Constructor,2025-08-02
4319,Cliente 04319,La Union,GT,Constructor,2025-08-04
4320,Cliente 04320,,SV,PyME,2025-01-07
4320,Cliente 04320,,SV,PyME,2025-01-07
4321,Cliente 04321,La Union,ELS,Mayorista,2025-02-22
4322,Cliente 04322,San Miguel,HN,PyME,2025-05-25
4323,Cliente 04323,Morazan,SV,Constructor,2025-10-12
4324,Cliente 04324,SAN SALVADOR,HN,PyME,2025-03-09
4325,Cliente 04325,Santa Ana,SV,PyME,2025-02-08
4326,Cliente 04326,La Libertad,HN,Mayorista,2025-07-03
4327,Cliente 04327,Cuscatlan,NI,Hogar,2025-05-14
4328,Cliente 04328,Ahuachapan,NI,Constructor,2025-08-26
4329,Cliente 04329,,GT,Mayorista,2025-10-24
4330,Cliente 04330,Cuscatlan,SV,Mayorista,2025-01-14
4331,Cliente 04331,Ahuachapan,SV,Hogar,2025-10-01
4332,,La Libertad,HN,Constructor,2025-11-12
4333,Cliente 04333,La Libertad,SV,Mayorista,2025-05-20
4334,Cliente 04334,Morazan,GT,Constructor,2025-10-12
4335,Cliente 04335,santa ana,NI,Hogar,2025-02-27
4336,Cliente 04336,San Salvador,sv,Constructor,2025-04-13
4337,Cliente 04337,San Miguel,sv,PyME,2025-09-08
4338,Cliente 04338,,ELS,PyME,2025-08-26
4339,Cliente 04339,La Libertad,HN,Constructor,2025-02-24
4340,Cliente 04340,santa ana,HN,Mayorista,2025-01-19
4341,Cliente 04341,Cuscatlan,HN,Constructor,2025-06-06
4342,Cliente 04342,Ahuachapan,GT,Hogar,2025-11-27
4343,Cliente 04343,Sonsonate,sv,,2025-08-25
4344,Cliente 04344,San Vicente,sv,Hogar,2025-08-03
4345,Cliente 04345,La Paz,HN,PyME,2025-06-08
C4346,Cliente 04346,Cuscatlan,sv,Constructor,2025-03-03
4347,Cliente 04347,,sv,Constructor,2025-11-14
4348,Cliente 04348,Ahuachapan,HN,Constructor,2025-02-04
4349,Cliente 04349,san salvador,SV,Mayorista,2025-05-06
4350,Cliente 04350,San Miguel,SV,PyME,2025-06-09
4351,Cliente 04351,San Miguel,NI,Mayorista,2025-03-03
4352,Cliente 04352,Cuscatlan,ELS,Mayorista,2025-11-11
4353,Cliente 04353,San Miguel,sv,PyME,2025-10-27
4354,Cliente 04354,Chalatenango,HN,Hogar,2025-01-19
4355,Cliente 04355,San Vicente,NI,PyME,2025-02-12
4356,Cliente 04356,,sv,Constructor,2025-03-28
4357,Cliente 04357,La Paz,ELS,Hogar,2025-05-17
4358,Cliente 04358,San Miguel,sv,,2025-04-05
4359,Cliente 04359,Cuscatlan,HN,,2025-08-22
4360,Cliente 04360,Chalatenango,NI,,2025-08-22
4361,Cliente 04361,Morazan,sv,PyME,2025-02-04
4362,Cliente 04362,Morazan,NI,,2025-06-26
4363,Cliente 04363,san salvador,ELS,,2025-01-20
4364,Cliente 04364,La Libertad,sv,PyME,2025-09-07
4365,Cliente 04365,,HN,Hogar,2025-03-12
4366,Cliente 04366,santa ana,SV,PyME,2025-11-15
4367,Cliente 04367,La Paz,ELS,Hogar,2025-01-11
4368,Cliente 04368,San Salvador,HN,,2025-08-27
4369,Cliente 04369,Usulutan,SV,Constructor,2025-02-12
4370,Cliente 04370,La Paz,ELS,,2025-12-28
4371,Cliente 04371,La Union,SV,,2025-03-11
4372,Cliente 04372,San Salvador,sv,Hogar,2025-05-05
4373,Cliente 04373,Morazan,GT,PyME,2025-04-06
4374,Cliente 04374,,ELS,,2025-06-10
4375,Cliente 04375,Ahuachapan,HN,PyME,2025-08-22
4376,Cliente 04376,Morazan,HN,PyME,2025-03-08
4377,Cliente 04377,san salvador,NI,Constructor,2025-10-08
4378,Cliente 04378,La Union,GT,Constructor,2025-05-26
4379,Cliente 04379,SAN SALVADOR,SV,Hogar,2025-11-15
4380,Cliente 04380,Sonsonate,sv,,2025-06-18
4381,Cliente 04381,Cuscatlan,NI,Hogar,2025-04-26
4382,Cliente 04382,Chalatenango,HN,Mayorista,2025-11-21
4383,Cliente 04383,,SV,PyME,2025-08-13
4384,Cliente 04384,Ahuachapan,HN,Constructor,2025-06-06
4385,Cliente 04385,Santa Ana,ELS,Mayorista,2025-02-24
4386,Cliente 04386,San Salvador,NI,Mayorista,2025-11-09
C4387,Cliente 04387,Cuscatlan,ELS,PyME,2025-03-01
4388,Cliente 04388,San Miguel,HN,PyME,2025-01-22
4389,,Sonsonate,sv,,2025-08-28
4390,Cliente 04390,Sonsonate,SV,,2025-04-25
4391,Cliente 04391,Santa Ana,NI,,2025-05-21
4392,Cliente 04392,,HN,Mayorista,2025-09-21
4393,Cliente 04393,Chalatenango,ELS,Mayorista,2025-02-23
4394,Cliente 04394,San Miguel,sv,Mayorista,2025-01-15
4395,Cliente 04395,La Paz,ELS,Hogar,2025-02-14
4396,Cliente 04396,La Libertad,HN,Hogar,2025-09-13
4397,Cliente 04397,santa ana,sv,Mayorista,2025-07-28
4398,Cliente 04398,SAN SALVADOR,NI,,2025-10-24
4399,Cliente 04399,San Salvador,GT,PyME,2025-09-09
4400,Cliente 04400,San Salvador,SV,,2025-12-18
4401,Cliente 04401,,ELS,PyME,2025-07-02
4402,Cliente 04402,La Libertad,HN,Mayorista,2025-01-05
4403,Cliente 04403,Ahuachapan,ELS,,2025-07-13
4404,Cliente 04404,La Libertad,sv,Mayorista,2025-01-24
4405,Cliente 04405,Chalatenango,NI,Constructor,2025-11-27
4406,Cliente 04406,santa ana,ELS,PyME,2025-02-17
4407,Cliente 04407,Sonsonate,SV,,ayer
4408,Cliente 04408,Ahuachapan,ELS,Constructor,2025-05-13
4409,Cliente 04409,La Paz,GT,PyME,2025-05-19
4410,Cliente 04410,,ELS,PyME,2025-05-05
4411,Cliente 04411,SAN SALVADOR,ELS,,2025-01-27
4412,Cliente 04412,San Miguel,SV,Constructor,2025-06-26
4413,Cliente 04413,La Libertad,NI,,2025-11-14
4414,Cliente 04414,La Libertad,sv,Mayorista,2025-09-24
4415,Cliente 04415,santa ana,SV,PyME,2025-03-15
4416,Cliente 04416,Chalatenango,SV,,2025-07-07
4417,Cliente 04417,Usulutan,HN,PyME,2025-12-06
4418,Cliente 04418,san salvador,HN,Constructor,2025-07-27
4419,Cliente 04419,,SV,Hogar,2025-04-19
4420,Cliente 04420,Ahuachapan,GT,,2025-02-23
4421,Cliente 04421,Morazan,ELS,,2025-01-22
4422,Cliente 04422,Usulutan,GT,,2025-05-20
4423,Cliente 04423,santa ana,ELS,Hogar,2025-01-01
4424,Cliente 04424,La Libertad,GT,PyME,2025-05-26
4425,Cliente 04425,Usulutan,HN,Hogar,2025-08-23
4426,Cliente 04426,Cuscatlan,ELS,Hogar,2025-06-03
4427,Cliente 04427,Sonsonate,sv,PyME,2025-11-08
C4428,Cliente 04428,,sv,Mayorista,2025-02-14
4429,Cliente 04429,Usulutan,ELS,,2025-11-10
4430,Cliente 04430,Ahuachapan,NI,Constructor,2025-02-18
4431,Cliente 04431,San Miguel,SV,,2025-01-04
4432,Cliente 04432,San Miguel,SV,Hogar,2025-04-07
4433,Cliente 04433,Cuscatlan,ELS,Hogar,2025-10-04
4434,Cliente 04434,Chalatenango,GT,Constructor,2025-03-23
4435,Cliente 04435,Morazan,HN,PyME,2025-01-27
4436,Cliente 04436,La Libertad,GT,Constructor,2025-11-04
4437,Cliente 04437,,sv,Constructor,2025-11-06
4438,Cliente 04438,Morazan,sv,,2025-05-02
4439,Cliente 04439,Chalatenango,SV,Hogar,2025-03-01
4440,Cliente 04440,SAN SALVADOR,SV,Constructor,2025-09-28
4441,Cliente 04441,Ahuachapan,sv,Constructor,2025-08-10
4442,Cliente 04442,Ahuachapan,ELS,,2025-09-19
4443,Cliente 04443,Santa Ana,sv,Hogar,2025-08-07
4444,Cliente 04444,Morazan,GT,Hogar,2025-12-09
4445,Cliente 04445,San Miguel,HN,Constructor,2025-03-26
4446,,,ELS,,2025-04-26
4447,Cliente 04447,Usulutan,SV,Hogar,2025-01-06
4448,Cliente 04448,La Libertad,HN,PyME,2025-10-14
4449,Cliente 04449,SAN SALVADOR,GT,Hogar,2025-02-19
4450,Cliente 04450,santa ana,ELS,Hogar,2025-12-17
4451,Cliente 04451,Cuscatlan,ELS,Constructor,2025-01-04
4452,Cliente 04452,Morazan,sv,Hogar,2025-02-27
4453,Cliente 04453,Santa Ana,NI,,2025-10-27
4454,Cliente 04454,San Vicente,NI,Hogar,2025-09-23
4455,Cliente 04455,,SV,,2025-01-05
4456,Cliente 04456,San Salvador,HN,Hogar,2025-10-28
4457,Cliente 04457,Chalatenango,HN,PyME,2025-09-09
4458,Cliente 04458,Cuscatlan,sv,Hogar,2025-02-19
4459,Cliente 04459,San Salvador,HN,Hogar,2025-10-04
4460,Cliente 04460,San Salvador,sv,PyME,2025-08-15
4461,Cliente 04461,La Paz,NI,Hogar,2025-10-24
4462,Cliente 04462,Usulutan,SV,Hogar,2025-01-12
4463,Cliente 04463,Ahuachapan,HN,Mayorista,2025-10-14
4464,Cliente 04464,,SV,Constructor,2025-11-15
4465,Cliente 04465,Sonsonate,SV,Constructor,2025-09-19
4466,Cliente 04466,La Libertad,SV,Mayorista,2025-09-03
4467,Cliente 04467,La Paz,HN,Mayorista,2025-03-01
4468,Cliente 04468,Ahuachapan,GT,Mayorista,2025-10-13
C4469,Cliente 04469,Usulutan,sv,Hogar,2025-08-08
4470,Cliente 04470,Sonsonate,HN,,2025-10-01
4471,Cliente 04471,Chalatenango,NI,Constructor,2025-04-14
4472,Cliente 04472,La Paz,SV,Constructor,2025-10-15
4473,Cliente 04473,,ELS,,2025-05-19
4474,Cliente 04474,San Salvador,SV,PyME,2025-11-04
4475,Cliente 04475,Morazan,HN,,2025-03-28
4476,Cliente 04476,La Libertad,SV,,2025-07-24
4477,Cliente 04477,La Libertad,SV,PyME,2025-09-28
4478,Cliente 04478,La Libertad,ELS,Hogar,2025-07-07
4479,Cliente 04479,La Libertad,sv,,2025-03-22
4480,Cliente 04480,San Vicente,sv,PyME,2025-01-18
4481,Cliente 04481,La Paz,HN,Hogar,2025-02-15
4482,Cliente 04482,,SV,Constructor,2025-05-07
4483,Cliente 04483,Sonsonate,GT,PyME,2025-08-20
4484,Cliente 04484,Sonsonate,ELS,Hogar,2025-12-24
4485,Cliente 04485,Sonsonate,HN,Hogar,2025-10-18
4486,Cliente 04486,Cuscatlan,sv,Mayorista,2025-01-06
4487,Cliente 04487,Chalatenango,SV,,2025-10-18
4488,Cliente 04488,San Miguel,NI,Constructor,2025-12-21
4489,Cliente 04489,Cuscatlan,NI,Constructor,2025-08-24
4490,Cliente 04490,San Miguel,NI,PyME,2025-05-01
4491,Cliente 04491,,SV,Hogar,2025-11-05
4492,Cliente 04492,La Paz,SV,PyME,2025-10-23
4493,Cliente 04493,santa ana,SV,Hogar,2025-04-23
4494,Cliente 04494,Morazan,HN,PyME,2025-06-06
4495,Cliente 04495,SAN SALVADOR,sv,Mayorista,2025-04-11
4496,Cliente 04496,San Vicente,SV,PyME,2025-09-07
4497,Cliente 04497,La Union,ELS,Constructor,2025-06-04
4498,Cliente 04498,Chalatenango,HN,Mayorista,2025-01-21
4499,Cliente 04499,SAN SALVADOR,GT,Mayorista,2025-08-05
4500,Cliente 04500,,SV,Mayorista,2025-02-04
4500,Cliente 04500,,SV,Mayorista,2025-02-04
4501,Cliente 04501,Morazan,NI,PyME,2025-01-22
4502,Cliente 04502,La Union,SV,Constructor,2025-12-27
4503,,santa ana,NI,Mayorista,2025-10-05
4504,Cliente 04504,santa ana,HN,Constructor,2025-03-10
4505,Cliente 04505,Usulutan,HN,,2025-07-10
4506,Cliente 04506,san salvador,HN,Mayorista,2025-01-09
4507,Cliente 04507,Cuscatlan,ELS,PyME,2025-09-20
4508,Cliente 04508,Usulutan,ELS,,2025-09-17
4509,Cliente 04509,,HN,PyME,2025-06-17
C4510,Cliente 04510,santa ana,GT,,2025-02-26
4511,Cliente 04511,santa ana,HN,,2025-10-24
4512,Cliente 04512,SAN SALVADOR,SV,Hogar,2025-02-03
4513,Cliente 04513,Ahuachapan,SV,,2025-09-02
4514,Cliente 04514,san salvador,sv,Mayorista,2025-12-14
4515,Cliente 04515,san salvador,HN,Mayorista,2025-06-09
4516,Cliente 04516,san salvador,GT,Mayorista,2025-08-13
4517,Cliente 04517,La Paz,GT,Mayorista,2025-09-02
4518,Cliente 04518,,sv,Mayorista,2025-06-06
4519,Cliente 04519,Sonsonate,HN,Constructor,2025-02-21
4520,Cliente 04520,La Paz,HN,Constructor,ayer
4521,Cliente 04521,San Vicente,sv,Constructor,2025-07-19
4522,Cliente 04522,San Vicente,ELS,Mayorista,2025-10-07
4523,Cliente 04523,Morazan,HN,Hogar,2025-11-13
4524,Cliente 04524,SAN SALVADOR,NI,PyME,2025-10-16
4525,Cliente 04525,Santa Ana,HN,,2025-11-20
4526,Cliente 04526,Santa Ana,SV,Mayorista,2025-05-21
4527,Cliente 04527,,sv,Mayorista,2025-07-03
4528,Cliente 04528,Cuscatlan,sv,Constructor,2025-10-12
4529,Cliente 04529,SAN SALVADOR,NI,Hogar,2025-03-22
4530,Cliente 04530,SAN SALVADOR,GT,Constructor,2025-12-25
4531,Cliente 04531,San Salvador,sv,PyME,2025-04-02
4532,Cliente 04532,santa ana,GT,,2025-12-14
4533,Cliente 04533,Sonsonate,SV,,2025-09-06
4534,Cliente 04534,Morazan,HN,,2025-01-06
4535,Cliente 04535,santa ana,NI,PyME,2025-06-08
4536,Cliente 04536,,NI,,2025-10-15
4537,Cliente 04537,Chalatenango,NI,Constructor,2025-11-20
4538,Cliente 04538,San Salvador,SV,Constructor,2025-03-10
4539,Cliente 04539,San Salvador,GT,Hogar,2025-01-18
4540,Cliente 04540,San Miguel,sv,Mayorista,2025-04-14
4541,Cliente 04541,san salvador,ELS,Hogar,2025-04-08
4542,Cliente 04542,Morazan,ELS,Constructor,2025-06-05
4543,Cliente 04543,La Paz,NI,Constructor,2025-08-15
4544,Cliente 04544,Santa Ana,ELS,Mayorista,2025-11-24
4545,Cliente 04545,,HN,PyME,2025-03-11
4546,Cliente 04546,Chalatenango,GT,PyME,2025-03-20
4547,Cliente 04547,san salvador,ELS,Mayorista,2025-08-16
4548,Cliente 04548,Usulutan,SV,,2025-02-20
4549,Cliente 04549,Sonsonate,SV,Constructor,2025-03-02
4550,Cliente 04550,San Miguel,HN,Mayorista,2025-01-09
C4551,Cliente 04551,SAN SALVADOR,SV,Constructor,2025-12-07
4552,Cliente 04552,San Miguel,ELS,Constructor,2025-02-18
4553,Cliente 04553,Morazan,NI,Hogar,2025-10-16
4554,Cliente 04554,,HN,Mayorista,2025-12-17
4555,Cliente 04555,Santa Ana,ELS,Constructor,2025-06-27
4556,Cliente 04556,Sonsonate,HN,Hogar,2025-02-25
4557,Cliente 04557,La Paz,sv,Mayorista,2025-02-19
4558,Cliente 04558,Cuscatlan,GT,,2025-12-24
4559,Cliente 04559,Usulutan,NI,Hogar,2025-01-01
4560,,La Paz,ELS,,2025-01-28
4561,Cliente 04561,Santa Ana,ELS,,2025-08-22
4562,Cliente 04562,San Salvador,sv,Constructor,2025-11-21
4563,Cliente 04563,,sv,Hogar,2025-09-16
4564,Cliente 04564,Chalatenango,HN,Constructor,2025-11-11
4565,Cliente 04565,San Vicente,NI,Mayorista,2025-01-16
4566,Cliente 04566,Sonsonate,SV,PyME,2025-09-07
4567,Cliente 04567,san salvador,SV,Mayorista,2025-03-08
4568,Cliente 04568,santa ana,sv,,2025-08-21
4569,Cliente 04569,Santa Ana,NI,Constructor,2025-08-02
4570,Cliente 04570,Morazan,ELS,PyME,2025-02-14
4571,Cliente 04571,Chalatenango,SV,Constructor,2025-12-12
4572,Cliente 04572,,sv,Constructor,2025-10-05
4573,Cliente 04573,san salvador,NI,,2025-03-22
4574,Cliente 04574,Ahuachapan,sv,PyME,2025-03-07
4575,Cliente 04575,Cuscatlan,ELS,,2025-12-15
4576,Cliente 04576,santa ana,SV,PyME,2025-01-25
4577,Cliente 04577,Cuscatlan,HN,Hogar,2025-04-06
4578,Cliente 04578,San Salvador,ELS,,2025-06-18
4579,Cliente 04579,Chalatenango,sv,PyME,2025-09-09
4580,Cliente 04580,Chalatenango,SV,PyME,2025-04-27
4581,Cliente 04581,,HN,,2025-04-09
4582,Cliente 04582,La Union,NI,Mayorista,2025-03-25
4583,Cliente 04583,Chalatenango,HN,PyME,2025-05-06
4584,Cliente 04584,La Paz,NI,,2025-09-01
4585,Cliente 04585,Cuscatlan,sv,Mayorista,2025-10-12
4586,Cliente 04586,Santa Ana,GT,PyME,2025-01-08
4587,Cliente 04587,San Vicente,SV,,2025-07-25
4588,Cliente 04588,Ahuachapan,SV,PyME,2025-04-18
4589,Cliente 04589,Morazan,SV,Mayorista,2025-11-26
4590,Cliente 04590,,HN,Mayorista,2025-08-25
4591,Cliente 04591,san salvador,sv,,2025-04-18
C4592,Cliente 04592,Ahuachapan,ELS,Hogar,2025-09-11
4593,Cliente 04593,La Paz,SV,PyME,2025-02-25
4594,Cliente 04594,san salvador,HN,Hogar,2025-02-21
4595,Cliente 04595,Morazan,GT,,2025-04-09
4596,Cliente 04596,Santa Ana,GT,,2025-07-02
4597,Cliente 04597,San Salvador,NI,Constructor,2025-02-23
4598,Cliente 04598,SAN SALVADOR,HN,,2025-08-25
4599,Cliente 04599,,ELS,Constructor,2025-03-04
4600,Cliente 04600,La Libertad,NI,Constructor,2025-06-03
4601,Cliente 04601,Chalatenango,NI,PyME,2025-07-17
4602,Cliente 04602,San Miguel,SV,Constructor,2025-02-14
4603,Cliente 04603,Morazan,GT,PyME,2025-10-21
4604,Cliente 04604,San Salvador,NI,Hogar,2025-02-14
4605,Cliente 04605,San Miguel,sv,,2025-03-24
4606,Cliente 04606,Santa Ana,HN,Hogar,2025-07-03
4607,Cliente 04607,La Libertad,SV,Hogar,2025-01-02
4608,Cliente 04608,,GT,Mayorista,2025-10-28
4609,Cliente 04609,Ahuachapan,HN,Mayorista,2025-03-17
4610,Cliente 04610,Morazan,ELS,Constructor,2025-06-26
4611,Cliente 04611,San Salvador,ELS,Mayorista,2025-07-02
4612,Cliente 04612,Sonsonate,NI,,2025-09-26
4613,Cliente 04613,La Paz,NI,Mayorista,2025-03-13
4614,Cliente 04614,San Miguel,GT,Mayorista,2025-11-13
4615,Cliente 04615,santa ana,HN,Mayorista,2025-10-10
4616,Cliente 04616,Morazan,GT,,2025-12-19
4617,,,sv,Hogar,2025-10-01
4618,Cliente 04618,San Salvador,ELS,,2025-09-17
4619,Cliente 04619,santa ana,GT,Mayorista,2025-07-17
4620,Cliente 04620,Santa Ana,NI,PyME,2025-12-01
4621,Cliente 04621,La Union,ELS,Constructor,2025-03-05
4622,Cliente 04622,san salvador,NI,PyME,2025-07-05
4623,Cliente 04623,La Libertad,sv,PyME,2025-11-13
4624,Cliente 04624,Sonsonate,HN,Hogar,2025-01-28
4625,Cliente 04625,san salvador,GT,Hogar,2025-09-14
4626,Cliente 04626,,NI,PyME,2025-07-17
4627,Cliente 04627,San Vicente,ELS,PyME,2025-09-02
4628,Cliente 04628,Sonsonate,NI,Hogar,2025-11-26
4629,Cliente 04629,Sonsonate,GT,Mayorista,2025-07-05
4630,Cliente 04630,La Union,HN,Mayorista,2025-05-12
4631,Cliente 04631,La Libertad,SV,Constructor,2025-01-17
4632,Cliente 04632,La Paz,HN,Hogar,2025-07-07
C4633,Cliente 04633,SAN SALVADOR,GT,Mayorista,ayer
4634,Cliente 04634,san salvador,HN,Constructor,2025-11-01
4635,Cliente 04635,,HN,PyME,2025-02-13
4636,Cliente 04636,La Union,HN,PyME,2025-09-08
4637,Cliente 04637,San Vicente,SV,,2025-11-20
4638,Cliente 04638,Sonsonate,NI,PyME,2025-06-01
4639,Cliente 04639,La Paz,SV,Hogar,2025-01-19
4640,Cliente 04640,La Libertad,SV,Hogar,2025-02-08
4641,Cliente 04641,SAN SALVADOR,HN,Constructor,2025-06-15
4642,Cliente 04642,Morazan,sv,Hogar,2025-10-01
4643,Cliente 04643,santa ana,NI,Hogar,2025-06-14
4644,Cliente 04644,,sv,,2025-01-25
4645,Cliente 04645,Chalatenango,NI,,2025-07-24
4646,Cliente 04646,La Paz,GT,PyME,2025-11-16
4647,Cliente 04647,San Salvador,GT,Hogar,2025-10-05
4648,Cliente 04648,La Paz,GT,PyME,2025-06-05
4649,Cliente 04649,Usulutan,HN,Mayorista,2025-12-04
4650,Cliente 04650,La Paz,ELS,Mayorista,2025-03-15
4651,Cliente 04651,La Paz,HN,Constructor,2025-11-02
4652,Cliente 04652,San Vicente,SV,Constructor,2025-12-28
4653,Cliente 04653,,GT,PyME,2025-02-18
4654,Cliente 04654,Sonsonate,SV,PyME,2025-06-19
4655,Cliente 04655,San Miguel,SV,Constructor,2025-10-11
4656,Cliente 04656,La Union,SV,Hogar,2025-12-02
4657,Cliente 04657,Cuscatlan,SV,Constructor,2025-02-23
4658,Cliente 04658,Morazan,sv,PyME,2025-06-03
4659,Cliente 04659,San Miguel,HN,Hogar,2025-10-08
4660,Cliente 04660,san salvador,NI,Constructor,2025-04-01
4661,Cliente 04661,Chalatenango,NI,PyME,2025-01-05
4662,Cliente 04662,,HN,,2025-03-18
4663,Cliente 04663,Morazan,GT,PyME,2025-12-07
4664,Cliente 04664,santa ana,NI,Constructor,2025-06-23
4665,Cliente 04665,Cuscatlan,sv,Hogar,2025-09-19
4666,Cliente 04666,Cuscatlan,GT,Mayorista,2025-12-22
4667,Cliente 04667,La Union,sv,Constructor,2025-02-23
4668,Cliente 04668,Cuscatlan,ELS,Constructor,2025-07-25
4669,Cliente 04669,Usulutan,GT,Mayorista,2025-06-24
4670,Cliente 04670,San Vicente,NI,Mayorista,2025-05-08
4671,Cliente 04671,,sv,,2025-07-24
4672,Cliente 04672,Chalatenango,SV,Constructor,2025-12-26
4673,Cliente 04673,Chalatenango,HN,Constructor,2025-11-09
C4674,,La Libertad,HN,Mayorista,2025-07-24
4675,Cliente 04675,Santa Ana,SV,PyME,2025-06-10
4676,Cliente 04676,San Miguel,NI,Constructor,2025-09-17
4677,Cliente 04677,La Union,HN,Constructor,2025-12-02
4678,Cliente 04678,Sonsonate,GT,Mayorista,2025-08-18
4679,Cliente 04679,San Miguel,GT,Constructor,2025-12-17
4680,Cliente 04680,,sv,PyME,2025-04-03
4680,Cliente 04680,,sv,PyME,2025-04-03
4681,Cliente 04681,Morazan,ELS,Hogar,2025-05-21
4682,Cliente 04682,Usulutan,SV,,2025-06-01
4683,Cliente 04683,Morazan,ELS,Mayorista,2025-03-14
4684,Cliente 04684,san salvador,SV,PyME,2025-10-17
4685,Cliente 04685,Santa Ana,HN,Constructor,2025-02-18
4686,Cliente 04686,San Miguel,sv,Mayorista,2025-07-23
4687,Cliente 04687,Chalatenango,HN,Mayorista,2025-06-14
4688,Cliente 04688,Morazan,NI,Mayorista,2025-03-06
4689,Cliente 04689,,SV,Hogar,2025-06-11
4690,Cliente 04690,santa ana,sv,Hogar,2025-12-19
4691,Cliente 04691,San Salvador,GT,Mayorista,2025-07-02
4692,Cliente 04692,SAN SALVADOR,SV,PyME,2025-08-23
4693,Cliente 04693,Sonsonate,GT,PyME,2025-01-05
4694,Cliente 04694,santa ana,GT,Constructor,2025-07-16
4695,Cliente 04695,Ahuachapan,SV,Constructor,2025-01-27
4696,Cliente 04696,Ahuachapan,SV,Hogar,2025-08-23
4697,Cliente 04697,Morazan,NI,,2025-08-27
4698,Cliente 04698,,NI,Hogar,2025-02-01
4699,Cliente 04699,San Salvador,NI,,2025-12-02
4700,Cliente 04700,La Libertad,sv,Mayorista,2025-06-21
4701,Cliente 04701,San Salvador,NI,Constructor,2025-12-11
4702,Cliente 04702,san salvador,sv,Mayorista,2025-04-19
4703,Cliente 04703,San Salvador,GT,Constructor,2025-09-04
4704,Cliente 04704,La Paz,GT,Constructor,2025-06-19
4705,Cliente 04705,Morazan,ELS,Constructor,2025-02-11
4706,Cliente 04706,La Libertad,GT,Constructor,2025-08-04
4707,Cliente 04707,,NI,Constructor,2025-05-07
4708,Cliente 04708,La Libertad,NI,Hogar,2025-05-15
4709,Cliente 04709,San Vicente,SV,,2025-05-06
4710,Cliente 04710,Sonsonate,sv,PyME,2025-08-24
4711,Cliente 04711,San Vicente,GT,,2025-11-26
4712,Cliente 04712,La Paz,sv,PyME,2025-11-02
4713,Cliente 04713,san salvador,ELS,PyME,2025-10-04
4714,Cliente 04714,SAN SALVADOR,SV,Mayorista,2025-04-04
C4715,Cliente 04715,Cuscatlan,NI,Hogar,2025-08-20
4716,Cliente 04716,,NI,Mayorista,2025-04-17
4717,Cliente 04717,La Paz,ELS,Constructor,2025-09-07
4718,Cliente 04718,Chalatenango,GT,Constructor,2025-01-25
4719,Cliente 04719,Cuscatlan,NI,PyME,2025-09-28
4720,Cliente 04720,Morazan,GT,,2025-08-18
4721,Cliente 04721,san salvador,SV,Hogar,2025-11-02
4722,Cliente 04722,La Union,GT,Mayorista,2025-11-17
4723,Cliente 04723,San Vicente,sv,Mayorista,2025-09-02
4724,Cliente 04724,La Union,NI,Constructor,2025-05-26
4725,Cliente 04725,,sv,,2025-11-11
4726,Cliente 04726,San Vicente,NI,Mayorista,2025-02-12
4727,Cliente 04727,Santa Ana,SV,PyME,2025-11-11
4728,Cliente 04728,La Libertad,NI,PyME,2025-05-09
4729,Cliente 04729,La Union,sv,,2025-06-09
4730,Cliente 04730,Morazan,GT,PyME,2025-09-20
4731,,Santa Ana,NI,PyME,2025-06-19
4732,Cliente 04732,La Paz,GT,,2025-08-27
4733,Cliente 04733,La Union,GT,Hogar,2025-10-13
4734,Cliente 04734,,GT,Hogar,2025-08-06
4735,Cliente 04735,SAN SALVADOR,HN,Mayorista,2025-02-07
4736,Cliente 04736,Morazan,NI,PyME,2025-01-18
4737,Cliente 04737,Santa Ana,SV,Mayorista,2025-10-27
4738,Cliente 04738,SAN SALVADOR,sv,Hogar,2025-06-19
4739,Cliente 04739,La Libertad,NI,,2025-04-04
4740,Cliente 04740,Cuscatlan,GT,Mayorista,2025-03-16
4741,Cliente 04741,La Libertad,HN,Mayorista,2025-04-14
4742,Cliente 04742,La Union,SV,Constructor,2025-07-06
4743,Cliente 04743,,HN,PyME,2025-10-11
4744,Cliente 04744,santa ana,NI,,2025-05-22
4745,Cliente 04745,San Salvador,sv,,2025-09-20
4746,Cliente 04746,San Vicente,sv,,ayer
4747,Cliente 04747,La Union,SV,PyME,2025-01-24
4748,Cliente 04748,La Paz,sv,Constructor,2025-08-20
4749,Cliente 04749,SAN SALVADOR,NI,Hogar,2025-04-20
4750,Cliente 04750,Sonsonate,HN,Constructor,2025-01-21
4751,Cliente 04751,Cuscatlan,ELS,Mayorista,2025-01-23
4752,Cliente 04752,,NI,PyME,2025-12-20
4753,Cliente 04753,La Paz,SV,PyME,2025-01-04
4754,Cliente 04754,La Libertad,GT,Mayorista,2025-06-19
4755,Cliente 04755,SAN SALVADOR,GT,,2025-01-23
C4756,Cliente 04756,Ahuachapan,sv,PyME,2025-12-07
4757,Cliente 04757,San Salvador,NI,Hogar,2025-02-18
4758,Cliente 04758,Sonsonate,HN,,2025-10-09
4759,Cliente 04759,La Paz,sv,PyME,2025-06-25
4760,Cliente 04760,San Vicente,NI,,2025-12-02
4761,Cliente 04761,,SV,Constructor,2025-04-09
4762,Cliente 04762,Santa Ana,sv,PyME,2025-01-15
4763,Cliente 04763,SAN SALVADOR,SV,,2025-04-20
4764,Cliente 04764,Cuscatlan,sv,Mayorista,2025-10-16
4765,Cliente 04765,Chalatenango,HN,PyME,2025-02-18
4766,Cliente 04766,La Libertad,SV,Constructor,2025-02-11
4767,Cliente 04767,San Vicente,NI,Hogar,2025-07-06
4768,Cliente 04768,Morazan,HN,Mayorista,2025-04-05
4769,Cliente 04769,Morazan,sv,Hogar,2025-01-28
4770,Cliente 04770,,SV,Constructor,2025-06-09
4771,Cliente 04771,Cuscatlan,sv,Hogar,2025-10-13
4772,Cliente 04772,Morazan,SV,,2025-05-16
4773,Cliente 04773,santa ana,ELS,PyME,2025-06-22
4774,Cliente 04774,Chalatenango,HN,Hogar,2025-11-20
4775,Cliente 04775,Cuscatlan,ELS,Mayorista,2025-03-21
4776,Cliente 04776,Ahuachapan,sv,Constructor,2025-05-02
4777,Cliente 04777,San Miguel,ELS,Hogar,2025-04-25
4778,Cliente 04778,san salvador,sv,Constructor,2025-03-24
4779,Cliente 04779,,HN,Hogar,2025-10-01
4780,Cliente 04780,San Vicente,sv,Hogar,2025-09-10
4781,Cliente 04781,San Miguel,SV,Mayorista,2025-08-24
4782,Cliente 04782,San Salvador,sv,Hogar,2025-11-26
4783,Cliente 04783,SAN SALVADOR,HN,Hogar,2025-10-11
4784,Cliente 04784,Chalatenango,ELS,PyME,2025-08-13
4785,Cliente 04785,Usulutan,GT,Constructor,2025-02-25
4786,Cliente 04786,San Miguel,SV,,2025-07-14
4787,Cliente 04787,san salvador,ELS,Mayorista,2025-03-09
4788,,,sv,Mayorista,2025-02-04
4789,Cliente 04789,san salvador,HN,Mayorista,2025-09-03
4790,Cliente 04790,SAN SALVADOR,SV,Hogar,2025-11-16
4791,Cliente 04791,san salvador,sv,PyME,2025-05-21
4792,Cliente 04792,La Libertad,GT,,2025-11-11
4793,Cliente 04793,Chalatenango,GT,,2025-07-15
4794,Cliente 04794,Usulutan,GT,Constructor,2025-05-19
4795,Cliente 04795,Ahuachapan,HN,Constructor,2025-07-11
4796,Cliente 04796,San Salvador,ELS,Constructor,2025-11-15
C4797,Cliente 04797,,SV,,2025-12-09
4798,Cliente 04798,San Miguel,NI,PyME,2025-07-11
4799,Cliente 04799,Santa Ana,GT,Mayorista,2025-02-09
4800,Cliente 04800,Santa Ana,sv,Hogar,2025-05-12
4801,Cliente 04801,Sonsonate,sv,Mayorista,2025-08-09
4802,Cliente 04802,san salvador,sv,,2025-02-12
4803,Cliente 04803,La Libertad,SV,Hogar,2025-06-19
4804,Cliente 04804,San Miguel,GT,Hogar,2025-02-13
4805,Cliente 04805,La Libertad,NI,Constructor,2025-02-02
4806,Cliente 04806,,ELS,Hogar,2025-09-12
4807,Cliente 04807,La Union,HN,,2025-02-22
4808,Cliente 04808,Morazan,ELS,Mayorista,2025-12-23
4809,Cliente 04809,La Union,SV,PyME,2025-05-20
4810,Cliente 04810,San Vicente,sv,,2025-12-23
4811,Cliente 04811,San Miguel,ELS,Hogar,2025-08-05
4812,Cliente 04812,San Miguel,HN,Hogar,2025-09-05
4813,Cliente 04813,Cuscatlan,GT,Mayorista,2025-10-26
4814,Cliente 04814,San Salvador,HN,,2025-02-26
4815,Cliente 04815,,ELS,Constructor,2025-10-15
4816,Cliente 04816,santa ana,HN,Mayorista,2025-12-02
4817,Cliente 04817,La Union,HN,Constructor,2025-10-13
4818,Cliente 04818,SAN SALVADOR,GT,Mayorista,2025-05-22
4819,Cliente 04819,La Libertad,GT,,2025-12-21
4820,Cliente 04820,Morazan,GT,PyME,2025-12-27
4821,Cliente 04821,La Libertad,SV,,2025-08-14
4822,Cliente 04822,Cuscatlan,SV,Hogar,2025-07-20
4823,Cliente 04823,Cuscatlan,HN,Hogar,2025-07-12
4824,Cliente 04824,,HN,Mayorista,2025-04-12
4825,Cliente 04825,San Vicente,ELS,,2025-11-02
4826,Cliente 04826,Morazan,sv,,2025-08-12
4827,Cliente 04827,santa ana,NI,Hogar,2025-10-23
4828,Cliente 04828,La Paz,sv,Constructor,2025-03-24
4829,Cliente 04829,La Union,ELS,Constructor,2025-03-23
4830,Cliente 04830,san salvador,sv,,2025-11-01
4831,Cliente 04831,Santa Ana,SV,Constructor,2025-02-21
4832,Cliente 04832,La Paz,NI,,2025-04-28
4833,Cliente 04833,,SV,Constructor,2025-02-25
4834,Cliente 04834,Santa Ana,NI,Hogar,2025-03-07
4835,Cliente 04835,Usulutan,SV,,2025-07-04
4836,Cliente 04836,La Paz,NI,Mayorista,2025-07-11
4837,Cliente 04837,Chalatenango,HN,Hogar,2025-12-08
C4838,Cliente 04838,Cuscatlan,sv,Hogar,2025-01-12
4839,Cliente 04839,San Vicente,sv,,2025-01-23
4840,Cliente 04840,Santa Ana,NI,Mayorista,2025-03-01
4841,Cliente 04841,Sonsonate,SV,Constructor,2025-11-26
4842,Cliente 04842,,ELS,,2025-09-21
4843,Cliente 04843,Usulutan,SV,Hogar,2025-10-06
4844,Cliente 04844,La Union,SV,Mayorista,2025-11-26
4845,,Chalatenango,GT,Hogar,2025-08-09
4846,Cliente 04846,SAN SALVADOR,HN,PyME,2025-06-18
4847,Cliente 04847,Sonsonate,GT,PyME,2025-02-02
4848,Cliente 04848,La Union,GT,,2025-09-17
4849,Cliente 04849,Usulutan,HN,Mayorista,2025-12-06
4850,Cliente 04850,La Union,sv,,2025-10-05
4851,Cliente 04851,,SV,Hogar,2025-10-22
4852,Cliente 04852,San Vicente,sv,Constructor,2025-04-05
4853,Cliente 04853,La Paz,sv,Hogar,2025-01-01
4854,Cliente 04854,San Miguel,NI,Mayorista,2025-01-13
4855,Cliente 04855,San Vicente,SV,PyME,2025-11-13
4856,Cliente 04856,santa ana,ELS,,2025-12-06
4857,Cliente 04857,La Paz,GT,Hogar,2025-06-13
4858,Cliente 04858,San Salvador,HN,Constructor,2025-07-25
4859,Cliente 04859,La Libertad,ELS,Constructor,ayer
4860,Cliente 04860,,ELS,Constructor,2025-11-02
4860,Cliente 04860,,ELS,Constructor,2025-11-02
4861,Cliente 04861,La Union,GT,Mayorista,2025-08-11
4862,Cliente 04862,SAN SALVADOR,sv,,2025-09-23
4863,Cliente 04863,santa ana,SV,,2025-07-16
4864,Cliente 04864,La Union,sv,Hogar,2025-12-13
4865,Cliente 04865,San Miguel,sv,Constructor,2025-01-15
4866,Cliente 04866,santa ana,HN,Constructor,2025-09-14
4867,Cliente 04867,SAN SALVADOR,SV,Hogar,2025-06-19
4868,Cliente 04868,Cuscatlan,sv,Mayorista,2025-03-22
4869,Cliente 04869,,SV,Constructor,2025-12-25
4870,Cliente 04870,Morazan,ELS,,2025-12-01
4871,Cliente 04871,Morazan,ELS,PyME,2025-01-05
4872,Cliente 04872,San Salvador,GT,Constructor,2025-03-15
4873,Cliente 04873,san salvador,GT,Constructor,2025-04-12
4874,Cliente 04874,Sonsonate,GT,Constructor,2025-05-24
4875,Cliente 04875,san salvador,SV,Mayorista,2025-11-08
4876,Cliente 04876,Ahuachapan,GT,,2025-02-05
4877,Cliente 04877,Ahuachapan,HN,Hogar,2025-11-21
4878,Cliente 04878,,SV,PyME,2025-09-12
C4879,Cliente 04879,San Miguel,GT,Hogar,2025-11-08
4880,Cliente 04880,Morazan,ELS,,2025-01-10
4881,Cliente 04881,santa ana,HN,Constructor,2025-09-04
4882,Cliente 04882,Morazan,ELS,Hogar,2025-07-27
4883,Cliente 04883,san salvador,NI,Hogar,2025-05-08
4884,Cliente 04884,San Miguel,NI,PyME,2025-01-04
4885,Cliente 04885,san salvador,NI,PyME,2025-02-13
4886,Cliente 04886,La Libertad,HN,Hogar,2025-09-11
4887,Cliente 04887,,NI,Mayorista,2025-09-24
4888,Cliente 04888,Sonsonate,SV,Hogar,2025-03-19
4889,Cliente 04889,Chalatenango,NI,Constructor,2025-01-20
4890,Cliente 04890,Morazan,SV,Hogar,2025-12-10
4891,Cliente 04891,san salvador,ELS,PyME,2025-07-19
4892,Cliente 04892,La Paz,HN,,2025-06-25
4893,Cliente 04893,san salvador,SV,,2025-05-20
4894,Cliente 04894,SAN SALVADOR,NI,Mayorista,2025-06-17
4895,Cliente 04895,Cuscatlan,GT,,2025-02-21
4896,Cliente 04896,,sv,Constructor,2025-10-26
4897,Cliente 04897,La Libertad,SV,,2025-09-23
4898,Cliente 04898,Chalatenango,HN,,2025-10-21
4899,Cliente 04899,Morazan,sv,PyME,2025-12-10
4900,Cliente 04900,santa ana,HN,Hogar,2025-04-07
4901,Cliente 04901,San Salvador,NI,Hogar,2025-07-09
4902,,Usulutan,GT,Mayorista,2025-10-01
4903,Cliente 04903,La Union,HN,PyME,2025-03-25
4904,Cliente 04904,La Paz,NI,Mayorista,2025-11-11
4905,Cliente 04905,,NI,PyME,2025-03-02
4906,Cliente 04906,Sonsonate,ELS,Hogar,2025-01-08
4907,Cliente 04907,Usulutan,SV,PyME,2025-03-22
4908,Cliente 04908,San Miguel,HN,,2025-02-07
4909,Cliente 04909,La Libertad,NI,Mayorista,2025-03-06
4910,Cliente 04910,San Miguel,HN,Hogar,2025-10-21
4911,Cliente 04911,San Vicente,sv,PyME,2025-12-10
4912,Cliente 04912,SAN SALVADOR,SV,,2025-09-11
4913,Cliente 04913,Morazan,sv,,2025-10-26
4914,Cliente 04914,,ELS,PyME,2025-05-09
4915,Cliente 04915,San Miguel,GT,Mayorista,2025-12-09
4916,Cliente 04916,La Paz,sv,,2025-02-13
4917,Cliente 04917,san salvador,NI,,2025-04-26
4918,Cliente 04918,Cuscatlan,sv,Mayorista,2025-04-23
4919,Cliente 04919,San Salvador,GT,,2025-09-10
C4920,Cliente 04920,Santa Ana,NI,PyME,2025-05-02
4921,Cliente 04921,San Vicente,sv,Constructor,2025-01-17
4922,Cliente 04922,La Union,sv,,2025-08-17
4923,Cliente 04923,,HN,Hogar,2025-12-01
4924,Cliente 04924,Morazan,NI,Mayorista,2025-03-11
4925,Cliente 04925,La Libertad,ELS,PyME,2025-10-14
4926,Cliente 04926,Cuscatlan,sv,Mayorista,2025-03-26
4927,Cliente 04927,La Union,SV,,2025-01-08
4928,Cliente 04928,La Paz,sv,Hogar,2025-08-13
4929,Cliente 04929,Santa Ana,sv,PyME,2025-12-03
4930,Cliente 04930,San Vicente,ELS,Hogar,2025-01-19
4931,Cliente 04931,Santa Ana,HN,Constructor,2025-03-07
4932,Cliente 04932,,NI,Mayorista,2025-08-03
4933,Cliente 04933,La Paz,HN,PyME,2025-05-02
4934,Cliente 04934,San Vicente,SV,PyME,2025-01-14
4935,Cliente 04935,santa ana,sv,Mayorista,2025-12-14
4936,Cliente 04936,san salvador,HN,Constructor,2025-10-17
4937,Cliente 04937,San Vicente,GT,Mayorista,2025-10-17
4938,Cliente 04938,Chalatenango,ELS,Hogar,2025-02-15
4939,Cliente 04939,La Libertad,GT,Constructor,2025-04-12
4940,Cliente 04940,San Miguel,HN,,2025-10-24
4941,Cliente 04941,,NI,,2025-06-06
4942,Cliente 04942,San Vicente,ELS,Constructor,2025-05-18
4943,Cliente 04943,Morazan,ELS,Hogar,2025-03-22
4944,Cliente 04944,San Salvador,GT,Mayorista,2025-04-07
4945,Cliente 04945,Cuscatlan,ELS,Hogar,2025-12-06
4946,Cliente 04946,Chalatenango,ELS,Constructor,2025-03-04
4947,Cliente 04947,SAN SALVADOR,HN,Constructor,2025-10-05
4948,Cliente 04948,San Miguel,NI,PyME,2025-04-10
4949,Cliente 04949,Santa Ana,NI,Constructor,2025-04-16
4950,Cliente 04950,,HN,Hogar,2025-02-27
4951,Cliente 04951,san salvador,ELS,PyME,2025-04-16
4952,Cliente 04952,Usulutan,NI,,2025-04-26
4953,Cliente 04953,Sonsonate,sv,Mayorista,2025-05-28
4954,Cliente 04954,Santa Ana,HN,Mayorista,2025-10-18
4955,Cliente 04955,santa ana,sv,Mayorista,2025-04-13
4956,Cliente 04956,Usulutan,HN,Constructor,2025-08-20
4957,Cliente 04957,La Union,NI,PyME,2025-07-07
4958,Cliente 04958,Chalatenango,ELS,Mayorista,2025-11-11
4959,,,SV,,2025-05-08
4960,Cliente 04960,SAN SALVADOR,SV,,2025-12-01
C4961,Cliente 04961,Usulutan,NI,Mayorista,2025-10-13
4962,Cliente 04962,SAN SALVADOR,GT,Constructor,2025-05-18
4963,Cliente 04963,Morazan,NI,Mayorista,2025-04-21
4964,Cliente 04964,Usulutan,NI,Mayorista,2025-08-23
4965,Cliente 04965,santa ana,GT,Hogar,2025-06-26
4966,Cliente 04966,Sonsonate,NI,Constructor,2025-01-27
4967,Cliente 04967,SAN SALVADOR,sv,PyME,2025-06-06
4968,Cliente 04968,,NI,PyME,2025-12-25
4969,Cliente 04969,La Libertad,ELS,Hogar,2025-10-26
4970,Cliente 04970,santa ana,SV,,2025-10-02
4971,Cliente 04971,San Salvador,SV,PyME,2025-01-20
4972,Cliente 04972,Usulutan,HN,Mayorista,ayer
4973,Cliente 04973,Cuscatlan,HN,Constructor,2025-04-14
4974,Cliente 04974,Sonsonate,HN,Constructor,2025-09-13
4975,Cliente 04975,Chalatenango,NI,Mayorista,2025-05-20
4976,Cliente 04976,La Paz,sv,,2025-02-10
4977,Cliente 04977,,GT,Hogar,2025-04-09
4978,Cliente 04978,Morazan,GT,Mayorista,2025-05-23
4979,Cliente 04979,Santa Ana,HN,PyME,2025-03-17
4980,Cliente 04980,santa ana,SV,Hogar,2025-03-02
4981,Cliente 04981,San Vicente,SV,Constructor,2025-11-11
4982,Cliente 04982,Usulutan,sv,,2025-07-17
4983,Cliente 04983,SAN SALVADOR,ELS,Hogar,2025-03-25
4984,Cliente 04984,Usulutan,sv,Mayorista,2025-05-17
4985,Cliente 04985,Ahuachapan,SV,PyME,2025-11-16
4986,Cliente 04986,,SV,,2025-04-05
4987,Cliente 04987,san salvador,GT,,2025-06-17
4988,Cliente 04988,Santa Ana,HN,Constructor,2025-12-04
4989,Cliente 04989,San Miguel,GT,PyME,2025-09-23
4990,Cliente 04990,Cuscatlan,sv,Hogar,2025-03-03
4991,Cliente 04991,santa ana,SV,Constructor,2025-08-08
4992,Cliente 04992,San Salvador,GT,Mayorista,2025-07-17
4993,Cliente 04993,SAN SALVADOR,GT,Hogar,2025-05-24
4994,Cliente 04994,Sonsonate,GT,Mayorista,2025-11-05
4995,Cliente 04995,,ELS,Constructor,2025-11-23
4996,Cliente 04996,SAN SALVADOR,ELS,Constructor,2025-07-11
4997,Cliente 04997,Ahuachapan,HN,PyME,2025-03-11
4998,Cliente 04998,Ahuachapan,GT,Hogar,2025-12-17
4999,Cliente 04999,Cuscatlan,HN,,2025-12-14
5000,Cliente 05000,San Vicente,ELS,,2025-05-22
5001,Cliente 05001,San Miguel,sv,Hogar,2025-03-04
C5002,Cliente 05002,santa ana,sv,,2025-04-05
5003,Cliente 05003,Ahuachapan,ELS,Constructor,2025-06-20
5004,Cliente 05004,,HN,Mayorista,2025-04-05
5005,Cliente 05005,santa ana,ELS,Mayorista,2025-11-26
5006,Cliente 05006,La Union,SV,Hogar,2025-11-27
5007,Cliente 05007,Ahuachapan,HN,Mayorista,2025-12-12
5008,Cliente 05008,san salvador,sv,Hogar,2025-06-27
5009,Cliente 05009,San Miguel,GT,PyME,2025-04-14
5010,Cliente 05010,San Vicente,sv,Constructor,2025-10-21
5011,Cliente 05011,Santa Ana,HN,Constructor,2025-06-17
5012,Cliente 05012,Ahuachapan,GT,PyME,2025-07-03
5013,Cliente 05013,,NI,,2025-09-17
5014,Cliente 05014,Usulutan,HN,Mayorista,2025-06-27
5015,Cliente 05015,SAN SALVADOR,ELS,PyME,2025-08-28
5016,,San Miguel,GT,,2025-04-04
5017,Cliente 05017,Ahuachapan,GT,Hogar,2025-08-13
5018,Cliente 05018,SAN SALVADOR,ELS,,2025-04-13
5019,Cliente 05019,La Libertad,SV,Hogar,2025-06-03
5020,Cliente 05020,san salvador,ELS,Mayorista,2025-04-01
5021,Cliente 05021,La Paz,SV,Hogar,2025-11-09
5022,Cliente 05022,,SV,,2025-12-04
5023,Cliente 05023,La Union,SV,,2025-07-18
5024,Cliente 05024,La Paz,SV,Mayorista,2025-04-04
5025,Cliente 05025,Ahuachapan,GT,Mayorista,2025-05-13
5026,Cliente 05026,Ahuachapan,ELS,PyME,2025-09-11
5027,Cliente 05027,La Libertad,GT,PyME,2025-02-10
5028,Cliente 05028,Chalatenango,NI,Hogar,2025-04-03
5029,Cliente 05029,Usulutan,GT,Mayorista,2025-02-23
5030,Cliente 05030,Ahuachapan,sv,,2025-04-21
5031,Cliente 05031,,HN,Mayorista,2025-10-09
5032,Cliente 05032,San Miguel,SV,Hogar,2025-03-14
5033,Cliente 05033,Cuscatlan,sv,Hogar,2025-06-20
5034,Cliente 05034,Usulutan,GT,PyME,2025-04-07
5035,Cliente 05035,Usulutan,sv,PyME,2025-02-02
5036,Cliente 05036,Santa Ana,NI,Constructor,2025-11-26
5037,Cliente 05037,La Union,sv,Hogar,2025-02-15
5038,Cliente 05038,La Union,GT,Constructor,2025-04-21
5039,Cliente 05039,Chalatenango,NI,,2025-01-14
5040,Cliente 05040,,HN,Mayorista,2025-06-10
5040,Cliente 05040,,HN,Mayorista,2025-06-10
5041,Cliente 05041,San Miguel,sv,Hogar,2025-01-28
5042,Cliente 05042,La Libertad,sv,Hogar,2025-09-24
C5043,Cliente 05043,La Union,ELS,Hogar,2025-10-10
5044,Cliente 05044,San Vicente,HN,,2025-02-09
5045,Cliente 05045,Morazan,GT,Mayorista,2025-09-05
5046,Cliente 05046,santa ana,NI,,2025-05-11
5047,Cliente 05047,La Union,sv,Constructor,2025-10-24
5048,Cliente 05048,Cuscatlan,sv,PyME,2025-05-18
5049,Cliente 05049,,SV,Mayorista,2025-10-23
5050,Cliente 05050,La Union,NI,Constructor,2025-06-02
5051,Cliente 05051,Santa Ana,sv,Hogar,2025-02-26
5052,Cliente 05052,Chalatenango,HN,Constructor,2025-01-25
5053,Cliente 05053,San Vicente,SV,,2025-03-11
5054,Cliente 05054,San Vicente,HN,PyME,2025-02-09
5055,Cliente 05055,Usulutan,NI,Hogar,2025-12-06
5056,Cliente 05056,Chalatenango,SV,PyME,2025-03-24
5057,Cliente 05057,Santa Ana,GT,,2025-04-19
5058,Cliente 05058,,sv,,2025-04-04
5059,Cliente 05059,san salvador,SV,PyME,2025-06-20
5060,Cliente 05060,San Vicente,sv,PyME,2025-01-17
5061,Cliente 05061,SAN SALVADOR,GT,,2025-01-14
5062,Cliente 05062,La Libertad,sv,PyME,2025-10-16
5063,Cliente 05063,La Libertad,SV,PyME,2025-01-03
5064,Cliente 05064,Sonsonate,NI,Mayorista,2025-05-26
5065,Cliente 05065,Usulutan,GT,Constructor,2025-09-22
5066,Cliente 05066,Morazan,NI,Hogar,2025-03-19
5067,Cliente 05067,,GT,,2025-05-28
5068,Cliente 05068,Sonsonate,sv,Mayorista,2025-03-22
5069,Cliente 05069,Chalatenango,NI,Hogar,2025-07-03
5070,Cliente 05070,San Salvador,GT,,2025-06-25
5071,Cliente 05071,Ahuachapan,SV,Hogar,2025-03-27
5072,Cliente 05072,Morazan,HN,Hogar,2025-02-14
5073,,San Miguel,ELS,Mayorista,2025-02-17
5074,Cliente 05074,Chalatenango,SV,Constructor,2025-09-01
5075,Cliente 05075,san salvador,sv,Constructor,2025-05-18
5076,Cliente 05076,,sv,Hogar,2025-06-19
5077,Cliente 05077,San Miguel,ELS,Mayorista,2025-09-09
5078,Cliente 05078,Cuscatlan,GT,,2025-04-12
5079,Cliente 05079,Sonsonate,sv,Mayorista,2025-01-06
5080,Cliente 05080,Ahuachapan,NI,Hogar,2025-07-25
5081,Cliente 05081,San Salvador,GT,,2025-11-09
5082,Cliente 05082,Chalatenango,ELS,Mayorista,2025-02-08
5083,Cliente 05083,santa ana,ELS,PyME,2025-08-18
C5084,Cliente 05084,Chalatenango,NI,Mayorista,2025-11-12
5085,Cliente 05085,,GT,Hogar,ayer
5086,Cliente 05086,Ahuachapan,NI,,2025-08-16
5087,Cliente 05087,Chalatenango,HN,,2025-12-05
5088,Cliente 05088,San Salvador,SV,Hogar,2025-01-05
5089,Cliente 05089,Usulutan,HN,PyME,2025-07-02
5090,Cliente 05090,La Union,sv,Constructor,2025-05-04
5091,Cliente 05091,san salvador,SV,PyME,2025-11-09
5092,Cliente 05092,San Salvador,ELS,PyME,2025-11-07
5093,Cliente 05093,Santa Ana,NI,Hogar,2025-07-12
5094,Cliente 05094,,ELS,,2025-03-19
5095,Cliente 05095,La Paz,GT,PyME,2025-02-22
5096,Cliente 05096,Chalatenango,NI,Mayorista,2025-11-15
5097,Cliente 05097,Usulutan,sv,Constructor,2025-04-01
5098,Cliente 05098,Morazan,ELS,Hogar,2025-11-15
5099,Cliente 05099,Chalatenango,HN,PyME,2025-10-02
5100,Cliente 05100,San Vicente,ELS,PyME,2025-11-05
5101,Cliente 05101,Ahuachapan,GT,Mayorista,2025-10-03
5102,Cliente 05102,La Paz,HN,Hogar,2025-11-18
5103,Cliente 05103,,sv,PyME,2025-09-17
5104,Cliente 05104,santa ana,HN,PyME,2025-03-15
5105,Cliente 05105,San Miguel,SV,,2025-12-04
5106,Cliente 05106,SAN SALVADOR,ELS,Mayorista,2025-01-09
5107,Cliente 05107,La Union,sv,Mayorista,2025-02-07
5108,Cliente 05108,La Union,SV,Constructor,2025-04-11
5109,Cliente 05109,San Vicente,SV,Hogar,2025-02-15
5110,Cliente 05110,SAN SALVADOR,GT,Constructor,2025-06-12
5111,Cliente 05111,San Vicente,SV,,2025-05-12
5112,Cliente 05112,,ELS,Constructor,2025-08-13
5113,Cliente 05113,santa ana,GT,PyME,2025-04-20
5114,Cliente 05114,santa ana,ELS,Constructor,2025-11-13
5115,Cliente 05115,San Salvador,SV,Constructor,2025-06-05
5116,Cliente 05116,San Miguel,HN,Hogar,2025-11-23
5117,Cliente 05117,Ahuachapan,SV,Mayorista,2025-03-08
5118,Cliente 05118,San Miguel,NI,PyME,2025-04-08
5119,Cliente 05119,San Salvador,GT,Constructor,2025-02-05
5120,Cliente 05120,san salvador,NI,,2025-10-04
5121,Cliente 05121,,SV,,2025-05-28
5122,Cliente 05122,San Miguel,sv,,2025-06-15
5123,Cliente 05123,Santa Ana,ELS,Mayorista,2025-06-14
5124,Cliente 05124,SAN SALVADOR,ELS,Hogar,2025-11-02
C5125,Cliente 05125,SAN SALVADOR,ELS,Mayorista,2025-08-20
5126,Cliente 05126,Sonsonate,GT,Mayorista,2025-05-18
5127,Cliente 05127,La Paz,SV,Constructor,2025-07-26
5128,Cliente 05128,San Salvador,HN,Hogar,2025-08-02
5129,Cliente 05129,Usulutan,ELS,Constructor,2025-03-05
5130,,,GT,Constructor,2025-03-18
5131,Cliente 05131,La Paz,GT,Constructor,2025-03-18
5132,Cliente 05132,Sonsonate,GT,Hogar,2025-01-14
5133,Cliente 05133,San Vicente,SV,,2025-08-08
5134,Cliente 05134,La Libertad,sv,,2025-10-04
5135,Cliente 05135,Chalatenango,SV,,2025-01-19
5136,Cliente 05136,Morazan,HN,Mayorista,2025-11-10
5137,Cliente 05137,San Salvador,SV,PyME,2025-08-18
5138,Cliente 05138,Santa Ana,SV,,2025-12-16
5139,Cliente 05139,,ELS,,2025-12-08
5140,Cliente 05140,santa ana,SV,,2025-06-11
5141,Cliente 05141,San Vicente,GT,Mayorista,2025-02-02
5142,Cliente 05142,Chalatenango,sv,Hogar,2025-01-17
5143,Cliente 05143,La Union,SV,,2025-02-12
5144,Cliente 05144,Cuscatlan,GT,,2025-03-16
5145,Cliente 05145,San Vicente,SV,PyME,2025-11-20
5146,Cliente 05146,Ahuachapan,NI,Hogar,2025-12-27
5147,Cliente 05147,san salvador,ELS,Mayorista,2025-01-04
5148,Cliente 05148,,SV,Mayorista,2025-08-27
5149,Cliente 05149,Ahuachapan,SV,Mayorista,2025-04-09
5150,Cliente 05150,Sonsonate,GT,PyME,2025-09-23
5151,Cliente 05151,Chalatenango,HN,Mayorista,2025-03-21
5152,Cliente 05152,santa ana,ELS,Mayorista,2025-03-26
5153,Cliente 05153,La Union,GT,Constructor,2025-09-26
5154,Cliente 05154,La Libertad,SV,Mayorista,2025-01-08
5155,Cliente 05155,La Union,HN,,2025-06-26
5156,Cliente 05156,santa ana,SV,Constructor,2025-08-19
5157,Cliente 05157,,sv,Mayorista,2025-11-03
5158,Cliente 05158,Santa Ana,SV,Hogar,2025-01-27
5159,Cliente 05159,Morazan,ELS,PyME,2025-05-05
5160,Cliente 05160,Cuscatlan,ELS,,2025-02-12
5161,Cliente 05161,San Salvador,NI,Hogar,2025-09-16
5162,Cliente 05162,Usulutan,sv,Constructor,2025-11-03
5163,Cliente 05163,Ahuachapan,GT,Mayorista,2025-05-17
5164,Cliente 05164,San Salvador,HN,Hogar,2025-01-23
5165,Cliente 05165,La Libertad,sv,,2025-05-13
C5166,Cliente 05166,,NI,Constructor,2025-04-22
5167,Cliente 05167,Chalatenango,GT,Constructor,2025-10-23
5168,Cliente 05168,Santa Ana,ELS,,2025-09-10
5169,Cliente 05169,Santa Ana,HN,Mayorista,2025-11-15
5170,Cliente 05170,San Salvador,sv,PyME,2025-12-04
5171,Cliente 05171,Sonsonate,GT,PyME,2025-04-07
5172,Cliente 05172,La Libertad,sv,Mayorista,2025-02-25
5173,Cliente 05173,Cuscatlan,SV,Mayorista,2025-08-19
5174,Cliente 05174,Sonsonate,GT,Mayorista,2025-11-06
5175,Cliente 05175,,HN,Mayorista,2025-10-25
5176,Cliente 05176,La Union,ELS,Hogar,2025-07-05
5177,Cliente 05177,La Union,ELS,Constructor,2025-09-26
5178,Cliente 05178,Morazan,GT,PyME,2025-01-21
5179,Cliente 05179,La Libertad,HN,PyME,2025-11-19
5180,Cliente 05180,san salvador,sv,Mayorista,2025-09-07
5181,Cliente 05181,Usulutan,HN,Hogar,2025-11-13
5182,Cliente 05182,San Vicente,HN,PyME,2025-12-23
5183,Cliente 05183,San Miguel,SV,Constructor,2025-04-09
5184,Cliente 05184,,NI,Mayorista,2025-04-24
5185,Cliente 05185,SAN SALVADOR,GT,Hogar,2025-09-16
5186,Cliente 05186,Cuscatlan,HN,Constructor,2025-09-11
5187,,La Union,NI,,2025-05-24
5188,Cliente 05188,Sonsonate,sv,Hogar,2025-12-23
5189,Cliente 05189,La Union,GT,Hogar,2025-01-07
5190,Cliente 05190,La Union,ELS,Constructor,2025-12-18
5191,Cliente 05191,Sonsonate,HN,PyME,2025-07-04
5192,Cliente 05192,San Vicente,HN,Mayorista,2025-10-20
5193,Cliente 05193,,SV,Constructor,2025-12-23
5194,Cliente 05194,San Miguel,ELS,PyME,2025-07-03
5195,Cliente 05195,Ahuachapan,HN,,2025-06-16
5196,Cliente 05196,La Libertad,sv,Mayorista,2025-12-05
5197,Cliente 05197,San Vicente,NI,Constructor,2025-08-08
5198,Cliente 05198,Cuscatlan,HN,,ayer
5199,Cliente 05199,SAN SALVADOR,ELS,Hogar,2025-12-11
5200,Cliente 05200,Sonsonate,NI,Hogar,2025-12-14
5201,Cliente 05201,San Salvador,SV,Hogar,2025-06-21
5202,Cliente 05202,,SV,Mayorista,2025-11-19
5203,Cliente 05203,Ahuachapan,GT,Constructor,2025-05-13
5204,Cliente 05204,santa ana,SV,Constructor,2025-03-28
5205,Cliente 05205,Usulutan,ELS,Hogar,2025-12-14
5206,Cliente 05206,Sonsonate,SV,Hogar,2025-04-17
C5207,Cliente 05207,Santa Ana,GT,PyME,2025-10-18
5208,Cliente 05208,La Union,HN,PyME,2025-07-12
5209,Cliente 05209,Morazan,HN,Mayorista,2025-11-17
5210,Cliente 05210,SAN SALVADOR,HN,Mayorista,2025-10-07
5211,Cliente 05211,,SV,Hogar,2025-06-04
5212,Cliente 05212,La Union,sv,Constructor,2025-11-26
5213,Cliente 05213,La Paz,ELS,,2025-10-23
5214,Cliente 05214,san salvador,SV,Mayorista,2025-05-01
5215,Cliente 05215,San Vicente,HN,Constructor,2025-01-19
5216,Cliente 05216,La Libertad,sv,PyME,2025-05-22
5217,Cliente 05217,La Libertad,HN,Constructor,2025-10-15
5218,Cliente 05218,La Paz,SV,Mayorista,2025-03-04
5219,Cliente 05219,San Miguel,NI,Hogar,2025-04-01
5220,Cliente 05220,,GT,,2025-05-24
5220,Cliente 05220,,GT,,2025-05-24
5221,Cliente 05221,SAN SALVADOR,GT,Constructor,2025-06-22
5222,Cliente 05222,san salvador,NI,Hogar,2025-01-08
5223,Cliente 05223,La Libertad,ELS,Mayorista,2025-03-07
5224,Cliente 05224,Chalatenango,NI,Hogar,2025-09-24
5225,Cliente 05225,San Salvador,HN,,2025-04-14
5226,Cliente 05226,Chalatenango,sv,Mayorista,2025-12-06
5227,Cliente 05227,san salvador,sv,,2025-02-24
5228,Cliente 05228,Ahuachapan,HN,Constructor,2025-11-07
5229,Cliente 05229,,sv,,2025-01-18
5230,Cliente 05230,Santa Ana,HN,Mayorista,2025-11-13
5231,Cliente 05231,San Vicente,GT,,2025-04-20
5232,Cliente 05232,La Union,sv,Constructor,2025-07-17
5233,Cliente 05233,Sonsonate,NI,Mayorista,2025-08-04
5234,Cliente 05234,Santa Ana,sv,,2025-05-10
5235,Cliente 05235,Ahuachapan,sv,PyME,2025-08-19
5236,Cliente 05236,Morazan,NI,PyME,2025-12-28
5237,Cliente 05237,Chalatenango,HN,PyME,2025-04-26
5238,Cliente 05238,,ELS,Hogar,2025-09-01
5239,Cliente 05239,La Union,sv,Mayorista,2025-07-05
5240,Cliente 05240,Cuscatlan,sv,Mayorista,2025-03-15
5241,Cliente 05241,La Union,NI,Mayorista,2025-06-10
5242,Cliente 05242,Cuscatlan,NI,PyME,2025-01-02
5243,Cliente 05243,Santa Ana,SV,Mayorista,2025-01-13
5244,,La Paz,ELS,Constructor,2025-12-04
5245,Cliente 05245,La Libertad,GT,PyME,2025-08-24
5246,Cliente 05246,San Miguel,HN,Hogar,2025-03-01
5247,Cliente 05247,,ELS,Hogar,2025-05-19
C5248,Cliente 05248,San Miguel,HN,Hogar,2025-12-24
5249,Cliente 05249,Morazan,ELS,Mayorista,2025-01-06
5250,Cliente 05250,Morazan,SV,Mayorista,2025-12-26
5251,Cliente 05251,SAN SALVADOR,GT,PyME,2025-11-08
5252,Cliente 05252,santa ana,GT,Constructor,2025-10-27
5253,Cliente 05253,Cuscatlan,HN,Hogar,2025-12-15
5254,Cliente 05254,La Libertad,GT,Constructor,2025-09-18
5255,Cliente 05255,San Vicente,NI,PyME,2025-02-17
5256,Cliente 05256,,GT,Mayorista,2025-10-12
5257,Cliente 05257,santa ana,GT,Mayorista,2025-05-03
5258,Cliente 05258,San Vicente,ELS,Mayorista,2025-05-07
5259,Cliente 05259,Morazan,SV,PyME,2025-09-28
5260,Cliente 05260,San Miguel,HN,Mayorista,2025-01-05
5261,Cliente 05261,san salvador,HN,Hogar,2025-10-07
5262,Cliente 05262,La Union,NI,Constructor,2025-01-05
5263,Cliente 05263,Morazan,ELS,PyME,2025-09-05
5264,Cliente 05264,Usulutan,GT,Hogar,2025-02-10
5265,Cliente 05265,,sv,PyME,2025-01-10
5266,Cliente 05266,san salvador,HN,,2025-01-23
5267,Cliente 05267,Usulutan,sv,Mayorista,2025-04-17
5268,Cliente 05268,San Miguel,ELS,Hogar,2025-12-15
5269,Cliente 05269,La Libertad,SV,Hogar,2025-03-19
5270,Cliente 05270,Santa Ana,SV,Hogar,2025-06-12
5271,Cliente 05271,Usulutan,NI,,2025-10-17
5272,Cliente 05272,Cuscatlan,GT,,2025-07-05
5273,Cliente 05273,Morazan,HN,Constructor,2025-02-19
5274,Cliente 05274,,SV,Mayorista,2025-12-01
5275,Cliente 05275,San Salvador,GT,Constructor,2025-11-28
5276,Cliente 05276,San Salvador,SV,Mayorista,2025-02-16
5277,Cliente 05277,Cuscatlan,HN,,2025-04-07
5278,Cliente 05278,Ahuachapan,GT,Hogar,2025-01-12
5279,Cliente 05279,San Vicente,HN,Hogar,2025-12-01
5280,Cliente 05280,La Libertad,SV,PyME,2025-09-03
5281,Cliente 05281,san salvador,sv,,2025-08-11
5282,Cliente 05282,san salvador,ELS,Mayorista,2025-05-06
5283,Cliente 05283,,GT,PyME,2025-03-01
5284,Cliente 05284,San Vicente,NI,,2025-10-03
5285,Cliente 05285,San Miguel,NI,Mayorista,2025-02-09
5286,Cliente 05286,Cuscatlan,NI,PyME,2025-11-23
5287,Cliente 05287,La Libertad,ELS,Hogar,2025-06-15
5288,Cliente 05288,La Paz,HN,,2025-04-13
C5289,Cliente 05289,San Vicente,ELS,Hogar,2025-06-23
5290,Cliente 05290,Cuscatlan,NI,,2025-02-22
5291,Cliente 05291,san salvador,SV,PyME,2025-08-18
5292,Cliente 05292,,SV,,2025-09-26
5293,Cliente 05293,Santa Ana,ELS,,2025-03-25
5294,Cliente 05294,santa ana,GT,PyME,2025-04-14
5295,Cliente 05295,San Miguel,NI,Mayorista,2025-09-22
5296,Cliente 05296,Cuscatlan,sv,PyME,2025-04-04
5297,Cliente 05297,Chalatenango,sv,Hogar,2025-05-01
5298,Cliente 05298,La Libertad,ELS,Mayorista,2025-12-07
5299,Cliente 05299,La Paz,HN,Hogar,2025-12-15
5300,Cliente 05300,San Salvador,SV,Hogar,2025-09-23
5301,,,HN,Hogar,2025-07-15
5302,Cliente 05302,San Miguel,HN,PyME,2025-07-15
5303,Cliente 05303,San Miguel,NI,Hogar,2025-07-27
5304,Cliente 05304,La Libertad,HN,Hogar,2025-02-07
5305,Cliente 05305,san salvador,HN,Hogar,2025-07-19
5306,Cliente 05306,La Libertad,HN,Constructor,2025-04-14
5307,Cliente 05307,Sonsonate,SV,Mayorista,2025-08-08
5308,Cliente 05308,San Vicente,NI,Constructor,2025-07-11
5309,Cliente 05309,La Union,ELS,Constructor,2025-02-10
5310,Cliente 05310,,GT,,2025-12-25
5311,Cliente 05311,San Salvador,HN,PyME,ayer
5312,Cliente 05312,Usulutan,HN,Constructor,2025-11-27
5313,Cliente 05313,Usulutan,NI,,2025-05-15
5314,Cliente 05314,Morazan,SV,Hogar,2025-11-18
5315,Cliente 05315,Ahuachapan,SV,,2025-05-27
5316,Cliente 05316,La Libertad,SV,,2025-07-16
5317,Cliente 05317,San Miguel,HN,,2025-07-04
5318,Cliente 05318,Chalatenango,NI,Constructor,2025-04-25
5319,Cliente 05319,,NI,,2025-02-20
5320,Cliente 05320,La Paz,NI,PyME,2025-04-01
5321,Cliente 05321,Chalatenango,SV,PyME,2025-07-28
5322,Cliente 05322,Cuscatlan,sv,Hogar,2025-06-16
5323,Cliente 05323,La Libertad,SV,Hogar,2025-11-06
5324,Cliente 05324,Morazan,ELS,PyME,2025-07-06
5325,Cliente 05325,Ahuachapan,sv,PyME,2025-10-20
5326,Cliente 05326,Usulutan,ELS,Constructor,2025-03-05
5327,Cliente 05327,Ahuachapan,SV,Constructor,2025-10-24
5328,Cliente 05328,,SV,,2025-07-21
5329,Cliente 05329,San Salvador,ELS,PyME,2025-01-18
C5330,Cliente 05330,san salvador,SV,Constructor,2025-08-11
5331,Cliente 05331,SAN SALVADOR,SV,Constructor,2025-01-16
5332,Cliente 05332,San Vicente,sv,,2025-10-07
5333,Cliente 05333,Usulutan,GT,Hogar,2025-03-27
5334,Cliente 05334,La Paz,NI,PyME,2025-02-02
5335,Cliente 05335,Santa Ana,ELS,Constructor,2025-07-19
5336,Cliente 05336,La Paz,SV,,2025-09-23
5337,Cliente 05337,,sv,Hogar,2025-04-02
5338,Cliente 05338,SAN SALVADOR,sv,,2025-01-14
5339,Cliente 05339,La Union,SV,Constructor,2025-03-23
5340,Cliente 05340,Sonsonate,SV,Mayorista,2025-01-28
5341,Cliente 05341,Sonsonate,NI,,2025-07-14
5342,Cliente 05342,Sonsonate,ELS,Hogar,2025-04-25
5343,Cliente 05343,Sonsonate,SV,Constructor,2025-05-09
5344,Cliente 05344,San Vicente,HN,PyME,2025-08-11
5345,Cliente 05345,Sonsonate,ELS,Constructor,2025-08-25
5346,Cliente 05346,,HN,,2025-08-10
5347,Cliente 05347,La Libertad,GT,Mayorista,2025-10-02
5348,Cliente 05348,San Vicente,NI,Constructor,2025-11-11
5349,Cliente 05349,La Union,GT,PyME,2025-02-01
5350,Cliente 05350,La Union,HN,Constructor,2025-01-02
5351,Cliente 05351,La Union,ELS,Mayorista,2025-09-18
5352,Cliente 05352,Santa Ana,ELS,Mayorista,2025-10-06
5353,Cliente 05353,Usulutan,GT,Mayorista,2025-01-11
5354,Cliente 05354,san salvador,HN,Mayorista,2025-08-02
5355,Cliente 05355,,sv,PyME,2025-06-26
5356,Cliente 05356,Sonsonate,SV,Constructor,2025-09-02
5357,Cliente 05357,Morazan,GT,Hogar,2025-06-02
5358,,SAN SALVADOR,ELS,PyME,2025-04-28
5359,Cliente 05359,San Salvador,ELS,,2025-01-04
5360,Cliente 05360,San Miguel,ELS,,2025-04-24
5361,Cliente 05361,Usulutan,NI,,2025-08-15
5362,Cliente 05362,San Vicente,HN,Hogar,2025-04-19
5363,Cliente 05363,La Libertad,HN,PyME,2025-02-21
5364,Cliente 05364,,HN,PyME,2025-02-24
5365,Cliente 05365,San Vicente,NI,Mayorista,2025-07-14
5366,Cliente 05366,Santa Ana,sv,Hogar,2025-11-18
5367,Cliente 05367,Sonsonate,ELS,Constructor,2025-09-13
5368,Cliente 05368,SAN SALVADOR,sv,Hogar,2025-01-26
5369,Cliente 05369,santa ana,HN,Mayorista,2025-01-12
5370,Cliente 05370,Sonsonate,SV,PyME,2025-01-07
C5371,Cliente 05371,Ahuachapan,SV,Mayorista,2025-10-28
5372,Cliente 05372,Morazan,HN,Mayorista,2025-12-26
5373,Cliente 05373,,SV,Hogar,2025-09-06
5374,Cliente 05374,Usulutan,ELS,Mayorista,2025-08-15
5375,Cliente 05375,SAN SALVADOR,sv,PyME,2025-07-13
5376,Cliente 05376,La Paz,GT,Hogar,2025-04-27
5377,Cliente 05377,san salvador,HN,,2025-12-26
5378,Cliente 05378,Cuscatlan,HN,,2025-04-19
5379,Cliente 05379,san salvador,ELS,Hogar,2025-12-19
5380,Cliente 05380,Sonsonate,NI,,2025-06-27
5381,Cliente 05381,santa ana,SV,PyME,2025-09-14
5382,Cliente 05382,,NI,Hogar,2025-10-13
5383,Cliente 05383,La Union,NI,Constructor,2025-11-20
5384,Cliente 05384,La Paz,sv,Mayorista,2025-04-27
5385,Cliente 05385,San Miguel,NI,Hogar,2025-08-07
5386,Cliente 05386,Santa Ana,ELS,Hogar,2025-02-28
5387,Cliente 05387,santa ana,HN,Hogar,2025-08-18
5388,Cliente 05388,La Libertad,NI,PyME,2025-08-28
5389,Cliente 05389,san salvador,GT,PyME,2025-08-15
5390,Cliente 05390,Usulutan,HN,Hogar,2025-10-08
5391,Cliente 05391,,GT,Hogar,2025-12-05
5392,Cliente 05392,Morazan,NI,Constructor,2025-11-22
5393,Cliente 05393,La Union,SV,PyME,2025-04-26
5394,Cliente 05394,SAN SALVADOR,sv,Constructor,2025-04-26
5395,Cliente 05395,Sonsonate,GT,,2025-03-15
5396,Cliente 05396,Chalatenango,NI,Mayorista,2025-01-25
5397,Cliente 05397,La Libertad,NI,PyME,2025-02-27
5398,Cliente 05398,santa ana,NI,PyME,2025-12-18
5399,Cliente 05399,La Libertad,ELS,PyME,2025-08-21
5400,Cliente 05400,,HN,Mayorista,2025-06-05
5400,Cliente 05400,,HN,Mayorista,2025-06-05
5401,Cliente 05401,Chalatenango,ELS,PyME,2025-04-18
5402,Cliente 05402,santa ana,sv,,2025-09-22
5403,Cliente 05403,Usulutan,NI,,2025-02-03
5404,Cliente 05404,La Libertad,NI,Hogar,2025-05-03
5405,Cliente 05405,santa ana,HN,Hogar,2025-03-18
5406,Cliente 05406,Sonsonate,ELS,PyME,2025-10-04
5407,Cliente 05407,santa ana,SV,PyME,2025-10-16
5408,Cliente 05408,La Union,HN,PyME,2025-07-19
5409,Cliente 05409,,ELS,Constructor,2025-05-02
5410,Cliente 05410,San Vicente,GT,Hogar,2025-01-11
5411,Cliente 05411,San Miguel,sv,,2025-10-15
C5412,Cliente 05412,Usulutan,sv,Hogar,2025-02-20
5413,Cliente 05413,La Paz,SV,,2025-06-25
5414,Cliente 05414,santa ana,ELS,Hogar,2025-04-01
5415,,La Libertad,NI,Constructor,2025-02-08
5416,Cliente 05416,La Paz,GT,Constructor,2025-06-15
5417,Cliente 05417,santa ana,sv,Constructor,2025-10-24
5418,Cliente 05418,,NI,,2025-09-01
5419,Cliente 05419,san salvador,sv,PyME,2025-12-05
5420,Cliente 05420,Usulutan,GT,Constructor,2025-04-12
5421,Cliente 05421,La Union,NI,,2025-01-26
5422,Cliente 05422,La Paz,ELS,Constructor,2025-12-15
5423,Cliente 05423,Cuscatlan,ELS,Mayorista,2025-02-09
5424,Cliente 05424,Morazan,sv,PyME,ayer
5425,Cliente 05425,Santa Ana,ELS,,2025-09-19
5426,Cliente 05426,Ahuachapan,HN,Constructor,2025-07-13
5427,Cliente 05427,,GT,Constructor,2025-07-15
5428,Cliente 05428,san salvador,SV,,2025-07-12
5429,Cliente 05429,La Union,NI,Mayorista,2025-07-25
5430,Cliente 05430,Usulutan,sv,Constructor,2025-02-10
5431,Cliente 05431,San Salvador,sv,Hogar,2025-06-16
5432,Cliente 05432,San Miguel,SV,Constructor,2025-06-20
5433,Cliente 05433,La Libertad,ELS,Mayorista,2025-04-26
5434,Cliente 05434,Ahuachapan,NI,Mayorista,2025-01-01
5435,Cliente 05435,SAN SALVADOR,SV,,2025-04-26
5436,Cliente 05436,,sv,,2025-09-26
5437,Cliente 05437,Usulutan,sv,PyME,2025-02-28
5438,Cliente 05438,La Union,ELS,PyME,2025-09-01
5439,Cliente 05439,San Vicente,ELS,Mayorista,2025-01-12
5440,Cliente 05440,La Paz,NI,,2025-10-02
5441,Cliente 05441,Usulutan,ELS,Hogar,2025-05-12
5442,Cliente 05442,La Union,ELS,PyME,2025-04-23
5443,Cliente 05443,Chalatenango,NI,Hogar,2025-08-17
5444,Cliente 05444,Sonsonate,SV,Hogar,2025-03-26
5445,Cliente 05445,,ELS,Hogar,2025-12-12
5446,Cliente 05446,San Miguel,GT,Mayorista,2025-10-27
5447,Cliente 05447,San Miguel,SV,Mayorista,2025-02-08
5448,Cliente 05448,Cuscatlan,GT,PyME,2025-07-19
5449,Cliente 05449,santa ana,SV,Constructor,2025-03-26
5450,Cliente 05450,Ahuachapan,SV,Mayorista,2025-01-16
5451,Cliente 05451,Cuscatlan,sv,Constructor,2025-06-04
5452,Cliente 05452,Morazan,HN,Constructor,2025-08-02
C5453,Cliente 05453,santa ana,ELS,,2025-10-08
5454,Cliente 05454,,GT,PyME,2025-06-12
5455,Cliente 05455,Usulutan,sv,Mayorista,2025-10-05
5456,Cliente 05456,San Miguel,NI,Mayorista,2025-05-22
5457,Cliente 05457,san salvador,ELS,Mayorista,2025-10-10
5458,Cliente 05458,La Union,HN,,2025-09-28
5459,Cliente 05459,san salvador,sv,PyME,2025-08-04
5460,Cliente 05460,Usulutan,SV,Hogar,2025-04-08
5461,Cliente 05461,santa ana,SV,Mayorista,2025-08-17
5462,Cliente 05462,San Salvador,NI,Constructor,2025-04-20
5463,Cliente 05463,,HN,PyME,2025-04-06
5464,Cliente 05464,Ahuachapan,SV,Constructor,2025-11-11
5465,Cliente 05465,Ahuachapan,NI,Mayorista,2025-07-11
5466,Cliente 05466,San Salvador,HN,PyME,2025-06-18
5467,Cliente 05467,Sonsonate,NI,Mayorista,2025-02-21
5468,Cliente 05468,La Libertad,ELS,Constructor,2025-08-25
5469,Cliente 05469,santa ana,NI,Mayorista,2025-05-14
5470,Cliente 05470,Cuscatlan,ELS,PyME,2025-03-15
5471,Cliente 05471,La Union,sv,PyME,2025-12-09
5472,,,ELS,PyME,2025-06-26
5473,Cliente 05473,Morazan,HN,PyME,2025-12-20
5474,Cliente 05474,Sonsonate,GT,,2025-06-13
5475,Cliente 05475,San Miguel,HN,Constructor,2025-08-07
5476,Cliente 05476,Morazan,sv,Constructor,2025-06-05
5477,Cliente 05477,Ahuachapan,GT,Hogar,2025-12-12
5478,Cliente 05478,San Vicente,NI,Mayorista,2025-02-08
5479,Cliente 05479,Chalatenango,ELS,Mayorista,2025-03-22
5480,Cliente 05480,Morazan,SV,,2025-08-08
5481,Cliente 05481,,SV,Mayorista,2025-12-18
5482,Cliente 05482,Usulutan,GT,PyME,2025-10-02
5483,Cliente 05483,Ahuachapan,HN,Constructor,2025-09-18
5484,Cliente 05484,San Vicente,SV,PyME,2025-09-15
5485,Cliente 05485,Santa Ana,NI,Constructor,2025-04-19
5486,Cliente 05486,Sonsonate,SV,PyME,2025-07-01
5487,Cliente 05487,Ahuachapan,HN,PyME,2025-08-23
5488,Cliente 05488,San Vicente,HN,Hogar,2025-07-13
5489,Cliente 05489,Santa Ana,GT,,2025-07-02
5490,Cliente 05490,,HN,Constructor,2025-03-17
5491,Cliente 05491,Cuscatlan,SV,Constructor,2025-08-05
5492,Cliente 05492,SAN SALVADOR,HN,PyME,2025-08-23
5493,Cliente 05493,Morazan,HN,Constructor,2025-08-03
C5494,Cliente 05494,La Paz,HN,PyME,2025-10-07
5495,Cliente 05495,Ahuachapan,SV,,2025-10-28
5496,Cliente 05496,San Vicente,NI,Mayorista,2025-03-04
5497,Cliente 05497,Cuscatlan,GT,,2025-05-19
5498,Cliente 05498,san salvador,sv,PyME,2025-07-20
5499,Cliente 05499,,HN,PyME,2025-04-07
5500,Cliente 05500,Cuscatlan,NI,Constructor,2025-09-08
5501,Cliente 05501,san salvador,ELS,Constructor,2025-01-16
5502,Cliente 05502,Santa Ana,ELS,PyME,2025-01-04
5503,Cliente 05503,santa ana,NI,PyME,2025-12-07
5504,Cliente 05504,Usulutan,HN,Constructor,2025-04-14
5505,Cliente 05505,Chalatenango,sv,Constructor,2025-03-19
5506,Cliente 05506,san salvador,ELS,Hogar,2025-03-18
5507,Cliente 05507,Chalatenango,GT,,2025-04-04
5508,Cliente 05508,,SV,PyME,2025-02-09
5509,Cliente 05509,Ahuachapan,NI,Hogar,2025-08-14
5510,Cliente 05510,santa ana,SV,,2025-09-22
5511,Cliente 05511,San Salvador,SV,Hogar,2025-06-05
5512,Cliente 05512,San Vicente,HN,Hogar,2025-10-03
5513,Cliente 05513,santa ana,NI,PyME,2025-03-01
5514,Cliente 05514,La Libertad,GT,Constructor,2025-03-26
5515,Cliente 05515,Usulutan,GT,Mayorista,2025-05-04
5516,Cliente 05516,La Union,NI,PyME,2025-03-13
5517,Cliente 05517,,sv,Mayorista,2025-03-04
5518,Cliente 05518,La Union,GT,Hogar,2025-06-17
5519,Cliente 05519,SAN SALVADOR,NI,Constructor,2025-03-15
5520,Cliente 05520,La Union,SV,PyME,2025-09-12
5521,Cliente 05521,santa ana,HN,,2025-06-09
5522,Cliente 05522,santa ana,NI,Mayorista,2025-10-26
5523,Cliente 05523,Chalatenango,ELS,Mayorista,2025-04-02
5524,Cliente 05524,Chalatenango,HN,Hogar,2025-11-26
5525,Cliente 05525,Ahuachapan,NI,,2025-11-05
5526,Cliente 05526,,ELS,PyME,2025-08-09
5527,Cliente 05527,Chalatenango,GT,PyME,2025-09-28
5528,Cliente 05528,San Miguel,sv,Mayorista,2025-10-17
5529,,SAN SALVADOR,HN,Constructor,2025-08-01
5530,Cliente 05530,santa ana,HN,Hogar,2025-07-25
5531,Cliente 05531,santa ana,ELS,PyME,2025-01-23
5532,Cliente 05532,santa ana,HN,,2025-07-21
5533,Cliente 05533,santa ana,SV,PyME,2025-12-03
5534,Cliente 05534,Santa Ana,NI,Constructor,2025-08-02
C5535,Cliente 05535,,GT,PyME,2025-03-26
5536,Cliente 05536,Santa Ana,sv,PyME,2025-07-22
5537,Cliente 05537,San Miguel,ELS,PyME,ayer
5538,Cliente 05538,SAN SALVADOR,SV,,2025-06-05
5539,Cliente 05539,Chalatenango,sv,PyME,2025-11-28
5540,Cliente 05540,Santa Ana,GT,Constructor,2025-07-11
5541,Cliente 05541,Cuscatlan,NI,Constructor,2025-12-11
5542,Cliente 05542,Usulutan,SV,Hogar,2025-12-06
5543,Cliente 05543,Morazan,NI,Mayorista,2025-06-09
5544,Cliente 05544,,GT,Constructor,2025-02-17
5545,Cliente 05545,La Union,NI,,2025-01-03
5546,Cliente 05546,La Libertad,GT,,2025-09-14
5547,Cliente 05547,Usulutan,SV,Mayorista,2025-10-21
5548,Cliente 05548,Chalatenango,NI,Constructor,2025-02-22
5549,Cliente 05549,santa ana,GT,Hogar,2025-03-02
5550,Cliente 05550,La Paz,SV,Hogar,2025-06-21
5551,Cliente 05551,San Salvador,ELS,Constructor,2025-06-15
5552,Cliente 05552,Usulutan,HN,Constructor,2025-09-19
5553,Cliente 05553,,GT,Hogar,2025-06-08
5554,Cliente 05554,Santa Ana,ELS,Hogar,2025-02-21
5555,Cliente 05555,Usulutan,ELS,,2025-01-17
5556,Cliente 05556,san salvador,HN,,2025-04-13
5557,Cliente 05557,SAN SALVADOR,sv,Constructor,2025-09-22
5558,Cliente 05558,San Salvador,NI,Mayorista,2025-11-03
5559,Cliente 05559,San Vicente,SV,Constructor,2025-06-28
5560,Cliente 05560,Cuscatlan,GT,Hogar,2025-09-01
5561,Cliente 05561,La Union,NI,Mayorista,2025-05-12
5562,Cliente 05562,,HN,PyME,2025-04-20
5563,Cliente 05563,Usulutan,NI,Constructor,2025-07-21
5564,Cliente 05564,San Vicente,HN,,2025-07-03
5565,Cliente 05565,Ahuachapan,HN,Mayorista,2025-08-10
5566,Cliente 05566,Chalatenango,SV,Mayorista,2025-07-13
5567,Cliente 05567,La Libertad,GT,Hogar,2025-10-27
5568,Cliente 05568,Santa Ana,sv,PyME,2025-12-20
5569,Cliente 05569,Cuscatlan,GT,Hogar,2025-08-25
5570,Cliente 05570,santa ana,ELS,Hogar,2025-02-13
5571,Cliente 05571,,GT,PyME,2025-05-03
5572,Cliente 05572,Sonsonate,GT,,2025-06-27
5573,Cliente 05573,Morazan,sv,Constructor,2025-09-06
5574,Cliente 05574,La Libertad,sv,PyME,2025-05-05
5575,Cliente 05575,San Vicente,ELS,Constructor,2025-05-04
C5576,Cliente 05576,san salvador,NI,PyME,2025-09-20
5577,Cliente 05577,Ahuachapan,sv,PyME,2025-04-07
5578,Cliente 05578,santa ana,sv,Constructor,2025-02-01
5579,Cliente 05579,Ahuachapan,HN,Constructor,2025-06-28
5580,Cliente 05580,,SV,Hogar,2025-10-22
5580,Cliente 05580,,SV,Hogar,2025-10-22
5581,Cliente 05581,San Vicente,GT,,2025-06-03
5582,Cliente 05582,La Libertad,SV,,2025-11-22
5583,Cliente 05583,Ahuachapan,ELS,Mayorista,2025-05-04
5584,Cliente 05584,Cuscatlan,NI,Constructor,2025-06-03
5585,Cliente 05585,Chalatenango,ELS,Hogar,2025-01-26
5586,,La Libertad,ELS,Constructor,2025-07-13
5587,Cliente 05587,Chalatenango,HN,Mayorista,2025-02-15
5588,Cliente 05588,La Paz,sv,Hogar,2025-02-10
5589,Cliente 05589,,HN,Hogar,2025-05-08
5590,Cliente 05590,SAN SALVADOR,NI,Constructor,2025-05-12
5591,Cliente 05591,San Miguel,ELS,PyME,2025-01-14
5592,Cliente 05592,San Miguel,ELS,Hogar,2025-11-14
5593,Cliente 05593,Cuscatlan,ELS,,2025-10-19
5594,Cliente 05594,Chalatenango,HN,Constructor,2025-02-08
5595,Cliente 05595,Morazan,SV,Hogar,2025-06-09
5596,Cliente 05596,Ahuachapan,GT,Constructor,2025-09-01
5597,Cliente 05597,San Salvador,GT,Hogar,2025-06-02
5598,Cliente 05598,,SV,,2025-11-23
5599,Cliente 05599,San Salvador,ELS,,2025-02-27
5600,Cliente 05600,san salvador,sv,PyME,2025-12-02
5601,Cliente 05601,San Salvador,ELS,PyME,2025-08-26
5602,Cliente 05602,Morazan,ELS,Constructor,2025-12-01
5603,Cliente 05603,Morazan,SV,Hogar,2025-04-13
5604,Cliente 05604,Cuscatlan,NI,Hogar,2025-03-22
5605,Cliente 05605,San Miguel,HN,Mayorista,2025-01-24
5606,Cliente 05606,San Vicente,GT,PyME,2025-09-08
5607,Cliente 05607,,SV,Mayorista,2025-12-23
5608,Cliente 05608,San Salvador,NI,Mayorista,2025-04-07
5609,Cliente 05609,La Paz,ELS,PyME,2025-02-04
5610,Cliente 05610,La Libertad,NI,,2025-12-23
5611,Cliente 05611,La Paz,GT,,2025-01-04
5612,Cliente 05612,santa ana,HN,PyME,2025-06-12
5613,Cliente 05613,Chalatenango,ELS,Constructor,2025-01-25
5614,Cliente 05614,San Salvador,HN,Mayorista,2025-11-08
5615,Cliente 05615,Usulutan,sv,PyME,2025-12-05
5616,Cliente 05616,,HN,,2025-12-10
C5617,Cliente 05617,Cuscatlan,NI,Constructor,2025-05-20
5618,Cliente 05618,La Union,sv,PyME,2025-08-16
5619,Cliente 05619,Santa Ana,sv,Constructor,2025-02-18
5620,Cliente 05620,La Union,NI,PyME,2025-07-13
5621,Cliente 05621,san salvador,sv,PyME,2025-02-15
5622,Cliente 05622,San Miguel,HN,Mayorista,2025-11-08
5623,Cliente 05623,San Vicente,SV,Mayorista,2025-04-17
5624,Cliente 05624,Morazan,ELS,Hogar,2025-04-12
5625,Cliente 05625,,NI,PyME,2025-03-16
5626,Cliente 05626,SAN SALVADOR,sv,Hogar,2025-02-11
5627,Cliente 05627,San Salvador,GT,,2025-02-11
5628,Cliente 05628,San Salvador,SV,Mayorista,2025-02-25
5629,Cliente 05629,Sonsonate,HN,Hogar,2025-08-15
5630,Cliente 05630,Cuscatlan,HN,Hogar,2025-10-19
5631,Cliente 05631,Morazan,GT,Mayorista,2025-09-10
5632,Cliente 05632,Ahuachapan,sv,Constructor,2025-05-01
5633,Cliente 05633,Chalatenango,sv,Mayorista,2025-11-04
5634,Cliente 05634,,NI,Hogar,2025-08-28
5635,Cliente 05635,Usulutan,sv,Constructor,2025-11-16
5636,Cliente 05636,san salvador,SV,Constructor,2025-11-20
5637,Cliente 05637,San Salvador,sv,Constructor,2025-03-06
5638,Cliente 05638,SAN SALVADOR,NI,PyME,2025-01-08
5639,Cliente 05639,San Vicente,SV,,2025-03-05
5640,Cliente 05640,Cuscatlan,SV,Mayorista,2025-08-03
5641,Cliente 05641,San Miguel,sv,PyME,2025-01-21
5642,Cliente 05642,Cuscatlan,SV,Mayorista,2025-12-15
5643,,,ELS,Mayorista,2025-12-24
5644,Cliente 05644,Sonsonate,ELS,Mayorista,2025-03-03
5645,Cliente 05645,La Libertad,HN,PyME,2025-07-13
5646,Cliente 05646,Cuscatlan,NI,Mayorista,2025-10-07
5647,Cliente 05647,San Miguel,SV,PyME,2025-06-15
5648,Cliente 05648,Cuscatlan,GT,Mayorista,2025-05-10
5649,Cliente 05649,Chalatenango,SV,Mayorista,2025-08-21
5650,Cliente 05650,santa ana,sv,PyME,ayer
5651,Cliente 05651,Santa Ana,sv,Mayorista,2025-03-28
5652,Cliente 05652,,ELS,Hogar,2025-05-23
5653,Cliente 05653,San Salvador,NI,,2025-03-12
5654,Cliente 05654,San Salvador,NI,Constructor,2025-11-07
5655,Cliente 05655,SAN SALVADOR,GT,Mayorista,2025-08-23
5656,Cliente 05656,Cuscatlan,NI,Constructor,2025-05-14
5657,Cliente 05657,Santa Ana,HN,Mayorista,2025-05-20
C5658,Cliente 05658,Usulutan,ELS,Mayorista,2025-08-22
5659,Cliente 05659,san salvador,HN,Hogar,2025-11-06
5660,Cliente 05660,La Libertad,SV,Hogar,2025-04-13
5661,Cliente 05661,,GT,Hogar,2025-07-25
5662,Cliente 05662,san salvador,ELS,PyME,2025-05-06
5663,Cliente 05663,Chalatenango,ELS,Hogar,2025-06-04
5664,Cliente 05664,SAN SALVADOR,SV,,2025-04-21
5665,Cliente 05665,san salvador,NI,,2025-05-18
5666,Cliente 05666,san salvador,sv,Constructor,2025-07-20
5667,Cliente 05667,santa ana,NI,Constructor,2025-12-02
5668,Cliente 05668,San Salvador,HN,Constructor,2025-08-20
5669,Cliente 05669,La Union,NI,PyME,2025-10-21
5670,Cliente 05670,,SV,Hogar,2025-09-04
5671,Cliente 05671,Morazan,GT,Constructor,2025-09-23
5672,Cliente 05672,La Union,sv,Hogar,2025-05-11
5673,Cliente 05673,SAN SALVADOR,HN,Hogar,2025-06-11
5674,Cliente 05674,San Vicente,NI,Hogar,2025-11-16
5675,Cliente 05675,Usulutan,SV,PyME,2025-07-05
5676,Cliente 05676,Morazan,ELS,Constructor,2025-01-18
5677,Cliente 05677,La Union,NI,PyME,2025-12-11
5678,Cliente 05678,Santa Ana,sv,Hogar,2025-11-10
5679,Cliente 05679,,sv,Hogar,2025-11-08
5680,Cliente 05680,Chalatenango,sv,Hogar,2025-03-06
5681,Cliente 05681,Morazan,SV,,2025-09-18
5682,Cliente 05682,La Libertad,ELS,,2025-01-08
5683,Cliente 05683,San Salvador,GT,PyME,2025-06-22
5684,Cliente 05684,La Paz,ELS,,2025-10-25
5685,Cliente 05685,santa ana,NI,Mayorista,2025-09-26
5686,Cliente 05686,San Miguel,NI,Constructor,2025-07-23
5687,Cliente 05687,SAN SALVADOR,GT,Mayorista,2025-10-13
5688,Cliente 05688,,GT,PyME,2025-07-21
5689,Cliente 05689,La Paz,SV,Hogar,2025-11-08
5690,Cliente 05690,Chalatenango,GT,PyME,2025-08-09
5691,Cliente 05691,Morazan,GT,Hogar,2025-01-02
5692,Cliente 05692,La Paz,GT,Hogar,2025-07-27
5693,Cliente 05693,Ahuachapan,GT,,2025-06-16
5694,Cliente 05694,San Salvador,sv,,2025-12-27
5695,Cliente 05695,Usulutan,GT,Hogar,2025-04-05
5696,Cliente 05696,san salvador,SV,PyME,2025-06-10
5697,Cliente 05697,,sv,Mayorista,2025-04-03
5698,Cliente 05698,Morazan,SV,Hogar,2025-02-04
C5699,Cliente 05699,Chalatenango,NI,Mayorista,2025-02-20
5700,,Ahuachapan,HN,Constructor,2025-07-18
5701,Cliente 05701,Cuscatlan,HN,Constructor,2025-04-10
5702,Cliente 05702,san salvador,ELS,Constructor,2025-12-22
5703,Cliente 05703,Santa Ana,NI,Hogar,2025-11-03
5704,Cliente 05704,La Libertad,GT,Constructor,2025-01-04
5705,Cliente 05705,La Paz,GT,Hogar,2025-05-26
5706,Cliente 05706,,NI,Mayorista,2025-06-09
5707,Cliente 05707,San Salvador,sv,PyME,2025-10-02
5708,Cliente 05708,Morazan,HN,Mayorista,2025-06-12
5709,Cliente 05709,san salvador,NI,,2025-10-19
5710,Cliente 05710,Usulutan,GT,PyME,2025-03-06
5711,Cliente 05711,Morazan,sv,Hogar,2025-03-06
5712,Cliente 05712,Chalatenango,NI,,2025-04-27
5713,Cliente 05713,Morazan,GT,Mayorista,2025-10-03
5714,Cliente 05714,santa ana,SV,,2025-02-14
5715,Cliente 05715,,ELS,Hogar,2025-08-13
5716,Cliente 05716,La Paz,GT,,2025-11-08
5717,Cliente 05717,San Vicente,ELS,PyME,2025-09-03
5718,Cliente 05718,santa ana,SV,Constructor,2025-03-15
5719,Cliente 05719,santa ana,GT,,2025-08-28
5720,Cliente 05720,La Libertad,GT,Hogar,2025-11-25
5721,Cliente 05721,San Salvador,GT,PyME,2025-07-21
5722,Cliente 05722,Sonsonate,HN,,2025-10-02
5723,Cliente 05723,SAN SALVADOR,ELS,PyME,2025-10-28
5724,Cliente 05724,,ELS,Constructor,2025-02-08
5725,Cliente 05725,Cuscatlan,HN,Mayorista,2025-02-14
5726,Cliente 05726,San Vicente,sv,PyME,2025-08-23
5727,Cliente 05727,La Paz,SV,Mayorista,2025-10-11
5728,Cliente 05728,San Salvador,ELS,PyME,2025-07-25
5729,Cliente 05729,Santa Ana,ELS,Hogar,2025-10-07
5730,Cliente 05730,La Libertad,GT,PyME,2025-12-24
5731,Cliente 05731,santa ana,ELS,Hogar,2025-02-07
5732,Cliente 05732,San Vicente,sv,PyME,2025-11-19
5733,Cliente 05733,,GT,Hogar,2025-07-07
5734,Cliente 05734,La Libertad,HN,Hogar,2025-01-15
5735,Cliente 05735,san salvador,SV,,2025-02-21
5736,Cliente 05736,Cuscatlan,HN,Hogar,2025-03-17
5737,Cliente 05737,Ahuachapan,SV,PyME,2025-06-08
5738,Cliente 05738,Ahuachapan,GT,Mayorista,2025-01-12
5739,Cliente 05739,La Libertad,GT,Hogar,2025-06-06
C5740,Cliente 05740,San Vicente,SV,Mayorista,2025-04-09
5741,Cliente 05741,La Paz,SV,Constructor,2025-06-17
5742,Cliente 05742,,HN,Hogar,2025-03-28
5743,Cliente 05743,Sonsonate,SV,Hogar,2025-04-12
5744,Cliente 05744,La Libertad,ELS,Mayorista,2025-04-12
5745,Cliente 05745,Morazan,SV,Mayorista,2025-07-03
5746,Cliente 05746,Morazan,SV,Mayorista,2025-04-26
5747,Cliente 05747,Ahuachapan,SV,Hogar,2025-07-26
5748,Cliente 05748,Usulutan,SV,Mayorista,2025-10-14
5749,Cliente 05749,Chalatenango,GT,,2025-09-07
5750,Cliente 05750,La Libertad,GT,,2025-11-10
5751,Cliente 05751,,NI,Constructor,2025-03-16
5752,Cliente 05752,Usulutan,SV,PyME,2025-02-04
5753,Cliente 05753,Ahuachapan,GT,Constructor,2025-06-23
5754,Cliente 05754,SAN SALVADOR,SV,PyME,2025-10-04
5755,Cliente 05755,san salvador,HN,Mayorista,2025-01-07
5756,Cliente 05756,Chalatenango,HN,Mayorista,2025-07-18
5757,,La Paz,HN,,2025-05-23
5758,Cliente 05758,Sonsonate,NI,,2025-09-20
5759,Cliente 05759,La Paz,GT,Mayorista,2025-10-04
5760,Cliente 05760,,HN,PyME,2025-01-02
5760,Cliente 05760,,HN,PyME,2025-01-02
5761,Cliente 05761,Santa Ana,sv,Hogar,2025-07-10
5762,Cliente 05762,San Vicente,GT,PyME,2025-03-17
5763,Cliente 05763,San Miguel,sv,Mayorista,ayer
5764,Cliente 05764,san salvador,ELS,Hogar,2025-04-27
5765,Cliente 05765,Morazan,sv,,2025-07-28
5766,Cliente 05766,San Vicente,ELS,Mayorista,2025-05-21
5767,Cliente 05767,Morazan,HN,PyME,2025-11-24
5768,Cliente 05768,Morazan,NI,,2025-11-16
5769,Cliente 05769,,ELS,,2025-08-27
5770,Cliente 05770,Usulutan,ELS,Hogar,2025-12-11
5771,Cliente 05771,Ahuachapan,sv,PyME,2025-02-19
5772,Cliente 05772,Chalatenango,ELS,Hogar,2025-11-06
5773,Cliente 05773,Ahuachapan,NI,,2025-11-01
5774,Cliente 05774,San Miguel,HN,PyME,2025-06-08
5775,Cliente 05775,San Vicente,ELS,Constructor,2025-05-12
5776,Cliente 05776,Sonsonate,GT,Mayorista,2025-04-19
5777,Cliente 05777,san salvador,HN,Constructor,2025-02-06
5778,Cliente 05778,,NI,PyME,2025-03-18
5779,Cliente 05779,Morazan,sv,,2025-10-23
5780,Cliente 05780,La Paz,NI,PyME,2025-02-24
C5781,Cliente 05781,Cuscatlan,NI,Constructor,2025-08-26
5782,Cliente 05782,San Miguel,sv,Hogar,2025-02-23
5783,Cliente 05783,La Paz,sv,PyME,2025-01-24
5784,Cliente 05784,san salvador,ELS,Constructor,2025-10-23
5785,Cliente 05785,Morazan,HN,Mayorista,2025-10-24
5786,Cliente 05786,San Vicente,NI,,2025-12-22
5787,Cliente 05787,,HN,Hogar,2025-04-03
5788,Cliente 05788,Usulutan,HN,Constructor,2025-05-14
5789,Cliente 05789,Usulutan,ELS,Constructor,2025-07-12
5790,Cliente 05790,San Vicente,NI,PyME,2025-08-07
5791,Cliente 05791,San Miguel,SV,Constructor,2025-07-20
5792,Cliente 05792,La Paz,GT,,2025-05-11
5793,Cliente 05793,Chalatenango,ELS,PyME,2025-07-11
5794,Cliente 05794,san salvador,GT,Mayorista,2025-09-13
5795,Cliente 05795,La Paz,ELS,,2025-04-07
5796,Cliente 05796,,GT,Constructor,2025-04-22
5797,Cliente 05797,Cuscatlan,GT,Constructor,2025-09-11
5798,Cliente 05798,Morazan,GT,Hogar,2025-11-16
5799,Cliente 05799,La Paz,HN,Hogar,2025-11-06
5800,Cliente 05800,Santa Ana,NI,,2025-04-05
5801,Cliente 05801,San Miguel,HN,Constructor,2025-11-15
5802,Cliente 05802,Chalatenango,sv,Hogar,2025-09-09
5803,Cliente 05803,San Miguel,ELS,Hogar,2025-03-17
5804,Cliente 05804,Santa Ana,SV,PyME,2025-03-11
5805,Cliente 05805,,GT,Constructor,2025-01-12
5806,Cliente 05806,SAN SALVADOR,ELS,Constructor,2025-10-03
5807,Cliente 05807,La Paz,sv,,2025-04-12
5808,Cliente 05808,san salvador,GT,PyME,2025-11-11
5809,Cliente 05809,Ahuachapan,sv,Mayorista,2025-02-28
5810,Cliente 05810,Sonsonate,NI,Hogar,2025-05-19
5811,Cliente 05811,La Paz,sv,Hogar,2025-08-23
5812,Cliente 05812,Morazan,ELS,Hogar,2025-02-01
5813,Cliente 05813,San Miguel,sv,Hogar,2025-02-24
5814,,,ELS,,2025-01-22
5815,Cliente 05815,La Paz,ELS,Mayorista,2025-06-26
5816,Cliente 05816,SAN SALVADOR,HN,Mayorista,2025-11-20
5817,Cliente 05817,san salvador,HN,PyME,2025-11-08
5818,Cliente 05818,Sonsonate,ELS,Hogar,2025-01-27
5819,Cliente 05819,Cuscatlan,sv,Hogar,2025-03-25
5820,Cliente 05820,Santa Ana,sv,Mayorista,2025-11-18
5821,Cliente 05821,Usulutan,ELS,Constructor,2025-03-07
C5822,Cliente 05822,San Miguel,GT,PyME,2025-06-15
5823,Cliente 05823,,GT,Hogar,2025-03-15
5824,Cliente 05824,San Vicente,SV,Mayorista,2025-10-08
5825,Cliente 05825,San Salvador,SV,Hogar,2025-04-20
5826,Cliente 05826,La Paz,HN,PyME,2025-05-13
5827,Cliente 05827,Cuscatlan,NI,Hogar,2025-11-13
5828,Cliente 05828,La Union,ELS,Constructor,2025-05-28
5829,Cliente 05829,Morazan,GT,Mayorista,2025-03-10
5830,Cliente 05830,santa ana,SV,Mayorista,2025-01-09
5831,Cliente 05831,La Libertad,ELS,Hogar,2025-11-05
5832,Cliente 05832,,HN,PyME,2025-06-04
5833,Cliente 05833,San Miguel,sv,Constructor,2025-07-27
5834,Cliente 05834,Morazan,HN,PyME,2025-09-26
5835,Cliente 05835,Usulutan,HN,Hogar,2025-12-13
5836,Cliente 05836,San Miguel,NI,PyME,2025-08-04
5837,Cliente 05837,SAN SALVADOR,GT,PyME,2025-06-22
5838,Cliente 05838,Chalatenango,ELS,,2025-05-23
5839,Cliente 05839,san salvador,ELS,Hogar,2025-07-26
5840,Cliente 05840,San Vicente,GT,PyME,2025-10-10
5841,Cliente 05841,,SV,Constructor,2025-09-04
5842,Cliente 05842,Sonsonate,NI,,2025-05-17
5843,Cliente 05843,Santa Ana,HN,Hogar,2025-07-16
5844,Cliente 05844,santa ana,GT,Constructor,2025-09-09
5845,Cliente 05845,Ahuachapan,GT,Constructor,2025-09-27
5846,Cliente 05846,san salvador,ELS,Constructor,2025-07-03
5847,Cliente 05847,Sonsonate,ELS,Constructor,2025-07-14
5848,Cliente 05848,SAN SALVADOR,ELS,Constructor,2025-05-20
5849,Cliente 05849,San Salvador,SV,Constructor,2025-04-27
5850,Cliente 05850,,HN,Constructor,2025-06-22
5851,Cliente 05851,Santa Ana,SV,Constructor,2025-08-26
5852,Cliente 05852,La Paz,NI,Hogar,2025-10-14
5853,Cliente 05853,Cuscatlan,SV,PyME,2025-11-19
5854,Cliente 05854,San Miguel,sv,Mayorista,2025-12-10
5855,Cliente 05855,san salvador,GT,PyME,2025-09-19
5856,Cliente 05856,San Miguel,sv,,2025-10-04
5857,Cliente 05857,Usulutan,SV,PyME,2025-08-10
5858,Cliente 05858,SAN SALVADOR,ELS,PyME,2025-09-28
5859,Cliente 05859,,ELS,Mayorista,2025-03-14
5860,Cliente 05860,Usulutan,HN,Mayorista,2025-10-13
5861,Cliente 05861,Morazan,ELS,,2025-01-02
5862,Cliente 05862,San Salvador,SV,Constructor,2025-04-17
C5863,Cliente 05863,Morazan,ELS,Mayorista,2025-05-12
5864,Cliente 05864,La Paz,GT,Hogar,2025-07-04
5865,Cliente 05865,Chalatenango,ELS,Mayorista,2025-04-01
5866,Cliente 05866,La Union,GT,Mayorista,2025-11-04
5867,Cliente 05867,Morazan,NI,Hogar,2025-10-17
5868,Cliente 05868,,HN,PyME,2025-01-21
5869,Cliente 05869,San Salvador,sv,PyME,2025-10-28
5870,Cliente 05870,Morazan,HN,Mayorista,2025-07-25
5871,,santa ana,HN,Hogar,2025-05-24
5872,Cliente 05872,Chalatenango,sv,,2025-11-17
5873,Cliente 05873,La Paz,HN,,2025-01-23
5874,Cliente 05874,Ahuachapan,sv,Constructor,2025-10-17
5875,Cliente 05875,san salvador,ELS,Mayorista,2025-10-06
5876,Cliente 05876,santa ana,ELS,Mayorista,ayer
5877,Cliente 05877,,GT,Mayorista,2025-11-24
5878,Cliente 05878,SAN SALVADOR,SV,Hogar,2025-09-12
5879,Cliente 05879,La Union,SV,Mayorista,2025-08-22
5880,Cliente 05880,San Salvador,GT,,2025-04-16
5881,Cliente 05881,San Salvador,HN,Hogar,2025-12-19
5882,Cliente 05882,La Union,HN,Mayorista,2025-08-04
5883,Cliente 05883,Santa Ana,sv,Mayorista,2025-12-02
5884,Cliente 05884,SAN SALVADOR,NI,Mayorista,2025-12-23
5885,Cliente 05885,San Miguel,ELS,PyME,2025-07-02
5886,Cliente 05886,,GT,PyME,2025-02-08
5887,Cliente 05887,San Salvador,ELS,Constructor,2025-08-11
5888,Cliente 05888,La Libertad,HN,Hogar,2025-05-16
5889,Cliente 05889,Usulutan,NI,,2025-07-05
5890,Cliente 05890,San Vicente,ELS,Hogar,2025-11-25
5891,Cliente 05891,san salvador,GT,Hogar,2025-01-12
5892,Cliente 05892,Sonsonate,GT,,2025-09-10
5893,Cliente 05893,San Miguel,ELS,Hogar,2025-11-13
5894,Cliente 05894,La Paz,GT,PyME,2025-01-22
5895,Cliente 05895,,sv,PyME,2025-08-03
5896,Cliente 05896,La Libertad,NI,Hogar,2025-06-01
5897,Cliente 05897,La Paz,HN,Constructor,2025-08-07
5898,Cliente 05898,Chalatenango,sv,Hogar,2025-02-23
5899,Cliente 05899,SAN SALVADOR,ELS,Constructor,2025-01-28
5900,Cliente 05900,San Vicente,GT,Hogar,2025-06-27
5901,Cliente 05901,San Salvador,HN,PyME,2025-02-08
5902,Cliente 05902,Usulutan,sv,Mayorista,2025-06-13
5903,Cliente 05903,Cuscatlan,HN,Constructor,2025-10-04
C5904,Cliente 05904,,ELS,PyME,2025-05-15
5905,Cliente 05905,Chalatenango,sv,PyME,2025-01-13
5906,Cliente 05906,La Libertad,ELS,Mayorista,2025-06-14
5907,Cliente 05907,Morazan,HN,Hogar,2025-12-08
5908,Cliente 05908,La Paz,SV,,2025-06-23
5909,Cliente 05909,Morazan,GT,Mayorista,2025-09-02
5910,Cliente 05910,SAN SALVADOR,ELS,,2025-01-26
5911,Cliente 05911,San Salvador,sv,Constructor,2025-10-01
5912,Cliente 05912,La Libertad,NI,PyME,2025-01-21
5913,Cliente 05913,,GT,,2025-05-22
5914,Cliente 05914,san salvador,ELS,Hogar,2025-03-06
5915,Cliente 05915,SAN SALVADOR,GT,Mayorista,2025-03-13
5916,Cliente 05916,santa ana,HN,,2025-08-22
5917,Cliente 05917,San Miguel,HN,Mayorista,2025-06-24
5918,Cliente 05918,SAN SALVADOR,ELS,Constructor,2025-01-27
5919,Cliente 05919,Usulutan,sv,Constructor,2025-03-15
5920,Cliente 05920,San Miguel,SV,Hogar,2025-07-23
5921,Cliente 05921,La Libertad,ELS,Mayorista,2025-05-05
5922,Cliente 05922,,ELS,PyME,2025-02-08
5923,Cliente 05923,Santa Ana,NI,Hogar,2025-07-05
5924,Cliente 05924,SAN SALVADOR,NI,Mayorista,2025-11-24
5925,Cliente 05925,Sonsonate,sv,Hogar,2025-08-20
5926,Cliente 05926,Ahuachapan,HN,,2025-04-07
5927,Cliente 05927,San Vicente,ELS,Mayorista,2025-12-19
5928,,Cuscatlan,SV,Hogar,2025-10-27
5929,Cliente 05929,SAN SALVADOR,sv,Constructor,2025-05-22
5930,Cliente 05930,Morazan,ELS,Mayorista,2025-02-13
5931,Cliente 05931,,GT,PyME,2025-01-10
5932,Cliente 05932,Usulutan,ELS,Constructor,2025-12-16
5933,Cliente 05933,Sonsonate,ELS,Hogar,2025-07-10
5934,Cliente 05934,Cuscatlan,HN,Mayorista,2025-12-11
5935,Cliente 05935,La Paz,NI,,2025-08-08
5936,Cliente 05936,Cuscatlan,GT,,2025-09-03
5937,Cliente 05937,santa ana,NI,Hogar,2025-07-03
5938,Cliente 05938,La Union,sv,Constructor,2025-11-09
5939,Cliente 05939,SAN SALVADOR,GT,,2025-01-04
5940,Cliente 05940,,GT,Hogar,2025-07-20
5940,Cliente 05940,,GT,Hogar,2025-07-20
5941,Cliente 05941,santa ana,GT,PyME,2025-12-09
5942,Cliente 05942,Sonsonate,ELS,Mayorista,2025-04-21
5943,Cliente 05943,La Libertad,ELS,PyME,2025-09-04
5944,Cliente 05944,Cuscatlan,SV,PyME,2025-04-02
C5945,Cliente 05945,San Salvador,ELS,Mayorista,2025-07-08
5946,Cliente 05946,SAN SALVADOR,ELS,,2025-01-01
5947,Cliente 05947,san salvador,NI,Hogar,2025-11-12
5948,Cliente 05948,Chalatenango,GT,Mayorista,2025-01-04
5949,Cliente 05949,,GT,PyME,2025-08-21
5950,Cliente 05950,santa ana,NI,PyME,2025-01-11
5951,Cliente 05951,SAN SALVADOR,SV,Constructor,2025-12-25
5952,Cliente 05952,santa ana,ELS,Constructor,2025-07-13
5953,Cliente 05953,san salvador,GT,Mayorista,2025-10-06
5954,Cliente 05954,Cuscatlan,SV,PyME,2025-06-24
5955,Cliente 05955,Sonsonate,GT,Constructor,2025-11-04
5956,Cliente 05956,San Miguel,NI,Hogar,2025-07-12
5957,Cliente 05957,La Paz,SV,Mayorista,2025-02-16
5958,Cliente 05958,,sv,,2025-05-13
5959,Cliente 05959,Usulutan,sv,,2025-07-17
5960,Cliente 05960,La Paz,ELS,Constructor,2025-07-10
5961,Cliente 05961,santa ana,ELS,Hogar,2025-08-16
5962,Cliente 05962,Cuscatlan,GT,Hogar,2025-04-04
5963,Cliente 05963,santa ana,GT,PyME,2025-10-23
5964,Cliente 05964,La Libertad,SV,,2025-06-15
5965,Cliente 05965,La Union,GT,PyME,2025-07-01
5966,Cliente 05966,SAN SALVADOR,NI,Hogar,2025-10-28
5967,Cliente 05967,,HN,Mayorista,2025-09-27
5968,Cliente 05968,Santa Ana,ELS,,2025-09-07
5969,Cliente 05969,San Vicente,HN,PyME,2025-03-09
5970,Cliente 05970,Cuscatlan,ELS,Mayorista,2025-07-25
5971,Cliente 05971,Cuscatlan,ELS,Constructor,2025-06-03
5972,Cliente 05972,Sonsonate,GT,PyME,2025-01-03
5973,Cliente 05973,Usulutan,ELS,,2025-09-11
5974,Cliente 05974,santa ana,HN,Mayorista,2025-11-22
5975,Cliente 05975,San Salvador,SV,Constructor,2025-04-02
5976,Cliente 05976,,NI,PyME,2025-06-23
5977,Cliente 05977,San Miguel,NI,,2025-12-28
5978,Cliente 05978,San Vicente,NI,Constructor,2025-05-24
5979,Cliente 05979,Ahuachapan,NI,PyME,2025-12-15
5980,Cliente 05980,Usulutan,sv,PyME,2025-05-07
5981,Cliente 05981,santa ana,sv,PyME,2025-05-17
5982,Cliente 05982,San Vicente,sv,Mayorista,2025-10-24
5983,Cliente 05983,San Vicente,NI,PyME,2025-09-12
5984,Cliente 05984,Usulutan,sv,PyME,2025-09-10
5985,,,NI,PyME,2025-06-23
C5986,Cliente 05986,Santa Ana,NI,,2025-10-13
5987,Cliente 05987,San Vicente,NI,Mayorista,2025-09-15
5988,Cliente 05988,Cuscatlan,NI,PyME,2025-08-16
5989,Cliente 05989,La Union,ELS,PyME,ayer
5990,Cliente 05990,La Paz,SV,Constructor,2025-05-19
5991,Cliente 05991,La Libertad,HN,PyME,2025-03-24
5992,Cliente 05992,SAN SALVADOR,ELS,,2025-12-22
5993,Cliente 05993,La Paz,HN,Hogar,2025-09-02
5994,Cliente 05994,,HN,Mayorista,2025-03-27
5995,Cliente 05995,Morazan,ELS,,2025-04-12
5996,Cliente 05996,Chalatenango,NI,Constructor,2025-09-11
5997,Cliente 05997,Sonsonate,ELS,Mayorista,2025-12-07
5998,Cliente 05998,San Vicente,sv,Hogar,2025-10-14
5999,Cliente 05999,La Union,ELS,Mayorista,2025-08-18
6000,Cliente 06000,Chalatenango,NI,Hogar,2025-11-16
6001,Cliente 06001,Usulutan,NI,PyME,2025-08-19
6002,Cliente 06002,San Miguel,GT,,2025-10-07
6003,Cliente 06003,,GT,PyME,2025-12-26
6004,Cliente 06004,Chalatenango,NI,PyME,2025-03-09
6005,Cliente 06005,Ahuachapan,ELS,PyME,2025-12-10
6006,Cliente 06006,Ahuachapan,HN,,2025-06-23
6007,Cliente 06007,La Paz,GT,Mayorista,2025-09-18
6008,Cliente 06008,La Union,sv,PyME,2025-08-11
6009,Cliente 06009,San Salvador,HN,Mayorista,2025-02-11
6010,Cliente 06010,Sonsonate,NI,Hogar,2025-09-05
6011,Cliente 06011,santa ana,sv,,2025-06-04
6012,Cliente 06012,,SV,Hogar,2025-07-15
6013,Cliente 06013,San Vicente,NI,PyME,2025-09-14
6014,Cliente 06014,La Libertad,GT,PyME,2025-10-26
6015,Cliente 06015,santa ana,SV,Constructor,2025-07-10
6016,Cliente 06016,San Salvador,ELS,,2025-05-14
6017,Cliente 06017,Usulutan,HN,Mayorista,2025-04-25
6018,Cliente 06018,Chalatenango,sv,Hogar,2025-08-10
6019,Cliente 06019,San Vicente,ELS,Mayorista,2025-11-25
6020,Cliente 06020,Usulutan,SV,Constructor,2025-07-22
6021,Cliente 06021,,ELS,Mayorista,2025-09-14
6022,Cliente 06022,Chalatenango,GT,Mayorista,2025-09-07
6023,Cliente 06023,Morazan,NI,Mayorista,2025-03-11
6024,Cliente 06024,San Salvador,NI,Constructor,2025-04-03
6025,Cliente 06025,La Libertad,sv,PyME,2025-06-21
6026,Cliente 06026,Cuscatlan,SV,,2025-11-02
C6027,Cliente 06027,San Miguel,GT,Hogar,2025-07-05
6028,Cliente 06028,San Miguel,SV,Hogar,2025-03-22
6029,Cliente 06029,Morazan,HN,,2025-09-24
6030,Cliente 06030,,SV,PyME,2025-05-21
6031,Cliente 06031,Ahuachapan,GT,Hogar,2025-09-09
6032,Cliente 06032,Chalatenango,ELS,Hogar,2025-04-12
6033,Cliente 06033,santa ana,ELS,,2025-12-17
6034,Cliente 06034,Santa Ana,NI,Mayorista,2025-05-07
6035,Cliente 06035,San Vicente,sv,Mayorista,2025-05-02
6036,Cliente 06036,La Libertad,GT,Constructor,2025-08-12
6037,Cliente 06037,Usulutan,sv,Mayorista,2025-08-27
6038,Cliente 06038,San Vicente,HN,,2025-03-18
6039,Cliente 06039,,HN,Constructor,2025-06-12
6040,Cliente 06040,San Salvador,NI,Constructor,2025-01-27
6041,Cliente 06041,La Libertad,ELS,Hogar,2025-08-09
6042,,La Union,GT,Constructor,2025-07-17
6043,Cliente 06043,Cuscatlan,NI,Hogar,2025-10-02
6044,Cliente 06044,San Salvador,SV,PyME,2025-11-09
6045,Cliente 06045,Chalatenango,ELS,,2025-02-15
6046,Cliente 06046,santa ana,ELS,PyME,2025-02-20
6047,Cliente 06047,Usulutan,HN,Hogar,2025-04-22
6048,Cliente 06048,,GT,Hogar,2025-01-04
6049,Cliente 06049,Ahuachapan,HN,Constructor,2025-07-11
6050,Cliente 06050,Chalatenango,sv,,2025-01-15
6051,Cliente 06051,La Union,sv,PyME,2025-01-22
6052,Cliente 06052,La Paz,NI,Mayorista,2025-12-01
6053,Cliente 06053,Chalatenango,SV,Hogar,2025-04-05
6054,Cliente 06054,Morazan,SV,,2025-10-01
6055,Cliente 06055,La Union,GT,PyME,2025-09-19
6056,Cliente 06056,Ahuachapan,SV,,2025-01-10
6057,Cliente 06057,,sv,Mayorista,2025-02-09
6058,Cliente 06058,San Salvador,NI,PyME,2025-07-28
6059,Cliente 06059,San Vicente,NI,PyME,2025-11-25
6060,Cliente 06060,La Union,NI,Constructor,2025-03-24
6061,Cliente 06061,San Salvador,NI,,2025-11-23
6062,Cliente 06062,San Vicente,SV,Constructor,2025-12-13
6063,Cliente 06063,Cuscatlan,NI,PyME,2025-12-02
6064,Cliente 06064,San Salvador,GT,Constructor,2025-12-25
6065,Cliente 06065,san salvador,sv,PyME,2025-10-03
6066,Cliente 06066,,GT,Mayorista,2025-04-15
6067,Cliente 06067,San Vicente,NI,PyME,2025-08-21
C6068,Cliente 06068,San Vicente,NI,Constructor,2025-08-22
6069,Cliente 06069,La Libertad,GT,PyME,2025-04-12
6070,Cliente 06070,Santa Ana,HN,Mayorista,2025-01-02
6071,Cliente 06071,La Libertad,HN,Mayorista,2025-01-13
6072,Cliente 06072,Santa Ana,sv,Mayorista,2025-02-02
6073,Cliente 06073,Morazan,NI,,2025-08-07
6074,Cliente 06074,La Union,HN,Hogar,2025-05-08
6075,Cliente 06075,,HN,Constructor,2025-03-21
6076,Cliente 06076,La Paz,HN,,2025-10-17
6077,Cliente 06077,SAN SALVADOR,SV,Hogar,2025-07-13
6078,Cliente 06078,San Vicente,GT,Hogar,2025-08-21
6079,Cliente 06079,San Vicente,NI,Mayorista,2025-03-09
6080,Cliente 06080,Chalatenango,GT,Mayorista,2025-02-25
6081,Cliente 06081,santa ana,sv,Constructor,2025-02-05
6082,Cliente 06082,La Paz,SV,Mayorista,2025-04-07
6083,Cliente 06083,La Union,sv,,2025-04-07
6084,Cliente 06084,,HN,PyME,2025-02-15
6085,Cliente 06085,Santa Ana,NI,,2025-12-12
6086,Cliente 06086,Santa Ana,SV,Mayorista,2025-05-15
6087,Cliente 06087,San Salvador,GT,PyME,2025-09-03
6088,Cliente 06088,San Vicente,sv,Hogar,2025-01-13
6089,Cliente 06089,Usulutan,HN,Constructor,2025-06-22
6090,Cliente 06090,Chalatenango,sv,PyME,2025-02-01
6091,Cliente 06091,San Miguel,SV,Mayorista,2025-07-14
6092,Cliente 06092,San Vicente,sv,,2025-01-08
6093,Cliente 06093,,ELS,Hogar,2025-04-03
6094,Cliente 06094,Ahuachapan,ELS,,2025-10-22
6095,Cliente 06095,Sonsonate,HN,Mayorista,2025-01-28
6096,Cliente 06096,Morazan,HN,PyME,2025-06-09
6097,Cliente 06097,Ahuachapan,NI,Hogar,2025-12-08
6098,Cliente 06098,La Union,ELS,PyME,2025-01-20
6099,,san salvador,ELS,Constructor,2025-06-27
6100,Cliente 06100,Morazan,sv,PyME,2025-10-21
6101,Cliente 06101,Sonsonate,NI,PyME,2025-04-04
6102,Cliente 06102,,NI,PyME,ayer
6103,Cliente 06103,Sonsonate,HN,,2025-03-23
6104,Cliente 06104,Chalatenango,NI,Hogar,2025-03-15
6105,Cliente 06105,Ahuachapan,HN,,2025-08-03
6106,Cliente 06106,La Union,HN,Constructor,2025-08-04
6107,Cliente 06107,Ahuachapan,GT,Constructor,2025-01-04
6108,Cliente 06108,Cuscatlan,ELS,Constructor,2025-07-16
C6109,Cliente 06109,La Paz,GT,PyME,2025-07-09
6110,Cliente 06110,Morazan,sv,Mayorista,2025-08-06
6111,Cliente 06111,,ELS,,2025-02-06
6112,Cliente 06112,Cuscatlan,SV,,2025-08-02
6113,Cliente 06113,Sonsonate,NI,Constructor,2025-03-24
6114,Cliente 06114,Cuscatlan,ELS,Mayorista,2025-04-28
6115,Cliente 06115,Ahuachapan,GT,Hogar,2025-12-13
6116,Cliente 06116,Ahuachapan,GT,PyME,2025-12-05
6117,Cliente 06117,santa ana,HN,,2025-12-08
6118,Cliente 06118,Usulutan,NI,,2025-05-23
6119,Cliente 06119,Cuscatlan,sv,Hogar,2025-04-05
6120,Cliente 06120,,sv,Constructor,2025-07-15
6120,Cliente 06120,,sv,Constructor,2025-07-15
6121,Cliente 06121,La Union,SV,PyME,2025-10-17
6122,Cliente 06122,SAN SALVADOR,SV,Mayorista,2025-03-28
6123,Cliente 06123,Ahuachapan,NI,Constructor,2025-07-09
6124,Cliente 06124,SAN SALVADOR,ELS,Mayorista,2025-07-06
6125,Cliente 06125,La Paz,sv,Constructor,2025-08-04
6126,Cliente 06126,santa ana,SV,PyME,2025-12-02
6127,Cliente 06127,SAN SALVADOR,GT,Mayorista,2025-10-11
6128,Cliente 06128,Ahuachapan,ELS,,2025-04-16
6129,Cliente 06129,,GT,Mayorista,2025-02-28
6130,Cliente 06130,San Miguel,SV,,2025-07-06
6131,Cliente 06131,Sonsonate,SV,,2025-05-10
6132,Cliente 06132,Ahuachapan,sv,PyME,2025-09-01
6133,Cliente 06133,Usulutan,sv,,2025-08-18
6134,Cliente 06134,Morazan,NI,PyME,2025-01-08
6135,Cliente 06135,Usulutan,SV,,2025-02-09
6136,Cliente 06136,Sonsonate,NI,Hogar,2025-08-22
6137,Cliente 06137,SAN SALVADOR,GT,PyME,2025-01-20
6138,Cliente 06138,,SV,PyME,2025-10-04
6139,Cliente 06139,La Libertad,sv,Mayorista,2025-08-18
6140,Cliente 06140,Chalatenango,ELS,Constructor,2025-04-21
6141,Cliente 06141,santa ana,sv,Constructor,2025-05-17
6142,Cliente 06142,SAN SALVADOR,NI,PyME,2025-02-19
6143,Cliente 06143,La Union,sv,Hogar,2025-07-26
6144,Cliente 06144,san salvador,ELS,,2025-01-22
6145,Cliente 06145,San Salvador,HN,Mayorista,2025-06-11
6146,Cliente 06146,Cuscatlan,ELS,PyME,2025-09-05
6147,Cliente 06147,,HN,Hogar,2025-11-05
6148,Cliente 06148,San Miguel,HN,Hogar,2025-10-26
6149,Cliente 06149,santa ana,HN,Mayorista,2025-01-22
C6150,Cliente 06150,Chalatenango,SV,Hogar,2025-12-01
6151,Cliente 06151,SAN SALVADOR,SV,Constructor,2025-07-11
6152,Cliente 06152,santa ana,NI,Hogar,2025-05-18
6153,Cliente 06153,Usulutan,sv,Hogar,2025-05-07
6154,Cliente 06154,Chalatenango,SV,Hogar,2025-10-19
6155,Cliente 06155,Usulutan,ELS,Mayorista,2025-09-13
6156,,,HN,Constructor,2025-07-07
6157,Cliente 06157,santa ana,HN,Mayorista,2025-09-18
6158,Cliente 06158,La Union,GT,Constructor,2025-12-03
6159,Cliente 06159,Chalatenango,ELS,Hogar,2025-10-28
6160,Cliente 06160,San Vicente,sv,PyME,2025-06-06
6161,Cliente 06161,Sonsonate,ELS,,2025-01-01
6162,Cliente 06162,La Union,GT,Hogar,2025-10-09
6163,Cliente 06163,San Vicente,sv,Mayorista,2025-06-04
6164,Cliente 06164,san salvador,GT,,2025-01-20
6165,Cliente 06165,,HN,Mayorista,2025-04-28
6166,Cliente 06166,Sonsonate,HN,Mayorista,2025-04-11
6167,Cliente 06167,La Libertad,GT,PyME,2025-03-18
6168,Cliente 06168,La Libertad,HN,PyME,2025-01-06
6169,Cliente 06169,santa ana,sv,,2025-03-16
6170,Cliente 06170,Ahuachapan,ELS,Hogar,2025-02-04
6171,Cliente 06171,SAN SALVADOR,ELS,Mayorista,2025-12-09
6172,Cliente 06172,San Vicente,GT,Constructor,2025-04-28
6173,Cliente 06173,La Union,GT,Hogar,2025-10-26
6174,Cliente 06174,,GT,Mayorista,2025-11-23
6175,Cliente 06175,Cuscatlan,ELS,PyME,2025-06-01
6176,Cliente 06176,Sonsonate,sv,PyME,2025-04-05
6177,Cliente 06177,SAN SALVADOR,ELS,Mayorista,2025-10-02
6178,Cliente 06178,La Paz,SV,,2025-04-19
6179,Cliente 06179,Cuscatlan,sv,Constructor,2025-08-15
6180,Cliente 06180,La Libertad,GT,Mayorista,2025-03-20
6181,Cliente 06181,santa ana,SV,PyME,2025-07-07
6182,Cliente 06182,San Miguel,GT,,2025-08-02
6183,Cliente 06183,,HN,Constructor,2025-02-22
6184,Cliente 06184,La Paz,sv,Constructor,2025-03-19
6185,Cliente 06185,San Salvador,HN,Constructor,2025-08-02
6186,Cliente 06186,Sonsonate,ELS,Constructor,2025-05-04
6187,Cliente 06187,Cuscatlan,ELS,Constructor,2025-06-21
6188,Cliente 06188,Ahuachapan,ELS,Hogar,2025-03-03
6189,Cliente 06189,Sonsonate,NI,PyME,2025-01-11
6190,Cliente 06190,SAN SALVADOR,SV,Constructor,2025-04-28
C6191,Cliente 06191,santa ana,sv,Hogar,2025-06-18
6192,Cliente 06192,,HN,Mayorista,2025-06-24
6193,Cliente 06193,santa ana,sv,Hogar,2025-11-04
6194,Cliente 06194,La Libertad,SV,Constructor,2025-10-12
6195,Cliente 06195,SAN SALVADOR,sv,,2025-02-24
6196,Cliente 06196,Usulutan,HN,,2025-06-14
6197,Cliente 06197,santa ana,GT,,2025-12-06
6198,Cliente 06198,SAN SALVADOR,NI,Hogar,2025-12-15
6199,Cliente 06199,San Miguel,sv,PyME,2025-01-22
6200,Cliente 06200,Usulutan,sv,PyME,2025-02-18
6201,Cliente 06201,,HN,PyME,2025-11-14
6202,Cliente 06202,Cuscatlan,sv,PyME,2025-01-21
6203,Cliente 06203,Chalatenango,SV,Hogar,2025-01-13
6204,Cliente 06204,Santa Ana,SV,Mayorista,2025-07-08
6205,Cliente 06205,San Vicente,HN,Constructor,2025-08-08
6206,Cliente 06206,La Union,GT,,2025-08-12
6207,Cliente 06207,La Libertad,SV,Constructor,2025-02-10
6208,Cliente 06208,San Miguel,HN,Mayorista,2025-05-14
6209,Cliente 06209,Usulutan,ELS,Hogar,2025-01-13
6210,Cliente 06210,,GT,,2025-03-12
6211,Cliente 06211,Sonsonate,GT,Hogar,2025-08-05
6212,Cliente 06212,San Miguel,NI,Constructor,2025-05-05
6213,,San Salvador,NI,,2025-11-03
6214,Cliente 06214,La Paz,SV,PyME,2025-04-06
6215,Cliente 06215,SAN SALVADOR,ELS,Hogar,ayer
6216,Cliente 06216,San Salvador,HN,Constructor,2025-01-26
6217,Cliente 06217,La Libertad,ELS,Constructor,2025-11-06
6218,Cliente 06218,La Union,SV,PyME,2025-09-26
6219,Cliente 06219,,HN,Constructor,2025-12-02
6220,Cliente 06220,Chalatenango,HN,Hogar,2025-07-12
6221,Cliente 06221,santa ana,NI,Hogar,2025-01-24
6222,Cliente 06222,La Libertad,HN,Constructor,2025-04-28
6223,Cliente 06223,San Vicente,sv,Constructor,2025-12-04
6224,Cliente 06224,Sonsonate,NI,Mayorista,2025-05-21
6225,Cliente 06225,SAN SALVADOR,SV,Hogar,2025-08-21
6226,Cliente 06226,SAN SALVADOR,GT,Constructor,2025-07-01
6227,Cliente 06227,San Salvador,ELS,Hogar,2025-05-12
6228,Cliente 06228,,sv,,2025-01-27
6229,Cliente 06229,Usulutan,ELS,PyME,2025-10-11
6230,Cliente 06230,SAN SALVADOR,HN,Hogar,2025-01-06
6231,Cliente 06231,Morazan,SV,PyME,2025-07-18
C6232,Cliente 06232,santa ana,SV,Mayorista,2025-12-22
6233,Cliente 06233,Usulutan,HN,,2025-05-06
6234,Cliente 06234,San Salvador,GT,,2025-07-13
6235,Cliente 06235,La Paz,SV,PyME,2025-10-19
6236,Cliente 06236,San Salvador,NI,PyME,2025-09-05
6237,Cliente 06237,,GT,Hogar,2025-02-13
6238,Cliente 06238,Sonsonate,GT,Constructor,2025-07-08
6239,Cliente 06239,La Union,sv,PyME,2025-12-17
6240,Cliente 06240,San Salvador,SV,Mayorista,2025-04-25
6241,Cliente 06241,Santa Ana,ELS,Mayorista,2025-12-27
6242,Cliente 06242,Santa Ana,GT,,2025-02-03
6243,Cliente 06243,San Vicente,SV,Hogar,2025-04-23
6244,Cliente 06244,San Miguel,NI,Constructor,2025-08-28
6245,Cliente 06245,La Paz,SV,Constructor,2025-05-19
6246,Cliente 06246,,SV,PyME,2025-02-06
6247,Cliente 06247,San Miguel,GT,PyME,2025-02-01
6248,Cliente 06248,Santa Ana,SV,Mayorista,2025-09-26
6249,Cliente 06249,San Salvador,GT,Constructor,2025-01-09
6250,Cliente 06250,Chalatenango,NI,Constructor,2025-12-04
6251,Cliente 06251,Morazan,GT,Constructor,2025-06-06
6252,Cliente 06252,La Libertad,NI,Constructor,2025-06-25
6253,Cliente 06253,La Libertad,SV,PyME,2025-04-09
6254,Cliente 06254,La Libertad,HN,Mayorista,2025-07-07
6255,Cliente 06255,,GT,Constructor,2025-08-26
6256,Cliente 06256,La Paz,ELS,Constructor,2025-04-21
6257,Cliente 06257,La Paz,NI,Mayorista,2025-08-25
6258,Cliente 06258,Chalatenango,GT,Constructor,2025-10-23
6259,Cliente 06259,Usulutan,SV,PyME,2025-04-07
6260,Cliente 06260,La Paz,ELS,Hogar,2025-08-19
6261,Cliente 06261,San Miguel,SV,Constructor,2025-02-04
6262,Cliente 06262,Morazan,sv,Mayorista,2025-05-21
6263,Cliente 06263,Chalatenango,HN,Constructor,2025-12-05
6264,Cliente 06264,,HN,,2025-10-16
6265,Cliente 06265,La Libertad,ELS,Mayorista,2025-11-06
6266,Cliente 06266,Ahuachapan,ELS,Constructor,2025-11-24
6267,Cliente 06267,Ahuachapan,SV,Hogar,2025-09-02
6268,Cliente 06268,La Union,NI,,2025-10-09
6269,Cliente 06269,Cuscatlan,HN,Constructor,2025-04-21
6270,,Chalatenango,GT,Hogar,2025-02-20
6271,Cliente 06271,san salvador,NI,Hogar,2025-05-18
6272,Cliente 06272,san salvador,SV,Hogar,2025-07-03
C6273,Cliente 06273,,GT,Mayorista,2025-04-12
6274,Cliente 06274,Santa Ana,HN,Hogar,2025-02-17
6275,Cliente 06275,San Miguel,NI,Constructor,2025-10-04
6276,Cliente 06276,Usulutan,sv,Constructor,2025-04-17
6277,Cliente 06277,La Paz,SV,Mayorista,2025-07-06
6278,Cliente 06278,San Miguel,sv,Mayorista,2025-05-13
6279,Cliente 06279,La Paz,GT,Hogar,2025-06-20
6280,Cliente 06280,Ahuachapan,SV,PyME,2025-06-07
6281,Cliente 06281,La Union,NI,Mayorista,2025-02-16
6282,Cliente 06282,,GT,,2025-01-09
6283,Cliente 06283,San Salvador,SV,Hogar,2025-04-02
6284,Cliente 06284,Cuscatlan,NI,PyME,2025-10-05
6285,Cliente 06285,Cuscatlan,sv,,2025-09-16
6286,Cliente 06286,San Vicente,NI,Mayorista,2025-07-11
6287,Cliente 06287,Cuscatlan,NI,PyME,2025-08-26
6288,Cliente 06288,San Miguel,NI,Mayorista,2025-08-19
6289,Cliente 06289,San Vicente,NI,Hogar,2025-02-03
6290,Cliente 06290,San Vicente,NI,Hogar,2025-02-16
6291,Cliente 06291,,sv,Mayorista,2025-02-06
6292,Cliente 06292,Morazan,NI,,2025-10-10
6293,Cliente 06293,Usulutan,NI,PyME,2025-03-21
6294,Cliente 06294,Sonsonate,ELS,,2025-02-07
6295,Cliente 06295,Santa Ana,HN,Constructor,2025-11-16
6296,Cliente 06296,santa ana,SV,Hogar,2025-09-03
6297,Cliente 06297,Cuscatlan,sv,Mayorista,2025-02-02
6298,Cliente 06298,Morazan,NI,Constructor,2025-08-18
6299,Cliente 06299,santa ana,SV,Hogar,2025-04-08
6300,Cliente 06300,,GT,Mayorista,2025-11-09
6300,Cliente 06300,,GT,Mayorista,2025-11-09
6301,Cliente 06301,La Paz,sv,PyME,2025-11-21
6302,Cliente 06302,La Union,sv,PyME,2025-02-23
6303,Cliente 06303,Santa Ana,HN,PyME,2025-01-16
6304,Cliente 06304,Ahuachapan,NI,PyME,2025-05-23
6305,Cliente 06305,La Paz,sv,PyME,2025-10-22
6306,Cliente 06306,San Vicente,HN,,2025-04-21
6307,Cliente 06307,San Vicente,sv,,2025-01-17
6308,Cliente 06308,San Salvador,HN,PyME,2025-08-21
6309,Cliente 06309,,ELS,Constructor,2025-02-14
6310,Cliente 06310,Santa Ana,sv,Hogar,2025-09-22
6311,Cliente 06311,SAN SALVADOR,NI,Mayorista,2025-08-08
6312,Cliente 06312,San Salvador,HN,Constructor,2025-05-21
6313,Cliente 06313,Usulutan,HN,,2025-09-02
C6314,Cliente 06314,SAN SALVADOR,ELS,Constructor,2025-10-07
6315,Cliente 06315,Usulutan,GT,Constructor,2025-09-26
6316,Cliente 06316,santa ana,ELS,Hogar,2025-11-23
6317,Cliente 06317,santa ana,NI,Mayorista,2025-01-23
6318,Cliente 06318,,sv,Constructor,2025-09-06
6319,Cliente 06319,Cuscatlan,NI,Hogar,2025-01-12
6320,Cliente 06320,Chalatenango,ELS,PyME,2025-03-16
6321,Cliente 06321,Santa Ana,sv,Hogar,2025-03-08
6322,Cliente 06322,santa ana,NI,PyME,2025-10-12
6323,Cliente 06323,San Miguel,GT,Constructor,2025-02-11
6324,Cliente 06324,La Union,ELS,Hogar,2025-04-27
6325,Cliente 06325,La Libertad,ELS,Constructor,2025-01-13
6326,Cliente 06326,Sonsonate,HN,PyME,2025-11-18
6327,,,SV,Constructor,2025-04-16
6328,Cliente 06328,santa ana,HN,Constructor,ayer
6329,Cliente 06329,La Paz,sv,,2025-09-28
6330,Cliente 06330,santa ana,NI,PyME,2025-08-27
6331,Cliente 06331,Sonsonate,sv,Hogar,2025-10-22
6332,Cliente 06332,La Union,sv,Hogar,2025-01-17
6333,Cliente 06333,Morazan,ELS,,2025-07-01
6334,Cliente 06334,La Union,HN,Mayorista,2025-04-04
6335,Cliente 06335,Sonsonate,NI,Constructor,2025-07-19
6336,Cliente 06336,,SV,Hogar,2025-03-09
6337,Cliente 06337,Chalatenango,sv,Mayorista,2025-10-11
6338,Cliente 06338,Chalatenango,SV,,2025-03-18
6339,Cliente 06339,San Salvador,sv,Mayorista,2025-03-11
6340,Cliente 06340,San Salvador,HN,Mayorista,2025-02-25
6341,Cliente 06341,Chalatenango,ELS,PyME,2025-08-06
6342,Cliente 06342,Ahuachapan,SV,Mayorista,2025-01-09
6343,Cliente 06343,SAN SALVADOR,sv,Hogar,2025-10-18
6344,Cliente 06344,San Vicente,HN,Constructor,2025-10-14
6345,Cliente 06345,,HN,PyME,2025-09-15
6346,Cliente 06346,Sonsonate,SV,PyME,2025-09-24
6347,Cliente 06347,Santa Ana,ELS,,2025-06-13
6348,Cliente 06348,Cuscatlan,sv,Hogar,2025-08-12
6349,Cliente 06349,Chalatenango,sv,Mayorista,2025-09-16
6350,Cliente 06350,Santa Ana,HN,Mayorista,2025-02-03
6351,Cliente 06351,La Paz,SV,Constructor,2025-04-10
6352,Cliente 06352,Ahuachapan,sv,PyME,2025-06-02
6353,Cliente 06353,San Vicente,HN,Hogar,2025-01-27
6354,Cliente 06354,,HN,Constructor,2025-12-25
C6355,Cliente 06355,Sonsonate,sv,Hogar,2025-04-06
6356,Cliente 06356,Santa Ana,NI,Constructor,2025-08-11
6357,Cliente 06357,Usulutan,GT,,2025-09-23
6358,Cliente 06358,La Paz,sv,Constructor,2025-01-08
6359,Cliente 06359,SAN SALVADOR,ELS,Mayorista,2025-03-10
6360,Cliente 06360,Ahuachapan,HN,PyME,2025-03-16
6361,Cliente 06361,Morazan,sv,,2025-11-10
6362,Cliente 06362,Santa Ana,sv,PyME,2025-07-02
6363,Cliente 06363,,GT,Mayorista,2025-05-16
6364,Cliente 06364,La Paz,HN,Mayorista,2025-11-26
6365,Cliente 06365,Sonsonate,NI,Hogar,2025-07-25
6366,Cliente 06366,san salvador,sv,Constructor,2025-04-25
6367,Cliente 06367,San Salvador,NI,Hogar,2025-05-15
6368,Cliente 06368,san salvador,NI,Mayorista,2025-12-11
6369,Cliente 06369,Morazan,ELS,,2025-11-21
6370,Cliente 06370,Cuscatlan,ELS,PyME,2025-06-15
6371,Cliente 06371,La Union,SV,Mayorista,2025-12-18
6372,Cliente 06372,,sv,Mayorista,2025-02-15
6373,Cliente 06373,San Vicente,sv,,2025-12-15
6374,Cliente 06374,La Libertad,sv,Constructor,2025-09-16
6375,Cliente 06375,santa ana,sv,Hogar,2025-05-24
6376,Cliente 06376,Chalatenango,GT,Hogar,2025-07-13
6377,Cliente 06377,Cuscatlan,ELS,Constructor,2025-07-23
6378,Cliente 06378,SAN SALVADOR,GT,Hogar,2025-10-28
6379,Cliente 06379,san salvador,sv,Hogar,2025-04-28
6380,Cliente 06380,san salvador,ELS,,2025-05-08
6381,Cliente 06381,,ELS,Hogar,2025-09-09
6382,Cliente 06382,Santa Ana,NI,,2025-05-23
6383,Cliente 06383,SAN SALVADOR,sv,Constructor,2025-11-15
6384,,San Salvador,SV,,2025-03-27
6385,Cliente 06385,santa ana,HN,PyME,2025-09-23
6386,Cliente 06386,SAN SALVADOR,sv,Hogar,2025-01-27
6387,Cliente 06387,San Salvador,ELS,Hogar,2025-08-06
6388,Cliente 06388,san salvador,sv,,2025-02-10
6389,Cliente 06389,San Salvador,sv,Mayorista,2025-10-23
6390,Cliente 06390,,GT,Constructor,2025-03-06
6391,Cliente 06391,San Miguel,sv,Hogar,2025-06-01
6392,Cliente 06392,Ahuachapan,HN,Hogar,2025-09-11
6393,Cliente 06393,Cuscatlan,SV,PyME,2025-06-23
6394,Cliente 06394,santa ana,GT,PyME,2025-01-15
6395,Cliente 06395,San Salvador,NI,PyME,2025-02-26
C6396,Cliente 06396,La Paz,ELS,Mayorista,2025-08-21
6397,Cliente 06397,Usulutan,SV,PyME,2025-11-12
6398,Cliente 06398,san salvador,GT,PyME,2025-10-26
6399,Cliente 06399,,NI,PyME,2025-09-08
6400,Cliente 06400,La Libertad,ELS,PyME,2025-12-18
6401,Cliente 06401,Cuscatlan,HN,Constructor,2025-11-27
6402,Cliente 06402,Morazan,SV,Constructor,2025-01-07
6403,Cliente 06403,san salvador,GT,Constructor,2025-04-09
6404,Cliente 06404,San Salvador,SV,,2025-09-04
6405,Cliente 06405,Sonsonate,SV,PyME,2025-05-02
6406,Cliente 06406,Usulutan,sv,Hogar,2025-08-15
6407,Cliente 06407,La Paz,sv,Hogar,2025-06-23
6408,Cliente 06408,,NI,Constructor,2025-01-20
6409,Cliente 06409,Santa Ana,ELS,,2025-12-28
6410,Cliente 06410,Chalatenango,GT,Mayorista,2025-08-05
6411,Cliente 06411,Usulutan,HN,PyME,2025-02-27
6412,Cliente 06412,Ahuachapan,sv,,2025-10-19
6413,Cliente 06413,SAN SALVADOR,sv,PyME,2025-11-12
6414,Cliente 06414,La Union,SV,,2025-09-07
6415,Cliente 06415,La Libertad,sv,Hogar,2025-01-14
6416,Cliente 06416,Sonsonate,HN,,2025-02-28
6417,Cliente 06417,,GT,Mayorista,2025-08-17
6418,Cliente 06418,santa ana,SV,Constructor,2025-08-16
6419,Cliente 06419,Cuscatlan,SV,PyME,2025-02-26
6420,Cliente 06420,Usulutan,sv,PyME,2025-12-10
6421,Cliente 06421,San Miguel,NI,Hogar,2025-07-11
6422,Cliente 06422,Cuscatlan,GT,PyME,2025-12-11
6423,Cliente 06423,Morazan,sv,,2025-07-11
6424,Cliente 06424,Morazan,SV,PyME,2025-11-09
6425,Cliente 06425,Santa Ana,NI,Mayorista,2025-06-22
6426,Cliente 06426,,GT,Hogar,2025-08-26
6427,Cliente 06427,San Miguel,GT,PyME,2025-07-11
6428,Cliente 06428,Sonsonate,HN,Hogar,2025-01-22
6429,Cliente 06429,La Paz,SV,Constructor,2025-08-21
6430,Cliente 06430,Chalatenango,NI,Mayorista,2025-08-13
6431,Cliente 06431,La Union,GT,Hogar,2025-05-22
6432,Cliente 06432,Morazan,GT,Hogar,2025-10-07
6433,Cliente 06433,santa ana,sv,,2025-01-05
6434,Cliente 06434,La Libertad,ELS,Mayorista,2025-03-17
6435,Cliente 06435,,NI,Constructor,2025-02-05
6436,Cliente 06436,Ahuachapan,NI,Mayorista,2025-04-02
C6437,Cliente 06437,santa ana,GT,Hogar,2025-11-09
6438,Cliente 06438,La Union,NI,,2025-06-11
6439,Cliente 06439,La Paz,GT,Mayorista,2025-05-10
6440,Cliente 06440,Ahuachapan,HN,Constructor,2025-09-07
6441,,Sonsonate,ELS,Mayorista,ayer
6442,Cliente 06442,San Vicente,GT,Constructor,2025-02-28
6443,Cliente 06443,San Salvador,GT,,2025-10-21
6444,Cliente 06444,,NI,,2025-12-09
6445,Cliente 06445,SAN SALVADOR,NI,Hogar,2025-10-18
6446,Cliente 06446,La Paz,HN,Hogar,2025-07-12
6447,Cliente 06447,San Vicente,sv,Mayorista,2025-11-06
6448,Cliente 06448,La Paz,ELS,Constructor,2025-08-08
6449,Cliente 06449,La Paz,ELS,PyME,2025-09-23
6450,Cliente 06450,Chalatenango,ELS,Hogar,2025-12-16
6451,Cliente 06451,San Vicente,SV,,2025-03-14
6452,Cliente 06452,San Salvador,SV,PyME,2025-12-20
6453,Cliente 06453,,ELS,PyME,2025-08-04
6454,Cliente 06454,Chalatenango,GT,Hogar,2025-11-18
6455,Cliente 06455,Chalatenango,sv,PyME,2025-01-21
6456,Cliente 06456,San Vicente,SV,PyME,2025-08-18
6457,Cliente 06457,Sonsonate,sv,,2025-11-21
6458,Cliente 06458,La Libertad,HN,Constructor,2025-09-18
6459,Cliente 06459,Santa Ana,GT,,2025-08-07
6460,Cliente 06460,San Salvador,NI,,2025-06-02
6461,Cliente 06461,Sonsonate,NI,Hogar,2025-07-07
6462,Cliente 06462,,ELS,Hogar,2025-04-02
6463,Cliente 06463,San Miguel,GT,Hogar,2025-02-21
6464,Cliente 06464,santa ana,NI,Hogar,2025-04-25
6465,Cliente 06465,Morazan,ELS,,2025-11-13
6466,Cliente 06466,Usulutan,GT,Hogar,2025-11-12
6467,Cliente 06467,SAN SALVADOR,sv,Mayorista,2025-03-16
6468,Cliente 06468,San Miguel,HN,,2025-01-10
6469,Cliente 06469,La Libertad,ELS,PyME,2025-04-13
6470,Cliente 06470,Sonsonate,sv,Hogar,2025-04-08
6471,Cliente 06471,,sv,Hogar,2025-05-05
6472,Cliente 06472,Ahuachapan,HN,,2025-01-17
6473,Cliente 06473,SAN SALVADOR,ELS,PyME,2025-08-20
6474,Cliente 06474,San Vicente,sv,PyME,2025-10-20
6475,Cliente 06475,Ahuachapan,GT,Mayorista,2025-10-01
6476,Cliente 06476,Santa Ana,NI,Mayorista,2025-09-05
6477,Cliente 06477,Ahuachapan,GT,,2025-11-22
C6478,Cliente 06478,La Union,HN,Hogar,2025-01-10
6479,Cliente 06479,La Union,NI,Constructor,2025-05-01
6480,Cliente 06480,,HN,Mayorista,2025-10-20
6480,Cliente 06480,,HN,Mayorista,2025-10-20
6481,Cliente 06481,San Salvador,ELS,,2025-11-07
6482,Cliente 06482,santa ana,GT,Hogar,2025-05-25
6483,Cliente 06483,San Miguel,GT,,2025-10-19
6484,Cliente 06484,Morazan,GT,Mayorista,2025-06-18
6485,Cliente 06485,SAN SALVADOR,HN,Hogar,2025-09-10
6486,Cliente 06486,San Vicente,GT,,2025-03-06
6487,Cliente 06487,san salvador,sv,,2025-07-03
6488,Cliente 06488,San Vicente,GT,Hogar,2025-08-07
6489,Cliente 06489,,HN,Constructor,2025-05-22
6490,Cliente 06490,Usulutan,GT,Constructor,2025-03-16
6491,Cliente 06491,Sonsonate,HN,Mayorista,2025-12-09
6492,Cliente 06492,Ahuachapan,sv,Constructor,2025-03-04
6493,Cliente 06493,Chalatenango,SV,Constructor,2025-12-03
6494,Cliente 06494,Santa Ana,HN,Mayorista,2025-09-03
6495,Cliente 06495,Santa Ana,sv,PyME,2025-02-14
6496,Cliente 06496,Sonsonate,ELS,Constructor,2025-08-18
6497,Cliente 06497,La Union,sv,Hogar,2025-02-14
6498,,,ELS,Hogar,2025-02-13
6499,Cliente 06499,La Libertad,sv,Mayorista,2025-02-08
6500,Cliente 06500,San Vicente,NI,Mayorista,2025-10-12
6501,Cliente 06501,Usulutan,sv,Hogar,2025-06-26
6502,Cliente 06502,Ahuachapan,HN,,2025-10-01
6503,Cliente 06503,San Salvador,ELS,Constructor,2025-02-14
6504,Cliente 06504,San Salvador,SV,Hogar,2025-04-13
6505,Cliente 06505,SAN SALVADOR,GT,Constructor,2025-02-11
6506,Cliente 06506,La Libertad,GT,,2025-02-03
6507,Cliente 06507,,sv,Mayorista,2025-11-22
6508,Cliente 06508,Sonsonate,sv,Mayorista,2025-02-11
6509,Cliente 06509,san salvador,NI,,2025-10-11
6510,Cliente 06510,La Libertad,SV,PyME,2025-09-27
6511,Cliente 06511,Morazan,sv,,2025-04-09
6512,Cliente 06512,La Union,NI,,2025-11-03
6513,Cliente 06513,La Libertad,SV,Constructor,2025-08-15
6514,Cliente 06514,Ahuachapan,SV,PyME,2025-06-01
6515,Cliente 06515,La Libertad,HN,,2025-02-18
6516,Cliente 06516,,SV,,2025-07-17
6517,Cliente 06517,Sonsonate,GT,Constructor,2025-05-19
6518,Cliente 06518,La Paz,HN,Hogar,2025-03-13
C6519,Cliente 06519,santa ana,ELS,Hogar,2025-11-02
6520,Cliente 06520,Ahuachapan,SV,,2025-04-21
6521,Cliente 06521,Ahuachapan,ELS,Mayorista,2025-05-08
6522,Cliente 06522,San Vicente,GT,Mayorista,2025-04-21
6523,Cliente 06523,La Union,ELS,Hogar,2025-08-07
6524,Cliente 06524,Ahuachapan,sv,,2025-08-13
6525,Cliente 06525,,GT,Constructor,2025-11-12
6526,Cliente 06526,Santa Ana,ELS,,2025-10-02
6527,Cliente 06527,Ahuachapan,SV,Constructor,2025-05-13
6528,Cliente 06528,San Vicente,NI,Mayorista,2025-12-10
6529,Cliente 06529,San Miguel,NI,,2025-05-22
6530,Cliente 06530,La Paz,NI,PyME,2025-05-09
6531,Cliente 06531,San Vicente,SV,PyME,2025-07-02
6532,Cliente 06532,Cuscatlan,NI,Mayorista,2025-06-10
6533,Cliente 06533,Sonsonate,sv,Mayorista,2025-07-06
6534,Cliente 06534,,GT,,2025-04-08
6535,Cliente 06535,Morazan,NI,PyME,2025-11-20
6536,Cliente 06536,SAN SALVADOR,SV,Hogar,2025-08-17
6537,Cliente 06537,La Union,NI,Mayorista,2025-03-19
6538,Cliente 06538,San Miguel,NI,,2025-02-27
6539,Cliente 06539,SAN SALVADOR,NI,Constructor,2025-07-09
6540,Cliente 06540,San Miguel,HN,Constructor,2025-07-19
6541,Cliente 06541,SAN SALVADOR,SV,PyME,2025-05-08
6542,Cliente 06542,san salvador,SV,PyME,2025-10-01
6543,Cliente 06543,,NI,,2025-03-15
6544,Cliente 06544,san salvador,sv,Mayorista,2025-07-01
6545,Cliente 06545,San Vicente,HN,PyME,2025-09-07
6546,Cliente 06546,Cuscatlan,HN,,2025-11-09
6547,Cliente 06547,San Vicente,SV,Constructor,2025-11-04
6548,Cliente 06548,La Paz,SV,,2025-11-20
6549,Cliente 06549,La Paz,GT,Constructor,2025-11-24
6550,Cliente 06550,La Union,sv,Constructor,2025-02-14
6551,Cliente 06551,Chalatenango,SV,Mayorista,2025-09-08
6552,Cliente 06552,,GT,,2025-05-25
6553,Cliente 06553,La Libertad,NI,Hogar,2025-03-23
6554,Cliente 06554,santa ana,SV,Constructor,ayer
6555,,San Vicente,NI,Hogar,2025-04-18
6556,Cliente 06556,Chalatenango,ELS,Mayorista,2025-08-21
6557,Cliente 06557,santa ana,ELS,Constructor,2025-11-12
6558,Cliente 06558,La Paz,sv,Constructor,2025-05-15
6559,Cliente 06559,San Salvador,sv,Hogar,2025-02-13
C6560,Cliente 06560,La Union,SV,Hogar,2025-02-24
6561,Cliente 06561,,SV,Mayorista,2025-07-16
6562,Cliente 06562,Ahuachapan,HN,PyME,2025-12-16
6563,Cliente 06563,Cuscatlan,HN,Mayorista,2025-01-28
6564,Cliente 06564,Morazan,SV,,2025-03-17
6565,Cliente 06565,San Vicente,sv,Hogar,2025-07-09
6566,Cliente 06566,La Union,SV,Hogar,2025-10-24
6567,Cliente 06567,La Libertad,ELS,PyME,2025-08-13
6568,Cliente 06568,San Miguel,sv,PyME,2025-07-27
6569,Cliente 06569,San Vicente,NI,Hogar,2025-11-02
6570,Cliente 06570,,HN,Constructor,2025-03-15
6571,Cliente 06571,Cuscatlan,NI,PyME,2025-09-04
6572,Cliente 06572,San Miguel,HN,Constructor,2025-02-05
6573,Cliente 06573,Usulutan,NI,Hogar,2025-11-19
6574,Cliente 06574,SAN SALVADOR,SV,PyME,2025-06-17
6575,Cliente 06575,Ahuachapan,SV,Hogar,2025-02-14
6576,Cliente 06576,san salvador,HN,Constructor,2025-08-20
6577,Cliente 06577,Cuscatlan,sv,Hogar,2025-04-28
6578,Cliente 06578,La Libertad,GT,,2025-10-02
6579,Cliente 06579,,GT,PyME,2025-09-16
6580,Cliente 06580,Cuscatlan,HN,Hogar,2025-03-13
6581,Cliente 06581,san salvador,GT,Mayorista,2025-12-11
6582,Cliente 06582,Chalatenango,SV,PyME,2025-02-25
6583,Cliente 06583,san salvador,NI,Mayorista,2025-06-13
6584,Cliente 06584,Santa Ana,sv,,2025-03-10
6585,Cliente 06585,Usulutan,NI,,2025-02-10
6586,Cliente 06586,La Paz,GT,Hogar,2025-12-26
6587,Cliente 06587,San Salvador,HN,Hogar,2025-12-23
6588,Cliente 06588,,SV,Mayorista,2025-04-15
6589,Cliente 06589,San Salvador,NI,Mayorista,2025-10-07
6590,Cliente 06590,San Vicente,HN,,2025-01-18
6591,Cliente 06591,San Vicente,GT,Hogar,2025-11-12
6592,Cliente 06592,Morazan,SV,PyME,2025-12-02
6593,Cliente 06593,La Union,ELS,Mayorista,2025-12-14
6594,Cliente 06594,Morazan,ELS,Mayorista,2025-09-12
6595,Cliente 06595,Santa Ana,HN,,2025-06-20
6596,Cliente 06596,La Libertad,sv,,2025-09-04
6597,Cliente 06597,,sv,Constructor,2025-05-16
6598,Cliente 06598,SAN SALVADOR,SV,,2025-12-01
6599,Cliente 06599,La Paz,SV,Constructor,2025-09-22
6600,Cliente 06600,La Union,sv,PyME,2025-08-05
C6601,Cliente 06601,San Salvador,SV,PyME,2025-12-22
6602,Cliente 06602,La Libertad,sv,,2025-06-16
6603,Cliente 06603,Chalatenango,SV,,2025-08-03
6604,Cliente 06604,La Paz,HN,Constructor,2025-02-09
6605,Cliente 06605,SAN SALVADOR,HN,Hogar,2025-07-06
6606,Cliente 06606,,NI,,2025-04-17
6607,Cliente 06607,SAN SALVADOR,ELS,Constructor,2025-10-05
6608,Cliente 06608,La Union,ELS,Mayorista,2025-09-21
6609,Cliente 06609,santa ana,sv,,2025-03-18
6610,Cliente 06610,San Vicente,NI,Hogar,2025-09-02
6611,Cliente 06611,Santa Ana,HN,,2025-01-26
6612,,Santa Ana,NI,Mayorista,2025-07-14
6613,Cliente 06613,san salvador,ELS,Mayorista,2025-03-18
6614,Cliente 06614,San Salvador,sv,Constructor,2025-07-03
6615,Cliente 06615,,ELS,PyME,2025-11-12
6616,Cliente 06616,Morazan,NI,Hogar,2025-12-23
6617,Cliente 06617,San Vicente,GT,Constructor,2025-02-05
6618,Cliente 06618,Ahuachapan,NI,Mayorista,2025-04-24
6619,Cliente 06619,San Salvador,ELS,,2025-10-19
6620,Cliente 06620,Morazan,sv,Mayorista,2025-12-27
6621,Cliente 06621,La Libertad,sv,PyME,2025-01-16
6622,Cliente 06622,Morazan,sv,,2025-08-05
6623,Cliente 06623,Cuscatlan,GT,PyME,2025-03-17
6624,Cliente 06624,,GT,Mayorista,2025-04-17
6625,Cliente 06625,Morazan,sv,Mayorista,2025-08-03
6626,Cliente 06626,Santa Ana,HN,Mayorista,2025-06-03
6627,Cliente 06627,La Paz,HN,PyME,2025-08-24
6628,Cliente 06628,Ahuachapan,GT,PyME,2025-05-25
6629,Cliente 06629,La Paz,GT,PyME,2025-02-15
6630,Cliente 06630,San Vicente,sv,Constructor,2025-05-17
6631,Cliente 06631,Chalatenango,GT,Constructor,2025-08-19
6632,Cliente 06632,San Miguel,GT,Mayorista,2025-04-24
6633,Cliente 06633,,SV,Constructor,2025-11-06
6634,Cliente 06634,Morazan,ELS,Constructor,2025-05-24
6635,Cliente 06635,La Libertad,ELS,Constructor,2025-08-02
6636,Cliente 06636,SAN SALVADOR,sv,Hogar,2025-04-03
6637,Cliente 06637,SAN SALVADOR,SV,Constructor,2025-11-08
6638,Cliente 06638,san salvador,SV,Constructor,2025-05-05
6639,Cliente 06639,Chalatenango,SV,Constructor,2025-09-16
6640,Cliente 06640,San Miguel,SV,,2025-08-16
6641,Cliente 06641,La Union,SV,PyME,2025-03-19
C6642,Cliente 06642,,NI,Hogar,2025-08-08
6643,Cliente 06643,santa ana,ELS,Constructor,2025-01-14
6644,Cliente 06644,Chalatenango,HN,Hogar,2025-09-04
6645,Cliente 06645,La Libertad,NI,Hogar,2025-06-03
6646,Cliente 06646,San Miguel,NI,PyME,2025-02-08
6647,Cliente 06647,La Libertad,ELS,,2025-07-07
6648,Cliente 06648,Cuscatlan,GT,PyME,2025-06-03
6649,Cliente 06649,La Union,GT,Hogar,2025-10-23
6650,Cliente 06650,san salvador,NI,PyME,2025-12-26
6651,Cliente 06651,,NI,,2025-04-13
6652,Cliente 06652,San Salvador,NI,PyME,2025-02-22
6653,Cliente 06653,Morazan,GT,,2025-09-16
6654,Cliente 06654,La Libertad,ELS,Hogar,2025-06-17
6655,Cliente 06655,Morazan,ELS,Mayorista,2025-09-20
6656,Cliente 06656,santa ana,sv,,2025-07-15
6657,Cliente 06657,La Libertad,SV,Mayorista,2025-02-19
6658,Cliente 06658,santa ana,GT,Hogar,2025-07-22
6659,Cliente 06659,San Miguel,ELS,Constructor,2025-06-09
6660,Cliente 06660,,NI,Mayorista,2025-04-01
6660,Cliente 06660,,NI,Mayorista,2025-04-01
6661,Cliente 06661,Ahuachapan,HN,PyME,2025-06-10
6662,Cliente 06662,San Salvador,SV,Mayorista,2025-09-04
6663,Cliente 06663,san salvador,ELS,Constructor,2025-02-08
6664,Cliente 06664,San Vicente,ELS,Hogar,2025-11-11
6665,Cliente 06665,san salvador,NI,Mayorista,2025-08-12
6666,Cliente 06666,Cuscatlan,SV,,2025-02-22
6667,Cliente 06667,Chalatenango,ELS,Hogar,ayer
6668,Cliente 06668,Usulutan,sv,Hogar,2025-05-12
6669,,,GT,Hogar,2025-09-12
6670,Cliente 06670,Ahuachapan,GT,Constructor,2025-12-24
6671,Cliente 06671,La Union,NI,PyME,2025-02-28
6672,Cliente 06672,Morazan,sv,Mayorista,2025-10-15
6673,Cliente 06673,Usulutan,SV,PyME,2025-04-15
6674,Cliente 06674,Ahuachapan,sv,PyME,2025-09-16
6675,Cliente 06675,Chalatenango,NI,,2025-01-12
6676,Cliente 06676,Morazan,HN,,2025-12-02
6677,Cliente 06677,La Union,HN,,2025-09-03
6678,Cliente 06678,,GT,Hogar,2025-09-10
6679,Cliente 06679,Cuscatlan,GT,Hogar,2025-05-11
6680,Cliente 06680,Santa Ana,SV,PyME,2025-02-24
6681,Cliente 06681,san salvador,ELS,,2025-04-26
6682,Cliente 06682,San Salvador,sv,Mayorista,2025-08-11
C6683,Cliente 06683,santa ana,ELS,,2025-04-10
6684,Cliente 06684,Sonsonate,ELS,Mayorista,2025-05-19
6685,Cliente 06685,La Paz,NI,,2025-08-23
6686,Cliente 06686,La Union,GT,Mayorista,2025-08-03
6687,Cliente 06687,,HN,PyME,2025-03-13
6688,Cliente 06688,Ahuachapan,GT,PyME,2025-01-09
6689,Cliente 06689,San Salvador,SV,Constructor,2025-05-01
6690,Cliente 06690,Santa Ana,ELS,,2025-06-28
6691,Cliente 06691,San Vicente,NI,Mayorista,2025-03-20
6692,Cliente 06692,La Libertad,ELS,Hogar,2025-07-16
6693,Cliente 06693,San Miguel,NI,Hogar,2025-09-11
6694,Cliente 06694,San Vicente,ELS,Hogar,2025-04-28
6695,Cliente 06695,SAN SALVADOR,NI,Mayorista,2025-05-01
6696,Cliente 06696,,NI,Mayorista,2025-11-17
6697,Cliente 06697,Sonsonate,GT,Constructor,2025-03-10
6698,Cliente 06698,San Salvador,sv,Mayorista,2025-09-02
6699,Cliente 06699,La Paz,GT,,2025-12-26
6700,Cliente 06700,La Union,HN,PyME,2025-07-19
6701,Cliente 06701,Usulutan,HN,,2025-12-24
6702,Cliente 06702,santa ana,ELS,PyME,2025-07-28
6703,Cliente 06703,La Paz,sv,Constructor,2025-07-24
6704,Cliente 06704,SAN SALVADOR,sv,Hogar,2025-10-11
6705,Cliente 06705,,NI,Mayorista,2025-06-21
6706,Cliente 06706,La Libertad,ELS,PyME,2025-10-17
6707,Cliente 06707,santa ana,SV,PyME,2025-05-15
6708,Cliente 06708,Santa Ana,ELS,Constructor,2025-09-17
6709,Cliente 06709,SAN SALVADOR,GT,PyME,2025-12-05
6710,Cliente 06710,Usulutan,sv,PyME,2025-10-07
6711,Cliente 06711,Usulutan,ELS,Constructor,2025-07-19
6712,Cliente 06712,San Vicente,GT,Constructor,2025-06-11
6713,Cliente 06713,La Libertad,NI,,2025-10-14
6714,Cliente 06714,,sv,Mayorista,2025-06-15
6715,Cliente 06715,La Libertad,GT,Hogar,2025-01-17
6716,Cliente 06716,Cuscatlan,HN,Hogar,2025-08-05
6717,Cliente 06717,santa ana,HN,,2025-11-10
6718,Cliente 06718,SAN SALVADOR,NI,,2025-10-17
6719,Cliente 06719,La Union,sv,,2025-04-26
6720,Cliente 06720,San Salvador,SV,Constructor,2025-01-12
6721,Cliente 06721,La Paz,ELS,PyME,2025-07-25
6722,Cliente 06722,San Vicente,HN,Constructor,2025-11-24
6723,Cliente 06723,,GT,Constructor,2025-09-07
C6724,Cliente 06724,La Union,SV,,2025-01-25
6725,Cliente 06725,La Libertad,HN,Constructor,2025-05-15
6726,,San Salvador,SV,PyME,2025-08-21
6727,Cliente 06727,La Union,ELS,,2025-03-23
6728,Cliente 06728,La Union,sv,Hogar,2025-08-24
6729,Cliente 06729,La Union,ELS,,2025-10-23
6730,Cliente 06730,Usulutan,NI,,2025-08-24
6731,Cliente 06731,santa ana,HN,Hogar,2025-07-18
6732,Cliente 06732,,HN,Mayorista,2025-11-23
6733,Cliente 06733,Sonsonate,NI,,2025-04-26
6734,Cliente 06734,santa ana,SV,PyME,2025-12-24
6735,Cliente 06735,San Vicente,GT,Mayorista,2025-08-27
6736,Cliente 06736,San Salvador,sv,,2025-04-20
6737,Cliente 06737,Usulutan,NI,Hogar,2025-01-17
6738,Cliente 06738,Santa Ana,SV,PyME,2025-07-08
6739,Cliente 06739,Ahuachapan,NI,Mayorista,2025-02-02
6740,Cliente 06740,Usulutan,GT,PyME,2025-08-13
6741,Cliente 06741,,ELS,Hogar,2025-05-24
6742,Cliente 06742,SAN SALVADOR,HN,Hogar,2025-08-06
6743,Cliente 06743,San Vicente,HN,,2025-06-26
6744,Cliente 06744,Chalatenango,HN,Mayorista,2025-01-25
6745,Cliente 06745,San Miguel,SV,Hogar,2025-02-21
6746,Cliente 06746,san salvador,ELS,Mayorista,2025-03-24
6747,Cliente 06747,santa ana,sv,Constructor,2025-03-17
6748,Cliente 06748,Cuscatlan,NI,Constructor,2025-10-06
6749,Cliente 06749,SAN SALVADOR,SV,Hogar,2025-09-24
6750,Cliente 06750,,NI,Mayorista,2025-10-10
6751,Cliente 06751,San Miguel,sv,Mayorista,2025-03-03
6752,Cliente 06752,Morazan,sv,Mayorista,2025-09-27
6753,Cliente 06753,San Salvador,GT,Constructor,2025-08-16
6754,Cliente 06754,San Miguel,NI,,2025-10-18
6755,Cliente 06755,Cuscatlan,ELS,Constructor,2025-02-02
6756,Cliente 06756,Ahuachapan,NI,Constructor,2025-12-15
6757,Cliente 06757,Chalatenango,NI,,2025-06-21
6758,Cliente 06758,Morazan,HN,PyME,2025-05-11
6759,Cliente 06759,,HN,Mayorista,2025-08-27
6760,Cliente 06760,La Paz,sv,PyME,2025-07-03
6761,Cliente 06761,San Vicente,SV,,2025-05-04
6762,Cliente 06762,Chalatenango,GT,Mayorista,2025-08-09
6763,Cliente 06763,Sonsonate,ELS,,2025-03-26
6764,Cliente 06764,La Paz,GT,Mayorista,2025-11-24
C6765,Cliente 06765,santa ana,GT,Constructor,2025-01-05
6766,Cliente 06766,Morazan,NI,Hogar,2025-08-21
6767,Cliente 06767,Chalatenango,GT,Constructor,2025-02-27
6768,Cliente 06768,,sv,Constructor,2025-02-05
6769,Cliente 06769,La Libertad,sv,Hogar,2025-04-21
6770,Cliente 06770,santa ana,ELS,PyME,2025-07-16
6771,Cliente 06771,San Vicente,HN,Hogar,2025-02-14
6772,Cliente 06772,Chalatenango,HN,,2025-03-25
6773,Cliente 06773,San Vicente,GT,PyME,2025-07-04
6774,Cliente 06774,La Libertad,NI,Hogar,2025-02-11
6775,Cliente 06775,Chalatenango,ELS,,2025-02-08
6776,Cliente 06776,Ahuachapan,GT,Constructor,2025-04-07
6777,Cliente 06777,,sv,,2025-12-07
6778,Cliente 06778,Ahuachapan,sv,Mayorista,2025-06-28
6779,Cliente 06779,Chalatenango,GT,Hogar,2025-09-21
6780,Cliente 06780,san salvador,NI,PyME,ayer
6781,Cliente 06781,Sonsonate,GT,,2025-09-14
6782,Cliente 06782,san salvador,NI,Mayorista,2025-12-02
6783,,San Salvador,ELS,PyME,2025-09-02
6784,Cliente 06784,San Vicente,HN,,2025-07-10
6785,Cliente 06785,Santa Ana,GT,Mayorista,2025-12-03
6786,Cliente 06786,,ELS,PyME,2025-10-20
6787,Cliente 06787,La Paz,sv,,2025-10-02
6788,Cliente 06788,La Libertad,GT,Hogar,2025-03-28
6789,Cliente 06789,Chalatenango,ELS,Hogar,2025-11-14
6790,Cliente 06790,san salvador,SV,Mayorista,2025-01-27
6791,Cliente 06791,Cuscatlan,NI,,2025-08-15
6792,Cliente 06792,SAN SALVADOR,ELS,Hogar,2025-11-20
6793,Cliente 06793,Usulutan,ELS,Mayorista,2025-07-23
6794,Cliente 06794,San Salvador,HN,Mayorista,2025-01-12
6795,Cliente 06795,,SV,Hogar,2025-07-19
6796,Cliente 06796,Ahuachapan,sv,PyME,2025-01-10
6797,Cliente 06797,san salvador,sv,PyME,2025-01-24
6798,Cliente 06798,San Miguel,HN,PyME,2025-01-23
6799,Cliente 06799,Santa Ana,HN,Mayorista,2025-06-11
6800,Cliente 06800,Usulutan,GT,Mayorista,2025-05-28
6801,Cliente 06801,Cuscatlan,ELS,Mayorista,2025-09-15
6802,Cliente 06802,San Salvador,HN,Constructor,2025-02-13
6803,Cliente 06803,San Miguel,SV,,2025-10-05
6804,Cliente 06804,,GT,PyME,2025-04-19
6805,Cliente 06805,SAN SALVADOR,sv,Constructor,2025-08-21
C6806,Cliente 06806,san salvador,NI,Hogar,2025-11-28
6807,Cliente 06807,santa ana,NI,PyME,2025-02-17
6808,Cliente 06808,Sonsonate,HN,PyME,2025-10-16
6809,Cliente 06809,San Vicente,SV,Hogar,2025-05-23
6810,Cliente 06810,San Vicente,sv,PyME,2025-01-20
6811,Cliente 06811,SAN SALVADOR,ELS,Hogar,2025-11-19
6812,Cliente 06812,Usulutan,NI,Mayorista,2025-11-26
6813,Cliente 06813,,NI,Hogar,2025-05-11
6814,Cliente 06814,Cuscatlan,GT,Mayorista,2025-11-24
6815,Cliente 06815,Sonsonate,SV,Hogar,2025-05-15
6816,Cliente 06816,La Paz,SV,Mayorista,2025-08-11
6817,Cliente 06817,San Miguel,SV,Constructor,2025-08-12
6818,Cliente 06818,Santa Ana,SV,PyME,2025-04-14
6819,Cliente 06819,Chalatenango,HN,PyME,2025-05-10
6820,Cliente 06820,Santa Ana,SV,Hogar,2025-04-11
6821,Cliente 06821,La Paz,HN,,2025-06-11
6822,Cliente 06822,,NI,,2025-03-11
6823,Cliente 06823,santa ana,HN,Hogar,2025-03-13
6824,Cliente 06824,La Libertad,sv,Mayorista,2025-02-11
6825,Cliente 06825,San Miguel,NI,Mayorista,2025-07-22
6826,Cliente 06826,Cuscatlan,SV,PyME,2025-06-24
6827,Cliente 06827,San Vicente,HN,Hogar,2025-02-16
6828,Cliente 06828,San Vicente,sv,Constructor,2025-03-15
6829,Cliente 06829,Cuscatlan,HN,Hogar,2025-08-22
6830,Cliente 06830,SAN SALVADOR,HN,Constructor,2025-11-24
6831,Cliente 06831,,HN,Hogar,2025-04-07
6832,Cliente 06832,santa ana,HN,Mayorista,2025-08-27
6833,Cliente 06833,Cuscatlan,GT,Hogar,2025-07-28
6834,Cliente 06834,Usulutan,NI,Hogar,2025-07-21
6835,Cliente 06835,Sonsonate,sv,Mayorista,2025-10-22
6836,Cliente 06836,Morazan,SV,PyME,2025-01-21
6837,Cliente 06837,Chalatenango,SV,,2025-04-06
6838,Cliente 06838,SAN SALVADOR,GT,Constructor,2025-09-11
6839,Cliente 06839,San Vicente,ELS,Constructor,2025-09-18
6840,,,sv,Constructor,2025-09-26
6840,,,sv,Constructor,2025-09-26
6841,Cliente 06841,San Miguel,sv,,2025-11-19
6842,Cliente 06842,Chalatenango,sv,Mayorista,2025-08-17
6843,Cliente 06843,San Vicente,NI,PyME,2025-04-09
6844,Cliente 06844,San Miguel,GT,Mayorista,2025-01-07
6845,Cliente 06845,SAN SALVADOR,HN,PyME,2025-02-18
6846,Cliente 06846,La Union,SV,,2025-03-03
C6847,Cliente 06847,Morazan,SV,Mayorista,2025-10-08
6848,Cliente 06848,san salvador,SV,Mayorista,2025-07-24
6849,Cliente 06849,,HN,Hogar,2025-02-15
6850,Cliente 06850,San Vicente,GT,,2025-07-10
6851,Cliente 06851,Chalatenango,SV,,2025-03-16
6852,Cliente 06852,Chalatenango,NI,Mayorista,2025-09-24
6853,Cliente 06853,Ahuachapan,ELS,PyME,2025-03-03
6854,Cliente 06854,Sonsonate,GT,Mayorista,2025-08-08
6855,Cliente 06855,Usulutan,sv,Mayorista,2025-04-06
6856,Cliente 06856,Ahuachapan,sv,,2025-10-18
6857,Cliente 06857,Santa Ana,ELS,Mayorista,2025-08-10
6858,Cliente 06858,,HN,Hogar,2025-03-23
6859,Cliente 06859,santa ana,GT,Constructor,2025-09-09
6860,Cliente 06860,SAN SALVADOR,NI,Mayorista,2025-11-16
6861,Cliente 06861,San Salvador,HN,Hogar,2025-10-20
6862,Cliente 06862,SAN SALVADOR,sv,Hogar,2025-05-14
6863,Cliente 06863,Santa Ana,sv,PyME,2025-02-17
6864,Cliente 06864,Cuscatlan,SV,PyME,2025-11-24
6865,Cliente 06865,Ahuachapan,NI,,2025-06-25
6866,Cliente 06866,santa ana,NI,PyME,2025-02-10
6867,Cliente 06867,,ELS,Hogar,2025-05-19
6868,Cliente 06868,La Union,SV,Hogar,2025-09-02
6869,Cliente 06869,La Libertad,NI,,2025-02-08
6870,Cliente 06870,San Salvador,NI,Constructor,2025-07-08
6871,Cliente 06871,La Paz,ELS,Mayorista,2025-08-18
6872,Cliente 06872,La Paz,NI,Constructor,2025-12-21
6873,Cliente 06873,Sonsonate,sv,Hogar,2025-05-03
6874,Cliente 06874,La Libertad,HN,Mayorista,2025-12-28
6875,Cliente 06875,San Salvador,GT,,2025-11-19
6876,Cliente 06876,,SV,Constructor,2025-04-15
6877,Cliente 06877,San Salvador,ELS,,2025-12-01
6878,Cliente 06878,San Salvador,SV,Hogar,2025-05-20
6879,Cliente 06879,San Miguel,SV,Hogar,2025-03-22
6880,Cliente 06880,San Vicente,HN,Mayorista,2025-10-13
6881,Cliente 06881,La Libertad,SV,Hogar,2025-04-16
6882,Cliente 06882,San Salvador,ELS,Hogar,2025-04-13
6883,Cliente 06883,La Paz,ELS,Mayorista,2025-10-09
6884,Cliente 06884,Chalatenango,HN,,2025-03-24
6885,Cliente 06885,,NI,PyME,2025-07-16
6886,Cliente 06886,La Paz,GT,PyME,2025-03-09
6887,Cliente 06887,san salvador,HN,Constructor,2025-07-21
C6888,Cliente 06888,Cuscatlan,NI,Mayorista,2025-01-05
6889,Cliente 06889,san salvador,GT,Mayorista,2025-12-06
6890,Cliente 06890,San Vicente,NI,Hogar,2025-11-01
6891,Cliente 06891,La Libertad,SV,PyME,2025-03-21
6892,Cliente 06892,SAN SALVADOR,SV,Mayorista,2025-02-26
6893,Cliente 06893,Ahuachapan,ELS,,ayer
6894,Cliente 06894,,sv,Mayorista,2025-04-03
6895,Cliente 06895,SAN SALVADOR,SV,Constructor,2025-07-08
6896,Cliente 06896,La Union,SV,,2025-10-13
6897,,Santa Ana,ELS,Mayorista,2025-07-19
6898,Cliente 06898,Morazan,sv,Mayorista,2025-10-27
6899,Cliente 06899,San Salvador,ELS,Mayorista,2025-09-24
6900,Cliente 06900,san salvador,NI,Mayorista,2025-07-18
6901,Cliente 06901,San Miguel,HN,Mayorista,2025-10-19
6902,Cliente 06902,Morazan,GT,,2025-11-24
6903,Cliente 06903,,ELS,Hogar,2025-08-05
6904,Cliente 06904,La Union,GT,Hogar,2025-06-20
6905,Cliente 06905,santa ana,GT,Mayorista,2025-09-11
6906,Cliente 06906,San Salvador,SV,Constructor,2025-04-28
6907,Cliente 06907,Ahuachapan,SV,Mayorista,2025-07-15
6908,Cliente 06908,SAN SALVADOR,HN,Mayorista,2025-05-06
6909,Cliente 06909,Santa Ana,sv,Mayorista,2025-04-03
6910,Cliente 06910,Sonsonate,sv,,2025-10-15
6911,Cliente 06911,Santa Ana,NI,Constructor,2025-02-20
6912,Cliente 06912,,HN,Mayorista,2025-10-11
6913,Cliente 06913,Santa Ana,ELS,Constructor,2025-04-18
6914,Cliente 06914,Cuscatlan,GT,Hogar,2025-03-18
6915,Cliente 06915,Ahuachapan,sv,Hogar,2025-02-03
6916,Cliente 06916,Chalatenango,SV,Constructor,2025-10-19
6917,Cliente 06917,La Libertad,sv,Hogar,2025-11-11
6918,Cliente 06918,Cuscatlan,ELS,Hogar,2025-12-01
6919,Cliente 06919,San Miguel,GT,,2025-04-25
6920,Cliente 06920,Santa Ana,sv,Constructor,2025-07-10
6921,Cliente 06921,,SV,PyME,2025-03-16
6922,Cliente 06922,Usulutan,NI,Constructor,2025-01-25
6923,Cliente 06923,Usulutan,SV,,2025-08-15
6924,Cliente 06924,La Paz,GT,Mayorista,2025-05-14
6925,Cliente 06925,SAN SALVADOR,SV,Constructor,2025-12-05
6926,Cliente 06926,Sonsonate,ELS,Hogar,2025-09-06
6927,Cliente 06927,Sonsonate,HN,PyME,2025-03-16
6928,Cliente 06928,Santa Ana,NI,PyME,2025-08-28
C6929,Cliente 06929,Usulutan,HN,,2025-10-05
6930,Cliente 06930,,ELS,Constructor,2025-06-19
6931,Cliente 06931,San Miguel,ELS,,2025-06-01
6932,Cliente 06932,San Miguel,HN,PyME,2025-12-25
6933,Cliente 06933,San Miguel,SV,PyME,2025-12-21
6934,Cliente 06934,san salvador,ELS,Mayorista,2025-12-02
6935,Cliente 06935,Usulutan,ELS,,2025-02-01
6936,Cliente 06936,Sonsonate,sv,Constructor,2025-07-20
6937,Cliente 06937,san salvador,ELS,PyME,2025-03-24
6938,Cliente 06938,Santa Ana,SV,Hogar,2025-11-18
6939,Cliente 06939,,SV,Mayorista,2025-11-17
6940,Cliente 06940,San Miguel,SV,,2025-12-19
6941,Cliente 06941,La Union,HN,,2025-12-06
6942,Cliente 06942,Chalatenango,NI,Mayorista,2025-03-09
6943,Cliente 06943,santa ana,SV,Constructor,2025-11-20
6944,Cliente 06944,Ahuachapan,ELS,,2025-04-24
6945,Cliente 06945,santa ana,GT,Mayorista,2025-12-11
6946,Cliente 06946,San Miguel,sv,PyME,2025-06-08
6947,Cliente 06947,Usulutan,SV,PyME,2025-12-23
6948,Cliente 06948,,NI,Hogar,2025-11-01
6949,Cliente 06949,san salvador,NI,PyME,2025-02-12
6950,Cliente 06950,Cuscatlan,HN,PyME,2025-05-04
6951,Cliente 06951,La Paz,SV,,2025-06-04
6952,Cliente 06952,La Union,ELS,Mayorista,2025-05-27
6953,Cliente 06953,Usulutan,HN,,2025-01-09
6954,,Cuscatlan,NI,,2025-11-22
6955,Cliente 06955,San Vicente,sv,Mayorista,2025-09-14
6956,Cliente 06956,San Miguel,sv,Mayorista,2025-12-01
6957,Cliente 06957,,ELS,Hogar,2025-09-23
6958,Cliente 06958,Sonsonate,GT,,2025-06-07
6959,Cliente 06959,Morazan,HN,Constructor,2025-04-16
6960,Cliente 06960,Cuscatlan,sv,Hogar,2025-06-06
6961,Cliente 06961,Ahuachapan,SV,Hogar,2025-01-21
6962,Cliente 06962,santa ana,SV,Constructor,2025-05-27
6963,Cliente 06963,SAN SALVADOR,SV,Mayorista,2025-01-02
6964,Cliente 06964,Sonsonate,HN,Constructor,2025-12-07
6965,Cliente 06965,San Miguel,sv,,2025-07-11
6966,Cliente 06966,,SV,,2025-09-08
6967,Cliente 06967,La Libertad,sv,Hogar,2025-11-02
6968,Cliente 06968,Sonsonate,ELS,Mayorista,2025-01-16
6969,Cliente 06969,La Union,GT,,2025-11-21
C6970,Cliente 06970,San Salvador,NI,Hogar,2025-07-04
6971,Cliente 06971,san salvador,SV,Mayorista,2025-05-04
6972,Cliente 06972,Chalatenango,HN,Hogar,2025-06-26
6973,Cliente 06973,San Vicente,SV,Mayorista,2025-10-02
6974,Cliente 06974,San Miguel,HN,Hogar,2025-05-08
6975,Cliente 06975,,sv,PyME,2025-09-02
6976,Cliente 06976,Morazan,HN,PyME,2025-10-23
6977,Cliente 06977,La Libertad,ELS,Hogar,2025-01-23
6978,Cliente 06978,Santa Ana,NI,Hogar,2025-08-14
6979,Cliente 06979,La Libertad,ELS,,2025-12-04
6980,Cliente 06980,Sonsonate,SV,Mayorista,2025-05-13
6981,Cliente 06981,san salvador,sv,Hogar,2025-07-08
6982,Cliente 06982,San Vicente,sv,Constructor,2025-11-23
6983,Cliente 06983,Morazan,HN,Constructor,2025-06-12
6984,Cliente 06984,,GT,,2025-07-22
6985,Cliente 06985,Morazan,sv,PyME,2025-12-05
6986,Cliente 06986,La Union,GT,PyME,2025-08-06
6987,Cliente 06987,Santa Ana,SV,Constructor,2025-04-09
6988,Cliente 06988,Santa Ana,ELS,Constructor,2025-07-19
6989,Cliente 06989,Santa Ana,SV,Hogar,2025-08-01
6990,Cliente 06990,Cuscatlan,HN,,2025-05-20
6991,Cliente 06991,Santa Ana,HN,,2025-02-21
6992,Cliente 06992,Cuscatlan,GT,PyME,2025-07-27
6993,Cliente 06993,,ELS,,2025-06-28
6994,Cliente 06994,La Libertad,sv,Hogar,2025-03-01
6995,Cliente 06995,Chalatenango,HN,Hogar,2025-10-19
6996,Cliente 06996,Usulutan,NI,PyME,2025-09-16
6997,Cliente 06997,SAN SALVADOR,sv,Constructor,2025-10-19
6998,Cliente 06998,Ahuachapan,sv,,2025-02-02
6999,Cliente 06999,Ahuachapan,GT,,2025-07-01
7000,Cliente 07000,Cuscatlan,GT,,2025-11-07
7001,Cliente 07001,La Union,ELS,PyME,2025-06-03
7002,Cliente 07002,,ELS,Constructor,2025-04-18
7003,Cliente 07003,Usulutan,NI,PyME,2025-06-26
7004,Cliente 07004,Cuscatlan,SV,PyME,2025-01-15
7005,Cliente 07005,santa ana,HN,,2025-04-08
7006,Cliente 07006,La Union,SV,Hogar,ayer
7007,Cliente 07007,santa ana,HN,Hogar,2025-03-06
7008,Cliente 07008,La Libertad,SV,Constructor,2025-12-22
7009,Cliente 07009,Morazan,NI,Hogar,2025-01-16
7010,Cliente 07010,SAN SALVADOR,HN,Mayorista,2025-03-02
C7011,,,GT,PyME,2025-05-03
7012,Cliente 07012,La Union,SV,Constructor,2025-11-05
7013,Cliente 07013,La Union,GT,Constructor,2025-08-20
7014,Cliente 07014,Chalatenango,NI,Hogar,2025-08-25
7015,Cliente 07015,Sonsonate,ELS,Constructor,2025-08-11
7016,Cliente 07016,san salvador,NI,Hogar,2025-04-02
7017,Cliente 07017,Chalatenango,ELS,Mayorista,2025-11-12
7018,Cliente 07018,Usulutan,GT,Constructor,2025-11-02
7019,Cliente 07019,La Union,NI,Constructor,2025-12-02
7020,Cliente 07020,,SV,Hogar,2025-03-12
7020,Cliente 07020,,SV,Hogar,2025-03-12
7021,Cliente 07021,Chalatenango,NI,Hogar,2025-09-06
7022,Cliente 07022,Sonsonate,NI,Hogar,2025-11-07
7023,Cliente 07023,Santa Ana,NI,Hogar,2025-09-03
7024,Cliente 07024,santa ana,SV,,2025-12-16
7025,Cliente 07025,Cuscatlan,ELS,Mayorista,2025-04-21
7026,Cliente 07026,San Vicente,ELS,Constructor,2025-01-05
7027,Cliente 07027,san salvador,ELS,,2025-09-03
7028,Cliente 07028,Usulutan,GT,Mayorista,2025-11-11
7029,Cliente 07029,,sv,,2025-01-06
7030,Cliente 07030,Ahuachapan,NI,Mayorista,2025-05-27
7031,Cliente 07031,Morazan,SV,Hogar,2025-04-09
7032,Cliente 07032,San Salvador,GT,PyME,2025-09-15
7033,Cliente 07033,Usulutan,SV,Mayorista,2025-03-25
7034,Cliente 07034,Ahuachapan,GT,Hogar,2025-11-09
7035,Cliente 07035,Cuscatlan,ELS,Constructor,2025-01-15
7036,Cliente 07036,San Vicente,NI,PyME,2025-08-11
7037,Cliente 07037,San Salvador,GT,PyME,2025-07-06
7038,Cliente 07038,,ELS,,2025-10-23
7039,Cliente 07039,La Paz,HN,Mayorista,2025-07-13
7040,Cliente 07040,Usulutan,NI,Mayorista,2025-07-16
7041,Cliente 07041,Usulutan,GT,Mayorista,2025-06-15
7042,Cliente 07042,Morazan,sv,PyME,2025-05-08
7043,Cliente 07043,Santa Ana,HN,PyME,2025-09-11
7044,Cliente 07044,Santa Ana,sv,,2025-12-13
7045,Cliente 07045,Morazan,HN,Constructor,2025-10-24
7046,Cliente 07046,La Paz,GT,PyME,2025-05-27
7047,Cliente 07047,,HN,PyME,2025-11-01
7048,Cliente 07048,Cuscatlan,SV,Constructor,2025-04-17
7049,Cliente 07049,Cuscatlan,SV,Constructor,2025-04-21
7050,Cliente 07050,San Vicente,sv,Mayorista,2025-07-14
7051,Cliente 07051,La Libertad,SV,PyME,2025-08-21
C7052,Cliente 07052,San Salvador,ELS,Constructor,2025-03-21
7053,Cliente 07053,Usulutan,SV,Hogar,2025-08-27
7054,Cliente 07054,santa ana,GT,Constructor,2025-04-03
7055,Cliente 07055,San Vicente,NI,Hogar,2025-05-27
7056,Cliente 07056,,ELS,Mayorista,2025-01-12
7057,Cliente 07057,Chalatenango,NI,Mayorista,2025-11-10
7058,Cliente 07058,Usulutan,HN,PyME,2025-10-11
7059,Cliente 07059,La Union,sv,Constructor,2025-09-26
7060,Cliente 07060,Morazan,HN,,2025-03-27
7061,Cliente 07061,Cuscatlan,sv,Constructor,2025-04-08
7062,Cliente 07062,La Paz,SV,Constructor,2025-07-13
7063,Cliente 07063,San Vicente,sv,PyME,2025-04-05
7064,Cliente 07064,San Vicente,NI,,2025-10-28
7065,Cliente 07065,,HN,,2025-05-27
7066,Cliente 07066,Morazan,SV,Constructor,2025-04-09
7067,Cliente 07067,Ahuachapan,SV,Hogar,2025-08-21
7068,,La Libertad,ELS,PyME,2025-02-04
7069,Cliente 07069,SAN SALVADOR,SV,Hogar,2025-12-18
7070,Cliente 07070,La Union,GT,Hogar,2025-07-21
7071,Cliente 07071,Santa Ana,ELS,PyME,2025-07-27
7072,Cliente 07072,santa ana,SV,Mayorista,2025-03-13
7073,Cliente 07073,San Miguel,NI,,2025-06-12
7074,Cliente 07074,,ELS,Hogar,2025-08-01
7075,Cliente 07075,San Salvador,HN,PyME,2025-11-15
7076,Cliente 07076,La Union,GT,Constructor,2025-01-23
7077,Cliente 07077,San Miguel,NI,Constructor,2025-07-10
7078,Cliente 07078,Santa Ana,sv,,2025-08-25
7079,Cliente 07079,san salvador,NI,,2025-05-27
7080,Cliente 07080,Chalatenango,HN,Hogar,2025-11-22
7081,Cliente 07081,San Salvador,NI,PyME,2025-02-19
7082,Cliente 07082,La Paz,sv,Mayorista,2025-03-24
7083,Cliente 07083,,ELS,PyME,2025-03-04
7084,Cliente 07084,San Vicente,ELS,,2025-12-26
7085,Cliente 07085,Cuscatlan,GT,,2025-04-14
7086,Cliente 07086,Usulutan,ELS,Mayorista,2025-08-05
7087,Cliente 07087,San Miguel,HN,Constructor,2025-12-01
7088,Cliente 07088,santa ana,sv,PyME,2025-06-06
7089,Cliente 07089,Cuscatlan,sv,Hogar,2025-03-03
7090,Cliente 07090,Cuscatlan,HN,Hogar,2025-12-09
7091,Cliente 07091,San Salvador,NI,Constructor,2025-10-12
7092,Cliente 07092,,NI,PyME,2025-01-17
C7093,Cliente 07093,San Vicente,ELS,,2025-10-16
7094,Cliente 07094,La Union,SV,PyME,2025-03-12
7095,Cliente 07095,Cuscatlan,ELS,,2025-02-14
7096,Cliente 07096,San Miguel,ELS,Mayorista,2025-11-09
7097,Cliente 07097,La Paz,sv,,2025-05-03
7098,Cliente 07098,san salvador,sv,,2025-12-09
7099,Cliente 07099,Usulutan,NI,Mayorista,2025-10-05
7100,Cliente 07100,santa ana,GT,Constructor,2025-06-11
7101,Cliente 07101,,sv,Mayorista,2025-05-11
7102,Cliente 07102,Usulutan,NI,Constructor,2025-10-19
7103,Cliente 07103,SAN SALVADOR,NI,PyME,2025-02-21
7104,Cliente 07104,SAN SALVADOR,HN,Constructor,2025-08-12
7105,Cliente 07105,Usulutan,GT,,2025-02-26
7106,Cliente 07106,La Libertad,sv,,2025-08-23
7107,Cliente 07107,Usulutan,HN,Constructor,2025-04-24
7108,Cliente 07108,Cuscatlan,HN,Constructor,2025-12-23
7109,Cliente 07109,La Union,SV,Hogar,2025-04-26
7110,Cliente 07110,,GT,Hogar,2025-10-25
7111,Cliente 07111,Sonsonate,HN,,2025-12-20
7112,Cliente 07112,SAN SALVADOR,NI,Hogar,2025-06-11
7113,Cliente 07113,La Libertad,ELS,PyME,2025-07-08
7114,Cliente 07114,Sonsonate,SV,Constructor,2025-11-21
7115,Cliente 07115,SAN SALVADOR,ELS,PyME,2025-09-10
7116,Cliente 07116,La Libertad,sv,PyME,2025-08-22
7117,Cliente 07117,La Libertad,SV,,2025-09-05
7118,Cliente 07118,La Libertad,GT,Constructor,2025-03-21
7119,Cliente 07119,,ELS,Mayorista,ayer
7120,Cliente 07120,La Libertad,sv,Hogar,2025-01-07
7121,Cliente 07121,san salvador,ELS,Hogar,2025-10-03
7122,Cliente 07122,San Salvador,GT,PyME,2025-07-11
7123,Cliente 07123,San Vicente,SV,PyME,2025-11-19
7124,Cliente 07124,Morazan,SV,Mayorista,2025-06-08
7125,,San Miguel,SV,Constructor,2025-04-24
7126,Cliente 07126,Morazan,SV,,2025-07-21
7127,Cliente 07127,La Libertad,sv,Constructor,2025-04-27
7128,Cliente 07128,,ELS,Hogar,2025-07-17
7129,Cliente 07129,Cuscatlan,sv,,2025-06-15
7130,Cliente 07130,santa ana,GT,,2025-03-21
7131,Cliente 07131,Chalatenango,sv,Hogar,2025-04-03
7132,Cliente 07132,SAN SALVADOR,SV,,2025-11-01
7133,Cliente 07133,Sonsonate,sv,Mayorista,2025-10-14
C7134,Cliente 07134,Usulutan,NI,Hogar,2025-06-17
7135,Cliente 07135,san salvador,NI,PyME,2025-10-24
7136,Cliente 07136,La Paz,ELS,Hogar,2025-05-26
7137,Cliente 07137,,NI,Hogar,2025-08-11
7138,Cliente 07138,SAN SALVADOR,sv,Hogar,2025-06-02
7139,Cliente 07139,San Salvador,SV,Mayorista,2025-05-11
7140,Cliente 07140,santa ana,NI,,2025-02-18
7141,Cliente 07141,Santa Ana,GT,Constructor,2025-12-03
7142,Cliente 07142,Cuscatlan,SV,Hogar,2025-08-25
7143,Cliente 07143,santa ana,NI,Hogar,2025-11-24
7144,Cliente 07144,Ahuachapan,ELS,Mayorista,2025-02-05
7145,Cliente 07145,La Paz,NI,Hogar,2025-06-02
7146,Cliente 07146,,sv,PyME,2025-04-17
7147,Cliente 07147,San Miguel,NI,Constructor,2025-06-14
7148,Cliente 07148,santa ana,HN,,2025-06-13
7149,Cliente 07149,San Vicente,sv,,2025-11-02
7150,Cliente 07150,San Salvador,NI,Hogar,2025-04-22
7151,Cliente 07151,santa ana,GT,,2025-05-25
7152,Cliente 07152,Chalatenango,GT,PyME,2025-10-26
7153,Cliente 07153,san salvador,NI,Hogar,2025-01-17
7154,Cliente 07154,Usulutan,GT,Constructor,2025-03-26
7155,Cliente 07155,,HN,,2025-04-05
7156,Cliente 07156,Sonsonate,NI,Hogar,2025-12-02
7157,Cliente 07157,San Salvador,sv,,2025-01-18
7158,Cliente 07158,Morazan,sv,,2025-10-12
7159,Cliente 07159,Morazan,HN,,2025-11-17
7160,Cliente 07160,Chalatenango,HN,Constructor,2025-01-09
7161,Cliente 07161,santa ana,GT,Mayorista,2025-03-19
7162,Cliente 07162,La Union,HN,,2025-04-23
7163,Cliente 07163,san salvador,HN,Constructor,2025-08-05
7164,Cliente 07164,,sv,Constructor,2025-07-24
7165,Cliente 07165,Morazan,sv,,2025-12-25
7166,Cliente 07166,Sonsonate,HN,Mayorista,2025-03-28
7167,Cliente 07167,La Paz,HN,Constructor,2025-04-25
7168,Cliente 07168,San Miguel,sv,,2025-10-09
7169,Cliente 07169,La Libertad,NI,,2025-05-06
7170,Cliente 07170,Ahuachapan,SV,Hogar,2025-02-01
7171,Cliente 07171,San Vicente,SV,Constructor,2025-06-03
7172,Cliente 07172,La Union,GT,PyME,2025-03-08
7173,Cliente 07173,,NI,PyME,2025-10-13
7174,Cliente 07174,Usulutan,NI,,2025-08-19
C7175,Cliente 07175,San Salvador,ELS,,2025-02-10
7176,Cliente 07176,Santa Ana,GT,PyME,2025-11-10
7177,Cliente 07177,santa ana,NI,Constructor,2025-10-05
7178,Cliente 07178,Usulutan,NI,Constructor,2025-03-13
7179,Cliente 07179,Usulutan,sv,PyME,2025-04-06
7180,Cliente 07180,San Miguel,NI,Constructor,2025-04-11
7181,Cliente 07181,San Vicente,SV,Hogar,2025-03-18
7182,,,ELS,,2025-10-17
7183,Cliente 07183,La Libertad,sv,Hogar,2025-06-02
7184,Cliente 07184,Morazan,NI,Hogar,2025-11-03
7185,Cliente 07185,san salvador,sv,Constructor,2025-10-09
7186,Cliente 07186,san salvador,NI,Hogar,2025-02-06
7187,Cliente 07187,Chalatenango,GT,Constructor,2025-12-28
7188,Cliente 07188,san salvador,ELS,Constructor,2025-01-16
7189,Cliente 07189,SAN SALVADOR,ELS,Hogar,2025-08-08
7190,Cliente 07190,Ahuachapan,sv,PyME,2025-05-13
7191,Cliente 07191,,GT,Hogar,2025-05-10
7192,Cliente 07192,Sonsonate,ELS,PyME,2025-09-03
7193,Cliente 07193,Sonsonate,ELS,Mayorista,2025-11-13
7194,Cliente 07194,San Salvador,sv,,2025-07-24
7195,Cliente 07195,San Salvador,SV,,2025-11-01
7196,Cliente 07196,La Libertad,GT,,2025-10-22
7197,Cliente 07197,Ahuachapan,HN,PyME,2025-07-17
7198,Cliente 07198,Cuscatlan,GT,,2025-04-10
7199,Cliente 07199,San Vicente,ELS,Mayorista,2025-10-11
7200,Cliente 07200,,NI,PyME,2025-04-16
7200,Cliente 07200,,NI,PyME,2025-04-16
7201,Cliente 07201,san salvador,SV,Hogar,2025-12-08
7202,Cliente 07202,San Vicente,GT,PyME,2025-02-08
7203,Cliente 07203,Morazan,HN,Constructor,2025-05-14
7204,Cliente 07204,Usulutan,HN,Constructor,2025-02-25
7205,Cliente 07205,Santa Ana,HN,PyME,2025-05-17
7206,Cliente 07206,San Salvador,ELS,,2025-12-27
7207,Cliente 07207,La Union,NI,Constructor,2025-03-07
7208,Cliente 07208,Chalatenango,HN,Mayorista,2025-02-10
7209,Cliente 07209,,GT,Constructor,2025-05-14
7210,Cliente 07210,Sonsonate,HN,Hogar,2025-12-21
7211,Cliente 07211,Chalatenango,GT,Mayorista,2025-12-22
7212,Cliente 07212,Morazan,sv,,2025-11-28
7213,Cliente 07213,La Libertad,HN,Hogar,2025-10-06
7214,Cliente 07214,Ahuachapan,ELS,PyME,2025-07-28
7215,Cliente 07215,La Union,SV,Mayorista,2025-02-19
C7216,Cliente 07216,Cuscatlan,sv,Mayorista,2025-10-19
7217,Cliente 07217,La Paz,NI,Hogar,2025-11-09
7218,Cliente 07218,,HN,Constructor,2025-10-07
7219,Cliente 07219,La Libertad,NI,PyME,2025-01-23
7220,Cliente 07220,SAN SALVADOR,GT,PyME,2025-07-15
7221,Cliente 07221,San Salvador,NI,PyME,2025-08-01
7222,Cliente 07222,Ahuachapan,ELS,Hogar,2025-01-23
7223,Cliente 07223,santa ana,SV,Mayorista,2025-01-10
7224,Cliente 07224,Chalatenango,HN,Constructor,2025-11-10
7225,Cliente 07225,Ahuachapan,sv,PyME,2025-07-09
7226,Cliente 07226,Morazan,HN,Mayorista,2025-05-21
7227,Cliente 07227,,sv,,2025-03-22
7228,Cliente 07228,Usulutan,SV,Hogar,2025-12-19
7229,Cliente 07229,Ahuachapan,SV,Mayorista,2025-10-25
7230,Cliente 07230,san salvador,ELS,PyME,2025-12-22
7231,Cliente 07231,La Paz,SV,Constructor,2025-12-03
7232,Cliente 07232,Chalatenango,sv,Mayorista,ayer
7233,Cliente 07233,Usulutan,NI,,2025-08-15
7234,Cliente 07234,San Miguel,NI,Hogar,2025-07-03
7235,Cliente 07235,san salvador,NI,Hogar,2025-04-27
7236,Cliente 07236,,NI,Hogar,2025-11-04
7237,Cliente 07237,Ahuachapan,SV,Mayorista,2025-12-25
7238,Cliente 07238,La Libertad,GT,PyME,2025-10-08
7239,,san salvador,SV,,2025-02-05
7240,Cliente 07240,La Paz,SV,PyME,2025-12-24
7241,Cliente 07241,Sonsonate,NI,PyME,2025-01-11
7242,Cliente 07242,Morazan,sv,Mayorista,2025-11-27
7243,Cliente 07243,Cuscatlan,HN,Mayorista,2025-07-02
7244,Cliente 07244,San Vicente,sv,PyME,2025-06-20
7245,Cliente 07245,,sv,Hogar,2025-02-28
7246,Cliente 07246,Cuscatlan,SV,Mayorista,2025-11-19
7247,Cliente 07247,san salvador,NI,Mayorista,2025-08-27
7248,Cliente 07248,La Libertad,SV,Constructor,2025-04-23
7249,Cliente 07249,santa ana,SV,PyME,2025-08-20
7250,Cliente 07250,Morazan,SV,,2025-05-25
7251,Cliente 07251,Sonsonate,NI,Constructor,2025-09-03
7252,Cliente 07252,Sonsonate,HN,Hogar,2025-09-24
7253,Cliente 07253,santa ana,NI,PyME,2025-05-27
7254,Cliente 07254,,SV,PyME,2025-11-22
7255,Cliente 07255,Cuscatlan,NI,,2025-10-18
7256,Cliente 07256,Morazan,ELS,Mayorista,2025-12-10
C7257,Cliente 07257,san salvador,ELS,Mayorista,2025-06-05
7258,Cliente 07258,Sonsonate,sv,Constructor,2025-04-04
7259,Cliente 07259,Santa Ana,sv,Hogar,2025-08-13
7260,Cliente 07260,San Miguel,ELS,Mayorista,2025-03-03
7261,Cliente 07261,Sonsonate,NI,Constructor,2025-02-22
7262,Cliente 07262,Santa Ana,GT,PyME,2025-10-16
7263,Cliente 07263,,ELS,Constructor,2025-10-26
7264,Cliente 07264,San Vicente,sv,Hogar,2025-09-12
7265,Cliente 07265,Sonsonate,SV,Mayorista,2025-01-23
7266,Cliente 07266,Cuscatlan,GT,,2025-05-10
7267,Cliente 07267,San Salvador,sv,Mayorista,2025-03-25
7268,Cliente 07268,san salvador,HN,Hogar,2025-05-08
7269,Cliente 07269,Usulutan,GT,Constructor,2025-10-09
7270,Cliente 07270,san salvador,HN,PyME,2025-03-03
7271,Cliente 07271,San Salvador,GT,,2025-05-28
7272,Cliente 07272,,sv,Constructor,2025-12-28
7273,Cliente 07273,La Paz,sv,Hogar,2025-10-18
7274,Cliente 07274,La Paz,ELS,PyME,2025-05-27
7275,Cliente 07275,Cuscatlan,SV,,2025-05-06
7276,Cliente 07276,san salvador,NI,Hogar,2025-11-19
7277,Cliente 07277,santa ana,HN,,2025-01-20
7278,Cliente 07278,Chalatenango,NI,Constructor,2025-10-19
7279,Cliente 07279,Santa Ana,GT,PyME,2025-03-11
7280,Cliente 07280,San Salvador,NI,PyME,2025-07-08
7281,Cliente 07281,,ELS,,2025-07-21
7282,Cliente 07282,SAN SALVADOR,ELS,Constructor,2025-07-20
7283,Cliente 07283,Santa Ana,SV,,2025-05-10
7284,Cliente 07284,San Vicente,NI,PyME,2025-03-15
7285,Cliente 07285,San Miguel,SV,,2025-04-25
7286,Cliente 07286,Sonsonate,SV,Constructor,2025-01-25
7287,Cliente 07287,Cuscatlan,GT,Hogar,2025-01-23
7288,Cliente 07288,san salvador,GT,PyME,2025-02-06
7289,Cliente 07289,Sonsonate,sv,,2025-08-21
7290,Cliente 07290,,SV,Mayorista,2025-11-26
7291,Cliente 07291,Sonsonate,SV,Mayorista,2025-04-01
7292,Cliente 07292,Morazan,GT,Mayorista,2025-01-14
7293,Cliente 07293,Sonsonate,sv,Hogar,2025-06-02
7294,Cliente 07294,san salvador,HN,,2025-09-13
7295,Cliente 07295,La Union,GT,Mayorista,2025-09-19
7296,,San Salvador,SV,Mayorista,2025-07-11
7297,Cliente 07297,La Libertad,sv,Constructor,2025-06-18
C7298,Cliente 07298,san salvador,GT,Constructor,2025-07-25
7299,Cliente 07299,,ELS,PyME,2025-02-12
7300,Cliente 07300,Ahuachapan,ELS,Mayorista,2025-04-13
7301,Cliente 07301,Usulutan,SV,Constructor,2025-02-15
7302,Cliente 07302,San Salvador,ELS,Constructor,2025-09-04
7303,Cliente 07303,Chalatenango,GT,,2025-06-09
7304,Cliente 07304,Usulutan,GT,PyME,2025-10-13
7305,Cliente 07305,Morazan,sv,Constructor,2025-09-08
7306,Cliente 07306,SAN SALVADOR,GT,Constructor,2025-12-14
7307,Cliente 07307,Cuscatlan,SV,Mayorista,2025-02-02
7308,Cliente 07308,,NI,Constructor,2025-06-12
7309,Cliente 07309,La Libertad,SV,Hogar,2025-11-01
7310,Cliente 07310,San Miguel,GT,Hogar,2025-11-22
7311,Cliente 07311,Usulutan,sv,Constructor,2025-12-14
7312,Cliente 07312,La Paz,HN,Constructor,2025-11-21
7313,Cliente 07313,San Salvador,NI,Mayorista,2025-04-21
7314,Cliente 07314,Sonsonate,GT,PyME,2025-01-18
7315,Cliente 07315,Ahuachapan,ELS,Mayorista,2025-09-06
7316,Cliente 07316,Cuscatlan,GT,Mayorista,2025-09-07
7317,Cliente 07317,,ELS,Constructor,2025-08-06
7318,Cliente 07318,La Union,HN,Mayorista,2025-10-10
7319,Cliente 07319,Sonsonate,ELS,Mayorista,2025-02-16
7320,Cliente 07320,Morazan,SV,Mayorista,2025-08-28
7321,Cliente 07321,santa ana,sv,Constructor,2025-09-26
7322,Cliente 07322,SAN SALVADOR,NI,,2025-08-17
7323,Cliente 07323,La Union,GT,,2025-08-06
7324,Cliente 07324,San Vicente,GT,,2025-10-06
7325,Cliente 07325,La Paz,NI,Hogar,2025-06-21
7326,Cliente 07326,,ELS,Constructor,2025-10-22
7327,Cliente 07327,Cuscatlan,SV,Mayorista,2025-02-18
7328,Cliente 07328,Morazan,GT,Hogar,2025-08-28
7329,Cliente 07329,San Miguel,SV,Constructor,2025-07-18
7330,Cliente 07330,Ahuachapan,HN,Mayorista,2025-10-04
7331,Cliente 07331,Cuscatlan,NI,Constructor,2025-11-05
7332,Cliente 07332,Chalatenango,GT,,2025-01-18
7333,Cliente 07333,santa ana,GT,Mayorista,2025-11-11
7334,Cliente 07334,San Miguel,HN,Mayorista,2025-10-20
7335,Cliente 07335,,SV,Mayorista,2025-08-08
7336,Cliente 07336,Morazan,sv,Constructor,2025-05-12
7337,Cliente 07337,La Paz,SV,,2025-05-10
7338,Cliente 07338,Santa Ana,HN,PyME,2025-06-13
C7339,Cliente 07339,La Paz,sv,PyME,2025-04-13
7340,Cliente 07340,Cuscatlan,NI,Mayorista,2025-11-12
7341,Cliente 07341,San Salvador,GT,PyME,2025-02-08
7342,Cliente 07342,La Union,HN,Constructor,2025-06-10
7343,Cliente 07343,Chalatenango,HN,,2025-04-14
7344,Cliente 07344,,GT,Constructor,2025-04-23
7345,Cliente 07345,Sonsonate,sv,PyME,ayer
7346,Cliente 07346,Cuscatlan,SV,Constructor,2025-10-21
7347,Cliente 07347,Ahuachapan,HN,,2025-09-10
7348,Cliente 07348,San Salvador,HN,,2025-03-25
7349,Cliente 07349,SAN SALVADOR,HN,Hogar,2025-09-20
7350,Cliente 07350,San Vicente,GT,Constructor,2025-10-11
7351,Cliente 07351,La Libertad,ELS,Hogar,2025-11-28
7352,Cliente 07352,Morazan,ELS,Mayorista,2025-05-12
7353,,,SV,,2025-12-01
7354,Cliente 07354,La Paz,ELS,Mayorista,2025-09-20
7355,Cliente 07355,Ahuachapan,SV,PyME,2025-03-20
7356,Cliente 07356,Sonsonate,NI,,2025-05-21
7357,Cliente 07357,San Miguel,HN,,2025-01-20
7358,Cliente 07358,Chalatenango,sv,Constructor,2025-10-11
7359,Cliente 07359,Santa Ana,sv,Mayorista,2025-04-13
7360,Cliente 07360,Chalatenango,SV,,2025-07-28
7361,Cliente 07361,La Paz,NI,Mayorista,2025-10-15
7362,Cliente 07362,,GT,Hogar,2025-05-08
7363,Cliente 07363,San Miguel,GT,Hogar,2025-03-22
7364,Cliente 07364,La Paz,SV,PyME,2025-11-08
7365,Cliente 07365,San Salvador,SV,Mayorista,2025-02-18
7366,Cliente 07366,Cuscatlan,ELS,Mayorista,2025-08-14
7367,Cliente 07367,La Paz,sv,,2025-01-04
7368,Cliente 07368,La Paz,SV,PyME,2025-04-28
7369,Cliente 07369,santa ana,sv,Constructor,2025-03-18
7370,Cliente 07370,La Union,SV,PyME,2025-02-21
7371,Cliente 07371,,ELS,Hogar,2025-06-16
7372,Cliente 07372,Chalatenango,sv,Hogar,2025-12-01
7373,Cliente 07373,San Salvador,ELS,,2025-06-21
7374,Cliente 07374,SAN SALVADOR,SV,Mayorista,2025-12-01
7375,Cliente 07375,Chalatenango,NI,,2025-02-13
7376,Cliente 07376,Chalatenango,GT,,2025-08-16
7377,Cliente 07377,Ahuachapan,ELS,Hogar,2025-08-25
7378,Cliente 07378,Chalatenango,sv,,2025-03-24
7379,Cliente 07379,La Libertad,NI,,2025-04-19
C7380,Cliente 07380,,HN,Constructor,2025-06-24
C7380,Cliente 07380,,HN,Constructor,2025-06-24
7381,Cliente 07381,Sonsonate,SV,Mayorista,2025-10-10
7382,Cliente 07382,santa ana,SV,,2025-06-05
7383,Cliente 07383,La Paz,GT,Mayorista,2025-04-04
7384,Cliente 07384,santa ana,ELS,Mayorista,2025-02-24
7385,Cliente 07385,La Paz,SV,Constructor,2025-05-17
7386,Cliente 07386,Chalatenango,SV,,2025-11-21
7387,Cliente 07387,Morazan,HN,Mayorista,2025-06-17
7388,Cliente 07388,Chalatenango,sv,Constructor,2025-08-09
7389,Cliente 07389,,sv,,2025-11-17
7390,Cliente 07390,Santa Ana,sv,PyME,2025-02-02
7391,Cliente 07391,San Vicente,HN,Mayorista,2025-04-05
7392,Cliente 07392,Ahuachapan,HN,,2025-11-18
7393,Cliente 07393,La Paz,GT,Hogar,2025-07-07
7394,Cliente 07394,san salvador,HN,Constructor,2025-08-06
7395,Cliente 07395,Cuscatlan,sv,PyME,2025-04-16
7396,Cliente 07396,Morazan,SV,Mayorista,2025-07-10
7397,Cliente 07397,Sonsonate,SV,Constructor,2025-08-23
7398,Cliente 07398,,ELS,Hogar,2025-11-16
7399,Cliente 07399,San Salvador,ELS,Constructor,2025-09-27
7400,Cliente 07400,San Miguel,GT,PyME,2025-12-26
7401,Cliente 07401,Usulutan,NI,,2025-03-24
7402,Cliente 07402,Cuscatlan,ELS,Constructor,2025-09-04
7403,Cliente 07403,Ahuachapan,NI,Mayorista,2025-04-01
7404,Cliente 07404,Santa Ana,sv,Mayorista,2025-10-16
7405,Cliente 07405,San Miguel,NI,PyME,2025-01-01
7406,Cliente 07406,Santa Ana,sv,Mayorista,2025-08-05
7407,Cliente 07407,,sv,,2025-05-11
7408,Cliente 07408,san salvador,ELS,PyME,2025-10-01
7409,Cliente 07409,santa ana,SV,Hogar,2025-07-03
7410,,Usulutan,GT,Mayorista,2025-07-05
7411,Cliente 07411,Cuscatlan,SV,,2025-06-22
7412,Cliente 07412,Cuscatlan,NI,Constructor,2025-03-21
7413,Cliente 07413,Sonsonate,SV,PyME,2025-09-17
7414,Cliente 07414,Sonsonate,ELS,Mayorista,2025-08-14
7415,Cliente 07415,Santa Ana,NI,Hogar,2025-08-07
7416,Cliente 07416,,NI,PyME,2025-10-16
7417,Cliente 07417,san salvador,SV,,2025-03-07
7418,Cliente 07418,Santa Ana,SV,Mayorista,2025-12-27
7419,Cliente 07419,Sonsonate,HN,,2025-08-11
7420,Cliente 07420,Usulutan,GT,Hogar,2025-07-20
C7421,Cliente 07421,La Union,GT,Hogar,2025-08-09
7422,Cliente 07422,San Vicente,sv,Constructor,2025-01-08
7423,Cliente 07423,San Salvador,sv,Hogar,2025-10-23
7424,Cliente 07424,santa ana,NI,,2025-09-12
7425,Cliente 07425,,sv,Mayorista,2025-07-18
7426,Cliente 07426,Chalatenango,HN,,2025-01-10
7427,Cliente 07427,San Miguel,NI,Mayorista,2025-10-19
7428,Cliente 07428,San Vicente,SV,,2025-06-25
7429,Cliente 07429,San Salvador,HN,PyME,2025-08-27
7430,Cliente 07430,Ahuachapan,sv,Hogar,2025-04-21
7431,Cliente 07431,Morazan,SV,,2025-10-21
7432,Cliente 07432,Morazan,sv,Constructor,2025-09-02
7433,Cliente 07433,Chalatenango,NI,PyME,2025-11-03
7434,Cliente 07434,,NI,,2025-11-26
7435,Cliente 07435,Ahuachapan,SV,Mayorista,2025-03-19
7436,Cliente 07436,San Vicente,NI,Hogar,2025-11-08
7437,Cliente 07437,La Paz,sv,Hogar,2025-11-03
7438,Cliente 07438,Sonsonate,sv,Hogar,2025-07-26
7439,Cliente 07439,Usulutan,ELS,PyME,2025-09-27
7440,Cliente 07440,SAN SALVADOR,NI,,2025-04-18
7441,Cliente 07441,Sonsonate,NI,Constructor,2025-02-19
7442,Cliente 07442,Usulutan,sv,PyME,2025-07-07
7443,Cliente 07443,,SV,PyME,2025-04-25
7444,Cliente 07444,La Union,SV,Mayorista,2025-02-13
7445,Cliente 07445,san salvador,ELS,,2025-01-01
7446,Cliente 07446,Sonsonate,NI,Constructor,2025-07-21
7447,Cliente 07447,La Union,NI,PyME,2025-05-12
7448,Cliente 07448,santa ana,SV,,2025-08-07
7449,Cliente 07449,San Salvador,SV,Mayorista,2025-12-15
7450,Cliente 07450,Usulutan,NI,,2025-08-23
7451,Cliente 07451,Sonsonate,SV,Constructor,2025-08-07
7452,Cliente 07452,,ELS,PyME,2025-01-05
7453,Cliente 07453,Cuscatlan,sv,Mayorista,2025-08-06
7454,Cliente 07454,La Paz,SV,,2025-11-24
7455,Cliente 07455,Sonsonate,NI,Constructor,2025-11-25
7456,Cliente 07456,San Vicente,HN,Hogar,2025-05-02
7457,Cliente 07457,SAN SALVADOR,ELS,PyME,2025-04-14
7458,Cliente 07458,Usulutan,ELS,Hogar,ayer
7459,Cliente 07459,La Paz,SV,Hogar,2025-05-27
7460,Cliente 07460,Usulutan,GT,Mayorista,2025-09-23
7461,Cliente 07461,,GT,,2025-07-23
C7462,Cliente 07462,Cuscatlan,ELS,Mayorista,2025-01-11
7463,Cliente 07463,San Miguel,ELS,,2025-05-28
7464,Cliente 07464,santa ana,ELS,Constructor,2025-11-14
7465,Cliente 07465,Usulutan,GT,,2025-04-12
7466,Cliente 07466,Morazan,SV,PyME,2025-06-18
7467,,Ahuachapan,HN,Hogar,2025-12-07
7468,Cliente 07468,Ahuachapan,HN,PyME,2025-09-01
7469,Cliente 07469,Morazan,NI,Hogar,2025-05-10
7470,Cliente 07470,,SV,PyME,2025-02-09
7471,Cliente 07471,Ahuachapan,ELS,Hogar,2025-09-11
7472,Cliente 07472,Ahuachapan,SV,Constructor,2025-12-16
7473,Cliente 07473,San Salvador,sv,Mayorista,2025-05-03
7474,Cliente 07474,San Salvador,HN,Mayorista,2025-10-28
7475,Cliente 07475,Morazan,ELS,Constructor,2025-04-19
7476,Cliente 07476,Usulutan,HN,Mayorista,2025-10-14
7477,Cliente 07477,San Miguel,ELS,PyME,2025-09-23
7478,Cliente 07478,Morazan,ELS,,2025-03-13
7479,Cliente 07479,,sv,Hogar,2025-05-07
7480,Cliente 07480,San Miguel,sv,PyME,2025-12-08
7481,Cliente 07481,Chalatenango,ELS,PyME,2025-11-21
7482,Cliente 07482,Sonsonate,HN,Constructor,2025-03-20
7483,Cliente 07483,Usulutan,SV,Hogar,2025-01-16
7484,Cliente 07484,La Paz,HN,Hogar,2025-08-08
7485,Cliente 07485,San Salvador,ELS,Constructor,2025-12-19
7486,Cliente 07486,Cuscatlan,SV,Mayorista,2025-05-07
7487,Cliente 07487,Morazan,SV,PyME,2025-09-20
7488,Cliente 07488,,HN,,2025-10-15
7489,Cliente 07489,Santa Ana,SV,,2025-10-13
7490,Cliente 07490,san salvador,NI,Hogar,2025-12-24
7491,Cliente 07491,san salvador,SV,Mayorista,2025-04-19
7492,Cliente 07492,San Vicente,HN,PyME,2025-10-18
7493,Cliente 07493,santa ana,NI,Mayorista,2025-04-19
7494,Cliente 07494,La Paz,sv,Constructor,2025-09-05
7495,Cliente 07495,Santa Ana,SV,Constructor,2025-11-20
7496,Cliente 07496,San Miguel,ELS,PyME,2025-10-02
7497,Cliente 07497,,GT,,2025-07-19
7498,Cliente 07498,La Union,NI,Mayorista,2025-10-20
7499,Cliente 07499,Santa Ana,HN,Hogar,2025-07-12
7500,Cliente 07500,La Paz,sv,Mayorista,2025-09-26
7501,Cliente 07501,La Libertad,sv,PyME,2025-08-15
7502,Cliente 07502,Ahuachapan,GT,PyME,2025-04-19
C7503,Cliente 07503,La Libertad,ELS,Constructor,2025-03-22
7504,Cliente 07504,Morazan,GT,PyME,2025-08-14
7505,Cliente 07505,Morazan,ELS,Hogar,2025-02-24
7506,Cliente 07506,,HN,Constructor,2025-06-25
7507,Cliente 07507,Cuscatlan,ELS,PyME,2025-06-07
7508,Cliente 07508,SAN SALVADOR,ELS,PyME,2025-01-05
7509,Cliente 07509,Morazan,sv,Constructor,2025-05-26
7510,Cliente 07510,Sonsonate,sv,Mayorista,2025-09-05
7511,Cliente 07511,Cuscatlan,SV,Constructor,2025-08-05
7512,Cliente 07512,Ahuachapan,HN,PyME,2025-02-27
7513,Cliente 07513,San Vicente,sv,Constructor,2025-06-11
7514,Cliente 07514,Santa Ana,NI,PyME,2025-05-12
7515,Cliente 07515,,SV,Constructor,2025-04-18
7516,Cliente 07516,santa ana,sv,Constructor,2025-12-25
7517,Cliente 07517,Morazan,NI,,2025-01-20
7518,Cliente 07518,santa ana,NI,Hogar,2025-10-18
7519,Cliente 07519,Chalatenango,GT,,2025-06-06
7520,Cliente 07520,Santa Ana,HN,,2025-04-18
7521,Cliente 07521,SAN SALVADOR,NI,,2025-11-22
7522,Cliente 07522,Usulutan,ELS,PyME,2025-01-26
7523,Cliente 07523,San Vicente,ELS,Hogar,2025-06-22
7524,,,NI,,2025-09-07
7525,Cliente 07525,Ahuachapan,SV,Hogar,2025-06-15
7526,Cliente 07526,SAN SALVADOR,HN,,2025-03-18
7527,Cliente 07527,San Salvador,HN,Hogar,2025-08-24
7528,Cliente 07528,Morazan,SV,PyME,2025-06-01
7529,Cliente 07529,san salvador,GT,Mayorista,2025-11-17
7530,Cliente 07530,Ahuachapan,NI,,2025-10-02
7531,Cliente 07531,san salvador,HN,PyME,2025-05-26
7532,Cliente 07532,Sonsonate,GT,Hogar,2025-11-20
7533,Cliente 07533,,GT,Hogar,2025-03-25
7534,Cliente 07534,La Libertad,HN,Constructor,2025-05-05
7535,Cliente 07535,San Vicente,HN,Mayorista,2025-04-02
7536,Cliente 07536,La Paz,GT,Constructor,2025-11-16
7537,Cliente 07537,La Paz,HN,Constructor,2025-09-25
7538,Cliente 07538,Chalatenango,NI,PyME,2025-02-08
7539,Cliente 07539,Usulutan,ELS,Hogar,2025-03-07
7540,Cliente 07540,Chalatenango,NI,Mayorista,2025-02-09
7541,Cliente 07541,Sonsonate,sv,,2025-03-14
7542,Cliente 07542,,NI,Mayorista,2025-12-01
7543,Cliente 07543,San Miguel,sv,Constructor,2025-10-05
C7544,Cliente 07544,Ahuachapan,NI,PyME,2025-04-13
7545,Cliente 07545,Sonsonate,ELS,Mayorista,2025-11-17
7546,Cliente 07546,La Union,GT,Hogar,2025-04-06
7547,Cliente 07547,Morazan,sv,Mayorista,2025-04-24
7548,Cliente 07548,La Libertad,sv,Constructor,2025-11-05
7549,Cliente 07549,Sonsonate,ELS,,2025-01-05
7550,Cliente 07550,La Union,SV,Constructor,2025-11-23
7551,Cliente 07551,,NI,PyME,2025-05-01
7552,Cliente 07552,Usulutan,HN,Constructor,2025-04-14
7553,Cliente 07553,San Salvador,ELS,Hogar,2025-08-12
7554,Cliente 07554,Sonsonate,ELS,,2025-02-10
7555,Cliente 07555,Morazan,GT,,2025-04-05
7556,Cliente 07556,La Union,SV,,2025-11-23
7557,Cliente 07557,La Union,ELS,PyME,2025-06-04
7558,Cliente 07558,Santa Ana,ELS,Mayorista,2025-04-27
7559,Cliente 07559,La Union,sv,,2025-05-24
7560,Cliente 07560,,SV,Constructor,2025-06-10
7560,Cliente 07560,,SV,Constructor,2025-06-10
7561,Cliente 07561,Cuscatlan,NI,Hogar,2025-11-27
7562,Cliente 07562,Chalatenango,SV,Mayorista,2025-02-28
7563,Cliente 07563,Ahuachapan,HN,Constructor,2025-05-23
7564,Cliente 07564,La Paz,SV,Constructor,2025-02-06
7565,Cliente 07565,SAN SALVADOR,HN,Hogar,2025-09-06
7566,Cliente 07566,Sonsonate,SV,Constructor,2025-07-24
7567,Cliente 07567,Morazan,sv,Constructor,2025-08-16
7568,Cliente 07568,Chalatenango,ELS,Hogar,2025-04-23
7569,Cliente 07569,,NI,Hogar,2025-12-27
7570,Cliente 07570,San Salvador,ELS,Constructor,2025-05-01
7571,Cliente 07571,Chalatenango,NI,PyME,ayer
7572,Cliente 07572,La Paz,HN,,2025-12-21
7573,Cliente 07573,Chalatenango,sv,,2025-06-11
7574,Cliente 07574,Usulutan,SV,Hogar,2025-05-08
7575,Cliente 07575,San Salvador,ELS,PyME,2025-10-17
7576,Cliente 07576,SAN SALVADOR,HN,Mayorista,2025-08-26
7577,Cliente 07577,La Paz,NI,PyME,2025-05-21
7578,Cliente 07578,,ELS,Hogar,2025-06-04
7579,Cliente 07579,Chalatenango,NI,Mayorista,2025-01-21
7580,Cliente 07580,Chalatenango,GT,Hogar,2025-05-18
7581,,Cuscatlan,sv,PyME,2025-03-14
7582,Cliente 07582,Santa Ana,HN,Mayorista,2025-11-05
7583,Cliente 07583,Santa Ana,NI,Constructor,2025-10-10
7584,Cliente 07584,Usulutan,NI,Hogar,2025-05-13
C7585,Cliente 07585,Cuscatlan,sv,Hogar,2025-11-12
7586,Cliente 07586,Cuscatlan,ELS,Mayorista,2025-09-22
7587,Cliente 07587,,NI,,2025-11-19
7588,Cliente 07588,La Libertad,HN,Constructor,2025-11-02
7589,Cliente 07589,Morazan,GT,,2025-05-02
7590,Cliente 07590,San Vicente,GT,Constructor,2025-09-10
7591,Cliente 07591,La Paz,ELS,Constructor,2025-06-19
7592,Cliente 07592,Santa Ana,ELS,PyME,2025-01-12
7593,Cliente 07593,santa ana,GT,,2025-05-13
7594,Cliente 07594,La Paz,HN,Constructor,2025-06-23
7595,Cliente 07595,San Salvador,NI,,2025-12-01
7596,Cliente 07596,,GT,Constructor,2025-01-09
7597,Cliente 07597,SAN SALVADOR,SV,Mayorista,2025-05-18
7598,Cliente 07598,Chalatenango,NI,,2025-04-26
7599,Cliente 07599,San Salvador,GT,,2025-08-04
7600,Cliente 07600,La Union,NI,PyME,2025-10-18
7601,Cliente 07601,SAN SALVADOR,sv,Mayorista,2025-08-14
7602,Cliente 07602,La Paz,NI,Constructor,2025-04-13
7603,Cliente 07603,Cuscatlan,ELS,Constructor,2025-06-25
7604,Cliente 07604,Ahuachapan,HN,Hogar,2025-06-02
7605,Cliente 07605,,NI,,2025-06-21
7606,Cliente 07606,san salvador,HN,Mayorista,2025-05-12
7607,Cliente 07607,Chalatenango,GT,,2025-10-24
7608,Cliente 07608,La Libertad,ELS,PyME,2025-05-16
7609,Cliente 07609,San Vicente,GT,PyME,2025-02-17
7610,Cliente 07610,San Salvador,SV,,2025-06-12
7611,Cliente 07611,San Miguel,SV,Hogar,2025-12-08
7612,Cliente 07612,santa ana,SV,,2025-03-09
7613,Cliente 07613,Santa Ana,SV,PyME,2025-10-06
7614,Cliente 07614,,SV,Mayorista,2025-09-18
7615,Cliente 07615,Chalatenango,sv,PyME,2025-05-25
7616,Cliente 07616,La Libertad,GT,Hogar,2025-11-01
7617,Cliente 07617,La Union,sv,Hogar,2025-03-27
7618,Cliente 07618,santa ana,HN,Constructor,2025-09-05
7619,Cliente 07619,Chalatenango,HN,PyME,2025-12-21
7620,Cliente 07620,La Union,sv,Mayorista,2025-03-27
7621,Cliente 07621,san salvador,GT,PyME,2025-02-10
7622,Cliente 07622,San Salvador,GT,Mayorista,2025-01-26
7623,Cliente 07623,,SV,PyME,2025-06-04
7624,Cliente 07624,San Vicente,SV,,2025-02-28
7625,Cliente 07625,Cuscatlan,GT,Constructor,2025-07-10
C7626,Cliente 07626,La Union,sv,PyME,2025-12-20
7627,Cliente 07627,san salvador,NI,Hogar,2025-03-26
7628,Cliente 07628,Cuscatlan,ELS,,2025-10-25
7629,Cliente 07629,La Paz,ELS,Hogar,2025-05-18
7630,Cliente 07630,SAN SALVADOR,sv,Constructor,2025-08-08
7631,Cliente 07631,Ahuachapan,SV,Mayorista,2025-01-24
7632,Cliente 07632,,SV,Hogar,2025-02-26
7633,Cliente 07633,San Miguel,sv,Hogar,2025-10-16
7634,Cliente 07634,San Miguel,GT,Mayorista,2025-05-11
7635,Cliente 07635,Cuscatlan,GT,Constructor,2025-10-01
7636,Cliente 07636,Cuscatlan,ELS,,2025-05-26
7637,Cliente 07637,Sonsonate,sv,Mayorista,2025-02-28
7638,,Chalatenango,HN,Mayorista,2025-11-06
7639,Cliente 07639,Morazan,SV,PyME,2025-05-25
7640,Cliente 07640,La Paz,HN,Constructor,2025-03-09
7641,Cliente 07641,,NI,PyME,2025-05-27
7642,Cliente 07642,Chalatenango,SV,Hogar,2025-06-06
7643,Cliente 07643,Cuscatlan,NI,Constructor,2025-06-14
7644,Cliente 07644,san salvador,NI,Mayorista,2025-07-12
7645,Cliente 07645,SAN SALVADOR,ELS,Hogar,2025-08-04
7646,Cliente 07646,Cuscatlan,NI,PyME,2025-07-28
7647,Cliente 07647,Ahuachapan,sv,PyME,2025-04-21
7648,Cliente 07648,Usulutan,NI,Mayorista,2025-12-03
7649,Cliente 07649,Ahuachapan,HN,Mayorista,2025-08-10
7650,Cliente 07650,,GT,Mayorista,2025-03-18
7651,Cliente 07651,SAN SALVADOR,sv,Mayorista,2025-08-12
7652,Cliente 07652,San Miguel,sv,Hogar,2025-01-13
7653,Cliente 07653,Usulutan,SV,Mayorista,2025-11-12
7654,Cliente 07654,Ahuachapan,SV,Mayorista,2025-11-26
7655,Cliente 07655,San Salvador,sv,Mayorista,2025-04-27
7656,Cliente 07656,san salvador,SV,PyME,2025-05-25
7657,Cliente 07657,La Union,HN,PyME,2025-03-25
7658,Cliente 07658,Usulutan,HN,Constructor,2025-10-27
7659,Cliente 07659,,ELS,Mayorista,2025-05-27
7660,Cliente 07660,Morazan,ELS,Hogar,2025-01-14
7661,Cliente 07661,Santa Ana,ELS,PyME,2025-07-14
7662,Cliente 07662,La Union,HN,Mayorista,2025-11-01
7663,Cliente 07663,San Salvador,GT,Mayorista,2025-11-19
7664,Cliente 07664,La Paz,sv,,2025-10-03
7665,Cliente 07665,Sonsonate,SV,Hogar,2025-10-16
7666,Cliente 07666,La Libertad,SV,PyME,2025-04-23
C7667,Cliente 07667,San Vicente,ELS,PyME,2025-10-24
7668,Cliente 07668,,SV,Constructor,2025-10-16
7669,Cliente 07669,santa ana,HN,,2025-02-21
7670,Cliente 07670,La Libertad,sv,Mayorista,2025-08-22
7671,Cliente 07671,santa ana,ELS,,2025-12-13
7672,Cliente 07672,San Vicente,SV,Hogar,2025-07-22
7673,Cliente 07673,San Vicente,SV,,2025-04-27
7674,Cliente 07674,San Miguel,NI,Hogar,2025-07-24
7675,Cliente 07675,San Miguel,ELS,Constructor,2025-06-14
7676,Cliente 07676,santa ana,HN,Hogar,2025-06-14
7677,Cliente 07677,,NI,Mayorista,2025-07-19
7678,Cliente 07678,Chalatenango,sv,,2025-01-15
7679,Cliente 07679,Morazan,HN,Constructor,2025-02-19
7680,Cliente 07680,Santa Ana,NI,,2025-10-02
7681,Cliente 07681,La Libertad,GT,PyME,2025-12-07
7682,Cliente 07682,Chalatenango,HN,Mayorista,2025-07-04
7683,Cliente 07683,Usulutan,SV,PyME,2025-05-15
7684,Cliente 07684,Chalatenango,HN,Mayorista,ayer
7685,Cliente 07685,San Vicente,HN,Hogar,2025-12-10
7686,Cliente 07686,,sv,,2025-08-19
7687,Cliente 07687,san salvador,ELS,PyME,2025-12-01
7688,Cliente 07688,Ahuachapan,sv,Mayorista,2025-08-23
7689,Cliente 07689,San Vicente,SV,PyME,2025-01-11
7690,Cliente 07690,San Salvador,sv,PyME,2025-05-17
7691,Cliente 07691,san salvador,NI,Mayorista,2025-02-09
7692,Cliente 07692,La Paz,HN,Hogar,2025-01-23
7693,Cliente 07693,Chalatenango,NI,Hogar,2025-04-10
7694,Cliente 07694,Chalatenango,NI,PyME,2025-03-03
7695,,,NI,Hogar,2025-05-09
7696,Cliente 07696,san salvador,HN,Hogar,2025-06-10
7697,Cliente 07697,Morazan,GT,Mayorista,2025-03-01
7698,Cliente 07698,San Vicente,sv,,2025-05-11
7699,Cliente 07699,La Paz,SV,Mayorista,2025-03-18
7700,Cliente 07700,Santa Ana,SV,PyME,2025-09-01
7701,Cliente 07701,Morazan,ELS,Mayorista,2025-02-18
7702,Cliente 07702,Usulutan,HN,,2025-05-13
7703,Cliente 07703,Chalatenango,GT,Constructor,2025-06-13
7704,Cliente 07704,,GT,Mayorista,2025-07-25
7705,Cliente 07705,San Vicente,SV,Hogar,2025-06-03
7706,Cliente 07706,La Union,GT,,2025-10-27
7707,Cliente 07707,santa ana,HN,PyME,2025-04-13
C7708,Cliente 07708,La Libertad,sv,,2025-04-13
7709,Cliente 07709,San Miguel,NI,PyME,2025-08-19
7710,Cliente 07710,santa ana,SV,,2025-05-03
7711,Cliente 07711,Cuscatlan,ELS,PyME,2025-10-01
7712,Cliente 07712,Sonsonate,sv,Hogar,2025-09-19
7713,Cliente 07713,,sv,,2025-10-09
7714,Cliente 07714,Sonsonate,ELS,Hogar,2025-05-04
7715,Cliente 07715,Cuscatlan,NI,Mayorista,2025-04-21
7716,Cliente 07716,Santa Ana,HN,,2025-04-11
7717,Cliente 07717,Sonsonate,sv,Mayorista,2025-03-26
7718,Cliente 07718,Cuscatlan,HN,Mayorista,2025-03-05
7719,Cliente 07719,santa ana,GT,,2025-06-23
7720,Cliente 07720,San Vicente,NI,PyME,2025-04-06
7721,Cliente 07721,Chalatenango,GT,Hogar,2025-06-03
7722,Cliente 07722,,ELS,,2025-09-05
7723,Cliente 07723,La Union,sv,,2025-07-07
7724,Cliente 07724,SAN SALVADOR,NI,Hogar,2025-12-21
7725,Cliente 07725,Morazan,NI,Mayorista,2025-08-23
7726,Cliente 07726,La Libertad,NI,,2025-09-03
7727,Cliente 07727,san salvador,NI,,2025-10-13
7728,Cliente 07728,Chalatenango,HN,Mayorista,2025-09-22
7729,Cliente 07729,santa ana,NI,Constructor,2025-01-08
7730,Cliente 07730,San Miguel,SV,Hogar,2025-07-04
7731,Cliente 07731,,SV,PyME,2025-07-15
7732,Cliente 07732,Sonsonate,sv,Constructor,2025-08-03
7733,Cliente 07733,san salvador,GT,Hogar,2025-04-01
7734,Cliente 07734,San Vicente,ELS,,2025-01-18
7735,Cliente 07735,santa ana,SV,Mayorista,2025-08-17
7736,Cliente 07736,La Libertad,ELS,Hogar,2025-03-18
7737,Cliente 07737,San Vicente,SV,PyME,2025-10-19
7738,Cliente 07738,San Vicente,GT,Hogar,2025-06-05
7739,Cliente 07739,san salvador,GT,PyME,2025-08-25
7740,Cliente 07740,,SV,Hogar,2025-02-23
7740,Cliente 07740,,SV,Hogar,2025-02-23
7741,Cliente 07741,San Salvador,NI,Mayorista,2025-06-11
7742,Cliente 07742,Ahuachapan,NI,,2025-12-18
7743,Cliente 07743,La Libertad,sv,PyME,2025-06-15
7744,Cliente 07744,Sonsonate,GT,Hogar,2025-02-12
7745,Cliente 07745,San Vicente,NI,Mayorista,2025-01-07
7746,Cliente 07746,La Libertad,NI,PyME,2025-04-04
7747,Cliente 07747,Usulutan,HN,Constructor,2025-07-18
7748,Cliente 07748,Santa Ana,SV,Constructor,2025-12-28
C7749,Cliente 07749,,NI,PyME,2025-03-24
7750,Cliente 07750,San Miguel,NI,Hogar,2025-09-02
7751,Cliente 07751,Morazan,GT,Constructor,2025-05-21
7752,,San Salvador,SV,Hogar,2025-06-22
7753,Cliente 07753,Morazan,ELS,,2025-12-08
7754,Cliente 07754,San Salvador,NI,Constructor,2025-03-09
7755,Cliente 07755,Morazan,HN,,2025-06-28
7756,Cliente 07756,La Libertad,sv,Constructor,2025-01-22
7757,Cliente 07757,La Paz,SV,Constructor,2025-11-28
7758,Cliente 07758,,ELS,,2025-04-27
7759,Cliente 07759,San Miguel,GT,Constructor,2025-11-08
7760,Cliente 07760,SAN SALVADOR,sv,Hogar,2025-10-24
7761,Cliente 07761,san salvador,ELS,,2025-09-01
7762,Cliente 07762,Sonsonate,GT,Constructor,2025-09-17
7763,Cliente 07763,Morazan,ELS,PyME,2025-02-04
7764,Cliente 07764,La Libertad,ELS,PyME,2025-12-17
7765,Cliente 07765,Morazan,GT,Constructor,2025-05-25
7766,Cliente 07766,Chalatenango,ELS,PyME,2025-10-18
7767,Cliente 07767,,GT,Mayorista,2025-10-25
7768,Cliente 07768,Ahuachapan,NI,Hogar,2025-12-11
7769,Cliente 07769,Ahuachapan,HN,,2025-11-27
7770,Cliente 07770,Cuscatlan,SV,Hogar,2025-10-04
7771,Cliente 07771,La Libertad,NI,PyME,2025-10-19
7772,Cliente 07772,San Salvador,ELS,,2025-02-01
7773,Cliente 07773,SAN SALVADOR,HN,PyME,2025-01-14
7774,Cliente 07774,Santa Ana,SV,Hogar,2025-12-13
7775,Cliente 07775,Morazan,GT,Mayorista,2025-08-24
7776,Cliente 07776,,ELS,Hogar,2025-08-15
7777,Cliente 07777,San Miguel,HN,PyME,2025-11-02
7778,Cliente 07778,SAN SALVADOR,GT,,2025-04-12
7779,Cliente 07779,san salvador,ELS,Mayorista,2025-05-06
7780,Cliente 07780,Chalatenango,NI,,2025-06-28
7781,Cliente 07781,San Vicente,NI,PyME,2025-08-05
7782,Cliente 07782,La Libertad,ELS,,2025-01-19
7783,Cliente 07783,Usulutan,NI,Mayorista,2025-07-08
7784,Cliente 07784,Morazan,ELS,Constructor,2025-11-18
7785,Cliente 07785,,sv,Constructor,2025-10-18
7786,Cliente 07786,Sonsonate,HN,Mayorista,2025-10-19
7787,Cliente 07787,Usulutan,SV,Mayorista,2025-07-16
7788,Cliente 07788,Usulutan,GT,Constructor,2025-01-12
7789,Cliente 07789,San Salvador,HN,Hogar,2025-06-07
C7790,Cliente 07790,La Paz,GT,Constructor,2025-04-10
7791,Cliente 07791,Santa Ana,ELS,,2025-03-18
7792,Cliente 07792,santa ana,GT,Hogar,2025-08-22
7793,Cliente 07793,Sonsonate,NI,Hogar,2025-01-21
7794,Cliente 07794,,sv,Mayorista,2025-09-28
7795,Cliente 07795,san salvador,GT,Hogar,2025-04-02
7796,Cliente 07796,San Miguel,NI,Constructor,2025-02-14
7797,Cliente 07797,Santa Ana,GT,Mayorista,ayer
7798,Cliente 07798,Chalatenango,NI,,2025-07-08
7799,Cliente 07799,SAN SALVADOR,GT,Constructor,2025-05-02
7800,Cliente 07800,santa ana,SV,Hogar,2025-07-18
7801,Cliente 07801,santa ana,sv,PyME,2025-04-07
7802,Cliente 07802,san salvador,SV,,2025-02-17
7803,Cliente 07803,,sv,PyME,2025-01-19
7804,Cliente 07804,La Libertad,sv,Mayorista,2025-09-22
7805,Cliente 07805,Morazan,ELS,Constructor,2025-07-25
7806,Cliente 07806,Ahuachapan,GT,Mayorista,2025-04-21
7807,Cliente 07807,Chalatenango,sv,Hogar,2025-11-23
7808,Cliente 07808,Ahuachapan,HN,Hogar,2025-02-03
7809,,Morazan,ELS,PyME,2025-06-17
7810,Cliente 07810,santa ana,HN,Constructor,2025-03-09
7811,Cliente 07811,La Libertad,SV,Constructor,2025-06-14
7812,Cliente 07812,,sv,Constructor,2025-06-07
7813,Cliente 07813,San Salvador,GT,Constructor,2025-04-16
7814,Cliente 07814,La Paz,SV,Constructor,2025-11-26
7815,Cliente 07815,San Vicente,SV,Hogar,2025-04-14
7816,Cliente 07816,Sonsonate,SV,,2025-02-16
7817,Cliente 07817,La Libertad,sv,Hogar,2025-05-25
7818,Cliente 07818,Chalatenango,GT,Hogar,2025-05-13
7819,Cliente 07819,San Miguel,ELS,Mayorista,2025-10-18
7820,Cliente 07820,Chalatenango,HN,Constructor,2025-07-09
7821,Cliente 07821,,NI,PyME,2025-12-27
7822,Cliente 07822,Usulutan,NI,Constructor,2025-05-10
7823,Cliente 07823,SAN SALVADOR,HN,Hogar,2025-05-20
7824,Cliente 07824,La Paz,SV,Hogar,2025-01-09
7825,Cliente 07825,La Paz,GT,PyME,2025-04-21
7826,Cliente 07826,Chalatenango,HN,,2025-03-17
7827,Cliente 07827,Cuscatlan,NI,PyME,2025-10-15
7828,Cliente 07828,Ahuachapan,sv,Mayorista,2025-11-17
7829,Cliente 07829,san salvador,HN,Mayorista,2025-07-19
7830,Cliente 07830,,GT,,2025-07-24
C7831,Cliente 07831,La Paz,NI,PyME,2025-02-10
7832,Cliente 07832,san salvador,HN,PyME,2025-10-08
7833,Cliente 07833,santa ana,ELS,Constructor,2025-05-15
7834,Cliente 07834,San Miguel,ELS,,2025-07-14
7835,Cliente 07835,San Salvador,ELS,,2025-08-28
7836,Cliente 07836,San Miguel,GT,Constructor,2025-05-10
7837,Cliente 07837,San Salvador,sv,Mayorista,2025-02-18
7838,Cliente 07838,Morazan,NI,PyME,2025-04-06
7839,Cliente 07839,,NI,PyME,2025-01-18
7840,Cliente 07840,La Libertad,HN,,2025-04-19
7841,Cliente 07841,San Miguel,NI,Mayorista,2025-04-25
7842,Cliente 07842,La Paz,GT,,2025-08-18
7843,Cliente 07843,Usulutan,HN,Mayorista,2025-01-21
7844,Cliente 07844,Ahuachapan,SV,PyME,2025-12-08
7845,Cliente 07845,SAN SALVADOR,GT,Hogar,2025-05-08
7846,Cliente 07846,La Union,SV,,2025-01-19
7847,Cliente 07847,SAN SALVADOR,GT,PyME,2025-09-17
7848,Cliente 07848,,ELS,,2025-10-26
7849,Cliente 07849,Santa Ana,GT,Constructor,2025-02-02
7850,Cliente 07850,San Salvador,sv,PyME,2025-11-04
7851,Cliente 07851,santa ana,NI,PyME,2025-03-10
7852,Cliente 07852,La Paz,HN,Mayorista,2025-07-03
7853,Cliente 07853,SAN SALVADOR,NI,,2025-03-08
7854,Cliente 07854,Morazan,sv,Constructor,2025-03-15
7855,Cliente 07855,La Libertad,SV,PyME,2025-12-18
7856,Cliente 07856,SAN SALVADOR,NI,PyME,2025-06-06
7857,Cliente 07857,,sv,Hogar,2025-05-04
7858,Cliente 07858,La Union,sv,Constructor,2025-10-15
7859,Cliente 07859,Ahuachapan,HN,Constructor,2025-08-19
7860,Cliente 07860,San Miguel,GT,,2025-07-21
7861,Cliente 07861,La Union,NI,PyME,2025-01-15
7862,Cliente 07862,san salvador,NI,PyME,2025-11-04
7863,Cliente 07863,Ahuachapan,ELS,Constructor,2025-09-07
7864,Cliente 07864,santa ana,sv,,2025-11-20
7865,Cliente 07865,La Paz,GT,PyME,2025-11-04
7866,,,HN,Constructor,2025-02-27
7867,Cliente 07867,San Miguel,GT,Hogar,2025-10-06
7868,Cliente 07868,La Libertad,NI,,2025-05-23
7869,Cliente 07869,san salvador,GT,Constructor,2025-07-02
7870,Cliente 07870,Santa Ana,ELS,PyME,2025-05-07
7871,Cliente 07871,santa ana,NI,Hogar,2025-11-05
C7872,Cliente 07872,La Union,HN,Constructor,2025-02-12
7873,Cliente 07873,La Libertad,NI,,2025-01-08
7874,Cliente 07874,San Salvador,GT,Constructor,2025-08-22
7875,Cliente 07875,,SV,,2025-02-25
7876,Cliente 07876,La Paz,sv,,2025-07-15
7877,Cliente 07877,La Paz,sv,Constructor,2025-11-13
7878,Cliente 07878,san salvador,SV,PyME,2025-04-05
7879,Cliente 07879,Morazan,NI,PyME,2025-05-10
7880,Cliente 07880,Morazan,SV,Constructor,2025-03-25
7881,Cliente 07881,Morazan,sv,,2025-04-03
7882,Cliente 07882,San Salvador,SV,Hogar,2025-06-11
7883,Cliente 07883,Chalatenango,SV,Constructor,2025-02-14
7884,Cliente 07884,,GT,Hogar,2025-06-04
7885,Cliente 07885,La Paz,SV,Mayorista,2025-01-15
7886,Cliente 07886,Sonsonate,sv,Mayorista,2025-03-23
7887,Cliente 07887,san salvador,HN,Mayorista,2025-10-24
7888,Cliente 07888,SAN SALVADOR,NI,Mayorista,2025-10-15
7889,Cliente 07889,San Miguel,NI,Constructor,2025-06-01
7890,Cliente 07890,Santa Ana,NI,Mayorista,2025-09-03
7891,Cliente 07891,Ahuachapan,NI,Constructor,2025-12-11
7892,Cliente 07892,San Miguel,SV,PyME,2025-05-27
7893,Cliente 07893,,sv,PyME,2025-04-10
7894,Cliente 07894,Usulutan,GT,PyME,2025-06-21
7895,Cliente 07895,San Miguel,sv,,2025-11-27
7896,Cliente 07896,Ahuachapan,GT,Mayorista,2025-03-19
7897,Cliente 07897,Santa Ana,sv,Constructor,2025-03-14
7898,Cliente 07898,SAN SALVADOR,sv,Mayorista,2025-09-10
7899,Cliente 07899,San Salvador,ELS,PyME,2025-01-17
7900,Cliente 07900,La Union,sv,PyME,2025-07-24
7901,Cliente 07901,La Paz,NI,Hogar,2025-03-09
7902,Cliente 07902,,sv,PyME,2025-02-05
7903,Cliente 07903,Santa Ana,SV,Hogar,2025-07-05
7904,Cliente 07904,San Salvador,GT,Mayorista,2025-07-21
7905,Cliente 07905,SAN SALVADOR,GT,Constructor,2025-07-14
7906,Cliente 07906,Sonsonate,ELS,,2025-11-24
7907,Cliente 07907,santa ana,SV,,2025-01-02
7908,Cliente 07908,Chalatenango,GT,,2025-10-05
7909,Cliente 07909,Sonsonate,NI,Constructor,2025-02-27
7910,Cliente 07910,Ahuachapan,SV,Constructor,ayer
7911,Cliente 07911,,NI,,2025-03-18
7912,Cliente 07912,San Miguel,HN,PyME,2025-03-20
C7913,Cliente 07913,Usulutan,SV,Mayorista,2025-05-11
7914,Cliente 07914,santa ana,ELS,,2025-06-14
7915,Cliente 07915,San Miguel,HN,PyME,2025-11-23
7916,Cliente 07916,San Miguel,SV,Constructor,2025-09-28
7917,Cliente 07917,Usulutan,SV,Hogar,2025-05-27
7918,Cliente 07918,Chalatenango,NI,Hogar,2025-05-21
7919,Cliente 07919,La Union,HN,Hogar,2025-05-09
7920,Cliente 07920,,ELS,,2025-09-23
7920,Cliente 07920,,ELS,,2025-09-23
7921,Cliente 07921,La Paz,GT,Constructor,2025-06-18
7922,Cliente 07922,san salvador,GT,Hogar,2025-02-03
7923,,Cuscatlan,ELS,Constructor,2025-06-16
7924,Cliente 07924,San Miguel,GT,PyME,2025-05-18
7925,Cliente 07925,Usulutan,NI,Constructor,2025-07-28
7926,Cliente 07926,Usulutan,SV,Mayorista,2025-04-20
7927,Cliente 07927,La Union,HN,Constructor,2025-06-17
7928,Cliente 07928,La Libertad,HN,Hogar,2025-10-18
7929,Cliente 07929,,sv,,2025-10-23
7930,Cliente 07930,Cuscatlan,GT,Hogar,2025-02-27
7931,Cliente 07931,Morazan,ELS,Mayorista,2025-07-17
7932,Cliente 07932,San Vicente,SV,,2025-09-04
7933,Cliente 07933,Chalatenango,HN,Mayorista,2025-05-03
7934,Cliente 07934,La Libertad,sv,PyME,2025-10-03
7935,Cliente 07935,La Union,SV,Mayorista,2025-02-20
7936,Cliente 07936,Sonsonate,GT,Constructor,2025-03-16
7937,Cliente 07937,SAN SALVADOR,SV,Constructor,2025-08-27
7938,Cliente 07938,,NI,,2025-02-14
7939,Cliente 07939,La Libertad,SV,Constructor,2025-07-08
7940,Cliente 07940,Ahuachapan,GT,Hogar,2025-04-07
7941,Cliente 07941,San Miguel,GT,Hogar,2025-05-14
7942,Cliente 07942,San Miguel,GT,Constructor,2025-12-27
7943,Cliente 07943,Usulutan,ELS,Mayorista,2025-08-20
7944,Cliente 07944,SAN SALVADOR,SV,Hogar,2025-03-16
7945,Cliente 07945,La Libertad,ELS,Mayorista,2025-11-21
7946,Cliente 07946,Sonsonate,ELS,PyME,2025-05-27
7947,Cliente 07947,,NI,,2025-03-28
7948,Cliente 07948,San Vicente,SV,Mayorista,2025-12-12
7949,Cliente 07949,Santa Ana,GT,PyME,2025-04-24
7950,Cliente 07950,Chalatenango,GT,,2025-10-21
7951,Cliente 07951,SAN SALVADOR,ELS,PyME,2025-10-10
7952,Cliente 07952,san salvador,sv,Constructor,2025-12-05
7953,Cliente 07953,Ahuachapan,ELS,,2025-12-13
C7954,Cliente 07954,San Miguel,SV,PyME,2025-04-18
7955,Cliente 07955,Santa Ana,NI,Constructor,2025-11-10
7956,Cliente 07956,,NI,,2025-09-22
7957,Cliente 07957,La Union,ELS,Constructor,2025-04-22
7958,Cliente 07958,SAN SALVADOR,GT,,2025-07-07
7959,Cliente 07959,santa ana,SV,Constructor,2025-09-03
7960,Cliente 07960,Usulutan,SV,Constructor,2025-03-13
7961,Cliente 07961,Morazan,NI,PyME,2025-01-10
7962,Cliente 07962,Usulutan,GT,Hogar,2025-10-16
7963,Cliente 07963,Santa Ana,GT,Constructor,2025-07-23
7964,Cliente 07964,La Paz,NI,,2025-06-24
7965,Cliente 07965,,GT,Hogar,2025-03-09
7966,Cliente 07966,La Union,ELS,Constructor,2025-10-26
7967,Cliente 07967,La Union,HN,PyME,2025-06-26
7968,Cliente 07968,Usulutan,SV,Hogar,2025-06-08
7969,Cliente 07969,Morazan,SV,Hogar,2025-01-16
7970,Cliente 07970,San Miguel,NI,Mayorista,2025-11-14
7971,Cliente 07971,Santa Ana,GT,PyME,2025-01-18
7972,Cliente 07972,san salvador,SV,PyME,2025-03-09
7973,Cliente 07973,San Vicente,GT,Constructor,2025-09-03
7974,Cliente 07974,,GT,Constructor,2025-05-24
7975,Cliente 07975,San Miguel,GT,Mayorista,2025-01-25
7976,Cliente 07976,La Paz,ELS,Hogar,2025-09-24
7977,Cliente 07977,santa ana,GT,PyME,2025-05-24
7978,Cliente 07978,Sonsonate,ELS,Mayorista,2025-04-19
7979,Cliente 07979,Usulutan,SV,,2025-10-06
7980,,Chalatenango,GT,,2025-10-10
7981,Cliente 07981,San Salvador,SV,Mayorista,2025-11-20
7982,Cliente 07982,santa ana,HN,Constructor,2025-11-19
7983,Cliente 07983,,NI,,2025-11-21
7984,Cliente 07984,San Miguel,SV,PyME,2025-08-12
7985,Cliente 07985,Cuscatlan,GT,Hogar,2025-04-15
7986,Cliente 07986,Usulutan,NI,,2025-06-27
7987,Cliente 07987,San Salvador,NI,Mayorista,2025-02-21
7988,Cliente 07988,Morazan,HN,PyME,2025-04-22
7989,Cliente 07989,La Libertad,GT,,2025-03-01
7990,Cliente 07990,santa ana,SV,Constructor,2025-09-06
7991,Cliente 07991,santa ana,HN,Hogar,2025-08-01
7992,Cliente 07992,,GT,PyME,2025-07-16
7993,Cliente 07993,San Salvador,sv,Constructor,2025-02-22
7994,Cliente 07994,SAN SALVADOR,HN,PyME,2025-10-02
C7995,Cliente 07995,Chalatenango,GT,PyME,2025-01-20
7996,Cliente 07996,Morazan,ELS,Mayorista,2025-06-09
7997,Cliente 07997,santa ana,sv,,2025-11-10
7998,Cliente 07998,san salvador,ELS,Hogar,2025-12-22
7999,Cliente 07999,Santa Ana,ELS,,2025-06-13
8000,Cliente 08000,Usulutan,SV,Constructor,2025-07-04
8001,Cliente 08001,,GT,,2025-11-26
8002,Cliente 08002,SAN SALVADOR,GT,Mayorista,2025-02-10
8003,Cliente 08003,San Miguel,SV,,2025-04-08
8004,Cliente 08004,SAN SALVADOR,GT,Constructor,2025-12-03
8005,Cliente 08005,San Vicente,NI,Hogar,2025-04-26
8006,Cliente 08006,La Libertad,SV,,2025-10-21
8007,Cliente 08007,Ahuachapan,ELS,Constructor,2025-01-09
8008,Cliente 08008,La Libertad,ELS,Hogar,2025-03-12
8009,Cliente 08009,Cuscatlan,SV,,2025-05-22
8010,Cliente 08010,,SV,PyME,2025-03-19
8011,Cliente 08011,San Salvador,ELS,Hogar,2025-04-19
8012,Cliente 08012,Chalatenango,sv,PyME,2025-05-10
8013,Cliente 08013,SAN SALVADOR,sv,Mayorista,2025-05-21
8014,Cliente 08014,San Vicente,GT,Hogar,2025-10-26
8015,Cliente 08015,La Union,NI,,2025-08-19
8016,Cliente 08016,Ahuachapan,GT,Mayorista,2025-09-11
8017,Cliente 08017,La Paz,HN,PyME,2025-04-11
8018,Cliente 08018,Morazan,GT,PyME,2025-08-18
8019,Cliente 08019,,sv,PyME,2025-01-03
8020,Cliente 08020,Morazan,sv,Hogar,2025-10-05
8021,Cliente 08021,San Salvador,HN,PyME,2025-10-14
8022,Cliente 08022,San Vicente,GT,Constructor,2025-11-12
8023,Cliente 08023,Usulutan,ELS,Hogar,ayer
8024,Cliente 08024,san salvador,GT,,2025-01-24
8025,Cliente 08025,La Union,GT,PyME,2025-06-04
8026,Cliente 08026,La Union,NI,PyME,2025-12-14
8027,Cliente 08027,La Union,sv,Hogar,2025-03-15
8028,Cliente 08028,,SV,PyME,2025-02-10
8029,Cliente 08029,santa ana,ELS,Constructor,2025-10-14
8030,Cliente 08030,san salvador,ELS,PyME,2025-04-01
8031,Cliente 08031,SAN SALVADOR,sv,Hogar,2025-04-19
8032,Cliente 08032,Cuscatlan,sv,Mayorista,2025-03-11
8033,Cliente 08033,Morazan,ELS,Constructor,2025-11-18
8034,Cliente 08034,Usulutan,ELS,,2025-07-24
8035,Cliente 08035,san salvador,GT,Hogar,2025-03-22
C8036,Cliente 08036,La Union,HN,Mayorista,2025-10-19
8037,,,GT,Mayorista,2025-04-20
8038,Cliente 08038,Cuscatlan,NI,PyME,2025-05-04
8039,Cliente 08039,La Paz,NI,Mayorista,2025-09-26
8040,Cliente 08040,La Libertad,HN,Hogar,2025-12-12
8041,Cliente 08041,Morazan,sv,Hogar,2025-04-01
8042,Cliente 08042,Cuscatlan,HN,Mayorista,2025-05-09
8043,Cliente 08043,Ahuachapan,SV,Hogar,2025-04-28
8044,Cliente 08044,Chalatenango,HN,,2025-11-20
8045,Cliente 08045,Cuscatlan,GT,Hogar,2025-10-14
8046,Cliente 08046,,ELS,Mayorista,2025-01-11
8047,Cliente 08047,San Salvador,GT,,2025-09-01
8048,Cliente 08048,Usulutan,sv,Hogar,2025-02-24
8049,Cliente 08049,La Paz,NI,PyME,2025-01-14
8050,Cliente 08050,Usulutan,HN,PyME,2025-03-21
8051,Cliente 08051,San Salvador,HN,PyME,2025-09-28
8052,Cliente 08052,santa ana,HN,Constructor,2025-12-17
8053,Cliente 08053,san salvador,SV,,2025-04-15
8054,Cliente 08054,SAN SALVADOR,GT,Hogar,2025-03-27
8055,Cliente 08055,,HN,PyME,2025-04-12
8056,Cliente 08056,Cuscatlan,ELS,PyME,2025-05-24
8057,Cliente 08057,La Paz,sv,Hogar,2025-08-24
8058,Cliente 08058,La Libertad,GT,,2025-10-03
8059,Cliente 08059,santa ana,HN,Constructor,2025-07-01
8060,Cliente 08060,san salvador,NI,Mayorista,2025-11-09
8061,Cliente 08061,santa ana,ELS,,2025-05-16
8062,Cliente 08062,Chalatenango,SV,Hogar,2025-06-09
8063,Cliente 08063,San Salvador,ELS,Mayorista,2025-12-10
8064,Cliente 08064,,SV,,2025-09-11
8065,Cliente 08065,La Union,HN,,2025-04-03
8066,Cliente 08066,San Salvador,HN,Constructor,2025-07-22
8067,Cliente 08067,Cuscatlan,NI,,2025-11-24
8068,Cliente 08068,La Paz,HN,Hogar,2025-07-11
8069,Cliente 08069,Santa Ana,sv,PyME,2025-10-07
8070,Cliente 08070,Cuscatlan,HN,PyME,2025-11-26
8071,Cliente 08071,San Vicente,sv,Mayorista,2025-12-09
8072,Cliente 08072,San Salvador,sv,Hogar,2025-09-23
8073,Cliente 08073,,SV,,2025-11-26
8074,Cliente 08074,SAN SALVADOR,HN,PyME,2025-06-03
8075,Cliente 08075,SAN SALVADOR,GT,PyME,2025-07-28
8076,Cliente 08076,Sonsonate,sv,Constructor,2025-04-12
C8077,Cliente 08077,Ahuachapan,sv,,2025-09-21
8078,Cliente 08078,San Miguel,NI,Mayorista,2025-08-24
8079,Cliente 08079,Morazan,sv,,2025-01-12
8080,Cliente 08080,SAN SALVADOR,sv,Mayorista,2025-03-18
8081,Cliente 08081,Chalatenango,GT,Hogar,2025-01-24
8082,Cliente 08082,,SV,Hogar,2025-12-10
8083,Cliente 08083,Usulutan,GT,Hogar,2025-12-28
8084,Cliente 08084,San Salvador,GT,PyME,2025-10-09
8085,Cliente 08085,San Vicente,HN,Mayorista,2025-03-07
8086,Cliente 08086,Cuscatlan,HN,Hogar,2025-01-17
8087,Cliente 08087,Cuscatlan,HN,Mayorista,2025-04-08
8088,Cliente 08088,Usulutan,HN,Constructor,2025-11-18
8089,Cliente 08089,San Salvador,NI,PyME,2025-03-09
8090,Cliente 08090,La Paz,NI,,2025-05-25
8091,Cliente 08091,,GT,Mayorista,2025-02-05
8092,Cliente 08092,Cuscatlan,HN,PyME,2025-11-02
8093,Cliente 08093,La Libertad,SV,Constructor,2025-12-25
8094,,Morazan,sv,,2025-05-01
8095,Cliente 08095,La Union,HN,,2025-05-24
8096,Cliente 08096,La Paz,HN,Hogar,2025-11-22
8097,Cliente 08097,Usulutan,GT,PyME,2025-03-09
8098,Cliente 08098,Chalatenango,SV,Constructor,2025-08-02
8099,Cliente 08099,La Union,NI,Mayorista,2025-09-09
8100,Cliente 08100,,ELS,Mayorista,2025-04-27
8100,Cliente 08100,,ELS,Mayorista,2025-04-27
8101,Cliente 08101,La Union,SV,Hogar,2025-03-04
8102,Cliente 08102,Chalatenango,NI,PyME,2025-10-19
8103,Cliente 08103,Morazan,sv,Mayorista,2025-07-05
8104,Cliente 08104,Ahuachapan,sv,Mayorista,2025-08-13
8105,Cliente 08105,Usulutan,GT,Constructor,2025-06-04
8106,Cliente 08106,san salvador,ELS,Constructor,2025-06-12
8107,Cliente 08107,Ahuachapan,GT,Hogar,2025-09-13
8108,Cliente 08108,Santa Ana,SV,Hogar,2025-05-07
8109,Cliente 08109,,SV,PyME,2025-09-03
8110,Cliente 08110,san salvador,sv,Hogar,2025-07-23
8111,Cliente 08111,Sonsonate,sv,Hogar,2025-09-03
8112,Cliente 08112,San Salvador,sv,Hogar,2025-04-01
8113,Cliente 08113,Ahuachapan,NI,Constructor,2025-08-01
8114,Cliente 08114,Ahuachapan,SV,Mayorista,2025-10-01
8115,Cliente 08115,Cuscatlan,sv,,2025-09-25
8116,Cliente 08116,La Union,HN,Hogar,2025-02-26
8117,Cliente 08117,San Miguel,ELS,,2025-03-27
C8118,Cliente 08118,,NI,Hogar,2025-05-26
8119,Cliente 08119,Usulutan,HN,,2025-05-15
8120,Cliente 08120,SAN SALVADOR,sv,,2025-04-07
8121,Cliente 08121,La Union,SV,,2025-11-09
8122,Cliente 08122,La Union,GT,Mayorista,2025-10-23
8123,Cliente 08123,Ahuachapan,ELS,,2025-10-20
8124,Cliente 08124,La Union,ELS,Constructor,2025-03-01
8125,Cliente 08125,San Salvador,ELS,Mayorista,2025-08-09
8126,Cliente 08126,Ahuachapan,SV,,2025-02-13
8127,Cliente 08127,,GT,Hogar,2025-09-26
8128,Cliente 08128,Morazan,HN,Constructor,2025-08-19
8129,Cliente 08129,San Vicente,NI,Mayorista,2025-09-18
8130,Cliente 08130,Sonsonate,NI,PyME,2025-04-19
8131,Cliente 08131,santa ana,NI,Mayorista,2025-07-23
8132,Cliente 08132,santa ana,ELS,Mayorista,2025-04-14
8133,Cliente 08133,Usulutan,SV,Constructor,2025-04-19
8134,Cliente 08134,Usulutan,GT,,2025-03-24
8135,Cliente 08135,santa ana,ELS,PyME,2025-05-22
8136,Cliente 08136,,GT,Hogar,ayer
8137,Cliente 08137,Sonsonate,sv,Constructor,2025-09-21
8138,Cliente 08138,Usulutan,GT,Constructor,2025-07-04
8139,Cliente 08139,santa ana,sv,PyME,2025-06-23
8140,Cliente 08140,San Miguel,NI,Hogar,2025-03-13
8141,Cliente 08141,San Miguel,SV,PyME,2025-10-01
8142,Cliente 08142,Cuscatlan,NI,Hogar,2025-02-15
8143,Cliente 08143,San Salvador,sv,Hogar,2025-02-24
8144,Cliente 08144,santa ana,HN,PyME,2025-09-03
8145,Cliente 08145,,ELS,Mayorista,2025-08-01
8146,Cliente 08146,san salvador,GT,Mayorista,2025-07-15
8147,Cliente 08147,Morazan,HN,Constructor,2025-07-13
8148,Cliente 08148,san salvador,ELS,,2025-08-17
8149,Cliente 08149,La Union,HN,Mayorista,2025-08-05
8150,Cliente 08150,Morazan,HN,,2025-12-03
8151,,La Paz,sv,Constructor,2025-05-22
8152,Cliente 08152,Usulutan,SV,Constructor,2025-11-11
8153,Cliente 08153,Usulutan,SV,Constructor,2025-03-24
8154,Cliente 08154,,HN,Hogar,2025-03-24
8155,Cliente 08155,La Union,sv,Constructor,2025-08-23
8156,Cliente 08156,San Vicente,sv,Hogar,2025-10-25
8157,Cliente 08157,Chalatenango,HN,PyME,2025-02-24
8158,Cliente 08158,Sonsonate,HN,Constructor,2025-08-07
C8159,Cliente 08159,san salvador,sv,Constructor,2025-07-08
8160,Cliente 08160,Chalatenango,sv,Mayorista,2025-08-14
8161,Cliente 08161,san salvador,NI,,2025-05-22
8162,Cliente 08162,Cuscatlan,GT,PyME,2025-12-15
8163,Cliente 08163,,ELS,Mayorista,2025-12-26
8164,Cliente 08164,Ahuachapan,ELS,Hogar,2025-07-19
8165,Cliente 08165,Chalatenango,GT,Constructor,2025-12-28
8166,Cliente 08166,La Union,NI,,2025-04-06
8167,Cliente 08167,La Paz,HN,Hogar,2025-11-06
8168,Cliente 08168,San Salvador,ELS,Hogar,2025-07-05
8169,Cliente 08169,santa ana,ELS,Constructor,2025-09-07
8170,Cliente 08170,Ahuachapan,GT,,2025-12-20
8171,Cliente 08171,Morazan,ELS,Constructor,2025-09-06
8172,Cliente 08172,,NI,Hogar,2025-10-16
8173,Cliente 08173,La Paz,HN,,2025-11-10
8174,Cliente 08174,Santa Ana,SV,,2025-09-11
8175,Cliente 08175,Sonsonate,sv,PyME,2025-06-22
8176,Cliente 08176,Chalatenango,NI,,2025-02-23
8177,Cliente 08177,Ahuachapan,SV,Hogar,2025-01-15
8178,Cliente 08178,Ahuachapan,GT,PyME,2025-10-23
8179,Cliente 08179,Santa Ana,SV,PyME,2025-11-03
8180,Cliente 08180,San Vicente,sv,,2025-08-18
8181,Cliente 08181,,ELS,,2025-11-19
8182,Cliente 08182,La Libertad,ELS,Hogar,2025-05-04
8183,Cliente 08183,San Vicente,GT,,2025-11-13
8184,Cliente 08184,SAN SALVADOR,NI,PyME,2025-06-23
8185,Cliente 08185,Santa Ana,HN,Constructor,2025-05-14
8186,Cliente 08186,santa ana,NI,Hogar,2025-06-11
8187,Cliente 08187,San Vicente,HN,Hogar,2025-05-15
8188,Cliente 08188,SAN SALVADOR,sv,Mayorista,2025-06-01
8189,Cliente 08189,Ahuachapan,ELS,Mayorista,2025-06-06
8190,Cliente 08190,,sv,Mayorista,2025-08-25
8191,Cliente 08191,San Salvador,SV,Constructor,2025-10-05
8192,Cliente 08192,Ahuachapan,NI,Constructor,2025-07-02
8193,Cliente 08193,La Paz,NI,Constructor,2025-05-17
8194,Cliente 08194,Usulutan,NI,Mayorista,2025-04-02
8195,Cliente 08195,La Libertad,HN,PyME,2025-04-28
8196,Cliente 08196,Morazan,ELS,Hogar,2025-10-02
8197,Cliente 08197,San Salvador,GT,Hogar,2025-05-11
8198,Cliente 08198,Santa Ana,HN,Hogar,2025-05-22
8199,Cliente 08199,,ELS,Constructor,2025-01-13
C8200,Cliente 08200,san salvador,NI,Mayorista,2025-10-13
8201,Cliente 08201,San Vicente,sv,PyME,2025-07-01
8202,Cliente 08202,SAN SALVADOR,GT,,2025-05-04
8203,Cliente 08203,La Libertad,ELS,Mayorista,2025-03-22
8204,Cliente 08204,santa ana,sv,Constructor,2025-07-25
8205,Cliente 08205,santa ana,ELS,PyME,2025-10-10
8206,Cliente 08206,santa ana,ELS,,2025-04-25
8207,Cliente 08207,San Vicente,SV,,2025-12-26
8208,,,ELS,Mayorista,2025-02-20
8209,Cliente 08209,San Salvador,SV,Constructor,2025-08-04
8210,Cliente 08210,La Union,SV,PyME,2025-04-17
8211,Cliente 08211,Ahuachapan,GT,PyME,2025-12-11
8212,Cliente 08212,SAN SALVADOR,NI,Mayorista,2025-10-14
8213,Cliente 08213,santa ana,NI,Mayorista,2025-05-16
8214,Cliente 08214,Cuscatlan,sv,PyME,2025-06-15
8215,Cliente 08215,Ahuachapan,GT,Constructor,2025-01-17
8216,Cliente 08216,SAN SALVADOR,SV,,2025-11-26
8217,Cliente 08217,,GT,Hogar,2025-03-16
8218,Cliente 08218,La Union,GT,Constructor,2025-08-27
8219,Cliente 08219,Ahuachapan,GT,Constructor,2025-02-11
8220,Cliente 08220,La Libertad,SV,,2025-04-12
8221,Cliente 08221,San Salvador,ELS,Mayorista,2025-02-02
8222,Cliente 08222,La Paz,NI,PyME,2025-12-17
8223,Cliente 08223,Usulutan,GT,Constructor,2025-05-23
8224,Cliente 08224,La Union,sv,Mayorista,2025-01-05
8225,Cliente 08225,Ahuachapan,sv,Hogar,2025-07-18
8226,Cliente 08226,,NI,PyME,2025-03-15
8227,Cliente 08227,Sonsonate,NI,PyME,2025-05-02
8228,Cliente 08228,Chalatenango,HN,Mayorista,2025-04-27
8229,Cliente 08229,Ahuachapan,GT,Hogar,2025-04-01
8230,Cliente 08230,San Vicente,GT,Constructor,2025-09-15
8231,Cliente 08231,Ahuachapan,NI,,2025-09-28
8232,Cliente 08232,San Vicente,NI,Mayorista,2025-02-18
8233,Cliente 08233,santa ana,SV,,2025-03-12
8234,Cliente 08234,Cuscatlan,SV,Hogar,2025-01-22
8235,Cliente 08235,,SV,PyME,2025-12-15
8236,Cliente 08236,Sonsonate,NI,Mayorista,2025-08-23
8237,Cliente 08237,Santa Ana,ELS,,2025-02-12
8238,Cliente 08238,Sonsonate,GT,Hogar,2025-02-17
8239,Cliente 08239,San Miguel,GT,Mayorista,2025-06-04
8240,Cliente 08240,san salvador,SV,,2025-09-25
C8241,Cliente 08241,Ahuachapan,sv,PyME,2025-03-25
8242,Cliente 08242,San Salvador,SV,PyME,2025-09-24
8243,Cliente 08243,San Salvador,NI,Constructor,2025-11-28
8244,Cliente 08244,,ELS,Hogar,2025-08-25
8245,Cliente 08245,San Salvador,HN,Hogar,2025-03-13
8246,Cliente 08246,santa ana,HN,Hogar,2025-10-09
8247,Cliente 08247,Cuscatlan,NI,Mayorista,2025-01-05
8248,Cliente 08248,Morazan,NI,Constructor,2025-03-07
8249,Cliente 08249,San Salvador,SV,Hogar,ayer
8250,Cliente 08250,Santa Ana,NI,PyME,2025-08-06
8251,Cliente 08251,san salvador,NI,Hogar,2025-11-22
8252,Cliente 08252,La Union,SV,,2025-02-22
8253,Cliente 08253,,SV,PyME,2025-03-09
8254,Cliente 08254,Santa Ana,sv,PyME,2025-12-21
8255,Cliente 08255,San Miguel,GT,Constructor,2025-04-08
8256,Cliente 08256,santa ana,ELS,PyME,2025-09-15
8257,Cliente 08257,Usulutan,NI,Constructor,2025-08-07
8258,Cliente 08258,Cuscatlan,SV,PyME,2025-10-18
8259,Cliente 08259,Usulutan,ELS,Hogar,2025-11-01
8260,Cliente 08260,Cuscatlan,ELS,,2025-07-19
8261,Cliente 08261,Santa Ana,SV,Mayorista,2025-11-11
8262,Cliente 08262,,HN,Mayorista,2025-09-20
8263,Cliente 08263,Ahuachapan,ELS,Mayorista,2025-04-06
8264,Cliente 08264,SAN SALVADOR,HN,PyME,2025-10-08
8265,,Usulutan,NI,Constructor,2025-07-06
8266,Cliente 08266,Ahuachapan,sv,Hogar,2025-10-12
8267,Cliente 08267,La Libertad,sv,PyME,2025-10-05
8268,Cliente 08268,Santa Ana,HN,Hogar,2025-06-17
8269,Cliente 08269,San Salvador,SV,Hogar,2025-05-10
8270,Cliente 08270,San Miguel,SV,Mayorista,2025-09-03
8271,Cliente 08271,,HN,Mayorista,2025-02-21
8272,Cliente 08272,San Miguel,SV,Mayorista,2025-08-11
8273,Cliente 08273,Usulutan,GT,Mayorista,2025-01-07
8274,Cliente 08274,La Union,sv,,2025-05-05
8275,Cliente 08275,La Union,SV,Mayorista,2025-01-11
8276,Cliente 08276,San Salvador,GT,,2025-03-05
8277,Cliente 08277,San Salvador,SV,Hogar,2025-12-07
8278,Cliente 08278,Santa Ana,GT,Hogar,2025-09-08
8279,Cliente 08279,SAN SALVADOR,SV,PyME,2025-01-11
8280,Cliente 08280,,ELS,Constructor,2025-09-26
8280,Cliente 08280,,ELS,Constructor,2025-09-26
8281,Cliente 08281,Morazan,ELS,Hogar,2025-02-10
C8282,Cliente 08282,La Libertad,NI,Mayorista,2025-06-14
8283,Cliente 08283,San Salvador,SV,PyME,2025-07-28
8284,Cliente 08284,San Miguel,NI,Mayorista,2025-04-20
8285,Cliente 08285,Morazan,sv,PyME,2025-04-18
8286,Cliente 08286,La Union,NI,Hogar,2025-04-26
8287,Cliente 08287,Morazan,GT,Constructor,2025-09-21
8288,Cliente 08288,La Libertad,sv,Constructor,2025-02-22
8289,Cliente 08289,,HN,Constructor,2025-03-26
8290,Cliente 08290,San Miguel,HN,PyME,2025-09-13
8291,Cliente 08291,SAN SALVADOR,HN,Hogar,2025-05-01
8292,Cliente 08292,La Union,NI,PyME,2025-02-16
8293,Cliente 08293,Santa Ana,HN,,2025-07-04
8294,Cliente 08294,Sonsonate,NI,,2025-08-02
8295,Cliente 08295,Chalatenango,HN,,2025-09-26
8296,Cliente 08296,san salvador,SV,Mayorista,2025-01-27
8297,Cliente 08297,Chalatenango,ELS,Constructor,2025-07-05
8298,Cliente 08298,,HN,Constructor,2025-10-01
8299,Cliente 08299,San Miguel,GT,Hogar,2025-07-22
8300,Cliente 08300,Santa Ana,ELS,Hogar,2025-09-09
8301,Cliente 08301,La Union,sv,,2025-12-19
8302,Cliente 08302,Morazan,SV,,2025-10-22
8303,Cliente 08303,Morazan,ELS,PyME,2025-06-23
8304,Cliente 08304,San Salvador,NI,Mayorista,2025-04-14
8305,Cliente 08305,Morazan,ELS,Mayorista,2025-03-27
8306,Cliente 08306,San Salvador,SV,,2025-09-06
8307,Cliente 08307,,sv,Constructor,2025-02-01
8308,Cliente 08308,San Salvador,GT,Hogar,2025-04-04
8309,Cliente 08309,Cuscatlan,sv,,2025-07-28
8310,Cliente 08310,San Vicente,SV,Hogar,2025-03-26
8311,Cliente 08311,Cuscatlan,SV,Constructor,2025-11-09
8312,Cliente 08312,Cuscatlan,ELS,Mayorista,2025-06-10
8313,Cliente 08313,SAN SALVADOR,ELS,Constructor,2025-05-26
8314,Cliente 08314,Ahuachapan,HN,PyME,2025-08-08
8315,Cliente 08315,La Union,sv,Constructor,2025-08-06
8316,Cliente 08316,,sv,,2025-08-09
8317,Cliente 08317,Morazan,GT,Hogar,2025-06-22
8318,Cliente 08318,La Libertad,HN,Hogar,2025-03-23
8319,Cliente 08319,San Salvador,NI,,2025-06-19
8320,Cliente 08320,Santa Ana,NI,Constructor,2025-11-08
8321,Cliente 08321,Ahuachapan,HN,Mayorista,2025-08-05
8322,,La Paz,GT,Hogar,2025-05-22
C8323,Cliente 08323,Cuscatlan,NI,PyME,2025-07-01
8324,Cliente 08324,La Paz,SV,PyME,2025-12-16
8325,Cliente 08325,,HN,,2025-04-01
8326,Cliente 08326,Chalatenango,sv,Hogar,2025-10-23
8327,Cliente 08327,San Miguel,NI,PyME,2025-09-23
8328,Cliente 08328,San Miguel,SV,,2025-07-06
8329,Cliente 08329,San Miguel,sv,Constructor,2025-07-01
8330,Cliente 08330,San Vicente,GT,Mayorista,2025-09-23
8331,Cliente 08331,santa ana,SV,Hogar,2025-07-01
8332,Cliente 08332,Usulutan,sv,PyME,2025-11-14
8333,Cliente 08333,Usulutan,SV,PyME,2025-08-01
8334,Cliente 08334,,NI,Hogar,2025-04-17
8335,Cliente 08335,La Paz,HN,PyME,2025-08-09
8336,Cliente 08336,La Libertad,HN,Constructor,2025-01-24
8337,Cliente 08337,San Salvador,GT,Mayorista,2025-07-12
8338,Cliente 08338,Ahuachapan,HN,Hogar,2025-07-01
8339,Cliente 08339,San Vicente,GT,Mayorista,2025-08-28
8340,Cliente 08340,Sonsonate,GT,,2025-09-23
8341,Cliente 08341,Chalatenango,GT,Mayorista,2025-10-22
8342,Cliente 08342,SAN SALVADOR,sv,PyME,2025-04-03
8343,Cliente 08343,,NI,Mayorista,2025-11-02
8344,Cliente 08344,Santa Ana,sv,Mayorista,2025-02-12
8345,Cliente 08345,Ahuachapan,sv,Mayorista,2025-03-04
8346,Cliente 08346,san salvador,SV,PyME,2025-07-26
8347,Cliente 08347,La Paz,SV,PyME,2025-09-23
8348,Cliente 08348,SAN SALVADOR,NI,Mayorista,2025-01-12
8349,Cliente 08349,Sonsonate,SV,,2025-11-04
8350,Cliente 08350,Ahuachapan,HN,Constructor,2025-12-03
8351,Cliente 08351,San Miguel,GT,Mayorista,2025-12-11
8352,Cliente 08352,,ELS,Hogar,2025-01-24
8353,Cliente 08353,san salvador,sv,,2025-01-16
8354,Cliente 08354,San Vicente,NI,PyME,2025-04-01
8355,Cliente 08355,La Paz,HN,PyME,2025-07-20
8356,Cliente 08356,La Paz,SV,,2025-08-26
8357,Cliente 08357,Sonsonate,NI,Mayorista,2025-08-08
8358,Cliente 08358,La Paz,GT,Hogar,2025-07-12
8359,Cliente 08359,san salvador,NI,Mayorista,2025-01-11
8360,Cliente 08360,Chalatenango,GT,Mayorista,2025-08-07
8361,Cliente 08361,,sv,Mayorista,2025-05-04
8362,Cliente 08362,La Union,sv,PyME,ayer
8363,Cliente 08363,San Salvador,GT,Constructor,2025-05-26
C8364,Cliente 08364,SAN SALVADOR,NI,,2025-12-18
8365,Cliente 08365,SAN SALVADOR,GT,Hogar,2025-03-23
8366,Cliente 08366,SAN SALVADOR,SV,Mayorista,2025-03-07
8367,Cliente 08367,San Salvador,GT,Constructor,2025-09-28
8368,Cliente 08368,La Libertad,HN,PyME,2025-06-27
8369,Cliente 08369,Sonsonate,NI,Mayorista,2025-02-09
8370,Cliente 08370,,SV,PyME,2025-08-25
8371,Cliente 08371,Morazan,ELS,Hogar,2025-02-11
8372,Cliente 08372,san salvador,ELS,,2025-03-16
8373,Cliente 08373,Morazan,GT,PyME,2025-02-07
8374,Cliente 08374,San Salvador,GT,Hogar,2025-08-21
8375,Cliente 08375,Morazan,ELS,Hogar,2025-12-08
8376,Cliente 08376,San Vicente,SV,Hogar,2025-04-16
8377,Cliente 08377,La Libertad,SV,,2025-06-07
8378,Cliente 08378,Chalatenango,sv,Constructor,2025-03-05
8379,,,SV,Constructor,2025-09-06
8380,Cliente 08380,Chalatenango,NI,Hogar,2025-07-26
8381,Cliente 08381,San Miguel,SV,PyME,2025-02-05
8382,Cliente 08382,Chalatenango,SV,Mayorista,2025-10-15
8383,Cliente 08383,Cuscatlan,sv,Mayorista,2025-01-13
8384,Cliente 08384,La Libertad,SV,Mayorista,2025-11-22
8385,Cliente 08385,Morazan,ELS,PyME,2025-02-06
8386,Cliente 08386,La Libertad,ELS,Hogar,2025-11-20
8387,Cliente 08387,Ahuachapan,ELS,Mayorista,2025-02-24
8388,Cliente 08388,,SV,Hogar,2025-04-19
8389,Cliente 08389,La Paz,SV,Hogar,2025-05-21
8390,Cliente 08390,Ahuachapan,SV,,2025-12-09
8391,Cliente 08391,Ahuachapan,NI,,2025-10-07
8392,Cliente 08392,Ahuachapan,GT,,2025-12-11
8393,Cliente 08393,La Libertad,GT,,2025-03-18
8394,Cliente 08394,San Salvador,sv,Mayorista,2025-05-18
8395,Cliente 08395,San Miguel,NI,Hogar,2025-03-23
8396,Cliente 08396,Chalatenango,ELS,,2025-05-10
8397,Cliente 08397,,SV,PyME,2025-07-25
8398,Cliente 08398,Chalatenango,GT,Hogar,2025-01-24
8399,Cliente 08399,La Union,sv,Mayorista,2025-07-09
8400,Cliente 08400,san salvador,HN,Mayorista,2025-01-14
8401,Cliente 08401,La Libertad,sv,Mayorista,2025-03-07
8402,Cliente 08402,Ahuachapan,ELS,Constructor,2025-08-13
8403,Cliente 08403,San Miguel,HN,Constructor,2025-02-27
8404,Cliente 08404,Usulutan,ELS,Constructor,2025-12-24
C8405,Cliente 08405,Sonsonate,NI,Hogar,2025-09-13
8406,Cliente 08406,,GT,Hogar,2025-08-17
8407,Cliente 08407,SAN SALVADOR,NI,Constructor,2025-09-07
8408,Cliente 08408,La Paz,HN,Hogar,2025-10-09
8409,Cliente 08409,SAN SALVADOR,NI,Constructor,2025-12-25
8410,Cliente 08410,san salvador,HN,Constructor,2025-07-12
8411,Cliente 08411,Ahuachapan,GT,,2025-09-18
8412,Cliente 08412,San Vicente,HN,PyME,2025-09-22
8413,Cliente 08413,Usulutan,SV,Constructor,2025-10-03
8414,Cliente 08414,Cuscatlan,SV,Hogar,2025-07-04
8415,Cliente 08415,,HN,Constructor,2025-10-24
8416,Cliente 08416,Ahuachapan,HN,,2025-02-09
8417,Cliente 08417,San Vicente,NI,Mayorista,2025-03-08
8418,Cliente 08418,san salvador,GT,,2025-09-18
8419,Cliente 08419,Chalatenango,NI,,2025-11-23
8420,Cliente 08420,San Vicente,sv,Mayorista,2025-10-06
8421,Cliente 08421,Ahuachapan,NI,PyME,2025-09-07
8422,Cliente 08422,san salvador,GT,PyME,2025-10-21
8423,Cliente 08423,La Libertad,ELS,PyME,2025-10-16
8424,Cliente 08424,,sv,PyME,2025-09-22
8425,Cliente 08425,Sonsonate,GT,PyME,2025-07-05
8426,Cliente 08426,La Union,sv,PyME,2025-04-25
8427,Cliente 08427,Chalatenango,NI,Constructor,2025-10-09
8428,Cliente 08428,Usulutan,ELS,Mayorista,2025-12-19
8429,Cliente 08429,San Salvador,ELS,,2025-12-19
8430,Cliente 08430,Sonsonate,GT,PyME,2025-10-09
8431,Cliente 08431,Usulutan,ELS,PyME,2025-11-05
8432,Cliente 08432,santa ana,ELS,,2025-06-02
8433,Cliente 08433,,ELS,Hogar,2025-05-21
8434,Cliente 08434,La Libertad,NI,,2025-11-13
8435,Cliente 08435,santa ana,sv,Mayorista,2025-06-04
8436,,Sonsonate,GT,Constructor,2025-07-12
8437,Cliente 08437,Cuscatlan,sv,Hogar,2025-01-02
8438,Cliente 08438,san salvador,NI,,2025-02-27
8439,Cliente 08439,Sonsonate,GT,Mayorista,2025-09-02
8440,Cliente 08440,SAN SALVADOR,GT,,2025-07-09
8441,Cliente 08441,san salvador,NI,Hogar,2025-01-27
8442,Cliente 08442,,GT,,2025-08-23
8443,Cliente 08443,san salvador,ELS,Hogar,2025-01-23
8444,Cliente 08444,Sonsonate,ELS,Mayorista,2025-06-06
8445,Cliente 08445,Sonsonate,HN,Constructor,2025-03-28
C8446,Cliente 08446,San Salvador,NI,,2025-06-27
8447,Cliente 08447,La Union,NI,Constructor,2025-04-09
8448,Cliente 08448,Cuscatlan,sv,PyME,2025-08-06
8449,Cliente 08449,Cuscatlan,NI,Hogar,2025-01-13
8450,Cliente 08450,Chalatenango,ELS,Hogar,2025-05-23
8451,Cliente 08451,,NI,Constructor,2025-12-10
8452,Cliente 08452,SAN SALVADOR,GT,Constructor,2025-11-09
8453,Cliente 08453,La Paz,SV,,2025-12-18
8454,Cliente 08454,SAN SALVADOR,SV,PyME,2025-02-02
8455,Cliente 08455,La Paz,NI,Hogar,2025-02-05
8456,Cliente 08456,La Union,GT,Constructor,2025-09-28
8457,Cliente 08457,San Salvador,GT,,2025-06-09
8458,Cliente 08458,Sonsonate,sv,Hogar,2025-09-25
8459,Cliente 08459,La Paz,HN,Mayorista,2025-06-16
8460,Cliente 08460,,sv,,2025-07-25
8460,Cliente 08460,,sv,,2025-07-25
8461,Cliente 08461,Santa Ana,SV,PyME,2025-01-12
8462,Cliente 08462,santa ana,SV,Constructor,2025-11-01
8463,Cliente 08463,La Paz,HN,Hogar,2025-01-28
8464,Cliente 08464,Usulutan,SV,PyME,2025-08-14
8465,Cliente 08465,santa ana,sv,Mayorista,2025-05-12
8466,Cliente 08466,La Libertad,GT,PyME,2025-05-25
8467,Cliente 08467,Cuscatlan,NI,Hogar,2025-04-09
8468,Cliente 08468,SAN SALVADOR,NI,Constructor,2025-11-26
8469,Cliente 08469,,NI,,2025-02-16
8470,Cliente 08470,san salvador,ELS,,2025-05-25
8471,Cliente 08471,Morazan,ELS,Mayorista,2025-10-08
8472,Cliente 08472,Sonsonate,NI,Constructor,2025-10-15
8473,Cliente 08473,Santa Ana,NI,Mayorista,2025-10-06
8474,Cliente 08474,San Vicente,SV,Constructor,2025-09-08
8475,Cliente 08475,Usulutan,GT,Mayorista,ayer
8476,Cliente 08476,San Vicente,SV,PyME,2025-09-26
8477,Cliente 08477,san salvador,GT,Mayorista,2025-02-24
8478,Cliente 08478,,GT,,2025-02-17
8479,Cliente 08479,San Salvador,SV,Hogar,2025-04-19
8480,Cliente 08480,La Paz,HN,PyME,2025-09-28
8481,Cliente 08481,Usulutan,HN,Constructor,2025-06-28
8482,Cliente 08482,San Salvador,ELS,Hogar,2025-09-03
8483,Cliente 08483,Chalatenango,ELS,Constructor,2025-08-09
8484,Cliente 08484,Sonsonate,GT,Mayorista,2025-03-23
8485,Cliente 08485,Usulutan,GT,PyME,2025-11-26
8486,Cliente 08486,San Miguel,NI,PyME,2025-04-25
C8487,Cliente 08487,,sv,Mayorista,2025-05-14
8488,Cliente 08488,San Salvador,GT,Hogar,2025-05-05
8489,Cliente 08489,santa ana,GT,Constructor,2025-12-17
8490,Cliente 08490,Sonsonate,sv,,2025-02-18
8491,Cliente 08491,Ahuachapan,SV,,2025-09-26
8492,Cliente 08492,Santa Ana,SV,Mayorista,2025-10-08
8493,,Cuscatlan,NI,Mayorista,2025-09-06
8494,Cliente 08494,Chalatenango,ELS,Constructor,2025-04-15
8495,Cliente 08495,SAN SALVADOR,GT,Constructor,2025-08-06
8496,Cliente 08496,,sv,Constructor,2025-04-11
8497,Cliente 08497,Usulutan,SV,Constructor,2025-08-28
8498,Cliente 08498,La Paz,ELS,Mayorista,2025-01-05
8499,Cliente 08499,San Salvador,SV,Hogar,2025-09-20
8500,Cliente 08500,Sonsonate,sv,Hogar,2025-02-25
8501,Cliente 08501,Santa Ana,sv,PyME,2025-11-12
8502,Cliente 08502,San Salvador,NI,PyME,2025-03-26
8503,Cliente 08503,Usulutan,GT,Mayorista,2025-04-19
8504,Cliente 08504,santa ana,HN,Constructor,2025-02-03
8505,Cliente 08505,,NI,,2025-03-03
8506,Cliente 08506,San Salvador,ELS,PyME,2025-12-11
8507,Cliente 08507,La Libertad,NI,PyME,2025-05-25
8508,Cliente 08508,Sonsonate,GT,,2025-12-10
8509,Cliente 08509,Chalatenango,sv,Constructor,2025-05-03
8510,Cliente 08510,La Union,SV,PyME,2025-03-11
8511,Cliente 08511,La Paz,SV,Mayorista,2025-01-13
8512,Cliente 08512,Sonsonate,SV,Hogar,2025-05-23
8513,Cliente 08513,Ahuachapan,ELS,PyME,2025-09-21
8514,Cliente 08514,,GT,PyME,2025-01-14
8515,Cliente 08515,La Paz,ELS,Hogar,2025-02-26
8516,Cliente 08516,Usulutan,NI,PyME,2025-10-17
8517,Cliente 08517,Santa Ana,sv,,2025-06-25
8518,Cliente 08518,Morazan,HN,PyME,2025-04-20
8519,Cliente 08519,Chalatenango,ELS,PyME,2025-12-25
8520,Cliente 08520,San Vicente,ELS,Mayorista,2025-02-24
8521,Cliente 08521,La Paz,HN,Mayorista,2025-05-27
8522,Cliente 08522,San Vicente,ELS,Constructor,2025-07-19
8523,Cliente 08523,,ELS,,2025-08-02
8524,Cliente 08524,San Vicente,SV,PyME,2025-06-14
8525,Cliente 08525,Santa Ana,ELS,PyME,2025-08-11
8526,Cliente 08526,Ahuachapan,ELS,Mayorista,2025-03-06
8527,Cliente 08527,Santa Ana,HN,Hogar,2025-04-03
C8528,Cliente 08528,Usulutan,GT,Hogar,2025-05-22
8529,Cliente 08529,Chalatenango,HN,Hogar,2025-04-07
8530,Cliente 08530,San Miguel,sv,PyME,2025-03-11
8531,Cliente 08531,Santa Ana,NI,Mayorista,2025-11-11
8532,Cliente 08532,,HN,Mayorista,2025-09-25
8533,Cliente 08533,Ahuachapan,HN,,2025-10-08
8534,Cliente 08534,San Vicente,NI,Mayorista,2025-10-16
8535,Cliente 08535,San Miguel,sv,Constructor,2025-05-01
8536,Cliente 08536,Ahuachapan,sv,PyME,2025-07-27
8537,Cliente 08537,SAN SALVADOR,sv,,2025-05-14
8538,Cliente 08538,Ahuachapan,sv,Mayorista,2025-03-07
8539,Cliente 08539,SAN SALVADOR,ELS,Hogar,2025-02-15
8540,Cliente 08540,Ahuachapan,SV,Constructor,2025-06-19
8541,Cliente 08541,,ELS,PyME,2025-04-14
8542,Cliente 08542,Chalatenango,sv,Hogar,2025-11-24
8543,Cliente 08543,Cuscatlan,GT,Mayorista,2025-10-06
8544,Cliente 08544,Cuscatlan,GT,,2025-12-18
8545,Cliente 08545,Usulutan,ELS,Mayorista,2025-01-25
8546,Cliente 08546,Santa Ana,GT,Constructor,2025-07-03
8547,Cliente 08547,san salvador,ELS,Constructor,2025-04-23
8548,Cliente 08548,Ahuachapan,sv,Hogar,2025-04-10
8549,Cliente 08549,San Salvador,GT,Mayorista,2025-10-27
8550,,,SV,Hogar,2025-05-18
8551,Cliente 08551,san salvador,NI,Constructor,2025-11-27
8552,Cliente 08552,san salvador,HN,,2025-07-13
8553,Cliente 08553,La Libertad,SV,Hogar,2025-12-01
8554,Cliente 08554,Ahuachapan,HN,PyME,2025-01-23
8555,Cliente 08555,San Vicente,NI,Constructor,2025-07-18
8556,Cliente 08556,santa ana,GT,PyME,2025-03-04
8557,Cliente 08557,Morazan,SV,Mayorista,2025-02-19
8558,Cliente 08558,san salvador,sv,Constructor,2025-09-22
8559,Cliente 08559,,ELS,Hogar,2025-10-27
8560,Cliente 08560,Morazan,sv,PyME,2025-09-20
8561,Cliente 08561,Morazan,HN,,2025-04-21
8562,Cliente 08562,Usulutan,GT,Mayorista,2025-06-16
8563,Cliente 08563,Santa Ana,sv,Hogar,2025-01-23
8564,Cliente 08564,Chalatenango,HN,Mayorista,2025-09-25
8565,Cliente 08565,Usulutan,SV,Constructor,2025-03-23
8566,Cliente 08566,Cuscatlan,HN,Constructor,2025-09-12
8567,Cliente 08567,San Salvador,GT,Constructor,2025-12-03
8568,Cliente 08568,,GT,,2025-04-26
C8569,Cliente 08569,santa ana,ELS,Hogar,2025-07-15
8570,Cliente 08570,Morazan,NI,,2025-03-19
8571,Cliente 08571,San Miguel,ELS,PyME,2025-11-27
8572,Cliente 08572,Santa Ana,HN,PyME,2025-02-20
8573,Cliente 08573,san salvador,GT,Constructor,2025-03-25
8574,Cliente 08574,Morazan,SV,Constructor,2025-03-05
8575,Cliente 08575,Ahuachapan,sv,Mayorista,2025-05-10
8576,Cliente 08576,San Vicente,HN,Mayorista,2025-06-28
8577,Cliente 08577,,ELS,Constructor,2025-01-10
8578,Cliente 08578,San Salvador,GT,,2025-03-26
8579,Cliente 08579,La Paz,NI,Hogar,2025-08-11
8580,Cliente 08580,Sonsonate,HN,Hogar,2025-09-12
8581,Cliente 08581,San Vicente,HN,,2025-06-02
8582,Cliente 08582,San Miguel,ELS,Mayorista,2025-02-18
8583,Cliente 08583,san salvador,GT,Mayorista,2025-07-15
8584,Cliente 08584,Morazan,sv,Hogar,2025-05-17
8585,Cliente 08585,Cuscatlan,NI,PyME,2025-04-13
8586,Cliente 08586,,sv,Mayorista,2025-11-16
8587,Cliente 08587,San Salvador,sv,Constructor,2025-11-26
8588,Cliente 08588,La Union,NI,Mayorista,ayer
8589,Cliente 08589,san salvador,sv,Mayorista,2025-07-24
8590,Cliente 08590,SAN SALVADOR,sv,Hogar,2025-08-04
8591,Cliente 08591,Sonsonate,HN,PyME,2025-05-28
8592,Cliente 08592,san salvador,SV,PyME,2025-01-01
8593,Cliente 08593,Ahuachapan,sv,PyME,2025-07-23
8594,Cliente 08594,san salvador,GT,Constructor,2025-06-15
8595,Cliente 08595,,sv,Constructor,2025-06-17
8596,Cliente 08596,La Union,ELS,Mayorista,2025-08-17
8597,Cliente 08597,La Paz,sv,PyME,2025-10-05
8598,Cliente 08598,santa ana,HN,Mayorista,2025-06-16
8599,Cliente 08599,Santa Ana,NI,Constructor,2025-05-03
8600,Cliente 08600,Chalatenango,SV,,2025-02-11
8601,Cliente 08601,Usulutan,HN,Constructor,2025-05-07
8602,Cliente 08602,san salvador,HN,,2025-07-18
8603,Cliente 08603,Usulutan,ELS,Mayorista,2025-10-05
8604,Cliente 08604,,GT,Constructor,2025-11-22
8605,Cliente 08605,Santa Ana,NI,Hogar,2025-12-04
8606,Cliente 08606,San Vicente,sv,,2025-03-27
8607,,Chalatenango,HN,,2025-11-15
8608,Cliente 08608,San Miguel,SV,,2025-03-10
8609,Cliente 08609,Santa Ana,sv,Mayorista,2025-04-02
C8610,Cliente 08610,San Miguel,sv,Hogar,2025-12-07
8611,Cliente 08611,san salvador,ELS,PyME,2025-05-28
8612,Cliente 08612,La Libertad,GT,Mayorista,2025-09-06
8613,Cliente 08613,,sv,Mayorista,2025-07-01
8614,Cliente 08614,San Vicente,SV,Hogar,2025-06-25
8615,Cliente 08615,Usulutan,SV,PyME,2025-05-20
8616,Cliente 08616,Usulutan,SV,Hogar,2025-07-11
8617,Cliente 08617,La Paz,SV,,2025-09-13
8618,Cliente 08618,santa ana,NI,Constructor,2025-07-17
8619,Cliente 08619,San Vicente,sv,Mayorista,2025-02-16
8620,Cliente 08620,santa ana,ELS,Constructor,2025-06-27
8621,Cliente 08621,San Miguel,HN,Mayorista,2025-01-01
8622,Cliente 08622,,GT,Hogar,2025-12-01
8623,Cliente 08623,San Salvador,sv,Hogar,2025-03-23
8624,Cliente 08624,San Salvador,SV,Constructor,2025-07-22
8625,Cliente 08625,santa ana,ELS,Mayorista,2025-11-09
8626,Cliente 08626,Cuscatlan,HN,PyME,2025-01-26
8627,Cliente 08627,Sonsonate,NI,Constructor,2025-10-26
8628,Cliente 08628,La Union,ELS,Hogar,2025-08-05
8629,Cliente 08629,San Miguel,NI,PyME,2025-09-25
8630,Cliente 08630,Sonsonate,GT,Constructor,2025-10-04
8631,Cliente 08631,,NI,Hogar,2025-07-04
8632,Cliente 08632,SAN SALVADOR,GT,PyME,2025-02-25
8633,Cliente 08633,SAN SALVADOR,sv,PyME,2025-05-27
8634,Cliente 08634,san salvador,HN,,2025-08-23
8635,Cliente 08635,Chalatenango,HN,PyME,2025-06-24
8636,Cliente 08636,Santa Ana,SV,Constructor,2025-11-18
8637,Cliente 08637,Santa Ana,HN,Mayorista,2025-04-14
8638,Cliente 08638,San Vicente,NI,Constructor,2025-12-06
8639,Cliente 08639,SAN SALVADOR,ELS,PyME,2025-01-17
8640,Cliente 08640,,ELS,Mayorista,2025-03-03
8640,Cliente 08640,,ELS,Mayorista,2025-03-03
8641,Cliente 08641,Chalatenango,SV,Hogar,2025-07-19
8642,Cliente 08642,Morazan,GT,PyME,2025-07-11
8643,Cliente 08643,San Salvador,SV,Mayorista,2025-08-24
8644,Cliente 08644,San Miguel,ELS,Mayorista,2025-12-06
8645,Cliente 08645,Ahuachapan,ELS,,2025-08-15
8646,Cliente 08646,Chalatenango,NI,,2025-07-20
8647,Cliente 08647,San Salvador,GT,,2025-09-25
8648,Cliente 08648,La Libertad,sv,PyME,2025-02-13
8649,Cliente 08649,,SV,Constructor,2025-05-26
8650,Cliente 08650,Morazan,SV,,2025-04-01
C8651,Cliente 08651,Usulutan,HN,Constructor,2025-06-26
8652,Cliente 08652,San Salvador,GT,,2025-01-22
8653,Cliente 08653,Santa Ana,SV,PyME,2025-09-27
8654,Cliente 08654,La Paz,sv,Hogar,2025-02-07
8655,Cliente 08655,Santa Ana,SV,PyME,2025-08-13
8656,Cliente 08656,Morazan,HN,Mayorista,2025-09-01
8657,Cliente 08657,San Vicente,HN,Constructor,2025-06-09
8658,Cliente 08658,,sv,PyME,2025-05-14
8659,Cliente 08659,Sonsonate,SV,Mayorista,2025-04-16
8660,Cliente 08660,Usulutan,SV,Hogar,2025-09-10
8661,Cliente 08661,san salvador,sv,Mayorista,2025-09-23
8662,Cliente 08662,Chalatenango,SV,,2025-08-14
8663,Cliente 08663,Chalatenango,NI,PyME,2025-01-13
8664,,Sonsonate,sv,Mayorista,2025-05-15
8665,Cliente 08665,La Paz,SV,Constructor,2025-03-26
8666,Cliente 08666,san salvador,HN,Constructor,2025-04-15
8667,Cliente 08667,,ELS,Constructor,2025-11-01
8668,Cliente 08668,San Miguel,HN,Mayorista,2025-05-15
8669,Cliente 08669,san salvador,ELS,Hogar,2025-06-16
8670,Cliente 08670,Usulutan,SV,,2025-09-17
8671,Cliente 08671,San Salvador,HN,Constructor,2025-05-14
8672,Cliente 08672,Morazan,NI,Constructor,2025-11-02
8673,Cliente 08673,san salvador,ELS,Hogar,2025-03-10
8674,Cliente 08674,San Miguel,NI,Mayorista,2025-10-20
8675,Cliente 08675,SAN SALVADOR,ELS,,2025-08-12
8676,Cliente 08676,,sv,Hogar,2025-01-13
8677,Cliente 08677,Chalatenango,GT,,2025-07-17
8678,Cliente 08678,La Libertad,NI,Constructor,2025-01-05
8679,Cliente 08679,Cuscatlan,SV,PyME,2025-05-02
8680,Cliente 08680,Usulutan,NI,Constructor,2025-06-04
8681,Cliente 08681,Santa Ana,sv,,2025-12-22
8682,Cliente 08682,santa ana,NI,Constructor,2025-03-21
8683,Cliente 08683,La Paz,NI,Mayorista,2025-11-12
8684,Cliente 08684,Sonsonate,SV,Hogar,2025-05-18
8685,Cliente 08685,,GT,PyME,2025-10-14
8686,Cliente 08686,San Salvador,NI,,2025-05-22
8687,Cliente 08687,Cuscatlan,ELS,Hogar,2025-12-26
8688,Cliente 08688,santa ana,GT,Constructor,2025-12-17
8689,Cliente 08689,Santa Ana,SV,,2025-11-13
8690,Cliente 08690,San Salvador,HN,,2025-11-18
8691,Cliente 08691,Cuscatlan,sv,PyME,2025-06-14
C8692,Cliente 08692,Santa Ana,ELS,Mayorista,2025-12-22
8693,Cliente 08693,La Union,GT,Hogar,2025-11-27
8694,Cliente 08694,,NI,Constructor,2025-01-04
8695,Cliente 08695,San Vicente,sv,,2025-07-06
8696,Cliente 08696,Chalatenango,SV,Constructor,2025-09-14
8697,Cliente 08697,San Vicente,NI,PyME,2025-11-12
8698,Cliente 08698,La Libertad,GT,PyME,2025-12-05
8699,Cliente 08699,Santa Ana,HN,PyME,2025-07-02
8700,Cliente 08700,San Miguel,NI,PyME,2025-09-08
8701,Cliente 08701,Chalatenango,SV,Hogar,ayer
8702,Cliente 08702,La Union,HN,Constructor,2025-10-24
8703,Cliente 08703,,ELS,PyME,2025-10-22
8704,Cliente 08704,SAN SALVADOR,SV,Mayorista,2025-10-23
8705,Cliente 08705,san salvador,sv,Mayorista,2025-08-25
8706,Cliente 08706,Sonsonate,NI,Constructor,2025-12-27
8707,Cliente 08707,Ahuachapan,GT,PyME,2025-09-11
8708,Cliente 08708,SAN SALVADOR,sv,Constructor,2025-11-18
8709,Cliente 08709,Cuscatlan,ELS,Hogar,2025-01-09
8710,Cliente 08710,San Miguel,GT,Hogar,2025-09-05
8711,Cliente 08711,La Paz,NI,Constructor,2025-06-15
8712,Cliente 08712,,NI,Mayorista,2025-11-21
8713,Cliente 08713,San Vicente,NI,,2025-07-04
8714,Cliente 08714,santa ana,GT,Hogar,2025-07-03
8715,Cliente 08715,santa ana,HN,PyME,2025-05-20
8716,Cliente 08716,La Paz,NI,Hogar,2025-09-06
8717,Cliente 08717,San Miguel,GT,Hogar,2025-07-19
8718,Cliente 08718,san salvador,GT,PyME,2025-12-01
8719,Cliente 08719,Santa Ana,HN,Hogar,2025-10-03
8720,Cliente 08720,Ahuachapan,sv,,2025-06-20
8721,,,HN,Hogar,2025-01-16
8722,Cliente 08722,Santa Ana,SV,Mayorista,2025-01-02
8723,Cliente 08723,Cuscatlan,sv,PyME,2025-10-19
8724,Cliente 08724,Usulutan,ELS,PyME,2025-12-26
8725,Cliente 08725,La Union,SV,Constructor,2025-10-03
8726,Cliente 08726,Santa Ana,NI,PyME,2025-01-05
8727,Cliente 08727,San Salvador,NI,PyME,2025-04-02
8728,Cliente 08728,San Vicente,SV,PyME,2025-11-02
8729,Cliente 08729,Morazan,GT,Hogar,2025-07-12
8730,Cliente 08730,,GT,Mayorista,2025-09-19
8731,Cliente 08731,Chalatenango,HN,Mayorista,2025-06-11
8732,Cliente 08732,La Union,SV,Constructor,2025-05-20
C8733,Cliente 08733,San Salvador,HN,Constructor,2025-11-27
8734,Cliente 08734,San Vicente,NI,PyME,2025-09-02
8735,Cliente 08735,San Salvador,SV,Constructor,2025-03-14
8736,Cliente 08736,Morazan,ELS,Hogar,2025-04-02
8737,Cliente 08737,san salvador,HN,Constructor,2025-11-24
8738,Cliente 08738,santa ana,NI,Hogar,2025-01-17
8739,Cliente 08739,,NI,Mayorista,2025-11-13
8740,Cliente 08740,San Miguel,SV,,2025-03-18
8741,Cliente 08741,San Miguel,HN,Constructor,2025-11-18
8742,Cliente 08742,santa ana,GT,Hogar,2025-11-08
8743,Cliente 08743,Chalatenango,sv,PyME,2025-11-09
8744,Cliente 08744,La Libertad,GT,PyME,2025-04-07
8745,Cliente 08745,Ahuachapan,ELS,,2025-04-14
8746,Cliente 08746,SAN SALVADOR,ELS,PyME,2025-06-25
8747,Cliente 08747,Ahuachapan,SV,,2025-04-09
8748,Cliente 08748,,NI,,2025-01-18
8749,Cliente 08749,San Miguel,NI,Hogar,2025-04-08
8750,Cliente 08750,Ahuachapan,GT,Mayorista,2025-11-27
8751,Cliente 08751,San Miguel,NI,Constructor,2025-09-06
8752,Cliente 08752,San Miguel,ELS,Mayorista,2025-05-03
8753,Cliente 08753,San Salvador,NI,Constructor,2025-04-27
8754,Cliente 08754,Usulutan,GT,PyME,2025-09-07
8755,Cliente 08755,san salvador,sv,PyME,2025-03-16
8756,Cliente 08756,santa ana,ELS,Mayorista,2025-04-20
8757,Cliente 08757,,HN,PyME,2025-07-16
8758,Cliente 08758,Santa Ana,NI,Mayorista,2025-08-18
8759,Cliente 08759,Usulutan,ELS,,2025-12-15
8760,Cliente 08760,Ahuachapan,NI,Hogar,2025-09-02
8761,Cliente 08761,Ahuachapan,sv,Mayorista,2025-04-18
8762,Cliente 08762,san salvador,SV,Constructor,2025-04-08
8763,Cliente 08763,SAN SALVADOR,HN,Hogar,2025-06-04
8764,Cliente 08764,San Miguel,GT,Constructor,2025-10-02
8765,Cliente 08765,Sonsonate,NI,Constructor,2025-10-23
8766,Cliente 08766,,sv,PyME,2025-02-24
8767,Cliente 08767,La Union,GT,Mayorista,2025-02-01
8768,Cliente 08768,Morazan,sv,Hogar,2025-08-16
8769,Cliente 08769,La Union,ELS,PyME,2025-08-13
8770,Cliente 08770,San Salvador,sv,PyME,2025-01-05
8771,Cliente 08771,La Paz,HN,Hogar,2025-07-28
8772,Cliente 08772,Morazan,NI,Constructor,2025-08-09
8773,Cliente 08773,SAN SALVADOR,sv,,2025-09-14
C8774,Cliente 08774,santa ana,GT,Constructor,2025-03-01
8775,Cliente 08775,,GT,Mayorista,2025-04-08
8776,Cliente 08776,santa ana,GT,Constructor,2025-04-20
8777,Cliente 08777,San Miguel,SV,Mayorista,2025-11-02
8778,,san salvador,GT,Mayorista,2025-06-17
8779,Cliente 08779,Morazan,NI,PyME,2025-10-02
8780,Cliente 08780,Morazan,ELS,Mayorista,2025-02-17
8781,Cliente 08781,La Paz,ELS,Hogar,2025-06-06
8782,Cliente 08782,Cuscatlan,GT,Constructor,2025-09-17
8783,Cliente 08783,san salvador,SV,PyME,2025-10-02
8784,Cliente 08784,,NI,Mayorista,2025-06-19
8785,Cliente 08785,La Libertad,GT,PyME,2025-12-24
8786,Cliente 08786,SAN SALVADOR,SV,Mayorista,2025-01-02
8787,Cliente 08787,Ahuachapan,NI,PyME,2025-10-02
8788,Cliente 08788,SAN SALVADOR,ELS,Mayorista,2025-04-08
8789,Cliente 08789,Morazan,HN,Constructor,2025-12-09
8790,Cliente 08790,Santa Ana,SV,Mayorista,2025-11-22
8791,Cliente 08791,San Miguel,HN,Hogar,2025-10-06
8792,Cliente 08792,San Miguel,GT,Constructor,2025-07-02
8793,Cliente 08793,,ELS,,2025-03-21
8794,Cliente 08794,La Union,HN,,2025-09-21
8795,Cliente 08795,Chalatenango,ELS,PyME,2025-05-25
8796,Cliente 08796,La Paz,GT,PyME,2025-10-12
8797,Cliente 08797,Santa Ana,HN,,2025-08-28
8798,Cliente 08798,san salvador,ELS,Constructor,2025-04-21
8799,Cliente 08799,Chalatenango,ELS,Mayorista,2025-02-21
8800,Cliente 08800,Sonsonate,sv,Hogar,2025-06-22
8801,Cliente 08801,Ahuachapan,GT,PyME,2025-09-25
8802,Cliente 08802,,ELS,Hogar,2025-02-22
8803,Cliente 08803,La Libertad,GT,,2025-09-22
8804,Cliente 08804,Morazan,GT,,2025-05-25
8805,Cliente 08805,SAN SALVADOR,sv,PyME,2025-02-02
8806,Cliente 08806,Cuscatlan,SV,PyME,2025-04-27
8807,Cliente 08807,La Union,ELS,,2025-02-28
8808,Cliente 08808,San Vicente,SV,Constructor,2025-01-12
8809,Cliente 08809,San Vicente,ELS,Hogar,2025-02-22
8810,Cliente 08810,Usulutan,GT,Hogar,2025-04-17
8811,Cliente 08811,,NI,,2025-01-08
8812,Cliente 08812,La Union,ELS,Constructor,2025-10-21
8813,Cliente 08813,Ahuachapan,sv,Hogar,2025-08-08
8814,Cliente 08814,San Vicente,sv,PyME,ayer
C8815,Cliente 08815,santa ana,GT,Constructor,2025-07-26
8816,Cliente 08816,La Paz,ELS,Constructor,2025-12-22
8817,Cliente 08817,Chalatenango,HN,,2025-05-05
8818,Cliente 08818,Usulutan,GT,Hogar,2025-07-20
8819,Cliente 08819,San Vicente,NI,Mayorista,2025-05-13
8820,Cliente 08820,,HN,Mayorista,2025-07-23
8820,Cliente 08820,,HN,Mayorista,2025-07-23
8821,Cliente 08821,Santa Ana,SV,Hogar,2025-08-10
8822,Cliente 08822,Usulutan,GT,PyME,2025-04-25
8823,Cliente 08823,Ahuachapan,HN,Hogar,2025-10-26
8824,Cliente 08824,Usulutan,GT,PyME,2025-12-13
8825,Cliente 08825,La Libertad,NI,,2025-01-16
8826,Cliente 08826,La Libertad,ELS,Hogar,2025-06-14
8827,Cliente 08827,San Salvador,sv,Mayorista,2025-10-06
8828,Cliente 08828,La Union,GT,Constructor,2025-11-03
8829,Cliente 08829,,ELS,Hogar,2025-02-11
8830,Cliente 08830,santa ana,sv,Mayorista,2025-06-02
8831,Cliente 08831,Morazan,NI,PyME,2025-04-21
8832,Cliente 08832,Cuscatlan,NI,Hogar,2025-05-11
8833,Cliente 08833,SAN SALVADOR,SV,PyME,2025-07-01
8834,Cliente 08834,San Miguel,HN,Mayorista,2025-01-12
8835,,San Miguel,ELS,,2025-07-12
8836,Cliente 08836,La Libertad,HN,,2025-02-28
8837,Cliente 08837,SAN SALVADOR,HN,PyME,2025-10-24
8838,Cliente 08838,,SV,,2025-12-03
8839,Cliente 08839,La Libertad,SV,,2025-02-16
8840,Cliente 08840,SAN SALVADOR,ELS,Hogar,2025-09-19
8841,Cliente 08841,Usulutan,SV,,2025-04-19
8842,Cliente 08842,San Salvador,HN,PyME,2025-05-17
8843,Cliente 08843,La Union,sv,Constructor,2025-07-13
8844,Cliente 08844,santa ana,NI,PyME,2025-12-25
8845,Cliente 08845,La Union,sv,Mayorista,2025-12-13
8846,Cliente 08846,santa ana,ELS,PyME,2025-01-25
8847,Cliente 08847,,sv,Constructor,2025-04-15
8848,Cliente 08848,La Paz,SV,,2025-06-22
8849,Cliente 08849,La Libertad,GT,,2025-08-16
8850,Cliente 08850,Chalatenango,ELS,Hogar,2025-06-07
8851,Cliente 08851,La Paz,sv,PyME,2025-05-12
8852,Cliente 08852,La Union,NI,,2025-08-03
8853,Cliente 08853,Usulutan,GT,,2025-01-27
8854,Cliente 08854,La Libertad,ELS,PyME,2025-05-27
8855,Cliente 08855,Santa Ana,SV,PyME,2025-11-16
C8856,Cliente 08856,,GT,,2025-02-11
8857,Cliente 08857,San Salvador,NI,Constructor,2025-08-25
8858,Cliente 08858,SAN SALVADOR,GT,Mayorista,2025-11-11
8859,Cliente 08859,Chalatenango,GT,,2025-07-07
8860,Cliente 08860,Cuscatlan,HN,PyME,2025-01-19
8861,Cliente 08861,San Miguel,sv,,2025-08-16
8862,Cliente 08862,Usulutan,sv,Constructor,2025-10-26
8863,Cliente 08863,La Libertad,HN,Constructor,2025-06-20
8864,Cliente 08864,santa ana,NI,,2025-01-17
8865,Cliente 08865,,HN,,2025-04-13
8866,Cliente 08866,santa ana,ELS,,2025-06-12
8867,Cliente 08867,Santa Ana,sv,Mayorista,2025-12-06
8868,Cliente 08868,Chalatenango,ELS,,2025-02-07
8869,Cliente 08869,Ahuachapan,ELS,Constructor,2025-03-12
8870,Cliente 08870,San Salvador,NI,Constructor,2025-05-27
8871,Cliente 08871,San Miguel,SV,Mayorista,2025-07-27
8872,Cliente 08872,San Miguel,HN,,2025-01-24
8873,Cliente 08873,San Salvador,sv,,2025-08-17
8874,Cliente 08874,,ELS,Constructor,2025-10-09
8875,Cliente 08875,San Vicente,NI,Hogar,2025-08-07
8876,Cliente 08876,San Salvador,GT,Constructor,2025-02-14
8877,Cliente 08877,san salvador,SV,,2025-04-18
8878,Cliente 08878,Cuscatlan,sv,PyME,2025-02-16
8879,Cliente 08879,Chalatenango,GT,,2025-01-09
8880,Cliente 08880,San Salvador,HN,Hogar,2025-06-17
8881,Cliente 08881,santa ana,sv,Constructor,2025-06-19
8882,Cliente 08882,Ahuachapan,ELS,Mayorista,2025-08-15
8883,Cliente 08883,,GT,Hogar,2025-05-11
8884,Cliente 08884,Chalatenango,GT,Mayorista,2025-03-04
8885,Cliente 08885,Santa Ana,HN,PyME,2025-09-23
8886,Cliente 08886,santa ana,HN,Mayorista,2025-09-27
8887,Cliente 08887,Ahuachapan,SV,Hogar,2025-11-26
8888,Cliente 08888,san salvador,SV,Hogar,2025-04-15
8889,Cliente 08889,SAN SALVADOR,sv,Hogar,2025-06-23
8890,Cliente 08890,Santa Ana,SV,Constructor,2025-07-27
8891,Cliente 08891,san salvador,ELS,,2025-08-24
8892,,,SV,,2025-01-07
8893,Cliente 08893,San Miguel,ELS,Hogar,2025-07-26
8894,Cliente 08894,La Union,ELS,Hogar,2025-05-05
8895,Cliente 08895,La Paz,HN,,2025-09-01
8896,Cliente 08896,Cuscatlan,GT,Hogar,2025-12-12
C8897,Cliente 08897,Santa Ana,HN,Constructor,2025-02-25
8898,Cliente 08898,Sonsonate,GT,Hogar,2025-02-02
8899,Cliente 08899,Morazan,SV,Mayorista,2025-02-20
8900,Cliente 08900,Sonsonate,sv,,2025-03-04
8901,Cliente 08901,,sv,Constructor,2025-06-21
8902,Cliente 08902,San Salvador,ELS,Hogar,2025-05-15
8903,Cliente 08903,La Paz,sv,,2025-03-08
8904,Cliente 08904,Morazan,GT,,2025-01-26
8905,Cliente 08905,La Libertad,SV,Constructor,2025-02-01
8906,Cliente 08906,Cuscatlan,GT,Hogar,2025-05-09
8907,Cliente 08907,La Union,GT,Mayorista,2025-10-03
8908,Cliente 08908,La Union,GT,Mayorista,2025-10-18
8909,Cliente 08909,Morazan,sv,,2025-12-24
8910,Cliente 08910,,ELS,Hogar,2025-01-03
8911,Cliente 08911,santa ana,ELS,PyME,2025-01-08
8912,Cliente 08912,Morazan,GT,Mayorista,2025-12-01
8913,Cliente 08913,Chalatenango,NI,Hogar,2025-09-14
8914,Cliente 08914,Chalatenango,HN,Mayorista,2025-08-25
8915,Cliente 08915,La Paz,SV,Hogar,2025-10-16
8916,Cliente 08916,Cuscatlan,GT,Hogar,2025-08-15
8917,Cliente 08917,La Union,HN,Constructor,2025-01-23
8918,Cliente 08918,Usulutan,sv,Constructor,2025-08-08
8919,Cliente 08919,,sv,PyME,2025-01-12
8920,Cliente 08920,La Union,NI,Mayorista,2025-05-10
8921,Cliente 08921,Cuscatlan,NI,PyME,2025-07-08
8922,Cliente 08922,Usulutan,NI,Hogar,2025-04-09
8923,Cliente 08923,Cuscatlan,ELS,PyME,2025-05-03
8924,Cliente 08924,Chalatenango,ELS,PyME,2025-10-25
8925,Cliente 08925,La Paz,ELS,Constructor,2025-04-21
8926,Cliente 08926,san salvador,HN,PyME,2025-08-20
8927,Cliente 08927,La Paz,ELS,PyME,ayer
8928,Cliente 08928,,SV,Hogar,2025-08-21
8929,Cliente 08929,La Libertad,ELS,Hogar,2025-05-21
8930,Cliente 08930,Cuscatlan,ELS,Hogar,2025-09-02
8931,Cliente 08931,La Union,GT,Constructor,2025-09-22
8932,Cliente 08932,La Paz,GT,,2025-05-22
8933,Cliente 08933,Usulutan,NI,Hogar,2025-08-18
8934,Cliente 08934,Usulutan,HN,Mayorista,2025-07-19
8935,Cliente 08935,San Miguel,ELS,Constructor,2025-04-09
8936,Cliente 08936,SAN SALVADOR,ELS,Constructor,2025-08-02
8937,Cliente 08937,,HN,Constructor,2025-11-06
C8938,Cliente 08938,La Union,SV,PyME,2025-11-09
8939,Cliente 08939,La Libertad,NI,PyME,2025-09-13
8940,Cliente 08940,SAN SALVADOR,NI,Mayorista,2025-01-12
8941,Cliente 08941,Cuscatlan,ELS,Mayorista,2025-03-09
8942,Cliente 08942,San Salvador,HN,PyME,2025-06-07
8943,Cliente 08943,La Paz,SV,Mayorista,2025-10-09
8944,Cliente 08944,Ahuachapan,HN,Constructor,2025-09-12
8945,Cliente 08945,Chalatenango,SV,Constructor,2025-05-06
8946,Cliente 08946,,NI,Mayorista,2025-04-02
8947,Cliente 08947,San Salvador,GT,Hogar,2025-09-24
8948,Cliente 08948,Morazan,HN,PyME,2025-07-16
8949,,SAN SALVADOR,HN,Constructor,2025-01-18
8950,Cliente 08950,Usulutan,ELS,Hogar,2025-07-15
8951,Cliente 08951,Sonsonate,GT,Mayorista,2025-07-17
8952,Cliente 08952,santa ana,NI,PyME,2025-11-06
8953,Cliente 08953,Santa Ana,HN,,2025-02-03
8954,Cliente 08954,San Vicente,sv,Constructor,2025-11-16
8955,Cliente 08955,,ELS,Mayorista,2025-02-06
8956,Cliente 08956,Cuscatlan,ELS,PyME,2025-07-04
8957,Cliente 08957,La Union,ELS,,2025-07-21
8958,Cliente 08958,Ahuachapan,ELS,PyME,2025-09-08
8959,Cliente 08959,Santa Ana,GT,,2025-10-03
8960,Cliente 08960,Santa Ana,GT,Constructor,2025-07-07
8961,Cliente 08961,La Paz,GT,,2025-01-02
8962,Cliente 08962,santa ana,HN,Mayorista,2025-04-22
8963,Cliente 08963,santa ana,SV,Mayorista,2025-08-08
8964,Cliente 08964,,SV,Constructor,2025-03-22
8965,Cliente 08965,San Salvador,sv,PyME,2025-07-15
8966,Cliente 08966,Santa Ana,GT,Constructor,2025-01-15
8967,Cliente 08967,San Salvador,ELS,PyME,2025-03-21
8968,Cliente 08968,Santa Ana,GT,PyME,2025-07-26
8969,Cliente 08969,Morazan,ELS,,2025-09-20
8970,Cliente 08970,Santa Ana,SV,Hogar,2025-12-19
8971,Cliente 08971,Morazan,SV,Hogar,2025-02-17
8972,Cliente 08972,Ahuachapan,sv,Hogar,2025-01-11
8973,Cliente 08973,,NI,Hogar,2025-05-10
8974,Cliente 08974,SAN SALVADOR,NI,PyME,2025-04-25
8975,Cliente 08975,santa ana,GT,,2025-10-19
8976,Cliente 08976,San Salvador,ELS,Mayorista,2025-11-27
8977,Cliente 08977,Santa Ana,ELS,,2025-11-09
8978,Cliente 08978,San Miguel,GT,PyME,2025-07-08
C8979,Cliente 08979,Cuscatlan,sv,,2025-03-23
8980,Cliente 08980,SAN SALVADOR,SV,Hogar,2025-09-04
8981,Cliente 08981,Morazan,HN,Constructor,2025-03-23
8982,Cliente 08982,,SV,PyME,2025-04-18
8983,Cliente 08983,san salvador,GT,Mayorista,2025-04-01
8984,Cliente 08984,Morazan,GT,Hogar,2025-04-21
8985,Cliente 08985,Santa Ana,GT,Mayorista,2025-06-16
8986,Cliente 08986,Chalatenango,NI,,2025-10-23
8987,Cliente 08987,Usulutan,ELS,Hogar,2025-06-22
8988,Cliente 08988,San Salvador,ELS,PyME,2025-02-03
8989,Cliente 08989,San Salvador,NI,PyME,2025-02-26
8990,Cliente 08990,Sonsonate,ELS,,2025-05-11
8991,Cliente 08991,,SV,Hogar,2025-08-27
8992,Cliente 08992,La Union,HN,PyME,2025-03-11
8993,Cliente 08993,La Union,SV,PyME,2025-09-06
8994,Cliente 08994,La Union,sv,Hogar,2025-05-16
8995,Cliente 08995,Santa Ana,GT,PyME,2025-10-04
8996,Cliente 08996,Cuscatlan,ELS,Constructor,2025-09-11
8997,Cliente 08997,Ahuachapan,NI,Hogar,2025-12-11
8998,Cliente 08998,Ahuachapan,sv,Constructor,2025-02-03
8999,Cliente 08999,Sonsonate,SV,Mayorista,2025-10-17
9000,Cliente 09000,,sv,,2025-02-25
9000,Cliente 09000,,sv,,2025-02-25
9001,Cliente 09001,La Union,ELS,Mayorista,2025-02-10
9002,Cliente 09002,Santa Ana,GT,PyME,2025-01-25
9003,Cliente 09003,Ahuachapan,NI,Hogar,2025-09-05
9004,Cliente 09004,San Vicente,ELS,Mayorista,2025-12-02
9005,Cliente 09005,Ahuachapan,sv,PyME,2025-07-11
9006,,La Paz,SV,Mayorista,2025-04-04
9007,Cliente 09007,Morazan,GT,Mayorista,2025-12-28
9008,Cliente 09008,san salvador,sv,Mayorista,2025-01-22
9009,Cliente 09009,,NI,Hogar,2025-11-11
9010,Cliente 09010,santa ana,HN,Constructor,2025-05-16
9011,Cliente 09011,Ahuachapan,SV,,2025-12-20
9012,Cliente 09012,Santa Ana,GT,Constructor,2025-07-15
9013,Cliente 09013,La Paz,HN,,2025-04-04
9014,Cliente 09014,santa ana,ELS,Constructor,2025-01-24
9015,Cliente 09015,La Union,ELS,,2025-03-27
9016,Cliente 09016,Ahuachapan,HN,Mayorista,2025-04-15
9017,Cliente 09017,Chalatenango,sv,Constructor,2025-12-16
9018,Cliente 09018,,sv,Hogar,2025-07-03
9019,Cliente 09019,Chalatenango,NI,,2025-10-04
C9020,Cliente 09020,Chalatenango,HN,,2025-04-19
9021,Cliente 09021,La Libertad,ELS,Mayorista,2025-01-05
9022,Cliente 09022,San Miguel,GT,Mayorista,2025-07-16
9023,Cliente 09023,Chalatenango,NI,PyME,2025-04-22
9024,Cliente 09024,Usulutan,HN,Hogar,2025-04-06
9025,Cliente 09025,San Vicente,HN,PyME,2025-02-15
9026,Cliente 09026,SAN SALVADOR,GT,PyME,2025-04-01
9027,Cliente 09027,,NI,Hogar,2025-06-23
9028,Cliente 09028,SAN SALVADOR,sv,Mayorista,2025-09-25
9029,Cliente 09029,Santa Ana,HN,PyME,2025-04-10
9030,Cliente 09030,Cuscatlan,ELS,PyME,2025-05-04
9031,Cliente 09031,La Libertad,sv,PyME,2025-04-22
9032,Cliente 09032,Usulutan,sv,,2025-12-02
9033,Cliente 09033,San Miguel,sv,Mayorista,2025-08-03
9034,Cliente 09034,San Vicente,ELS,Mayorista,2025-07-06
9035,Cliente 09035,Cuscatlan,SV,Constructor,2025-07-08
9036,Cliente 09036,,HN,Mayorista,2025-11-27
9037,Cliente 09037,SAN SALVADOR,ELS,Constructor,2025-02-11
9038,Cliente 09038,La Libertad,ELS,Hogar,2025-09-09
9039,Cliente 09039,Chalatenango,GT,Mayorista,2025-12-07
9040,Cliente 09040,La Libertad,GT,PyME,ayer
9041,Cliente 09041,San Vicente,HN,,2025-12-25
9042,Cliente 09042,La Libertad,ELS,PyME,2025-04-27
9043,Cliente 09043,Cuscatlan,sv,,2025-05-27
9044,Cliente 09044,Cuscatlan,NI,Hogar,2025-08-28
9045,Cliente 09045,,SV,Mayorista,2025-02-08
9046,Cliente 09046,La Libertad,GT,Hogar,2025-08-11
9047,Cliente 09047,Sonsonate,sv,Hogar,2025-03-26
9048,Cliente 09048,La Libertad,ELS,Mayorista,2025-01-09
9049,Cliente 09049,Santa Ana,ELS,Hogar,2025-06-01
9050,Cliente 09050,Usulutan,GT,PyME,2025-08-07
9051,Cliente 09051,La Paz,SV,Hogar,2025-04-14
9052,Cliente 09052,Ahuachapan,ELS,PyME,2025-11-07
9053,Cliente 09053,Santa Ana,HN,PyME,2025-05-24
9054,Cliente 09054,,NI,Constructor,2025-01-08
9055,Cliente 09055,San Salvador,GT,,2025-12-17
9056,Cliente 09056,La Libertad,ELS,Constructor,2025-01-19
9057,Cliente 09057,San Vicente,HN,Constructor,2025-10-22
9058,Cliente 09058,La Libertad,NI,PyME,2025-05-23
9059,Cliente 09059,La Union,HN,Hogar,2025-05-20
9060,Cliente 09060,Ahuachapan,GT,Mayorista,2025-12-16
C9061,Cliente 09061,La Paz,SV,Constructor,2025-03-25
9062,Cliente 09062,La Paz,NI,Hogar,2025-10-28
9063,,,NI,,2025-05-03
9064,Cliente 09064,Sonsonate,HN,,2025-11-15
9065,Cliente 09065,Santa Ana,GT,Mayorista,2025-11-10
9066,Cliente 09066,Cuscatlan,SV,Constructor,2025-04-04
9067,Cliente 09067,La Libertad,sv,,2025-11-02
9068,Cliente 09068,San Vicente,HN,Constructor,2025-12-12
9069,Cliente 09069,San Salvador,SV,,2025-11-19
9070,Cliente 09070,Cuscatlan,SV,PyME,2025-09-21
9071,Cliente 09071,Morazan,sv,,2025-06-26
9072,Cliente 09072,,HN,PyME,2025-08-25
9073,Cliente 09073,La Paz,GT,PyME,2025-12-28
9074,Cliente 09074,San Vicente,HN,Mayorista,2025-09-13
9075,Cliente 09075,La Union,NI,Hogar,2025-06-18
9076,Cliente 09076,La Paz,HN,,2025-01-26
9077,Cliente 09077,San Vicente,NI,PyME,2025-02-28
9078,Cliente 09078,San Salvador,ELS,PyME,2025-09-14
9079,Cliente 09079,SAN SALVADOR,sv,PyME,2025-08-15
9080,Cliente 09080,La Union,NI,PyME,2025-09-25
9081,Cliente 09081,,GT,PyME,2025-12-09
9082,Cliente 09082,Chalatenango,ELS,,2025-02-07
9083,Cliente 09083,San Vicente,sv,Hogar,2025-04-10
9084,Cliente 09084,Usulutan,HN,PyME,2025-09-24
9085,Cliente 09085,San Salvador,GT,PyME,2025-06-07
9086,Cliente 09086,Ahuachapan,HN,Mayorista,2025-06-21
9087,Cliente 09087,santa ana,sv,,2025-04-22
9088,Cliente 09088,san salvador,sv,PyME,2025-05-19
9089,Cliente 09089,La Paz,ELS,PyME,2025-01-04
9090,Cliente 09090,,GT,Constructor,2025-12-24
9091,Cliente 09091,San Salvador,HN,Hogar,2025-03-06
9092,Cliente 09092,san salvador,SV,Mayorista,2025-08-06
9093,Cliente 09093,La Libertad,HN,PyME,2025-03-18
9094,Cliente 09094,SAN SALVADOR,HN,Mayorista,2025-09-26
9095,Cliente 09095,Morazan,HN,Hogar,2025-07-18
9096,Cliente 09096,San Salvador,NI,Mayorista,2025-11-17
9097,Cliente 09097,La Paz,sv,,2025-05-23
9098,Cliente 09098,San Vicente,HN,,2025-08-20
9099,Cliente 09099,,GT,,2025-12-11
9100,Cliente 09100,Cuscatlan,HN,PyME,2025-03-19
9101,Cliente 09101,Ahuachapan,HN,Constructor,2025-11-06
C9102,Cliente 09102,San Salvador,sv,Constructor,2025-10-20
9103,Cliente 09103,La Libertad,NI,PyME,2025-07-14
9104,Cliente 09104,SAN SALVADOR,ELS,,2025-01-12
9105,Cliente 09105,Ahuachapan,GT,Constructor,2025-01-23
9106,Cliente 09106,Chalatenango,sv,Constructor,2025-08-07
9107,Cliente 09107,Morazan,GT,,2025-04-05
9108,Cliente 09108,,SV,,2025-03-01
9109,Cliente 09109,La Paz,ELS,Hogar,2025-10-22
9110,Cliente 09110,La Libertad,sv,Mayorista,2025-09-15
9111,Cliente 09111,San Salvador,HN,Constructor,2025-11-04
9112,Cliente 09112,Usulutan,sv,Constructor,2025-11-26
9113,Cliente 09113,San Miguel,sv,Constructor,2025-10-11
9114,Cliente 09114,santa ana,GT,PyME,2025-01-02
9115,Cliente 09115,San Miguel,ELS,Constructor,2025-12-23
9116,Cliente 09116,san salvador,GT,Constructor,2025-11-22
9117,Cliente 09117,,NI,Constructor,2025-06-22
9118,Cliente 09118,SAN SALVADOR,SV,Mayorista,2025-04-12
9119,Cliente 09119,santa ana,HN,Constructor,2025-12-16
9120,,san salvador,HN,Hogar,2025-01-08
9121,Cliente 09121,San Vicente,HN,PyME,2025-05-04
9122,Cliente 09122,La Libertad,HN,Mayorista,2025-02-12
9123,Cliente 09123,Sonsonate,SV,,2025-03-25
9124,Cliente 09124,La Union,NI,,2025-10-01
9125,Cliente 09125,Morazan,ELS,Hogar,2025-05-27
9126,Cliente 09126,,NI,Hogar,2025-07-07
9127,Cliente 09127,La Libertad,HN,Constructor,2025-10-26
9128,Cliente 09128,San Vicente,GT,PyME,2025-04-03
9129,Cliente 09129,san salvador,ELS,,2025-10-24
9130,Cliente 09130,Morazan,sv,Constructor,2025-12-02
9131,Cliente 09131,Sonsonate,ELS,Constructor,2025-07-17
9132,Cliente 09132,Chalatenango,SV,Hogar,2025-01-17
9133,Cliente 09133,Cuscatlan,ELS,Mayorista,2025-04-18
9134,Cliente 09134,La Union,SV,Mayorista,2025-01-21
9135,Cliente 09135,,ELS,Mayorista,2025-09-07
9136,Cliente 09136,san salvador,ELS,Constructor,2025-01-12
9137,Cliente 09137,Usulutan,NI,Hogar,2025-04-13
9138,Cliente 09138,Usulutan,GT,Hogar,2025-01-16
9139,Cliente 09139,santa ana,SV,,2025-05-26
9140,Cliente 09140,La Paz,ELS,Constructor,2025-09-08
9141,Cliente 09141,SAN SALVADOR,SV,Constructor,2025-01-12
9142,Cliente 09142,San Salvador,SV,,2025-06-26
C9143,Cliente 09143,Chalatenango,NI,,2025-12-27
9144,Cliente 09144,,ELS,Mayorista,2025-02-15
9145,Cliente 09145,La Libertad,HN,Hogar,2025-08-16
9146,Cliente 09146,Sonsonate,SV,Mayorista,2025-05-09
9147,Cliente 09147,SAN SALVADOR,SV,PyME,2025-07-06
9148,Cliente 09148,Santa Ana,SV,Constructor,2025-02-19
9149,Cliente 09149,San Vicente,ELS,Hogar,2025-08-26
9150,Cliente 09150,Santa Ana,SV,PyME,2025-03-21
9151,Cliente 09151,Chalatenango,sv,,2025-06-25
9152,Cliente 09152,San Salvador,NI,PyME,2025-04-28
9153,Cliente 09153,,sv,Constructor,ayer
9154,Cliente 09154,san salvador,SV,Hogar,2025-08-20
9155,Cliente 09155,Morazan,HN,PyME,2025-02-27
9156,Cliente 09156,Cuscatlan,NI,Hogar,2025-12-10
9157,Cliente 09157,Cuscatlan,NI,Mayorista,2025-09-25
9158,Cliente 09158,Chalatenango,NI,Constructor,2025-02-09
9159,Cliente 09159,San Vicente,sv,Mayorista,2025-06-05
9160,Cliente 09160,san salvador,SV,Mayorista,2025-11-26
9161,Cliente 09161,La Union,GT,Constructor,2025-01-02
9162,Cliente 09162,,ELS,,2025-04-09
9163,Cliente 09163,Santa Ana,ELS,Mayorista,2025-09-09
9164,Cliente 09164,Usulutan,GT,Hogar,2025-02-25
9165,Cliente 09165,san salvador,SV,Constructor,2025-02-27
9166,Cliente 09166,Chalatenango,HN,PyME,2025-03-08
9167,Cliente 09167,Sonsonate,sv,,2025-09-07
9168,Cliente 09168,San Salvador,ELS,,2025-01-09
9169,Cliente 09169,Sonsonate,SV,Constructor,2025-03-07
9170,Cliente 09170,Sonsonate,HN,,2025-02-07
9171,Cliente 09171,,HN,PyME,2025-01-16
9172,Cliente 09172,Usulutan,SV,,2025-04-28
9173,Cliente 09173,Chalatenango,ELS,Constructor,2025-11-25
9174,Cliente 09174,San Vicente,HN,Mayorista,2025-10-26
9175,Cliente 09175,San Salvador,ELS,Constructor,2025-11-15
9176,Cliente 09176,La Paz,GT,Mayorista,2025-05-11
9177,,San Salvador,SV,Constructor,2025-08-04
9178,Cliente 09178,San Salvador,HN,Hogar,2025-05-02
9179,Cliente 09179,La Paz,SV,Constructor,2025-05-14
9180,Cliente 09180,,GT,Constructor,2025-08-09
9180,Cliente 09180,,GT,Constructor,2025-08-09
9181,Cliente 09181,Chalatenango,ELS,Constructor,2025-04-03
9182,Cliente 09182,San Miguel,ELS,PyME,2025-07-05
9183,Cliente 09183,Santa Ana,SV,Hogar,2025-06-18
C9184,Cliente 09184,SAN SALVADOR,NI,Hogar,2025-10-02
9185,Cliente 09185,San Miguel,sv,PyME,2025-07-18
9186,Cliente 09186,La Paz,ELS,PyME,2025-10-14
9187,Cliente 09187,SAN SALVADOR,NI,PyME,2025-03-12
9188,Cliente 09188,La Paz,HN,PyME,2025-10-04
9189,Cliente 09189,,GT,PyME,2025-03-12
9190,Cliente 09190,Chalatenango,ELS,PyME,2025-09-10
9191,Cliente 09191,Morazan,SV,,2025-07-09
9192,Cliente 09192,Cuscatlan,HN,,2025-02-02
9193,Cliente 09193,San Vicente,GT,Hogar,2025-08-01
9194,Cliente 09194,Usulutan,ELS,,2025-05-18
9195,Cliente 09195,La Union,GT,Constructor,2025-06-02
9196,Cliente 09196,Sonsonate,GT,Mayorista,2025-04-19
9197,Cliente 09197,Morazan,HN,Mayorista,2025-05-03
9198,Cliente 09198,,sv,Mayorista,2025-03-04
9199,Cliente 09199,San Miguel,GT,Constructor,2025-05-11
9200,Cliente 09200,SAN SALVADOR,sv,Mayorista,2025-09-17
9201,Cliente 09201,Cuscatlan,NI,Constructor,2025-02-02
9202,Cliente 09202,La Paz,sv,Mayorista,2025-07-25
9203,Cliente 09203,San Miguel,NI,Constructor,2025-07-18
9204,Cliente 09204,La Union,HN,PyME,2025-11-14
9205,Cliente 09205,La Paz,sv,Constructor,2025-09-12
9206,Cliente 09206,Ahuachapan,HN,,2025-09-10
9207,Cliente 09207,,ELS,Constructor,2025-08-04
9208,Cliente 09208,SAN SALVADOR,GT,Hogar,2025-08-19
9209,Cliente 09209,La Paz,SV,Hogar,2025-05-14
9210,Cliente 09210,Sonsonate,sv,Mayorista,2025-01-11
9211,Cliente 09211,Ahuachapan,NI,PyME,2025-07-25
9212,Cliente 09212,Morazan,GT,,2025-05-17
9213,Cliente 09213,SAN SALVADOR,HN,Constructor,2025-09-27
9214,Cliente 09214,santa ana,HN,PyME,2025-01-25
9215,Cliente 09215,Morazan,HN,Constructor,2025-04-20
9216,Cliente 09216,,SV,Hogar,2025-01-15
9217,Cliente 09217,Chalatenango,SV,Constructor,2025-01-28
9218,Cliente 09218,Cuscatlan,sv,Constructor,2025-11-21
9219,Cliente 09219,San Vicente,GT,Constructor,2025-12-13
9220,Cliente 09220,La Paz,ELS,Mayorista,2025-01-08
9221,Cliente 09221,Cuscatlan,SV,Mayorista,2025-07-02
9222,Cliente 09222,san salvador,GT,,2025-01-10
9223,Cliente 09223,santa ana,HN,Hogar,2025-10-26
9224,Cliente 09224,San Salvador,NI,Hogar,2025-03-20
C9225,Cliente 09225,,HN,PyME,2025-09-25
9226,Cliente 09226,Chalatenango,ELS,Mayorista,2025-06-10
9227,Cliente 09227,San Miguel,sv,,2025-05-17
9228,Cliente 09228,San Miguel,NI,,2025-11-16
9229,Cliente 09229,SAN SALVADOR,GT,Constructor,2025-04-27
9230,Cliente 09230,Usulutan,GT,Mayorista,2025-03-08
9231,Cliente 09231,Santa Ana,GT,,2025-06-15
9232,Cliente 09232,SAN SALVADOR,HN,Hogar,2025-03-19
9233,Cliente 09233,La Union,sv,PyME,2025-02-25
9234,,,NI,PyME,2025-04-02
9235,Cliente 09235,Chalatenango,HN,Constructor,2025-10-12
9236,Cliente 09236,San Miguel,sv,Constructor,2025-03-07
9237,Cliente 09237,Ahuachapan,SV,Hogar,2025-03-05
9238,Cliente 09238,SAN SALVADOR,HN,Mayorista,2025-11-05
9239,Cliente 09239,SAN SALVADOR,SV,Mayorista,2025-06-02
9240,Cliente 09240,Ahuachapan,HN,Constructor,2025-04-08
9241,Cliente 09241,santa ana,ELS,Mayorista,2025-08-12
9242,Cliente 09242,Chalatenango,NI,Constructor,2025-10-06
9243,Cliente 09243,,SV,Constructor,2025-09-04
9244,Cliente 09244,Cuscatlan,SV,,2025-03-16
9245,Cliente 09245,San Vicente,HN,Hogar,2025-10-22
9246,Cliente 09246,Ahuachapan,ELS,,2025-04-14
9247,Cliente 09247,Chalatenango,sv,,2025-08-06
9248,Cliente 09248,Santa Ana,ELS,Mayorista,2025-02-21
9249,Cliente 09249,Ahuachapan,ELS,PyME,2025-12-08
9250,Cliente 09250,Cuscatlan,sv,,2025-05-06
9251,Cliente 09251,santa ana,SV,Hogar,2025-04-15
9252,Cliente 09252,,HN,,2025-09-06
9253,Cliente 09253,Ahuachapan,ELS,Hogar,2025-05-21
9254,Cliente 09254,san salvador,ELS,,2025-03-15
9255,Cliente 09255,Usulutan,sv,Constructor,2025-02-20
9256,Cliente 09256,Santa Ana,HN,Constructor,2025-04-17
9257,Cliente 09257,Chalatenango,NI,Hogar,2025-03-12
9258,Cliente 09258,san salvador,sv,PyME,2025-12-17
9259,Cliente 09259,Santa Ana,NI,Hogar,2025-01-16
9260,Cliente 09260,Santa Ana,SV,Mayorista,2025-11-09
9261,Cliente 09261,,SV,PyME,2025-12-01
9262,Cliente 09262,Chalatenango,HN,Hogar,2025-06-26
9263,Cliente 09263,La Paz,ELS,Hogar,2025-07-27
9264,Cliente 09264,Chalatenango,ELS,,2025-02-13
9265,Cliente 09265,La Union,HN,,2025-01-06
C9266,Cliente 09266,SAN SALVADOR,NI,,ayer
9267,Cliente 09267,San Salvador,sv,,2025-12-17
9268,Cliente 09268,SAN SALVADOR,GT,,2025-11-11
9269,Cliente 09269,SAN SALVADOR,HN,PyME,2025-11-11
9270,Cliente 09270,,ELS,Mayorista,2025-11-16
9271,Cliente 09271,Ahuachapan,NI,Constructor,2025-04-18
9272,Cliente 09272,SAN SALVADOR,sv,,2025-08-25
9273,Cliente 09273,Ahuachapan,ELS,Mayorista,2025-06-18
9274,Cliente 09274,Usulutan,sv,,2025-10-11
9275,Cliente 09275,San Miguel,NI,Mayorista,2025-02-18
9276,Cliente 09276,Santa Ana,NI,Constructor,2025-07-03
9277,Cliente 09277,La Union,sv,Mayorista,2025-10-26
9278,Cliente 09278,Cuscatlan,sv,,2025-06-03
9279,Cliente 09279,,SV,Mayorista,2025-06-09
9280,Cliente 09280,SAN SALVADOR,sv,PyME,2025-12-05
9281,Cliente 09281,La Libertad,SV,PyME,2025-06-10
9282,Cliente 09282,Usulutan,sv,,2025-11-04
9283,Cliente 09283,Chalatenango,sv,Hogar,2025-01-27
9284,Cliente 09284,SAN SALVADOR,SV,Hogar,2025-02-07
9285,Cliente 09285,Cuscatlan,ELS,Constructor,2025-12-24
9286,Cliente 09286,La Union,SV,Constructor,2025-03-05
9287,Cliente 09287,La Paz,NI,Constructor,2025-01-01
9288,Cliente 09288,,HN,Constructor,2025-11-01
9289,Cliente 09289,Cuscatlan,sv,Constructor,2025-11-05
9290,Cliente 09290,San Miguel,SV,Mayorista,2025-07-11
9291,,Cuscatlan,GT,,2025-02-07
9292,Cliente 09292,SAN SALVADOR,HN,PyME,2025-02-26
9293,Cliente 09293,San Salvador,ELS,PyME,2025-07-11
9294,Cliente 09294,Cuscatlan,HN,Hogar,2025-09-25
9295,Cliente 09295,Ahuachapan,HN,,2025-07-03
9296,Cliente 09296,Santa Ana,sv,Hogar,2025-06-23
9297,Cliente 09297,,sv,,2025-08-05
9298,Cliente 09298,San Miguel,ELS,Mayorista,2025-11-19
9299,Cliente 09299,Cuscatlan,NI,Mayorista,2025-03-21
9300,Cliente 09300,Chalatenango,NI,,2025-09-21
9301,Cliente 09301,SAN SALVADOR,NI,,2025-10-17
9302,Cliente 09302,San Salvador,HN,Constructor,2025-01-15
9303,Cliente 09303,Morazan,SV,PyME,2025-12-11
9304,Cliente 09304,SAN SALVADOR,ELS,PyME,2025-06-28
9305,Cliente 09305,San Salvador,ELS,PyME,2025-10-11
9306,Cliente 09306,,NI,Constructor,2025-06-27
C9307,Cliente 09307,La Paz,SV,Constructor,2025-09-02
9308,Cliente 09308,San Miguel,sv,Constructor,2025-03-04
9309,Cliente 09309,Usulutan,SV,PyME,2025-01-25
9310,Cliente 09310,San Miguel,GT,Hogar,2025-04-15
9311,Cliente 09311,La Union,sv,Hogar,2025-10-22
9312,Cliente 09312,Sonsonate,SV,Hogar,2025-11-16
9313,Cliente 09313,La Paz,GT,Mayorista,2025-04-22
9314,Cliente 09314,Santa Ana,ELS,,2025-06-19
9315,Cliente 09315,,ELS,PyME,2025-08-25
9316,Cliente 09316,Chalatenango,sv,Hogar,2025-07-25
9317,Cliente 09317,La Libertad,SV,Constructor,2025-07-20
9318,Cliente 09318,Sonsonate,sv,Hogar,2025-05-28
9319,Cliente 09319,San Miguel,ELS,Mayorista,2025-07-12
9320,Cliente 09320,SAN SALVADOR,ELS,Mayorista,2025-04-17
9321,Cliente 09321,La Union,GT,Hogar,2025-11-10
9322,Cliente 09322,Ahuachapan,HN,Mayorista,2025-12-08
9323,Cliente 09323,san salvador,ELS,PyME,2025-08-17
9324,Cliente 09324,,sv,Hogar,2025-01-11
9325,Cliente 09325,Santa Ana,ELS,Mayorista,2025-01-12
9326,Cliente 09326,La Union,ELS,Hogar,2025-06-04
9327,Cliente 09327,Sonsonate,SV,Hogar,2025-02-08
9328,Cliente 09328,Morazan,SV,Mayorista,2025-06-10
9329,Cliente 09329,SAN SALVADOR,ELS,Constructor,2025-10-12
9330,Cliente 09330,Santa Ana,NI,PyME,2025-07-19
9331,Cliente 09331,San Vicente,ELS,Mayorista,2025-07-01
9332,Cliente 09332,san salvador,sv,,2025-03-07
9333,Cliente 09333,,HN,Hogar,2025-12-24
9334,Cliente 09334,san salvador,HN,,2025-09-14
9335,Cliente 09335,Ahuachapan,NI,Hogar,2025-09-10
9336,Cliente 09336,Chalatenango,HN,,2025-06-17
9337,Cliente 09337,san salvador,ELS,Hogar,2025-08-22
9338,Cliente 09338,La Paz,HN,Hogar,2025-06-20
9339,Cliente 09339,san salvador,NI,Constructor,2025-01-14
9340,Cliente 09340,SAN SALVADOR,GT,Mayorista,2025-08-22
9341,Cliente 09341,San Vicente,sv,,2025-05-09
9342,Cliente 09342,,ELS,Constructor,2025-08-24
9343,Cliente 09343,Santa Ana,SV,PyME,2025-12-10
9344,Cliente 09344,SAN SALVADOR,ELS,Hogar,2025-06-24
9345,Cliente 09345,San Vicente,HN,Constructor,2025-01-17
9346,Cliente 09346,Chalatenango,NI,,2025-06-06
9347,Cliente 09347,Cuscatlan,NI,PyME,2025-09-25
C9348,,Chalatenango,SV,Constructor,2025-06-22
9349,Cliente 09349,san salvador,GT,Mayorista,2025-09-12
9350,Cliente 09350,San Miguel,HN,,2025-02-05
9351,Cliente 09351,,SV,,2025-08-26
9352,Cliente 09352,Ahuachapan,NI,,2025-12-04
9353,Cliente 09353,Morazan,HN,Constructor,2025-03-27
9354,Cliente 09354,Cuscatlan,HN,PyME,2025-08-05
9355,Cliente 09355,San Miguel,GT,Mayorista,2025-08-26
9356,Cliente 09356,La Paz,SV,Mayorista,2025-08-11
9357,Cliente 09357,San Miguel,ELS,,2025-02-09
9358,Cliente 09358,San Salvador,sv,PyME,2025-10-27
9359,Cliente 09359,Chalatenango,sv,PyME,2025-07-06
9360,Cliente 09360,,SV,Mayorista,2025-12-26
9360,Cliente 09360,,SV,Mayorista,2025-12-26
9361,Cliente 09361,Santa Ana,sv,Constructor,2025-04-04
9362,Cliente 09362,san salvador,sv,Mayorista,2025-09-15
9363,Cliente 09363,Cuscatlan,NI,,2025-11-03
9364,Cliente 09364,San Miguel,NI,PyME,2025-03-12
9365,Cliente 09365,Cuscatlan,ELS,Hogar,2025-02-24
9366,Cliente 09366,San Vicente,SV,,2025-09-19
9367,Cliente 09367,La Union,SV,Mayorista,2025-12-03
9368,Cliente 09368,San Salvador,HN,,2025-12-03
9369,Cliente 09369,,sv,Hogar,2025-04-06
9370,Cliente 09370,Sonsonate,HN,Hogar,2025-10-07
9371,Cliente 09371,Chalatenango,HN,Mayorista,2025-12-17
9372,Cliente 09372,Sonsonate,GT,Hogar,2025-07-03
9373,Cliente 09373,SAN SALVADOR,HN,Hogar,2025-07-19
9374,Cliente 09374,santa ana,sv,Mayorista,2025-05-22
9375,Cliente 09375,Morazan,SV,,2025-06-25
9376,Cliente 09376,La Libertad,sv,Constructor,2025-01-13
9377,Cliente 09377,SAN SALVADOR,GT,,2025-12-06
9378,Cliente 09378,,GT,,2025-02-13
9379,Cliente 09379,Morazan,sv,Hogar,ayer
9380,Cliente 09380,Cuscatlan,HN,,2025-09-21
9381,Cliente 09381,Usulutan,GT,Constructor,2025-10-25
9382,Cliente 09382,Usulutan,sv,Mayorista,2025-05-09
9383,Cliente 09383,La Paz,HN,,2025-09-04
9384,Cliente 09384,Ahuachapan,sv,Mayorista,2025-01-25
9385,Cliente 09385,san salvador,ELS,Hogar,2025-11-19
9386,Cliente 09386,Morazan,NI,,2025-12-05
9387,Cliente 09387,,GT,Hogar,2025-05-18
9388,Cliente 09388,Usulutan,GT,Constructor,2025-08-03
C9389,Cliente 09389,San Miguel,HN,Mayorista,2025-09-25
9390,Cliente 09390,Santa Ana,NI,,2025-11-16
9391,Cliente 09391,Ahuachapan,ELS,PyME,2025-02-27
9392,Cliente 09392,Sonsonate,SV,Constructor,2025-08-20
9393,Cliente 09393,San Miguel,HN,Hogar,2025-10-04
9394,Cliente 09394,Santa Ana,NI,Constructor,2025-01-24
9395,Cliente 09395,santa ana,GT,Hogar,2025-10-07
9396,Cliente 09396,,NI,Mayorista,2025-07-20
9397,Cliente 09397,San Miguel,HN,Constructor,2025-01-23
9398,Cliente 09398,san salvador,sv,Hogar,2025-11-02
9399,Cliente 09399,San Miguel,ELS,PyME,2025-05-28
9400,Cliente 09400,Usulutan,HN,,2025-05-27
9401,Cliente 09401,SAN SALVADOR,ELS,Mayorista,2025-09-14
9402,Cliente 09402,Ahuachapan,GT,Hogar,2025-05-23
9403,Cliente 09403,Santa Ana,NI,Constructor,2025-09-12
9404,Cliente 09404,Santa Ana,ELS,PyME,2025-01-10
9405,,,NI,PyME,2025-08-20
9406,Cliente 09406,La Libertad,SV,PyME,2025-05-12
9407,Cliente 09407,La Union,GT,PyME,2025-12-16
9408,Cliente 09408,Ahuachapan,SV,PyME,2025-06-02
9409,Cliente 09409,SAN SALVADOR,NI,Mayorista,2025-12-07
9410,Cliente 09410,SAN SALVADOR,sv,Constructor,2025-10-11
9411,Cliente 09411,La Union,NI,PyME,2025-06-15
9412,Cliente 09412,Chalatenango,HN,Hogar,2025-01-21
9413,Cliente 09413,Morazan,SV,Constructor,2025-01-13
9414,Cliente 09414,,NI,PyME,2025-05-07
9415,Cliente 09415,santa ana,ELS,PyME,2025-05-16
9416,Cliente 09416,La Paz,HN,Mayorista,2025-11-17
9417,Cliente 09417,san salvador,GT,,2025-02-16
9418,Cliente 09418,Usulutan,NI,Constructor,2025-02-25
9419,Cliente 09419,Sonsonate,GT,,2025-03-24
9420,Cliente 09420,San Salvador,sv,Hogar,2025-09-22
9421,Cliente 09421,La Union,GT,Hogar,2025-07-21
9422,Cliente 09422,San Vicente,NI,Hogar,2025-01-04
9423,Cliente 09423,,SV,Mayorista,2025-11-03
9424,Cliente 09424,Chalatenango,HN,PyME,2025-07-04
9425,Cliente 09425,La Libertad,ELS,PyME,2025-04-16
9426,Cliente 09426,Santa Ana,ELS,Mayorista,2025-11-05
9427,Cliente 09427,Ahuachapan,GT,PyME,2025-09-15
9428,Cliente 09428,San Vicente,ELS,PyME,2025-06-20
9429,Cliente 09429,San Salvador,ELS,Hogar,2025-12-04
C9430,Cliente 09430,Morazan,ELS,Mayorista,2025-10-26
9431,Cliente 09431,Sonsonate,ELS,,2025-05-14
9432,Cliente 09432,,SV,Hogar,2025-06-27
9433,Cliente 09433,santa ana,GT,,2025-03-27
9434,Cliente 09434,San Miguel,NI,Mayorista,2025-09-04
9435,Cliente 09435,San Vicente,NI,Mayorista,2025-04-15
9436,Cliente 09436,San Salvador,ELS,Hogar,2025-04-05
9437,Cliente 09437,San Vicente,NI,Constructor,2025-12-19
9438,Cliente 09438,La Libertad,GT,,2025-10-25
9439,Cliente 09439,San Miguel,SV,Constructor,2025-10-11
9440,Cliente 09440,La Paz,sv,,2025-09-04
9441,Cliente 09441,,ELS,Hogar,2025-04-05
9442,Cliente 09442,La Libertad,GT,Hogar,2025-04-27
9443,Cliente 09443,santa ana,SV,,2025-08-15
9444,Cliente 09444,San Salvador,ELS,Hogar,2025-08-09
9445,Cliente 09445,Ahuachapan,ELS,,2025-05-10
9446,Cliente 09446,san salvador,GT,Constructor,2025-05-03
9447,Cliente 09447,san salvador,GT,,2025-06-11
9448,Cliente 09448,San Salvador,HN,,2025-03-14
9449,Cliente 09449,La Paz,sv,Constructor,2025-12-17
9450,Cliente 09450,,sv,Hogar,2025-04-08
9451,Cliente 09451,Chalatenango,HN,Hogar,2025-04-01
9452,Cliente 09452,SAN SALVADOR,NI,Constructor,2025-04-17
9453,Cliente 09453,La Union,ELS,,2025-06-23
9454,Cliente 09454,La Libertad,HN,Constructor,2025-08-02
9455,Cliente 09455,Sonsonate,GT,,2025-08-12
9456,Cliente 09456,santa ana,SV,Constructor,2025-01-09
9457,Cliente 09457,SAN SALVADOR,sv,,2025-05-04
9458,Cliente 09458,La Union,NI,Mayorista,2025-08-11
9459,Cliente 09459,,NI,Hogar,2025-08-24
9460,Cliente 09460,Morazan,NI,PyME,2025-11-10
9461,Cliente 09461,San Salvador,NI,Mayorista,2025-04-23
9462,,Morazan,NI,Mayorista,2025-05-22
9463,Cliente 09463,san salvador,sv,,2025-10-10
9464,Cliente 09464,San Miguel,sv,,2025-08-14
9465,Cliente 09465,La Union,HN,Mayorista,2025-10-17
9466,Cliente 09466,Ahuachapan,sv,,2025-03-16
9467,Cliente 09467,San Miguel,HN,Mayorista,2025-03-11
9468,Cliente 09468,,GT,PyME,2025-07-25
9469,Cliente 09469,La Union,sv,,2025-12-17
9470,Cliente 09470,San Vicente,SV,PyME,2025-09-14
C9471,Cliente 09471,Santa Ana,NI,Constructor,2025-03-04
9472,Cliente 09472,San Miguel,sv,Hogar,2025-12-08
9473,Cliente 09473,San Salvador,GT,PyME,2025-02-17
9474,Cliente 09474,La Paz,GT,Mayorista,2025-01-16
9475,Cliente 09475,SAN SALVADOR,HN,,2025-10-25
9476,Cliente 09476,Sonsonate,NI,PyME,2025-11-06
9477,Cliente 09477,,SV,Constructor,2025-04-18
9478,Cliente 09478,san salvador,sv,Mayorista,2025-02-11
9479,Cliente 09479,Morazan,sv,Hogar,2025-11-25
9480,Cliente 09480,SAN SALVADOR,HN,Mayorista,2025-05-17
9481,Cliente 09481,San Salvador,sv,,2025-08-10
9482,Cliente 09482,Cuscatlan,GT,,2025-10-06
9483,Cliente 09483,Sonsonate,SV,,2025-03-09
9484,Cliente 09484,San Miguel,sv,PyME,2025-11-01
9485,Cliente 09485,San Miguel,ELS,PyME,2025-03-05
9486,Cliente 09486,,ELS,,2025-10-11
9487,Cliente 09487,Usulutan,SV,Hogar,2025-09-17
9488,Cliente 09488,San Salvador,NI,,2025-01-18
9489,Cliente 09489,Chalatenango,HN,,2025-03-13
9490,Cliente 09490,La Libertad,ELS,PyME,2025-12-01
9491,Cliente 09491,Usulutan,GT,Hogar,2025-02-20
9492,Cliente 09492,Morazan,HN,Constructor,ayer
9493,Cliente 09493,Santa Ana,NI,,2025-12-02
9494,Cliente 09494,san salvador,SV,,2025-08-01
9495,Cliente 09495,,NI,Mayorista,2025-01-02
9496,Cliente 09496,La Union,NI,PyME,2025-08-02
9497,Cliente 09497,Usulutan,NI,Constructor,2025-11-12
9498,Cliente 09498,Morazan,NI,Hogar,2025-11-07
9499,Cliente 09499,san salvador,NI,Constructor,2025-02-11
9500,Cliente 09500,La Paz,GT,,2025-11-23
9501,Cliente 09501,La Paz,sv,Mayorista,2025-06-08
9502,Cliente 09502,La Union,GT,,2025-12-05
9503,Cliente 09503,San Miguel,SV,Mayorista,2025-11-12
9504,Cliente 09504,,sv,PyME,2025-02-04
9505,Cliente 09505,Morazan,SV,PyME,2025-02-23
9506,Cliente 09506,san salvador,HN,PyME,2025-01-14
9507,Cliente 09507,san salvador,NI,,2025-03-18
9508,Cliente 09508,santa ana,GT,Mayorista,2025-10-20
9509,Cliente 09509,Chalatenango,ELS,,2025-02-18
9510,Cliente 09510,La Paz,HN,,2025-06-16
9511,Cliente 09511,san salvador,HN,Constructor,2025-09-07
C9512,Cliente 09512,Sonsonate,GT,Mayorista,2025-02-03
9513,Cliente 09513,,SV,Hogar,2025-05-26
9514,Cliente 09514,San Miguel,ELS,PyME,2025-11-09
9515,Cliente 09515,Santa Ana,NI,PyME,2025-04-07
9516,Cliente 09516,San Miguel,ELS,Constructor,2025-05-23
9517,Cliente 09517,SAN SALVADOR,HN,,2025-05-22
9518,Cliente 09518,Chalatenango,NI,Mayorista,2025-09-04
9519,,Sonsonate,SV,PyME,2025-01-14
9520,Cliente 09520,Chalatenango,GT,Hogar,2025-12-24
9521,Cliente 09521,Morazan,ELS,Hogar,2025-03-11
9522,Cliente 09522,,SV,Hogar,2025-04-01
9523,Cliente 09523,La Paz,HN,Hogar,2025-05-04
9524,Cliente 09524,Sonsonate,sv,Constructor,2025-02-14
9525,Cliente 09525,san salvador,HN,Hogar,2025-09-26
9526,Cliente 09526,San Vicente,SV,,2025-05-03
9527,Cliente 09527,Chalatenango,sv,,2025-10-18
9528,Cliente 09528,santa ana,GT,,2025-09-27
9529,Cliente 09529,Morazan,GT,Mayorista,2025-04-03
9530,Cliente 09530,San Miguel,ELS,PyME,2025-06-10
9531,Cliente 09531,,sv,Mayorista,2025-07-05
9532,Cliente 09532,Morazan,NI,Hogar,2025-11-27
9533,Cliente 09533,La Union,NI,,2025-10-12
9534,Cliente 09534,San Miguel,SV,,2025-08-27
9535,Cliente 09535,san salvador,SV,,2025-07-01
9536,Cliente 09536,Sonsonate,NI,PyME,2025-11-28
9537,Cliente 09537,Santa Ana,SV,,2025-10-24
9538,Cliente 09538,Usulutan,sv,Mayorista,2025-08-14
9539,Cliente 09539,Chalatenango,sv,,2025-02-08
9540,Cliente 09540,,NI,Hogar,2025-03-08
9540,Cliente 09540,,NI,Hogar,2025-03-08
9541,Cliente 09541,Morazan,ELS,Mayorista,2025-06-05
9542,Cliente 09542,San Vicente,ELS,PyME,2025-05-19
9543,Cliente 09543,Usulutan,sv,Mayorista,2025-04-13
9544,Cliente 09544,Ahuachapan,ELS,,2025-11-26
9545,Cliente 09545,Cuscatlan,SV,,2025-01-06
9546,Cliente 09546,Morazan,sv,Mayorista,2025-07-19
9547,Cliente 09547,Sonsonate,HN,Mayorista,2025-06-20
9548,Cliente 09548,Ahuachapan,sv,Hogar,2025-10-11
9549,Cliente 09549,,GT,PyME,2025-08-14
9550,Cliente 09550,Usulutan,NI,Mayorista,2025-09-01
9551,Cliente 09551,Usulutan,NI,PyME,2025-08-23
9552,Cliente 09552,Santa Ana,sv,Constructor,2025-06-16
C9553,Cliente 09553,Morazan,HN,,2025-12-06
9554,Cliente 09554,La Paz,HN,Mayorista,2025-11-20
9555,Cliente 09555,La Union,HN,Hogar,2025-08-18
9556,Cliente 09556,SAN SALVADOR,HN,,2025-08-24
9557,Cliente 09557,Cuscatlan,HN,PyME,2025-11-17
9558,Cliente 09558,,SV,,2025-01-16
9559,Cliente 09559,san salvador,ELS,Mayorista,2025-10-18
9560,Cliente 09560,San Miguel,SV,,2025-04-07
9561,Cliente 09561,La Libertad,sv,,2025-02-26
9562,Cliente 09562,SAN SALVADOR,sv,Constructor,2025-03-17
9563,Cliente 09563,Morazan,HN,PyME,2025-02-08
9564,Cliente 09564,Sonsonate,HN,Hogar,2025-10-19
9565,Cliente 09565,La Paz,NI,PyME,2025-10-12
9566,Cliente 09566,San Miguel,SV,Hogar,2025-08-08
9567,Cliente 09567,,SV,Constructor,2025-07-15
9568,Cliente 09568,Usulutan,HN,PyME,2025-11-06
9569,Cliente 09569,Santa Ana,NI,Mayorista,2025-08-09
9570,Cliente 09570,SAN SALVADOR,ELS,,2025-05-10
9571,Cliente 09571,San Salvador,GT,Constructor,2025-09-06
9572,Cliente 09572,Usulutan,GT,,2025-11-09
9573,Cliente 09573,SAN SALVADOR,SV,Constructor,2025-05-17
9574,Cliente 09574,La Union,ELS,Mayorista,2025-04-18
9575,Cliente 09575,Sonsonate,NI,PyME,2025-02-24
9576,,,SV,Mayorista,2025-09-01
9577,Cliente 09577,San Miguel,ELS,Constructor,2025-02-27
9578,Cliente 09578,La Paz,SV,Hogar,2025-03-07
9579,Cliente 09579,San Salvador,HN,PyME,2025-10-11
9580,Cliente 09580,Cuscatlan,SV,PyME,2025-10-09
9581,Cliente 09581,Santa Ana,ELS,PyME,2025-04-02
9582,Cliente 09582,santa ana,GT,Mayorista,2025-07-13
9583,Cliente 09583,San Vicente,sv,Mayorista,2025-06-05
9584,Cliente 09584,La Libertad,NI,Constructor,2025-06-06
9585,Cliente 09585,,NI,Hogar,2025-10-11
9586,Cliente 09586,San Vicente,ELS,Hogar,2025-11-21
9587,Cliente 09587,Ahuachapan,GT,Hogar,2025-06-08
9588,Cliente 09588,San Miguel,sv,Constructor,2025-02-20
9589,Cliente 09589,Sonsonate,SV,PyME,2025-11-23
9590,Cliente 09590,Chalatenango,HN,,2025-12-26
9591,Cliente 09591,San Salvador,GT,Hogar,2025-03-04
9592,Cliente 09592,Santa Ana,HN,PyME,2025-11-12
9593,Cliente 09593,Sonsonate,ELS,Hogar,2025-01-05
C9594,Cliente 09594,,ELS,PyME,2025-06-11
9595,Cliente 09595,san salvador,SV,Constructor,2025-05-22
9596,Cliente 09596,Morazan,GT,PyME,2025-05-20
9597,Cliente 09597,San Vicente,HN,,2025-09-04
9598,Cliente 09598,Ahuachapan,NI,Constructor,2025-05-16
9599,Cliente 09599,Ahuachapan,NI,PyME,2025-11-17
9600,Cliente 09600,Cuscatlan,HN,Mayorista,2025-09-01
9601,Cliente 09601,La Libertad,HN,PyME,2025-05-05
9602,Cliente 09602,Cuscatlan,GT,Constructor,2025-08-02
9603,Cliente 09603,,NI,Constructor,2025-11-14
9604,Cliente 09604,San Salvador,SV,Mayorista,2025-06-04
9605,Cliente 09605,Usulutan,HN,Mayorista,ayer
9606,Cliente 09606,Chalatenango,NI,Hogar,2025-04-21
9607,Cliente 09607,Chalatenango,HN,PyME,2025-05-07
9608,Cliente 09608,San Vicente,sv,Hogar,2025-07-23
9609,Cliente 09609,santa ana,SV,Mayorista,2025-05-26
9610,Cliente 09610,San Salvador,ELS,Hogar,2025-11-23
9611,Cliente 09611,San Miguel,HN,,2025-09-26
9612,Cliente 09612,,HN,Hogar,2025-11-16
9613,Cliente 09613,Santa Ana,sv,,2025-06-22
9614,Cliente 09614,santa ana,GT,,2025-07-02
9615,Cliente 09615,Ahuachapan,GT,Mayorista,2025-04-19
9616,Cliente 09616,Usulutan,GT,,2025-07-21
9617,Cliente 09617,Ahuachapan,ELS,Constructor,2025-07-14
9618,Cliente 09618,La Libertad,ELS,Hogar,2025-12-18
9619,Cliente 09619,San Miguel,ELS,Mayorista,2025-09-09
9620,Cliente 09620,Santa Ana,ELS,Mayorista,2025-04-13
9621,Cliente 09621,,HN,Hogar,2025-08-22
9622,Cliente 09622,Usulutan,GT,Constructor,2025-05-19
9623,Cliente 09623,Santa Ana,NI,,2025-09-27
9624,Cliente 09624,Cuscatlan,GT,Constructor,2025-06-11
9625,Cliente 09625,Ahuachapan,sv,,2025-09-01
9626,Cliente 09626,Chalatenango,ELS,Constructor,2025-07-19
9627,Cliente 09627,Morazan,SV,Constructor,2025-05-16
9628,Cliente 09628,Santa Ana,sv,Mayorista,2025-08-24
9629,Cliente 09629,San Vicente,SV,Constructor,2025-09-14
9630,Cliente 09630,,ELS,,2025-10-23
9631,Cliente 09631,San Vicente,SV,PyME,2025-01-01
9632,Cliente 09632,Ahuachapan,NI,Mayorista,2025-09-04
9633,,santa ana,GT,Mayorista,2025-06-25
9634,Cliente 09634,Ahuachapan,ELS,Mayorista,2025-06-23
C9635,Cliente 09635,San Salvador,GT,Hogar,2025-08-14
9636,Cliente 09636,Usulutan,HN,Hogar,2025-09-19
9637,Cliente 09637,santa ana,ELS,Constructor,2025-05-08
9638,Cliente 09638,La Libertad,GT,Hogar,2025-09-16
9639,Cliente 09639,,NI,Constructor,2025-05-17
9640,Cliente 09640,Sonsonate,GT,,2025-06-22
9641,Cliente 09641,Cuscatlan,NI,PyME,2025-12-18
9642,Cliente 09642,Usulutan,ELS,Constructor,2025-12-05
9643,Cliente 09643,Ahuachapan,ELS,PyME,2025-12-15
9644,Cliente 09644,San Vicente,HN,Hogar,2025-08-09
9645,Cliente 09645,Ahuachapan,HN,Hogar,2025-01-10
9646,Cliente 09646,SAN SALVADOR,NI,PyME,2025-01-11
9647,Cliente 09647,san salvador,NI,PyME,2025-02-13
9648,Cliente 09648,,NI,Mayorista,2025-09-05
9649,Cliente 09649,Ahuachapan,SV,Mayorista,2025-09-03
9650,Cliente 09650,Sonsonate,ELS,Constructor,2025-04-01
9651,Cliente 09651,san salvador,NI,,2025-02-03
9652,Cliente 09652,Morazan,sv,,2025-11-23
9653,Cliente 09653,Sonsonate,sv,PyME,2025-07-05
9654,Cliente 09654,santa ana,ELS,,2025-02-14
9655,Cliente 09655,Ahuachapan,NI,Mayorista,2025-02-12
9656,Cliente 09656,Ahuachapan,NI,Constructor,2025-09-24
9657,Cliente 09657,,GT,Mayorista,2025-04-08
9658,Cliente 09658,Ahuachapan,SV,Mayorista,2025-02-19
9659,Cliente 09659,La Paz,GT,,2025-11-14
9660,Cliente 09660,San Miguel,NI,Constructor,2025-02-27
9661,Cliente 09661,Cuscatlan,GT,Mayorista,2025-11-03
9662,Cliente 09662,Chalatenango,ELS,PyME,2025-11-16
9663,Cliente 09663,SAN SALVADOR,SV,Hogar,2025-12-02
9664,Cliente 09664,santa ana,ELS,Hogar,2025-12-24
9665,Cliente 09665,Chalatenango,SV,,2025-03-24
9666,Cliente 09666,,ELS,Constructor,2025-07-20
9667,Cliente 09667,Ahuachapan,NI,Constructor,2025-12-04
9668,Cliente 09668,La Union,HN,Hogar,2025-09-14
9669,Cliente 09669,Morazan,GT,Constructor,2025-10-03
9670,Cliente 09670,San Miguel,NI,Constructor,2025-08-19
9671,Cliente 09671,Ahuachapan,sv,Constructor,2025-05-08
9672,Cliente 09672,Ahuachapan,HN,PyME,2025-10-03
9673,Cliente 09673,Morazan,GT,Mayorista,2025-02-01
9674,Cliente 09674,La Paz,SV,PyME,2025-01-23
9675,Cliente 09675,,SV,,2025-01-24
C9676,Cliente 09676,La Paz,NI,PyME,2025-08-27
9677,Cliente 09677,Santa Ana,SV,Mayorista,2025-04-11
9678,Cliente 09678,La Paz,ELS,Constructor,2025-05-23
9679,Cliente 09679,San Salvador,sv,PyME,2025-12-19
9680,Cliente 09680,SAN SALVADOR,HN,Constructor,2025-04-06
9681,Cliente 09681,Santa Ana,HN,Mayorista,2025-09-27
9682,Cliente 09682,La Paz,ELS,Mayorista,2025-07-04
9683,Cliente 09683,La Union,NI,PyME,2025-07-23
9684,Cliente 09684,,SV,Mayorista,2025-12-04
9685,Cliente 09685,Usulutan,NI,Hogar,2025-09-08
9686,Cliente 09686,Ahuachapan,HN,PyME,2025-12-08
9687,Cliente 09687,Chalatenango,sv,Hogar,2025-12-26
9688,Cliente 09688,Usulutan,sv,Mayorista,2025-12-16
9689,Cliente 09689,san salvador,SV,PyME,2025-08-26
9690,,Morazan,GT,Mayorista,2025-02-19
9691,Cliente 09691,Morazan,ELS,PyME,2025-01-26
9692,Cliente 09692,SAN SALVADOR,sv,Mayorista,2025-09-13
9693,Cliente 09693,,sv,Hogar,2025-04-19
9694,Cliente 09694,Santa Ana,NI,Hogar,2025-07-18
9695,Cliente 09695,Santa Ana,NI,Mayorista,2025-07-19
9696,Cliente 09696,Ahuachapan,GT,Constructor,2025-07-11
9697,Cliente 09697,san salvador,NI,Constructor,2025-08-07
9698,Cliente 09698,Usulutan,SV,Hogar,2025-08-06
9699,Cliente 09699,Chalatenango,sv,Hogar,2025-01-11
9700,Cliente 09700,Sonsonate,HN,Constructor,2025-01-02
9701,Cliente 09701,Sonsonate,GT,,2025-01-19
9702,Cliente 09702,,GT,Mayorista,2025-05-18
9703,Cliente 09703,Santa Ana,GT,Constructor,2025-10-27
9704,Cliente 09704,San Miguel,SV,,2025-02-08
9705,Cliente 09705,La Libertad,GT,PyME,2025-08-23
9706,Cliente 09706,La Paz,NI,Hogar,2025-02-12
9707,Cliente 09707,san salvador,NI,Hogar,2025-04-24
9708,Cliente 09708,La Union,GT,,2025-02-19
9709,Cliente 09709,Santa Ana,HN,PyME,2025-10-24
9710,Cliente 09710,San Miguel,ELS,Mayorista,2025-06-01
9711,Cliente 09711,,SV,Mayorista,2025-09-12
9712,Cliente 09712,Sonsonate,NI,PyME,2025-08-20
9713,Cliente 09713,San Salvador,SV,PyME,2025-11-06
9714,Cliente 09714,San Salvador,ELS,Constructor,2025-09-14
9715,Cliente 09715,Sonsonate,NI,Constructor,2025-10-11
9716,Cliente 09716,San Miguel,SV,Constructor,2025-06-09
C9717,Cliente 09717,Ahuachapan,sv,,2025-12-26
9718,Cliente 09718,san salvador,SV,Constructor,ayer
9719,Cliente 09719,Sonsonate,ELS,PyME,2025-10-28
9720,Cliente 09720,,ELS,PyME,2025-02-27
9720,Cliente 09720,,ELS,PyME,2025-02-27
9721,Cliente 09721,Cuscatlan,ELS,Constructor,2025-09-10
9722,Cliente 09722,Usulutan,NI,Constructor,2025-09-01
9723,Cliente 09723,Santa Ana,sv,PyME,2025-07-20
9724,Cliente 09724,SAN SALVADOR,SV,Constructor,2025-05-16
9725,Cliente 09725,Sonsonate,sv,Mayorista,2025-11-20
9726,Cliente 09726,La Union,NI,Hogar,2025-06-27
9727,Cliente 09727,Chalatenango,HN,Constructor,2025-08-11
9728,Cliente 09728,Usulutan,sv,Hogar,2025-03-19
9729,Cliente 09729,,NI,,2025-02-26
9730,Cliente 09730,Sonsonate,HN,PyME,2025-09-03
9731,Cliente 09731,Santa Ana,ELS,PyME,2025-03-20
9732,Cliente 09732,Chalatenango,NI,Constructor,2025-04-20
9733,Cliente 09733,Cuscatlan,HN,PyME,2025-10-04
9734,Cliente 09734,Usulutan,ELS,Constructor,2025-08-09
9735,Cliente 09735,santa ana,NI,,2025-05-01
9736,Cliente 09736,La Libertad,HN,Hogar,2025-07-20
9737,Cliente 09737,La Union,NI,,2025-01-21
9738,Cliente 09738,,HN,Hogar,2025-02-05
9739,Cliente 09739,San Vicente,NI,,2025-01-27
9740,Cliente 09740,La Union,GT,Mayorista,2025-07-04
9741,Cliente 09741,Morazan,HN,PyME,2025-05-09
9742,Cliente 09742,Usulutan,SV,Constructor,2025-06-08
9743,Cliente 09743,SAN SALVADOR,HN,Hogar,2025-01-13
9744,Cliente 09744,La Libertad,HN,PyME,2025-12-10
9745,Cliente 09745,santa ana,HN,PyME,2025-01-26
9746,Cliente 09746,La Libertad,ELS,Hogar,2025-11-16
9747,,,SV,,2025-02-27
9748,Cliente 09748,La Union,NI,Mayorista,2025-04-21
9749,Cliente 09749,Santa Ana,sv,Constructor,2025-08-06
9750,Cliente 09750,SAN SALVADOR,GT,Constructor,2025-05-03
9751,Cliente 09751,San Salvador,HN,,2025-11-09
9752,Cliente 09752,Morazan,NI,PyME,2025-07-08
9753,Cliente 09753,La Union,ELS,Hogar,2025-07-02
9754,Cliente 09754,Usulutan,GT,Hogar,2025-07-05
9755,Cliente 09755,La Libertad,HN,Mayorista,2025-08-02
9756,Cliente 09756,,ELS,,2025-12-04
9757,Cliente 09757,Sonsonate,sv,,2025-04-16
C9758,Cliente 09758,San Vicente,SV,Hogar,2025-07-15
9759,Cliente 09759,Morazan,sv,Hogar,2025-07-12
9760,Cliente 09760,Usulutan,SV,Constructor,2025-02-15
9761,Cliente 09761,Santa Ana,SV,Constructor,2025-12-02
9762,Cliente 09762,Santa Ana,SV,Hogar,2025-01-14
9763,Cliente 09763,Usulutan,GT,Hogar,2025-04-25
9764,Cliente 09764,Chalatenango,GT,Mayorista,2025-06-04
9765,Cliente 09765,,sv,,2025-04-10
9766,Cliente 09766,san salvador,SV,Constructor,2025-05-14
9767,Cliente 09767,San Salvador,HN,Constructor,2025-04-26
9768,Cliente 09768,san salvador,ELS,,2025-03-24
9769,Cliente 09769,san salvador,HN,,2025-08-28
9770,Cliente 09770,Morazan,SV,,2025-06-21
9771,Cliente 09771,San Salvador,ELS,Mayorista,2025-04-03
9772,Cliente 09772,San Salvador,ELS,PyME,2025-09-02
9773,Cliente 09773,San Salvador,GT,Hogar,2025-04-25
9774,Cliente 09774,,HN,Constructor,2025-07-01
9775,Cliente 09775,San Vicente,SV,Hogar,2025-10-17
9776,Cliente 09776,San Vicente,GT,Constructor,2025-01-21
9777,Cliente 09777,SAN SALVADOR,sv,Constructor,2025-11-20
9778,Cliente 09778,San Vicente,SV,PyME,2025-09-19
9779,Cliente 09779,La Libertad,HN,Hogar,2025-02-03
9780,Cliente 09780,san salvador,ELS,Hogar,2025-08-07
9781,Cliente 09781,La Libertad,ELS,PyME,2025-04-10
9782,Cliente 09782,Morazan,SV,Constructor,2025-06-03
9783,Cliente 09783,,HN,PyME,2025-04-19
9784,Cliente 09784,SAN SALVADOR,NI,Mayorista,2025-01-06
9785,Cliente 09785,san salvador,sv,Mayorista,2025-01-16
9786,Cliente 09786,Ahuachapan,sv,Mayorista,2025-03-16
9787,Cliente 09787,Santa Ana,GT,,2025-09-23
9788,Cliente 09788,Chalatenango,SV,Hogar,2025-08-03
9789,Cliente 09789,Santa Ana,ELS,Mayorista,2025-10-07
9790,Cliente 09790,Santa Ana,NI,PyME,2025-06-05
9791,Cliente 09791,Ahuachapan,SV,PyME,2025-09-13
9792,Cliente 09792,,sv,,2025-03-24
9793,Cliente 09793,san salvador,NI,Hogar,2025-11-10
9794,Cliente 09794,SAN SALVADOR,HN,Hogar,2025-12-24
9795,Cliente 09795,santa ana,sv,Hogar,2025-02-01
9796,Cliente 09796,San Vicente,HN,Mayorista,2025-01-19
9797,Cliente 09797,San Salvador,SV,Constructor,2025-09-11
9798,Cliente 09798,santa ana,HN,,2025-12-21
C9799,Cliente 09799,san salvador,NI,,2025-02-17
9800,Cliente 09800,San Salvador,HN,Hogar,2025-05-05
9801,Cliente 09801,,GT,,2025-06-07
9802,Cliente 09802,San Miguel,sv,Hogar,2025-05-22
9803,Cliente 09803,San Vicente,ELS,Hogar,2025-07-07
9804,,San Vicente,ELS,PyME,2025-06-07
9805,Cliente 09805,La Union,NI,PyME,2025-12-21
9806,Cliente 09806,Chalatenango,sv,Constructor,2025-04-23
9807,Cliente 09807,Cuscatlan,NI,PyME,2025-05-05
9808,Cliente 09808,Cuscatlan,SV,PyME,2025-06-08
9809,Cliente 09809,Usulutan,sv,Hogar,2025-03-07
9810,Cliente 09810,,ELS,PyME,2025-03-16
9811,Cliente 09811,Santa Ana,HN,PyME,2025-06-13
9812,Cliente 09812,SAN SALVADOR,ELS,Hogar,2025-06-21
9813,Cliente 09813,Ahuachapan,HN,Mayorista,2025-02-19
9814,Cliente 09814,Cuscatlan,sv,Constructor,2025-01-07
9815,Cliente 09815,Usulutan,HN,PyME,2025-03-10
9816,Cliente 09816,Sonsonate,NI,Mayorista,2025-11-15
9817,Cliente 09817,san salvador,sv,PyME,2025-04-24
9818,Cliente 09818,SAN SALVADOR,ELS,PyME,2025-09-04
9819,Cliente 09819,,GT,PyME,2025-10-11
9820,Cliente 09820,San Vicente,SV,PyME,2025-01-09
9821,Cliente 09821,San Miguel,sv,PyME,2025-10-08
9822,Cliente 09822,La Libertad,SV,Mayorista,2025-10-15
9823,Cliente 09823,SAN SALVADOR,NI,Mayorista,2025-04-22
9824,Cliente 09824,Santa Ana,ELS,,2025-11-04
9825,Cliente 09825,Morazan,sv,PyME,2025-11-15
9826,Cliente 09826,SAN SALVADOR,GT,PyME,2025-09-17
9827,Cliente 09827,San Vicente,ELS,PyME,2025-06-01
9828,Cliente 09828,,sv,PyME,2025-08-26
9829,Cliente 09829,San Vicente,sv,PyME,2025-08-27
9830,Cliente 09830,Ahuachapan,ELS,Hogar,2025-07-24
9831,Cliente 09831,Chalatenango,SV,Hogar,ayer
9832,Cliente 09832,Cuscatlan,NI,PyME,2025-08-04
9833,Cliente 09833,san salvador,NI,Hogar,2025-12-28
9834,Cliente 09834,Cuscatlan,HN,PyME,2025-07-26
9835,Cliente 09835,La Libertad,ELS,PyME,2025-05-20
9836,Cliente 09836,San Miguel,SV,Hogar,2025-12-11
9837,Cliente 09837,,HN,Mayorista,2025-05-10
9838,Cliente 09838,La Union,NI,Constructor,2025-02-08
9839,Cliente 09839,Morazan,NI,PyME,2025-01-20
C9840,Cliente 09840,san salvador,sv,PyME,2025-04-24
9841,Cliente 09841,san salvador,ELS,Constructor,2025-07-18
9842,Cliente 09842,La Union,sv,Mayorista,2025-01-06
9843,Cliente 09843,San Vicente,ELS,PyME,2025-07-26
9844,Cliente 09844,santa ana,ELS,,2025-03-01
9845,Cliente 09845,San Salvador,SV,Mayorista,2025-06-07
9846,Cliente 09846,,GT,Hogar,2025-03-20
9847,Cliente 09847,San Vicente,SV,,2025-03-21
9848,Cliente 09848,Sonsonate,GT,,2025-02-13
9849,Cliente 09849,La Paz,ELS,Constructor,2025-07-28
9850,Cliente 09850,SAN SALVADOR,HN,Hogar,2025-07-05
9851,Cliente 09851,Morazan,NI,Mayorista,2025-05-26
9852,Cliente 09852,La Libertad,NI,,2025-07-24
9853,Cliente 09853,san salvador,sv,Mayorista,2025-06-07
9854,Cliente 09854,Cuscatlan,ELS,Constructor,2025-01-27
9855,Cliente 09855,,sv,Constructor,2025-08-22
9856,Cliente 09856,Morazan,HN,PyME,2025-09-02
9857,Cliente 09857,San Salvador,GT,Mayorista,2025-06-03
9858,Cliente 09858,Sonsonate,NI,Constructor,2025-05-14
9859,Cliente 09859,La Union,sv,,2025-02-16
9860,Cliente 09860,Sonsonate,sv,Constructor,2025-07-10
9861,,san salvador,GT,Mayorista,2025-12-25
9862,Cliente 09862,Usulutan,ELS,Hogar,2025-10-06
9863,Cliente 09863,SAN SALVADOR,NI,,2025-04-23
9864,Cliente 09864,,HN,Hogar,2025-06-15
9865,Cliente 09865,Chalatenango,ELS,,2025-12-22
9866,Cliente 09866,La Paz,SV,PyME,2025-05-17
9867,Cliente 09867,Ahuachapan,sv,Constructor,2025-06-10
9868,Cliente 09868,San Salvador,sv,Hogar,2025-07-13
9869,Cliente 09869,santa ana,NI,Constructor,2025-10-20
9870,Cliente 09870,Cuscatlan,SV,,2025-05-28
9871,Cliente 09871,La Paz,NI,Constructor,2025-09-04
9872,Cliente 09872,La Libertad,SV,,2025-06-10
9873,Cliente 09873,,ELS,Hogar,2025-06-24
9874,Cliente 09874,San Salvador,sv,Constructor,2025-02-17
9875,Cliente 09875,La Libertad,GT,Mayorista,2025-05-09
9876,Cliente 09876,san salvador,GT,Hogar,2025-01-14
9877,Cliente 09877,Ahuachapan,SV,Hogar,2025-10-09
9878,Cliente 09878,Morazan,NI,,2025-09-20
9879,Cliente 09879,La Union,HN,Mayorista,2025-01-25
9880,Cliente 09880,Cuscatlan,GT,Mayorista,2025-01-14
C9881,Cliente 09881,La Libertad,ELS,Hogar,2025-11-15
9882,Cliente 09882,,NI,Mayorista,2025-08-06
9883,Cliente 09883,Ahuachapan,NI,Constructor,2025-03-17
9884,Cliente 09884,La Paz,HN,PyME,2025-06-13
9885,Cliente 09885,Ahuachapan,ELS,,2025-03-26
9886,Cliente 09886,santa ana,sv,Mayorista,2025-05-05
9887,Cliente 09887,Sonsonate,ELS,,2025-12-25
9888,Cliente 09888,SAN SALVADOR,sv,Hogar,2025-11-18
9889,Cliente 09889,San Miguel,SV,Mayorista,2025-05-09
9890,Cliente 09890,La Paz,sv,Mayorista,2025-07-13
9891,Cliente 09891,,ELS,Mayorista,2025-11-05
9892,Cliente 09892,SAN SALVADOR,HN,Mayorista,2025-02-17
9893,Cliente 09893,santa ana,NI,Hogar,2025-08-24
9894,Cliente 09894,Usulutan,GT,Constructor,2025-06-27
9895,Cliente 09895,Morazan,HN,PyME,2025-11-25
9896,Cliente 09896,La Union,SV,PyME,2025-12-21
9897,Cliente 09897,San Miguel,GT,Constructor,2025-03-24
9898,Cliente 09898,santa ana,SV,Hogar,2025-10-12
9899,Cliente 09899,La Libertad,HN,PyME,2025-02-27
9900,Cliente 09900,,sv,Constructor,2025-03-14
9900,Cliente 09900,,sv,Constructor,2025-03-14
9901,Cliente 09901,San Miguel,GT,,2025-08-14
9902,Cliente 09902,SAN SALVADOR,GT,Mayorista,2025-10-16
9903,Cliente 09903,Santa Ana,NI,PyME,2025-05-04
9904,Cliente 09904,Morazan,HN,Hogar,2025-01-06
9905,Cliente 09905,La Libertad,SV,Hogar,2025-04-17
9906,Cliente 09906,Ahuachapan,SV,Constructor,2025-11-03
9907,Cliente 09907,Santa Ana,SV,PyME,2025-09-04
9908,Cliente 09908,San Miguel,SV,Hogar,2025-06-22
9909,Cliente 09909,,HN,PyME,2025-12-18
9910,Cliente 09910,Sonsonate,SV,PyME,2025-10-23
9911,Cliente 09911,San Vicente,NI,Hogar,2025-12-10
9912,Cliente 09912,Santa Ana,sv,,2025-07-24
9913,Cliente 09913,Cuscatlan,NI,Hogar,2025-02-16
9914,Cliente 09914,san salvador,NI,PyME,2025-12-14
9915,Cliente 09915,La Libertad,ELS,PyME,2025-08-12
9916,Cliente 09916,Santa Ana,GT,,2025-08-01
9917,Cliente 09917,Chalatenango,HN,Constructor,2025-06-03
9918,,,GT,Mayorista,2025-12-05
9919,Cliente 09919,Cuscatlan,ELS,Constructor,2025-03-20
9920,Cliente 09920,La Paz,NI,Hogar,2025-09-05
9921,Cliente 09921,San Vicente,SV,Mayorista,2025-04-26
C9922,Cliente 09922,Morazan,GT,,2025-01-13
9923,Cliente 09923,Morazan,HN,Constructor,2025-06-22
9924,Cliente 09924,La Libertad,NI,Constructor,2025-03-05
9925,Cliente 09925,Cuscatlan,sv,Hogar,2025-09-17
9926,Cliente 09926,La Paz,GT,Hogar,2025-12-17
9927,Cliente 09927,,sv,Mayorista,2025-06-12
9928,Cliente 09928,Chalatenango,sv,,2025-01-27
9929,Cliente 09929,La Paz,NI,Hogar,2025-10-03
9930,Cliente 09930,Usulutan,GT,Constructor,2025-12-18
9931,Cliente 09931,Chalatenango,SV,Mayorista,2025-12-11
9932,Cliente 09932,SAN SALVADOR,SV,,2025-12-23
9933,Cliente 09933,san salvador,ELS,Constructor,2025-10-10
9934,Cliente 09934,Morazan,ELS,,2025-01-07
9935,Cliente 09935,santa ana,SV,Constructor,2025-06-03
9936,Cliente 09936,,HN,Hogar,2025-08-20
9937,Cliente 09937,San Miguel,ELS,Constructor,2025-11-10
9938,Cliente 09938,san salvador,ELS,Mayorista,2025-03-20
9939,Cliente 09939,La Libertad,sv,Hogar,2025-06-20
9940,Cliente 09940,La Libertad,GT,Constructor,2025-06-04
9941,Cliente 09941,san salvador,ELS,Hogar,2025-02-09
9942,Cliente 09942,La Union,NI,,2025-10-12
9943,Cliente 09943,SAN SALVADOR,ELS,Mayorista,2025-01-02
9944,Cliente 09944,Ahuachapan,HN,,ayer
9945,Cliente 09945,,ELS,Constructor,2025-05-25
9946,Cliente 09946,Morazan,SV,Constructor,2025-06-17
9947,Cliente 09947,santa ana,HN,Constructor,2025-04-09
9948,Cliente 09948,Santa Ana,HN,Constructor,2025-01-01
9949,Cliente 09949,Morazan,NI,PyME,2025-02-08
9950,Cliente 09950,San Miguel,NI,Constructor,2025-03-01
9951,Cliente 09951,santa ana,ELS,Mayorista,2025-04-09
9952,Cliente 09952,Santa Ana,ELS,Mayorista,2025-05-06
9953,Cliente 09953,Cuscatlan,NI,PyME,2025-11-08
9954,Cliente 09954,,GT,Constructor,2025-05-26
9955,Cliente 09955,Cuscatlan,NI,PyME,2025-03-04
9956,Cliente 09956,San Miguel,GT,,2025-03-21
9957,Cliente 09957,San Salvador,ELS,Constructor,2025-11-20
9958,Cliente 09958,santa ana,ELS,Hogar,2025-07-16
9959,Cliente 09959,San Miguel,sv,Hogar,2025-08-21
9960,Cliente 09960,Cuscatlan,NI,Constructor,2025-07-01
9961,Cliente 09961,San Miguel,NI,Constructor,2025-04-15
9962,Cliente 09962,La Union,NI,PyME,2025-10-22
C9963,Cliente 09963,,ELS,Hogar,2025-12-25
9964,Cliente 09964,La Union,GT,Mayorista,2025-01-18
9965,Cliente 09965,La Union,ELS,,2025-07-03
9966,Cliente 09966,SAN SALVADOR,sv,Hogar,2025-07-03
9967,Cliente 09967,Santa Ana,ELS,Hogar,2025-09-01
9968,Cliente 09968,Sonsonate,HN,,2025-02-03
9969,Cliente 09969,Ahuachapan,SV,,2025-12-04
9970,Cliente 09970,Usulutan,sv,Hogar,2025-01-15
9971,Cliente 09971,san salvador,GT,PyME,2025-01-04
9972,Cliente 09972,,GT,Constructor,2025-11-08
9973,Cliente 09973,La Paz,GT,Hogar,2025-06-27
9974,Cliente 09974,La Libertad,sv,Constructor,2025-02-11
9975,,Chalatenango,ELS,Mayorista,2025-10-09
9976,Cliente 09976,san salvador,SV,Hogar,2025-11-18
9977,Cliente 09977,Ahuachapan,sv,Constructor,2025-07-10
9978,Cliente 09978,San Miguel,NI,,2025-09-21
9979,Cliente 09979,La Paz,ELS,Constructor,2025-08-06
9980,Cliente 09980,Cuscatlan,GT,Constructor,2025-10-05
9981,Cliente 09981,,SV,Constructor,2025-03-19
9982,Cliente 09982,La Union,ELS,PyME,2025-03-26
9983,Cliente 09983,Morazan,sv,Mayorista,2025-02-11
9984,Cliente 09984,Chalatenango,NI,Constructor,2025-12-21
9985,Cliente 09985,SAN SALVADOR,sv,PyME,2025-04-16
9986,Cliente 09986,La Paz,GT,Mayorista,2025-09-28
9987,Cliente 09987,Chalatenango,NI,Hogar,2025-07-06
9988,Cliente 09988,Morazan,GT,Mayorista,2025-10-17
9989,Cliente 09989,santa ana,NI,Constructor,2025-04-13
9990,Cliente 09990,,sv,Mayorista,2025-09-16
9991,Cliente 09991,San Salvador,GT,Hogar,2025-10-27
9992,Cliente 09992,San Salvador,SV,Constructor,2025-02-21
9993,Cliente 09993,La Paz,SV,Mayorista,2025-10-10
9994,Cliente 09994,La Paz,SV,PyME,2025-01-25
9995,Cliente 09995,San Salvador,NI,Hogar,2025-06-25
9996,Cliente 09996,san salvador,sv,,2025-04-18
9997,Cliente 09997,Ahuachapan,NI,,2025-05-12
9998,Cliente 09998,santa ana,ELS,Constructor,2025-11-13
9999,Cliente 09999,,NI,Mayorista,2025-12-28
10000,Cliente 10000,La Libertad,HN,Mayorista,2025-10-11
10001,Cliente 10001,San Miguel,sv,Hogar,2025-09-05
10002,Cliente 10002,Santa Ana,sv,,2025-08-09
10003,Cliente 10003,San Vicente,SV,Mayorista,2025-01-04
C10004,Cliente 10004,La Libertad,GT,,2025-03-19
10005,Cliente 10005,La Union,sv,,2025-03-18
10006,Cliente 10006,san salvador,HN,Mayorista,2025-02-04
10007,Cliente 10007,san salvador,ELS,Mayorista,2025-04-10
10008,Cliente 10008,,HN,Mayorista,2025-09-10
10009,Cliente 10009,San Vicente,ELS,Hogar,2025-03-16
10010,Cliente 10010,Morazan,sv,Hogar,2025-09-09
10011,Cliente 10011,San Salvador,HN,Mayorista,2025-04-07
10012,Cliente 10012,San Miguel,ELS,PyME,2025-09-02
10013,Cliente 10013,La Union,HN,Hogar,2025-04-28
10014,Cliente 10014,San Miguel,SV,Hogar,2025-02-14
10015,Cliente 10015,san salvador,GT,Mayorista,2025-11-25
10016,Cliente 10016,Ahuachapan,ELS,Mayorista,2025-05-28
10017,Cliente 10017,,ELS,,2025-12-21
10018,Cliente 10018,San Vicente,GT,Constructor,2025-05-11
10019,Cliente 10019,San Vicente,SV,PyME,2025-11-12
10020,Cliente 10020,Santa Ana,NI,PyME,2025-10-19
10021,Cliente 10021,Ahuachapan,sv,,2025-11-11
10022,Cliente 10022,San Salvador,NI,Constructor,2025-01-07
10023,Cliente 10023,Santa Ana,sv,Mayorista,2025-08-18
10024,Cliente 10024,Chalatenango,ELS,PyME,2025-12-26
10025,Cliente 10025,San Salvador,NI,PyME,2025-05-10
10026,Cliente 10026,,GT,Constructor,2025-08-04
10027,Cliente 10027,La Union,NI,Hogar,2025-07-10
10028,Cliente 10028,San Miguel,GT,,2025-07-19
10029,Cliente 10029,San Miguel,NI,Mayorista,2025-02-15
10030,Cliente 10030,SAN SALVADOR,HN,,2025-08-14
10031,Cliente 10031,La Libertad,sv,,2025-10-13
10032,,San Salvador,GT,PyME,2025-12-08
10033,Cliente 10033,La Union,sv,,2025-12-04
10034,Cliente 10034,La Paz,ELS,,2025-11-16
10035,Cliente 10035,,sv,Hogar,2025-02-21
10036,Cliente 10036,Santa Ana,HN,,2025-08-23
10037,Cliente 10037,Santa Ana,HN,,2025-10-24
10038,Cliente 10038,Chalatenango,SV,Mayorista,2025-01-06
10039,Cliente 10039,SAN SALVADOR,SV,,2025-07-28
10040,Cliente 10040,Usulutan,SV,,2025-04-22
10041,Cliente 10041,Cuscatlan,sv,Hogar,2025-03-02
10042,Cliente 10042,La Union,ELS,,2025-02-17
10043,Cliente 10043,La Paz,SV,Hogar,2025-06-13
10044,Cliente 10044,,GT,Mayorista,2025-06-23
C10045,Cliente 10045,La Union,GT,Constructor,2025-11-21
10046,Cliente 10046,Ahuachapan,NI,Mayorista,2025-07-19
10047,Cliente 10047,Chalatenango,HN,Mayorista,2025-10-25
10048,Cliente 10048,Santa Ana,HN,,2025-01-22
10049,Cliente 10049,La Libertad,NI,,2025-05-11
10050,Cliente 10050,Ahuachapan,ELS,PyME,2025-04-08
10051,Cliente 10051,San Vicente,ELS,Mayorista,2025-05-06
10052,Cliente 10052,La Libertad,GT,PyME,2025-08-10
10053,Cliente 10053,,NI,Hogar,2025-11-24
10054,Cliente 10054,Morazan,sv,Constructor,2025-08-12
10055,Cliente 10055,Ahuachapan,ELS,Mayorista,2025-07-07
10056,Cliente 10056,San Salvador,GT,PyME,2025-08-17
10057,Cliente 10057,Morazan,HN,,ayer
10058,Cliente 10058,Cuscatlan,NI,PyME,2025-06-06
10059,Cliente 10059,San Salvador,SV,Constructor,2025-05-03
10060,Cliente 10060,La Union,NI,Hogar,2025-11-20
10061,Cliente 10061,Santa Ana,HN,PyME,2025-10-05
10062,Cliente 10062,,GT,,2025-12-21
10063,Cliente 10063,Cuscatlan,GT,PyME,2025-01-09
10064,Cliente 10064,Santa Ana,sv,PyME,2025-08-05
10065,Cliente 10065,Cuscatlan,HN,PyME,2025-12-10
10066,Cliente 10066,Chalatenango,ELS,Mayorista,2025-06-08
10067,Cliente 10067,Chalatenango,HN,Hogar,2025-08-09
10068,Cliente 10068,SAN SALVADOR,NI,,2025-06-26
10069,Cliente 10069,Morazan,sv,Mayorista,2025-01-03
10070,Cliente 10070,La Paz,sv,Constructor,2025-03-12
10071,Cliente 10071,,ELS,Hogar,2025-08-07
10072,Cliente 10072,La Paz,GT,,2025-09-13
10073,Cliente 10073,Sonsonate,sv,Hogar,2025-08-24
10074,Cliente 10074,San Salvador,NI,Hogar,2025-06-07
10075,Cliente 10075,La Union,sv,Constructor,2025-12-03
10076,Cliente 10076,La Union,NI,Constructor,2025-07-10
10077,Cliente 10077,La Paz,GT,,2025-05-26
10078,Cliente 10078,Morazan,SV,Mayorista,2025-08-07
10079,Cliente 10079,San Miguel,NI,Mayorista,2025-08-20
10080,Cliente 10080,,HN,,2025-05-12
10080,Cliente 10080,,HN,,2025-05-12
10081,Cliente 10081,Chalatenango,HN,Hogar,2025-02-10
10082,Cliente 10082,La Libertad,GT,Mayorista,2025-03-22
10083,Cliente 10083,San Vicente,sv,Constructor,2025-01-04
10084,Cliente 10084,La Union,GT,PyME,2025-03-14
10085,Cliente 10085,Ahuachapan,GT,Mayorista,2025-05-11
C10086,Cliente 10086,San Miguel,HN,Hogar,2025-12-20
10087,Cliente 10087,La Paz,ELS,Hogar,2025-07-21
10088,Cliente 10088,La Libertad,sv,Constructor,2025-02-02
10089,,,SV,Hogar,2025-12-11
10090,Cliente 10090,santa ana,ELS,Constructor,2025-10-25
10091,Cliente 10091,La Libertad,SV,PyME,2025-02-09
10092,Cliente 10092,La Paz,sv,Mayorista,2025-07-02
10093,Cliente 10093,Sonsonate,SV,Constructor,2025-01-10
10094,Cliente 10094,San Salvador,GT,Mayorista,2025-10-20
10095,Cliente 10095,San Miguel,ELS,Mayorista,2025-12-08
10096,Cliente 10096,Sonsonate,GT,Constructor,2025-06-02
10097,Cliente 10097,La Libertad,SV,PyME,2025-12-10
10098,Cliente 10098,,SV,Constructor,2025-03-23
10099,Cliente 10099,santa ana,HN,,2025-01-12
10100,Cliente 10100,Cuscatlan,SV,Mayorista,2025-03-19
10101,Cliente 10101,La Paz,NI,,2025-01-23
10102,Cliente 10102,San Vicente,SV,Hogar,2025-11-10
10103,Cliente 10103,La Union,ELS,,2025-01-15
10104,Cliente 10104,Chalatenango,HN,Hogar,2025-11-23
10105,Cliente 10105,Ahuachapan,sv,Hogar,2025-06-17
10106,Cliente 10106,San Vicente,ELS,Hogar,2025-12-24
10107,Cliente 10107,,SV,PyME,2025-05-19
10108,Cliente 10108,La Union,SV,,2025-11-08
10109,Cliente 10109,La Union,ELS,Constructor,2025-07-26
10110,Cliente 10110,La Paz,HN,,2025-04-21
10111,Cliente 10111,La Union,SV,Mayorista,2025-02-01
10112,Cliente 10112,San Salvador,SV,PyME,2025-10-27
10113,Cliente 10113,Santa Ana,GT,Mayorista,2025-02-14
10114,Cliente 10114,La Libertad,sv,PyME,2025-09-22
10115,Cliente 10115,Cuscatlan,HN,Mayorista,2025-12-03
10116,Cliente 10116,,HN,,2025-01-25
10117,Cliente 10117,San Vicente,ELS,,2025-10-19
10118,Cliente 10118,La Union,ELS,Mayorista,2025-04-10
10119,Cliente 10119,santa ana,SV,Mayorista,2025-07-15
10120,Cliente 10120,Usulutan,GT,Mayorista,2025-05-25
10121,Cliente 10121,Cuscatlan,HN,Hogar,2025-01-14
10122,Cliente 10122,Chalatenango,SV,Hogar,2025-10-20
10123,Cliente 10123,Santa Ana,SV,Hogar,2025-10-06
10124,Cliente 10124,Ahuachapan,NI,Mayorista,2025-08-08
10125,Cliente 10125,,NI,Hogar,2025-01-09
10126,Cliente 10126,Usulutan,GT,,2025-01-19
C10127,Cliente 10127,SAN SALVADOR,GT,Hogar,2025-07-19
10128,Cliente 10128,SAN SALVADOR,SV,,2025-09-19
10129,Cliente 10129,Ahuachapan,SV,,2025-06-23
10130,Cliente 10130,Cuscatlan,NI,,2025-11-04
10131,Cliente 10131,SAN SALVADOR,NI,PyME,2025-08-09
10132,Cliente 10132,La Union,HN,,2025-03-25
10133,Cliente 10133,Sonsonate,NI,Mayorista,2025-01-10
10134,Cliente 10134,,sv,,2025-07-26
10135,Cliente 10135,La Libertad,SV,,2025-03-01
10136,Cliente 10136,san salvador,GT,Hogar,2025-02-04
10137,Cliente 10137,Usulutan,HN,Hogar,2025-01-03
10138,Cliente 10138,San Miguel,sv,,2025-04-26
10139,Cliente 10139,Chalatenango,HN,Mayorista,2025-08-07
10140,Cliente 10140,La Union,SV,Constructor,2025-05-25
10141,Cliente 10141,Sonsonate,ELS,PyME,2025-09-19
10142,Cliente 10142,San Salvador,NI,,2025-05-04
10143,Cliente 10143,,SV,,2025-04-08
10144,Cliente 10144,Chalatenango,GT,Mayorista,2025-03-05
10145,Cliente 10145,La Union,HN,Mayorista,2025-09-16
10146,,La Libertad,ELS,PyME,2025-09-26
10147,Cliente 10147,SAN SALVADOR,HN,Constructor,2025-03-15
10148,Cliente 10148,Morazan,ELS,Constructor,2025-05-27
10149,Cliente 10149,Cuscatlan,SV,Mayorista,2025-04-27
10150,Cliente 10150,La Union,HN,PyME,2025-04-25
10151,Cliente 10151,La Paz,ELS,PyME,2025-01-05
10152,Cliente 10152,,NI,PyME,2025-02-12
10153,Cliente 10153,Chalatenango,ELS,,2025-03-04
10154,Cliente 10154,Chalatenango,sv,Hogar,2025-10-11
10155,Cliente 10155,La Paz,NI,Constructor,2025-02-27
10156,Cliente 10156,san salvador,sv,PyME,2025-11-22
10157,Cliente 10157,Usulutan,HN,Hogar,2025-11-11
10158,Cliente 10158,Chalatenango,sv,Hogar,2025-05-14
10159,Cliente 10159,Ahuachapan,NI,,2025-04-14
10160,Cliente 10160,santa ana,HN,Mayorista,2025-10-03
10161,Cliente 10161,,ELS,PyME,2025-06-28
10162,Cliente 10162,San Miguel,GT,Mayorista,2025-01-28
10163,Cliente 10163,La Libertad,HN,Constructor,2025-01-23
10164,Cliente 10164,Usulutan,HN,Hogar,2025-11-26
10165,Cliente 10165,Ahuachapan,HN,,2025-04-26
10166,Cliente 10166,San Miguel,ELS,,2025-11-03
10167,Cliente 10167,San Miguel,SV,Constructor,2025-03-14
C10168,Cliente 10168,San Salvador,ELS,Mayorista,2025-11-16
10169,Cliente 10169,San Salvador,ELS,PyME,2025-06-11
10170,Cliente 10170,,ELS,Mayorista,ayer
10171,Cliente 10171,San Vicente,GT,Hogar,2025-04-13
10172,Cliente 10172,San Salvador,HN,,2025-09-11
10173,Cliente 10173,Ahuachapan,NI,,2025-04-24
10174,Cliente 10174,Chalatenango,sv,Hogar,2025-03-12
10175,Cliente 10175,Sonsonate,SV,Mayorista,2025-12-13
10176,Cliente 10176,Cuscatlan,ELS,Constructor,2025-06-22
10177,Cliente 10177,san salvador,SV,Hogar,2025-08-05
10178,Cliente 10178,Morazan,GT,Hogar,2025-03-27
10179,Cliente 10179,,ELS,Hogar,2025-09-12
10180,Cliente 10180,Ahuachapan,sv,Constructor,2025-12-21
10181,Cliente 10181,Cuscatlan,sv,Hogar,2025-01-14
10182,Cliente 10182,San Miguel,ELS,PyME,2025-12-27
10183,Cliente 10183,san salvador,ELS,Mayorista,2025-12-09
10184,Cliente 10184,San Salvador,GT,Mayorista,2025-04-13
10185,Cliente 10185,Sonsonate,ELS,PyME,2025-06-01
10186,Cliente 10186,Chalatenango,NI,Mayorista,2025-10-03
10187,Cliente 10187,San Miguel,GT,Mayorista,2025-09-01
10188,Cliente 10188,,sv,Mayorista,2025-07-27
10189,Cliente 10189,Sonsonate,sv,Mayorista,2025-06-18
10190,Cliente 10190,Chalatenango,ELS,PyME,2025-02-13
10191,Cliente 10191,san salvador,SV,Mayorista,2025-10-08
10192,Cliente 10192,San Vicente,SV,Hogar,2025-01-21
10193,Cliente 10193,Usulutan,HN,,2025-03-21
10194,Cliente 10194,Santa Ana,GT,,2025-05-15
10195,Cliente 10195,san salvador,GT,Constructor,2025-12-11
10196,Cliente 10196,San Salvador,GT,,2025-03-07
10197,Cliente 10197,,SV,,2025-10-05
10198,Cliente 10198,La Libertad,ELS,Mayorista,2025-11-03
10199,Cliente 10199,Santa Ana,GT,Hogar,2025-06-27
10200,Cliente 10200,Usulutan,ELS,Hogar,2025-10-06
10201,Cliente 10201,santa ana,ELS,,2025-04-08
10202,Cliente 10202,santa ana,HN,,2025-01-04
10203,,San Salvador,SV,Mayorista,2025-07-11
10204,Cliente 10204,Morazan,sv,Hogar,2025-01-12
10205,Cliente 10205,La Paz,NI,Hogar,2025-11-03
10206,Cliente 10206,,HN,Mayorista,2025-11-21
10207,Cliente 10207,San Salvador,GT,Mayorista,2025-03-17
10208,Cliente 10208,San Miguel,sv,PyME,2025-08-14
C10209,Cliente 10209,San Miguel,ELS,PyME,2025-08-26
10210,Cliente 10210,Usulutan,HN,,2025-05-14
10211,Cliente 10211,Usulutan,SV,Constructor,2025-04-25
10212,Cliente 10212,Morazan,sv,Constructor,2025-02-28
10213,Cliente 10213,La Union,HN,Mayorista,2025-08-25
10214,Cliente 10214,Sonsonate,sv,Hogar,2025-07-01
10215,Cliente 10215,,ELS,,2025-01-18
10216,Cliente 10216,Santa Ana,GT,Hogar,2025-07-23
10217,Cliente 10217,San Vicente,GT,Constructor,2025-04-19
10218,Cliente 10218,santa ana,ELS,PyME,2025-06-10
10219,Cliente 10219,La Union,sv,Mayorista,2025-11-21
10220,Cliente 10220,La Union,sv,Mayorista,2025-06-16
10221,Cliente 10221,Sonsonate,ELS,PyME,2025-07-17
10222,Cliente 10222,La Libertad,SV,Constructor,2025-04-26
10223,Cliente 10223,san salvador,sv,,2025-04-24
10224,Cliente 10224,,sv,PyME,2025-05-24
10225,Cliente 10225,La Union,SV,Mayorista,2025-04-20
10226,Cliente 10226,Sonsonate,ELS,Mayorista,2025-11-28
10227,Cliente 10227,Cuscatlan,HN,,2025-05-14
10228,Cliente 10228,San Salvador,GT,Hogar,2025-03-08
10229,Cliente 10229,santa ana,sv,Mayorista,2025-01-17
10230,Cliente 10230,Chalatenango,sv,,2025-12-14
10231,Cliente 10231,Chalatenango,HN,PyME,2025-05-14
10232,Cliente 10232,La Paz,HN,Constructor,2025-07-15
10233,Cliente 10233,,NI,Constructor,2025-11-09
10234,Cliente 10234,Santa Ana,HN,PyME,2025-02-12
10235,Cliente 10235,SAN SALVADOR,sv,Mayorista,2025-05-14
10236,Cliente 10236,san salvador,SV,PyME,2025-10-19
10237,Cliente 10237,Usulutan,sv,Hogar,2025-10-18
10238,Cliente 10238,Santa Ana,HN,Mayorista,2025-05-11
10239,Cliente 10239,santa ana,ELS,Hogar,2025-03-05
10240,Cliente 10240,Sonsonate,NI,PyME,2025-07-19
10241,Cliente 10241,Ahuachapan,GT,,2025-02-27
10242,Cliente 10242,,GT,Mayorista,2025-07-08
10243,Cliente 10243,La Paz,ELS,,2025-10-05
10244,Cliente 10244,San Salvador,SV,Constructor,2025-01-26
10245,Cliente 10245,La Union,NI,,2025-10-05
10246,Cliente 10246,Sonsonate,sv,Constructor,2025-12-12
10247,Cliente 10247,san salvador,SV,PyME,2025-11-19
10248,Cliente 10248,san salvador,sv,,2025-08-15
10249,Cliente 10249,san salvador,NI,Mayorista,2025-11-21
C10250,Cliente 10250,San Salvador,SV,PyME,2025-08-17
10251,Cliente 10251,,NI,Mayorista,2025-04-27
10252,Cliente 10252,San Salvador,NI,,2025-05-14
10253,Cliente 10253,San Salvador,sv,Constructor,2025-11-04
10254,Cliente 10254,Ahuachapan,SV,,2025-03-12
10255,Cliente 10255,La Libertad,GT,Mayorista,2025-05-20
10256,Cliente 10256,La Paz,sv,PyME,2025-05-06
10257,Cliente 10257,San Salvador,SV,Mayorista,2025-11-17
10258,Cliente 10258,Santa Ana,HN,Mayorista,2025-05-18
10259,Cliente 10259,Chalatenango,HN,PyME,2025-11-28
10260,,,GT,Mayorista,2025-05-28
10260,,,GT,Mayorista,2025-05-28
10261,Cliente 10261,Cuscatlan,HN,Constructor,2025-07-05
10262,Cliente 10262,La Paz,GT,,2025-04-24
10263,Cliente 10263,Ahuachapan,GT,Hogar,2025-04-22
10264,Cliente 10264,San Miguel,NI,,2025-05-08
10265,Cliente 10265,SAN SALVADOR,sv,,2025-05-20
10266,Cliente 10266,SAN SALVADOR,NI,,2025-06-04
10267,Cliente 10267,Morazan,ELS,PyME,2025-02-03
10268,Cliente 10268,San Miguel,GT,,2025-06-10
10269,Cliente 10269,,HN,Hogar,2025-08-05
10270,Cliente 10270,Sonsonate,ELS,,2025-02-13
10271,Cliente 10271,La Paz,GT,Mayorista,2025-09-03
10272,Cliente 10272,Cuscatlan,HN,PyME,2025-04-09
10273,Cliente 10273,La Union,sv,Constructor,2025-04-12
10274,Cliente 10274,san salvador,NI,Mayorista,2025-07-05
10275,Cliente 10275,Chalatenango,NI,Mayorista,2025-09-19
10276,Cliente 10276,Cuscatlan,SV,Hogar,2025-03-19
10277,Cliente 10277,Sonsonate,SV,PyME,2025-12-06
10278,Cliente 10278,,HN,,2025-07-23
10279,Cliente 10279,La Union,sv,Hogar,2025-07-08
10280,Cliente 10280,Santa Ana,sv,Constructor,2025-03-16
10281,Cliente 10281,Santa Ana,NI,Constructor,2025-03-23
10282,Cliente 10282,SAN SALVADOR,GT,Constructor,2025-07-19
10283,Cliente 10283,Sonsonate,GT,Constructor,ayer
10284,Cliente 10284,La Union,GT,Mayorista,2025-04-01
10285,Cliente 10285,San Salvador,GT,,2025-07-24
10286,Cliente 10286,Sonsonate,SV,Hogar,2025-11-12
10287,Cliente 10287,,NI,Mayorista,2025-06-04
10288,Cliente 10288,San Salvador,sv,,2025-10-28
10289,Cliente 10289,santa ana,sv,Constructor,2025-10-25
10290,Cliente 10290,Santa Ana,sv,Mayorista,2025-11-23
C10291,Cliente 10291,santa ana,SV,Hogar,2025-03-19
10292,Cliente 10292,Ahuachapan,SV,,2025-01-01
10293,Cliente 10293,La Union,SV,Mayorista,2025-05-16
10294,Cliente 10294,santa ana,HN,Constructor,2025-08-09
10295,Cliente 10295,Santa Ana,sv,Constructor,2025-01-14
10296,Cliente 10296,,sv,PyME,2025-12-14
10297,Cliente 10297,Ahuachapan,SV,Hogar,2025-11-19
10298,Cliente 10298,SAN SALVADOR,SV,Constructor,2025-09-05
10299,Cliente 10299,San Vicente,NI,,2025-08-08
10300,Cliente 10300,santa ana,NI,Constructor,2025-10-06
10301,Cliente 10301,Usulutan,HN,PyME,2025-01-03
10302,Cliente 10302,SAN SALVADOR,sv,PyME,2025-05-04
10303,Cliente 10303,San Vicente,SV,Mayorista,2025-05-11
10304,Cliente 10304,Chalatenango,SV,,2025-05-18
10305,Cliente 10305,,ELS,PyME,2025-09-22
10306,Cliente 10306,San Salvador,ELS,Constructor,2025-01-02
10307,Cliente 10307,San Miguel,SV,Constructor,2025-11-27
10308,Cliente 10308,Ahuachapan,ELS,,2025-11-23
10309,Cliente 10309,La Paz,HN,PyME,2025-04-18
10310,Cliente 10310,Chalatenango,GT,Hogar,2025-03-25
10311,Cliente 10311,Ahuachapan,SV,Hogar,2025-09-16
10312,Cliente 10312,Morazan,NI,PyME,2025-05-28
10313,Cliente 10313,Sonsonate,sv,Mayorista,2025-02-04
10314,Cliente 10314,,ELS,Mayorista,2025-12-28
10315,Cliente 10315,Sonsonate,SV,Mayorista,2025-03-02
10316,Cliente 10316,Ahuachapan,HN,Mayorista,2025-03-26
10317,,Morazan,NI,,2025-05-13
10318,Cliente 10318,Cuscatlan,SV,Mayorista,2025-09-22
10319,Cliente 10319,Cuscatlan,NI,Mayorista,2025-02-13
10320,Cliente 10320,La Libertad,ELS,Constructor,2025-05-07
10321,Cliente 10321,Ahuachapan,GT,Mayorista,2025-04-21
10322,Cliente 10322,Morazan,GT,PyME,2025-11-10
10323,Cliente 10323,,NI,Hogar,2025-07-21
10324,Cliente 10324,santa ana,NI,Hogar,2025-04-20
10325,Cliente 10325,La Libertad,SV,Constructor,2025-09-23
10326,Cliente 10326,Sonsonate,NI,Mayorista,2025-06-10
10327,Cliente 10327,La Libertad,SV,Mayorista,2025-12-22
10328,Cliente 10328,santa ana,ELS,Mayorista,2025-04-05
10329,Cliente 10329,san salvador,NI,,2025-01-26
10330,Cliente 10330,La Libertad,HN,,2025-04-22
10331,Cliente 10331,SAN SALVADOR,NI,Mayorista,2025-06-08
C10332,Cliente 10332,,sv,PyME,2025-02-06
10333,Cliente 10333,SAN SALVADOR,GT,Hogar,2025-04-22
10334,Cliente 10334,Sonsonate,GT,Mayorista,2025-05-27
10335,Cliente 10335,Sonsonate,GT,Constructor,2025-09-04
10336,Cliente 10336,La Union,sv,,2025-11-01
10337,Cliente 10337,La Libertad,HN,,2025-07-25
10338,Cliente 10338,santa ana,NI,Mayorista,2025-11-19
10339,Cliente 10339,Cuscatlan,GT,Constructor,2025-08-26
10340,Cliente 10340,La Libertad,ELS,Hogar,2025-11-01
10341,Cliente 10341,,SV,,2025-04-10
10342,Cliente 10342,La Libertad,HN,,2025-02-13
10343,Cliente 10343,La Union,NI,,2025-05-12
10344,Cliente 10344,San Miguel,SV,Hogar,2025-09-22
10345,Cliente 10345,Sonsonate,sv,PyME,2025-10-20
10346,Cliente 10346,san salvador,NI,PyME,2025-04-22
10347,Cliente 10347,Santa Ana,SV,,2025-11-14
10348,Cliente 10348,San Salvador,ELS,Hogar,2025-02-17
10349,Cliente 10349,San Vicente,SV,Constructor,2025-07-24
10350,Cliente 10350,,HN,Hogar,2025-07-24
10351,Cliente 10351,Usulutan,NI,Constructor,2025-02-26
10352,Cliente 10352,Morazan,SV,PyME,2025-09-27
10353,Cliente 10353,La Union,SV,PyME,2025-05-20
10354,Cliente 10354,SAN SALVADOR,NI,,2025-10-03
10355,Cliente 10355,La Paz,NI,Constructor,2025-12-15
10356,Cliente 10356,Morazan,ELS,Hogar,2025-09-22
10357,Cliente 10357,Chalatenango,ELS,PyME,2025-11-02
10358,Cliente 10358,Cuscatlan,SV,Hogar,2025-04-27
10359,Cliente 10359,,SV,Constructor,2025-05-08
10360,Cliente 10360,Ahuachapan,SV,Mayorista,2025-05-17
10361,Cliente 10361,santa ana,sv,Hogar,2025-04-18
10362,Cliente 10362,Sonsonate,HN,Mayorista,2025-06-05
10363,Cliente 10363,La Union,HN,Mayorista,2025-10-06
10364,Cliente 10364,Sonsonate,GT,Hogar,2025-06-25
10365,Cliente 10365,Sonsonate,ELS,Mayorista,2025-05-19
10366,Cliente 10366,San Salvador,SV,PyME,2025-02-01
10367,Cliente 10367,Usulutan,HN,Constructor,2025-06-09
10368,Cliente 10368,,ELS,Mayorista,2025-04-23
10369,Cliente 10369,Cuscatlan,sv,Hogar,2025-12-04
10370,Cliente 10370,santa ana,ELS,Mayorista,2025-06-21
10371,Cliente 10371,santa ana,SV,PyME,2025-02-26
10372,Cliente 10372,Chalatenango,GT,,2025-09-16
C10373,Cliente 10373,santa ana,ELS,Hogar,2025-02-15
10374,,San Vicente,ELS,Constructor,2025-07-11
10375,Cliente 10375,Sonsonate,NI,Constructor,2025-02-02
10376,Cliente 10376,Ahuachapan,GT,Mayorista,2025-07-26
10377,Cliente 10377,,GT,,2025-02-05
10378,Cliente 10378,Morazan,HN,Mayorista,2025-11-21
10379,Cliente 10379,SAN SALVADOR,ELS,Mayorista,2025-06-13
10380,Cliente 10380,SAN SALVADOR,HN,Constructor,2025-08-06
10381,Cliente 10381,San Vicente,sv,,2025-04-07
10382,Cliente 10382,La Union,GT,,2025-08-07
10383,Cliente 10383,Ahuachapan,HN,Mayorista,2025-03-10
10384,Cliente 10384,Cuscatlan,ELS,Hogar,2025-09-22
10385,Cliente 10385,La Union,ELS,Constructor,2025-08-02
10386,Cliente 10386,,SV,Hogar,2025-12-05
10387,Cliente 10387,SAN SALVADOR,ELS,Mayorista,2025-12-09
10388,Cliente 10388,La Libertad,SV,,2025-06-03
10389,Cliente 10389,La Paz,NI,,2025-05-23
10390,Cliente 10390,Ahuachapan,HN,Mayorista,2025-09-07
10391,Cliente 10391,La Union,GT,Constructor,2025-03-27
10392,Cliente 10392,La Union,sv,,2025-07-10
10393,Cliente 10393,San Vicente,NI,PyME,2025-09-23
10394,Cliente 10394,SAN SALVADOR,ELS,Hogar,2025-12-01
10395,Cliente 10395,,sv,Mayorista,2025-01-27
10396,Cliente 10396,santa ana,sv,Hogar,ayer
10397,Cliente 10397,SAN SALVADOR,GT,,2025-10-02
10398,Cliente 10398,Chalatenango,NI,Constructor,2025-11-18
10399,Cliente 10399,Cuscatlan,SV,,2025-04-27
10400,Cliente 10400,SAN SALVADOR,SV,Constructor,2025-01-03
10401,Cliente 10401,SAN SALVADOR,HN,Mayorista,2025-12-25
10402,Cliente 10402,Santa Ana,sv,Hogar,2025-03-09
10403,Cliente 10403,Sonsonate,sv,Hogar,2025-10-11
10404,Cliente 10404,,HN,Constructor,2025-11-25
10405,Cliente 10405,santa ana,ELS,Mayorista,2025-04-05
10406,Cliente 10406,La Union,NI,Hogar,2025-06-28
10407,Cliente 10407,Santa Ana,NI,Mayorista,2025-09-22
10408,Cliente 10408,La Paz,HN,Mayorista,2025-05-10
10409,Cliente 10409,Santa Ana,GT,,2025-02-13
10410,Cliente 10410,santa ana,SV,Mayorista,2025-07-16
10411,Cliente 10411,Chalatenango,SV,Constructor,2025-12-19
10412,Cliente 10412,SAN SALVADOR,ELS,,2025-01-05
10413,Cliente 10413,,ELS,Hogar,2025-08-26
C10414,Cliente 10414,SAN SALVADOR,SV,,2025-05-18
10415,Cliente 10415,La Union,ELS,PyME,2025-06-12
10416,Cliente 10416,san salvador,NI,,2025-06-13
10417,Cliente 10417,san salvador,HN,,2025-05-13
10418,Cliente 10418,san salvador,sv,Hogar,2025-08-14
10419,Cliente 10419,Ahuachapan,GT,Constructor,2025-02-05
10420,Cliente 10420,Ahuachapan,HN,,2025-07-19
10421,Cliente 10421,Cuscatlan,NI,Mayorista,2025-03-14
10422,Cliente 10422,,NI,Constructor,2025-09-16
10423,Cliente 10423,La Union,NI,Constructor,2025-05-14
10424,Cliente 10424,La Paz,GT,Hogar,2025-07-02
10425,Cliente 10425,Cuscatlan,SV,Constructor,2025-02-25
10426,Cliente 10426,san salvador,ELS,Mayorista,2025-11-15
10427,Cliente 10427,La Paz,NI,,2025-02-02
10428,Cliente 10428,San Vicente,GT,Constructor,2025-02-03
10429,Cliente 10429,Usulutan,GT,Mayorista,2025-01-27
10430,Cliente 10430,La Union,GT,PyME,2025-11-11
10431,,,sv,Hogar,2025-07-18
10432,Cliente 10432,santa ana,GT,PyME,2025-11-20
10433,Cliente 10433,santa ana,GT,Constructor,2025-10-25
10434,Cliente 10434,Usulutan,HN,Mayorista,2025-03-20
10435,Cliente 10435,San Vicente,NI,PyME,2025-08-12
10436,Cliente 10436,Morazan,GT,Constructor,2025-02-23
10437,Cliente 10437,santa ana,NI,Constructor,2025-01-06
10438,Cliente 10438,Sonsonate,SV,Mayorista,2025-11-01
10439,Cliente 10439,santa ana,SV,Constructor,2025-10-22
10440,Cliente 10440,,SV,PyME,2025-02-22
10440,Cliente 10440,,SV,PyME,2025-02-22
10441,Cliente 10441,La Paz,SV,Constructor,2025-06-04
10442,Cliente 10442,santa ana,ELS,Mayorista,2025-02-08
10443,Cliente 10443,Chalatenango,ELS,Mayorista,2025-09-03
10444,Cliente 10444,Santa Ana,NI,Mayorista,2025-04-02
10445,Cliente 10445,San Miguel,sv,PyME,2025-09-02
10446,Cliente 10446,Chalatenango,sv,Hogar,2025-03-08
10447,Cliente 10447,SAN SALVADOR,sv,Hogar,2025-07-15
10448,Cliente 10448,La Union,ELS,Hogar,2025-11-10
10449,Cliente 10449,,sv,,2025-02-25
10450,Cliente 10450,Cuscatlan,HN,Constructor,2025-11-22
10451,Cliente 10451,SAN SALVADOR,sv,Hogar,2025-10-19
10452,Cliente 10452,Santa Ana,HN,Constructor,2025-07-21
10453,Cliente 10453,Usulutan,GT,Hogar,2025-08-17
10454,Cliente 10454,San Miguel,GT,PyME,2025-05-24
C10455,Cliente 10455,San Vicente,HN,,2025-08-23
10456,Cliente 10456,SAN SALVADOR,sv,,2025-01-02
10457,Cliente 10457,SAN SALVADOR,GT,PyME,2025-04-18
10458,Cliente 10458,,sv,Hogar,2025-04-25
10459,Cliente 10459,Morazan,NI,Constructor,2025-03-08
10460,Cliente 10460,La Union,ELS,Hogar,2025-12-28
10461,Cliente 10461,San Vicente,sv,Mayorista,2025-09-06
10462,Cliente 10462,Cuscatlan,GT,,2025-03-09
10463,Cliente 10463,Morazan,GT,Mayorista,2025-08-01
10464,Cliente 10464,Ahuachapan,GT,PyME,2025-03-20
10465,Cliente 10465,Morazan,GT,Hogar,2025-07-18
10466,Cliente 10466,Chalatenango,NI,,2025-08-26
10467,Cliente 10467,,ELS,,2025-05-20
10468,Cliente 10468,SAN SALVADOR,HN,Hogar,2025-12-22
10469,Cliente 10469,santa ana,SV,PyME,2025-07-14
10470,Cliente 10470,La Union,SV,PyME,2025-11-18
10471,Cliente 10471,Morazan,sv,Constructor,2025-07-08
10472,Cliente 10472,santa ana,HN,Hogar,2025-06-19
10473,Cliente 10473,Cuscatlan,ELS,,2025-06-09
10474,Cliente 10474,San Vicente,ELS,PyME,2025-01-13
10475,Cliente 10475,san salvador,sv,,2025-09-25
10476,Cliente 10476,,GT,Hogar,2025-02-08
10477,Cliente 10477,La Union,NI,PyME,2025-01-10
10478,Cliente 10478,San Vicente,HN,Mayorista,2025-12-20
10479,Cliente 10479,Chalatenango,GT,PyME,2025-12-07
10480,Cliente 10480,Cuscatlan,NI,,2025-08-02
10481,Cliente 10481,La Union,sv,Hogar,2025-08-11
10482,Cliente 10482,Cuscatlan,HN,Constructor,2025-03-19
10483,Cliente 10483,San Vicente,HN,PyME,2025-06-09
10484,Cliente 10484,Cuscatlan,sv,,2025-08-26
10485,Cliente 10485,,sv,Constructor,2025-09-25
10486,Cliente 10486,Morazan,sv,Mayorista,2025-11-02
10487,Cliente 10487,La Libertad,GT,Hogar,2025-10-13
10488,,San Miguel,ELS,,2025-05-18
10489,Cliente 10489,La Paz,GT,PyME,2025-12-28
10490,Cliente 10490,San Salvador,ELS,Mayorista,2025-04-20
10491,Cliente 10491,Santa Ana,NI,Constructor,2025-02-01
10492,Cliente 10492,Ahuachapan,ELS,Hogar,2025-11-03
10493,Cliente 10493,Usulutan,SV,Mayorista,2025-08-11
10494,Cliente 10494,,HN,Constructor,2025-01-13
10495,Cliente 10495,santa ana,sv,PyME,2025-09-03
C10496,Cliente 10496,San Salvador,SV,Hogar,2025-06-14
10497,Cliente 10497,San Salvador,ELS,Constructor,2025-05-11
10498,Cliente 10498,Santa Ana,NI,,2025-05-16
10499,Cliente 10499,santa ana,HN,,2025-12-13
10500,Cliente 10500,Sonsonate,HN,Constructor,2025-05-13
10501,Cliente 10501,San Salvador,NI,Hogar,2025-03-03
10502,Cliente 10502,San Salvador,HN,Constructor,2025-05-19
10503,Cliente 10503,,SV,Hogar,2025-01-08
10504,Cliente 10504,Ahuachapan,GT,Constructor,2025-03-24
10505,Cliente 10505,San Miguel,HN,Hogar,2025-05-03
10506,Cliente 10506,Cuscatlan,GT,Hogar,2025-02-19
10507,Cliente 10507,La Paz,HN,PyME,2025-02-25
10508,Cliente 10508,San Miguel,SV,Hogar,2025-07-15
10509,Cliente 10509,Ahuachapan,GT,PyME,ayer
10510,Cliente 10510,La Paz,SV,Hogar,2025-03-10
10511,Cliente 10511,Morazan,sv,Constructor,2025-07-28
10512,Cliente 10512,,GT,Hogar,2025-07-19
10513,Cliente 10513,Cuscatlan,GT,Mayorista,2025-07-10
10514,Cliente 10514,Santa Ana,GT,Hogar,2025-02-11
10515,Cliente 10515,Morazan,GT,Hogar,2025-05-06
10516,Cliente 10516,San Miguel,HN,Mayorista,2025-11-28
10517,Cliente 10517,San Miguel,HN,Hogar,2025-02-24
10518,Cliente 10518,La Union,HN,Mayorista,2025-03-20
10519,Cliente 10519,Cuscatlan,HN,Hogar,2025-05-08
10520,Cliente 10520,santa ana,NI,PyME,2025-02-26
10521,Cliente 10521,,GT,,2025-09-25
10522,Cliente 10522,Sonsonate,GT,,2025-11-01
10523,Cliente 10523,Usulutan,GT,Constructor,2025-09-01
10524,Cliente 10524,Usulutan,GT,Constructor,2025-06-02
10525,Cliente 10525,La Union,GT,,2025-08-25
10526,Cliente 10526,San Salvador,ELS,Hogar,2025-02-05
10527,Cliente 10527,La Libertad,GT,Constructor,2025-12-13
10528,Cliente 10528,San Salvador,GT,PyME,2025-08-02
10529,Cliente 10529,Cuscatlan,ELS,Constructor,2025-08-07
10530,Cliente 10530,,sv,Constructor,2025-10-23
10531,Cliente 10531,santa ana,ELS,Mayorista,2025-09-13
10532,Cliente 10532,La Paz,GT,,2025-05-14
10533,Cliente 10533,La Union,NI,PyME,2025-03-27
10534,Cliente 10534,Chalatenango,sv,Hogar,2025-09-14
10535,Cliente 10535,Cuscatlan,SV,Constructor,2025-08-02
10536,Cliente 10536,San Miguel,GT,Constructor,2025-08-20
C10537,Cliente 10537,san salvador,SV,Hogar,2025-03-02
10538,Cliente 10538,santa ana,sv,,2025-03-20
10539,Cliente 10539,,HN,Hogar,2025-08-15
10540,Cliente 10540,San Vicente,GT,Constructor,2025-07-05
10541,Cliente 10541,SAN SALVADOR,GT,Constructor,2025-05-06
10542,Cliente 10542,santa ana,ELS,Hogar,2025-05-24
10543,Cliente 10543,Ahuachapan,SV,PyME,2025-12-10
10544,Cliente 10544,La Libertad,HN,Hogar,2025-03-03
10545,,Morazan,ELS,Constructor,2025-12-03
10546,Cliente 10546,Sonsonate,GT,PyME,2025-05-15
10547,Cliente 10547,SAN SALVADOR,GT,PyME,2025-07-18
10548,Cliente 10548,,ELS,PyME,2025-03-08
10549,Cliente 10549,Sonsonate,ELS,,2025-04-06
10550,Cliente 10550,San Salvador,SV,PyME,2025-02-15
10551,Cliente 10551,san salvador,SV,Mayorista,2025-04-05
10552,Cliente 10552,santa ana,SV,PyME,2025-04-22
10553,Cliente 10553,Sonsonate,SV,,2025-10-14
10554,Cliente 10554,Cuscatlan,sv,Hogar,2025-01-23
10555,Cliente 10555,Chalatenango,HN,Hogar,2025-01-18
10556,Cliente 10556,Chalatenango,GT,Constructor,2025-08-14
10557,Cliente 10557,,sv,PyME,2025-09-22
10558,Cliente 10558,Morazan,NI,Mayorista,2025-09-05
10559,Cliente 10559,La Paz,NI,Mayorista,2025-12-15
10560,Cliente 10560,La Paz,sv,Hogar,2025-01-17
10561,Cliente 10561,Santa Ana,HN,Constructor,2025-10-08
10562,Cliente 10562,Sonsonate,HN,Mayorista,2025-06-10
10563,Cliente 10563,SAN SALVADOR,NI,PyME,2025-08-04
10564,Cliente 10564,Morazan,NI,Hogar,2025-01-08
10565,Cliente 10565,santa ana,SV,PyME,2025-10-28
10566,Cliente 10566,,SV,Hogar,2025-02-01
10567,Cliente 10567,Usulutan,GT,PyME,2025-12-19
10568,Cliente 10568,Morazan,sv,Mayorista,2025-01-19
10569,Cliente 10569,Sonsonate,ELS,Mayorista,2025-02-06
10570,Cliente 10570,Chalatenango,GT,Constructor,2025-02-25
10571,Cliente 10571,Ahuachapan,sv,,2025-08-17
10572,Cliente 10572,Sonsonate,sv,Mayorista,2025-10-23
10573,Cliente 10573,San Salvador,ELS,,2025-05-07
10574,Cliente 10574,Cuscatlan,ELS,Mayorista,2025-12-22
10575,Cliente 10575,,NI,Mayorista,2025-11-07
10576,Cliente 10576,La Paz,NI,Hogar,2025-11-26
10577,Cliente 10577,santa ana,GT,PyME,2025-09-28
C10578,Cliente 10578,La Paz,sv,Mayorista,2025-09-04
10579,Cliente 10579,san salvador,NI,,2025-11-28
10580,Cliente 10580,La Paz,GT,PyME,2025-06-13
10581,Cliente 10581,santa ana,SV,Mayorista,2025-02-28
10582,Cliente 10582,SAN SALVADOR,GT,Hogar,2025-06-04
10583,Cliente 10583,Cuscatlan,HN,Mayorista,2025-05-03
10584,Cliente 10584,,HN,Hogar,2025-07-27
10585,Cliente 10585,Chalatenango,NI,,2025-04-02
10586,Cliente 10586,La Union,NI,,2025-12-11
10587,Cliente 10587,La Paz,SV,Mayorista,2025-08-14
10588,Cliente 10588,SAN SALVADOR,ELS,Constructor,2025-06-01
10589,Cliente 10589,Santa Ana,GT,Mayorista,2025-07-06
10590,Cliente 10590,San Miguel,GT,PyME,2025-10-11
10591,Cliente 10591,San Vicente,HN,Hogar,2025-02-10
10592,Cliente 10592,santa ana,NI,,2025-02-13
10593,Cliente 10593,,SV,PyME,2025-02-04
10594,Cliente 10594,Ahuachapan,ELS,PyME,2025-05-15
10595,Cliente 10595,SAN SALVADOR,HN,PyME,2025-01-27
10596,Cliente 10596,santa ana,HN,Mayorista,2025-06-07
10597,Cliente 10597,La Union,ELS,,2025-11-10
10598,Cliente 10598,SAN SALVADOR,ELS,PyME,2025-10-26
10599,Cliente 10599,San Miguel,SV,,2025-10-08
10600,Cliente 10600,La Libertad,sv,Constructor,2025-04-09
10601,Cliente 10601,La Libertad,HN,Constructor,2025-09-19
10602,,,NI,Mayorista,2025-05-19
10603,Cliente 10603,san salvador,GT,Constructor,2025-09-15
10604,Cliente 10604,SAN SALVADOR,ELS,PyME,2025-08-13
10605,Cliente 10605,San Vicente,sv,PyME,2025-07-18
10606,Cliente 10606,La Union,NI,Hogar,2025-12-25
10607,Cliente 10607,San Miguel,SV,PyME,2025-11-04
10608,Cliente 10608,Ahuachapan,SV,Hogar,2025-12-08
10609,Cliente 10609,SAN SALVADOR,SV,PyME,2025-06-11
10610,Cliente 10610,Morazan,NI,PyME,2025-05-24
10611,Cliente 10611,,NI,Hogar,2025-03-27
10612,Cliente 10612,San Salvador,SV,Constructor,2025-02-28
10613,Cliente 10613,San Miguel,GT,PyME,2025-10-06
10614,Cliente 10614,Ahuachapan,NI,,2025-04-12
10615,Cliente 10615,SAN SALVADOR,HN,Mayorista,2025-01-05
10616,Cliente 10616,San Miguel,HN,PyME,2025-03-27
10617,Cliente 10617,La Paz,sv,Mayorista,2025-01-12
10618,Cliente 10618,Sonsonate,sv,Hogar,2025-08-16
C10619,Cliente 10619,Santa Ana,HN,PyME,2025-12-07
10620,Cliente 10620,,SV,Hogar,2025-06-05
10620,Cliente 10620,,SV,Hogar,2025-06-05
10621,Cliente 10621,Chalatenango,HN,Constructor,2025-01-10
10622,Cliente 10622,La Paz,ELS,Constructor,ayer
10623,Cliente 10623,Morazan,ELS,Mayorista,2025-02-16
10624,Cliente 10624,Morazan,GT,Mayorista,2025-07-24
10625,Cliente 10625,San Vicente,SV,Hogar,2025-01-19
10626,Cliente 10626,santa ana,ELS,PyME,2025-11-02
10627,Cliente 10627,Morazan,sv,Mayorista,2025-05-17
10628,Cliente 10628,Cuscatlan,GT,PyME,2025-06-01
10629,Cliente 10629,,HN,PyME,2025-01-17
10630,Cliente 10630,San Vicente,SV,,2025-01-18
10631,Cliente 10631,Morazan,SV,Mayorista,2025-09-13
10632,Cliente 10632,La Union,ELS,,2025-08-24
10633,Cliente 10633,SAN SALVADOR,SV,,2025-04-02
10634,Cliente 10634,Santa Ana,sv,Mayorista,2025-12-20
10635,Cliente 10635,Chalatenango,ELS,,2025-12-09
10636,Cliente 10636,San Salvador,HN,Hogar,2025-04-12
10637,Cliente 10637,SAN SALVADOR,ELS,Hogar,2025-09-13
10638,Cliente 10638,,ELS,Hogar,2025-06-14
10639,Cliente 10639,Sonsonate,SV,,2025-06-12
10640,Cliente 10640,San Salvador,sv,Constructor,2025-10-06
10641,Cliente 10641,La Libertad,NI,PyME,2025-11-09
10642,Cliente 10642,San Salvador,sv,Constructor,2025-02-24
10643,Cliente 10643,La Union,sv,PyME,2025-11-23
10644,Cliente 10644,Ahuachapan,SV,Mayorista,2025-05-10
10645,Cliente 10645,Santa Ana,SV,Constructor,2025-11-04
10646,Cliente 10646,Cuscatlan,ELS,Constructor,2025-10-28
10647,Cliente 10647,,SV,Mayorista,2025-11-16
10648,Cliente 10648,La Libertad,SV,Hogar,2025-04-26
10649,Cliente 10649,san salvador,ELS,Mayorista,2025-05-18
10650,Cliente 10650,Sonsonate,sv,PyME,2025-12-18
10651,Cliente 10651,Ahuachapan,SV,,2025-02-10
10652,Cliente 10652,SAN SALVADOR,sv,Constructor,2025-10-14
10653,Cliente 10653,La Paz,HN,PyME,2025-08-17
10654,Cliente 10654,La Libertad,GT,PyME,2025-05-20
10655,Cliente 10655,Chalatenango,NI,PyME,2025-12-13
10656,Cliente 10656,,GT,Constructor,2025-03-03
10657,Cliente 10657,San Salvador,HN,Constructor,2025-01-02
10658,Cliente 10658,SAN SALVADOR,SV,Constructor,2025-12-02
10659,,La Paz,ELS,,2025-01-02
C10660,Cliente 10660,La Union,SV,Hogar,2025-03-03
10661,Cliente 10661,Chalatenango,sv,Constructor,2025-09-26
10662,Cliente 10662,Morazan,HN,PyME,2025-01-20
10663,Cliente 10663,San Miguel,ELS,Hogar,2025-01-10
10664,Cliente 10664,Cuscatlan,SV,Hogar,2025-10-15
10665,Cliente 10665,,SV,Constructor,2025-01-20
10666,Cliente 10666,La Libertad,sv,Constructor,2025-03-11
10667,Cliente 10667,Ahuachapan,ELS,PyME,2025-12-21
10668,Cliente 10668,San Miguel,NI,PyME,2025-01-23
10669,Cliente 10669,Santa Ana,GT,Constructor,2025-03-03
10670,Cliente 10670,La Paz,HN,Constructor,2025-08-23
10671,Cliente 10671,La Paz,GT,PyME,2025-05-16
10672,Cliente 10672,santa ana,NI,,2025-11-13
10673,Cliente 10673,San Salvador,GT,Constructor,2025-09-26
10674,Cliente 10674,,HN,Hogar,2025-03-19
10675,Cliente 10675,Sonsonate,NI,Mayorista,2025-05-22
10676,Cliente 10676,La Paz,NI,Constructor,2025-04-15
10677,Cliente 10677,Chalatenango,sv,Hogar,2025-12-06
10678,Cliente 10678,Chalatenango,SV,Hogar,2025-12-17
10679,Cliente 10679,Chalatenango,ELS,Mayorista,2025-03-13
10680,Cliente 10680,santa ana,HN,PyME,2025-03-27
10681,Cliente 10681,San Salvador,ELS,Constructor,2025-11-09
10682,Cliente 10682,Chalatenango,SV,Hogar,2025-09-14
10683,Cliente 10683,,sv,,2025-04-27
10684,Cliente 10684,San Vicente,ELS,Hogar,2025-06-28
10685,Cliente 10685,Usulutan,GT,Constructor,2025-12-14
10686,Cliente 10686,SAN SALVADOR,SV,,2025-10-08
10687,Cliente 10687,Morazan,HN,Constructor,2025-04-03
10688,Cliente 10688,Morazan,sv,PyME,2025-01-27
10689,Cliente 10689,SAN SALVADOR,sv,Mayorista,2025-09-02
10690,Cliente 10690,La Libertad,NI,PyME,2025-06-20
10691,Cliente 10691,san salvador,HN,,2025-10-20
10692,Cliente 10692,,HN,Hogar,2025-11-14
10693,Cliente 10693,San Salvador,HN,Constructor,2025-04-03
10694,Cliente 10694,La Paz,ELS,Mayorista,2025-02-03
10695,Cliente 10695,Ahuachapan,GT,Mayorista,2025-06-01
10696,Cliente 10696,San Miguel,GT,Mayorista,2025-03-16
10697,Cliente 10697,San Salvador,ELS,Hogar,2025-11-07
10698,Cliente 10698,La Paz,NI,,2025-11-25
10699,Cliente 10699,Chalatenango,NI,Mayorista,2025-12-03
10700,Cliente 10700,Chalatenango,SV,Constructor,2025-03-12
C10701,Cliente 10701,,GT,Hogar,2025-03-28
10702,Cliente 10702,San Vicente,NI,,2025-12-20
10703,Cliente 10703,La Libertad,ELS,,2025-10-12
10704,Cliente 10704,Santa Ana,GT,Hogar,2025-08-05
10705,Cliente 10705,Santa Ana,sv,PyME,2025-12-04
10706,Cliente 10706,Ahuachapan,sv,Mayorista,2025-08-16
10707,Cliente 10707,La Union,SV,Hogar,2025-02-05
10708,Cliente 10708,La Paz,GT,PyME,2025-12-26
10709,Cliente 10709,Usulutan,NI,Constructor,2025-06-16
10710,Cliente 10710,,HN,Hogar,2025-07-19
10711,Cliente 10711,Cuscatlan,GT,PyME,2025-03-08
10712,Cliente 10712,santa ana,GT,Constructor,2025-07-14
10713,Cliente 10713,La Paz,GT,,2025-01-19
10714,Cliente 10714,Chalatenango,sv,Hogar,2025-10-16
10715,Cliente 10715,Cuscatlan,NI,Constructor,2025-06-17
10716,,San Miguel,GT,,2025-08-06
10717,Cliente 10717,Sonsonate,NI,,2025-06-07
10718,Cliente 10718,Morazan,sv,Constructor,2025-05-09
10719,Cliente 10719,,GT,Mayorista,2025-03-03
10720,Cliente 10720,La Libertad,ELS,Constructor,2025-03-12
10721,Cliente 10721,Ahuachapan,sv,Constructor,2025-11-27
10722,Cliente 10722,Usulutan,GT,Mayorista,2025-03-20
10723,Cliente 10723,SAN SALVADOR,HN,Mayorista,2025-02-16
10724,Cliente 10724,La Paz,NI,Constructor,2025-03-23
10725,Cliente 10725,San Salvador,HN,PyME,2025-06-08
10726,Cliente 10726,San Vicente,sv,,2025-01-16
10727,Cliente 10727,Sonsonate,sv,,2025-07-10
10728,Cliente 10728,,ELS,PyME,2025-08-01
10729,Cliente 10729,Ahuachapan,GT,PyME,2025-04-19
10730,Cliente 10730,Ahuachapan,HN,Constructor,2025-02-26
10731,Cliente 10731,Santa Ana,sv,Mayorista,2025-12-02
10732,Cliente 10732,San Miguel,sv,,2025-09-17
10733,Cliente 10733,Morazan,SV,Hogar,2025-02-04
10734,Cliente 10734,Morazan,HN,Mayorista,2025-11-28
10735,Cliente 10735,San Miguel,GT,PyME,ayer
10736,Cliente 10736,Morazan,NI,,2025-11-18
10737,Cliente 10737,,HN,Hogar,2025-09-24
10738,Cliente 10738,Sonsonate,HN,Hogar,2025-12-07
10739,Cliente 10739,Cuscatlan,SV,Hogar,2025-09-15
10740,Cliente 10740,san salvador,sv,Mayorista,2025-09-25
10741,Cliente 10741,San Vicente,SV,Constructor,2025-09-10
C10742,Cliente 10742,Ahuachapan,SV,Mayorista,2025-09-18
10743,Cliente 10743,San Salvador,SV,PyME,2025-03-23
10744,Cliente 10744,santa ana,sv,Mayorista,2025-09-27
10745,Cliente 10745,San Vicente,SV,PyME,2025-11-13
10746,Cliente 10746,,GT,Hogar,2025-06-08
10747,Cliente 10747,Santa Ana,NI,,2025-09-16
10748,Cliente 10748,Sonsonate,ELS,,2025-04-24
10749,Cliente 10749,La Libertad,ELS,Hogar,2025-08-18
10750,Cliente 10750,La Union,SV,PyME,2025-06-08
10751,Cliente 10751,Morazan,SV,Hogar,2025-10-27
10752,Cliente 10752,Santa Ana,ELS,Mayorista,2025-06-06
10753,Cliente 10753,La Libertad,GT,,2025-10-15
10754,Cliente 10754,La Libertad,SV,Hogar,2025-02-02
10755,Cliente 10755,,ELS,PyME,2025-09-07
10756,Cliente 10756,san salvador,SV,PyME,2025-07-19
10757,Cliente 10757,La Libertad,NI,,2025-07-21
10758,Cliente 10758,Sonsonate,NI,Constructor,2025-10-19
10759,Cliente 10759,San Vicente,SV,Constructor,2025-12-07
10760,Cliente 10760,Cuscatlan,NI,Constructor,2025-10-03
10761,Cliente 10761,San Vicente,HN,Hogar,2025-11-10
10762,Cliente 10762,Sonsonate,sv,PyME,2025-12-23
10763,Cliente 10763,Usulutan,HN,Constructor,2025-09-12
10764,Cliente 10764,,NI,Mayorista,2025-12-01
10765,Cliente 10765,La Libertad,NI,Constructor,2025-03-16
10766,Cliente 10766,Ahuachapan,GT,Mayorista,2025-01-01
10767,Cliente 10767,San Miguel,SV,Mayorista,2025-01-01
10768,Cliente 10768,San Miguel,sv,Mayorista,2025-08-23
10769,Cliente 10769,SAN SALVADOR,ELS,PyME,2025-02-08
10770,Cliente 10770,San Vicente,GT,Hogar,2025-12-26
10771,Cliente 10771,San Miguel,ELS,Mayorista,2025-05-25
10772,Cliente 10772,Cuscatlan,SV,PyME,2025-08-13
10773,,,GT,,2025-09-17
10774,Cliente 10774,SAN SALVADOR,SV,PyME,2025-02-25
10775,Cliente 10775,La Paz,HN,Mayorista,2025-08-06
10776,Cliente 10776,San Miguel,sv,Constructor,2025-04-12
10777,Cliente 10777,Cuscatlan,SV,Hogar,2025-05-08
10778,Cliente 10778,Usulutan,GT,Mayorista,2025-12-07
10779,Cliente 10779,Morazan,ELS,,2025-10-16
10780,Cliente 10780,SAN SALVADOR,SV,Mayorista,2025-01-22
10781,Cliente 10781,San Vicente,GT,Hogar,2025-10-06
10782,Cliente 10782,,SV,Hogar,2025-03-12
C10783,Cliente 10783,Morazan,sv,PyME,2025-01-14
10784,Cliente 10784,SAN SALVADOR,sv,Hogar,2025-09-08
10785,Cliente 10785,santa ana,sv,,2025-12-04
10786,Cliente 10786,La Paz,SV,,2025-07-07
10787,Cliente 10787,La Paz,HN,,2025-12-13
10788,Cliente 10788,San Salvador,NI,,2025-09-10
10789,Cliente 10789,San Vicente,GT,PyME,2025-01-15
10790,Cliente 10790,Ahuachapan,GT,Hogar,2025-02-21
10791,Cliente 10791,,GT,,2025-10-12
10792,Cliente 10792,Usulutan,GT,Constructor,2025-08-04
10793,Cliente 10793,Chalatenango,GT,PyME,2025-05-10
10794,Cliente 10794,Chalatenango,SV,PyME,2025-09-14
10795,Cliente 10795,La Paz,SV,Hogar,2025-06-03
10796,Cliente 10796,La Libertad,GT,,2025-04-18
10797,Cliente 10797,Santa Ana,NI,PyME,2025-09-06
10798,Cliente 10798,La Paz,SV,,2025-08-05
10799,Cliente 10799,La Union,HN,Hogar,2025-07-14
10800,Cliente 10800,,SV,Hogar,2025-01-23
10800,Cliente 10800,,SV,Hogar,2025-01-23
10801,Cliente 10801,San Salvador,GT,Hogar,2025-07-03
10802,Cliente 10802,San Miguel,SV,Mayorista,2025-05-26
10803,Cliente 10803,SAN SALVADOR,GT,,2025-02-03
10804,Cliente 10804,La Paz,sv,,2025-01-13
10805,Cliente 10805,san salvador,sv,,2025-06-15
10806,Cliente 10806,Morazan,sv,Mayorista,2025-11-15
10807,Cliente 10807,La Union,GT,,2025-02-04
10808,Cliente 10808,La Union,NI,PyME,2025-12-12
10809,Cliente 10809,,GT,Mayorista,2025-04-09
10810,Cliente 10810,La Libertad,sv,Constructor,2025-07-05
10811,Cliente 10811,Chalatenango,NI,Mayorista,2025-10-15
10812,Cliente 10812,Ahuachapan,SV,Constructor,2025-03-05
10813,Cliente 10813,Cuscatlan,sv,PyME,2025-09-04
10814,Cliente 10814,Morazan,SV,Mayorista,2025-12-25
10815,Cliente 10815,Santa Ana,NI,Mayorista,2025-02-03
10816,Cliente 10816,La Paz,SV,Hogar,2025-04-04
10817,Cliente 10817,Ahuachapan,NI,PyME,2025-10-20
10818,Cliente 10818,,SV,PyME,2025-05-05
10819,Cliente 10819,Usulutan,HN,Mayorista,2025-11-13
10820,Cliente 10820,San Vicente,ELS,Constructor,2025-02-09
10821,Cliente 10821,La Union,SV,PyME,2025-09-01
10822,Cliente 10822,Ahuachapan,NI,Constructor,2025-02-13
10823,Cliente 10823,SAN SALVADOR,ELS,,2025-07-15
C10824,Cliente 10824,La Paz,ELS,PyME,2025-02-19
10825,Cliente 10825,Chalatenango,HN,,2025-12-24
10826,Cliente 10826,La Libertad,sv,Constructor,2025-01-07
10827,Cliente 10827,,GT,Constructor,2025-02-03
10828,Cliente 10828,Ahuachapan,SV,,2025-02-23
10829,Cliente 10829,Usulutan,NI,,2025-03-03
10830,,santa ana,GT,Constructor,2025-06-20
10831,Cliente 10831,La Paz,GT,,2025-12-27
10832,Cliente 10832,La Libertad,HN,Constructor,2025-02-23
10833,Cliente 10833,La Paz,NI,Mayorista,2025-03-16
10834,Cliente 10834,La Libertad,sv,Constructor,2025-10-15
10835,Cliente 10835,La Union,GT,,2025-01-15
10836,Cliente 10836,,sv,Mayorista,2025-10-27
10837,Cliente 10837,SAN SALVADOR,NI,,2025-10-27
10838,Cliente 10838,Morazan,HN,Hogar,2025-12-18
10839,Cliente 10839,santa ana,ELS,Constructor,2025-03-01
10840,Cliente 10840,Chalatenango,HN,PyME,2025-10-28
10841,Cliente 10841,San Miguel,HN,PyME,2025-09-15
10842,Cliente 10842,Cuscatlan,ELS,Constructor,2025-01-09
10843,Cliente 10843,San Vicente,sv,PyME,2025-01-28
10844,Cliente 10844,Sonsonate,GT,,2025-07-06
10845,Cliente 10845,,HN,Constructor,2025-01-03
10846,Cliente 10846,Ahuachapan,ELS,Constructor,2025-04-22
10847,Cliente 10847,san salvador,HN,Hogar,2025-05-18
10848,Cliente 10848,Chalatenango,GT,Hogar,ayer
10849,Cliente 10849,San Miguel,sv,Mayorista,2025-01-11
10850,Cliente 10850,Ahuachapan,SV,Constructor,2025-03-04
10851,Cliente 10851,Usulutan,ELS,Hogar,2025-07-26
10852,Cliente 10852,Chalatenango,sv,PyME,2025-05-02
10853,Cliente 10853,San Vicente,HN,Constructor,2025-01-25
10854,Cliente 10854,,sv,Constructor,2025-04-13
10855,Cliente 10855,Usulutan,ELS,Constructor,2025-10-16
10856,Cliente 10856,santa ana,NI,,2025-02-17
10857,Cliente 10857,La Union,GT,PyME,2025-01-24
10858,Cliente 10858,La Libertad,ELS,Hogar,2025-04-08
10859,Cliente 10859,Ahuachapan,sv,PyME,2025-01-15
10860,Cliente 10860,La Libertad,NI,Hogar,2025-05-05
10861,Cliente 10861,santa ana,SV,Hogar,2025-09-17
10862,Cliente 10862,La Paz,HN,,2025-10-01
10863,Cliente 10863,,SV,Constructor,2025-09-12
10864,Cliente 10864,Cuscatlan,SV,Constructor,2025-02-20
C10865,Cliente 10865,Usulutan,sv,PyME,2025-11-21
10866,Cliente 10866,Usulutan,GT,Constructor,2025-11-26
10867,Cliente 10867,San Miguel,SV,PyME,2025-02-02
10868,Cliente 10868,Chalatenango,SV,Mayorista,2025-11-17
10869,Cliente 10869,san salvador,ELS,Constructor,2025-02-19
10870,Cliente 10870,La Union,sv,Mayorista,2025-11-06
10871,Cliente 10871,Cuscatlan,HN,Mayorista,2025-04-04
10872,Cliente 10872,,HN,PyME,2025-06-07
10873,Cliente 10873,san salvador,GT,PyME,2025-01-21
10874,Cliente 10874,Usulutan,ELS,,2025-03-17
10875,Cliente 10875,Ahuachapan,GT,Constructor,2025-07-07
10876,Cliente 10876,San Miguel,GT,PyME,2025-02-15
10877,Cliente 10877,Chalatenango,GT,Constructor,2025-07-18
10878,Cliente 10878,La Paz,GT,Constructor,2025-12-15
10879,Cliente 10879,San Vicente,SV,PyME,2025-05-23
10880,Cliente 10880,Cuscatlan,SV,Constructor,2025-05-12
10881,Cliente 10881,,GT,,2025-03-17
10882,Cliente 10882,SAN SALVADOR,GT,Hogar,2025-12-28
10883,Cliente 10883,san salvador,SV,Hogar,2025-03-19
10884,Cliente 10884,san salvador,NI,Hogar,2025-01-16
10885,Cliente 10885,La Paz,GT,PyME,2025-06-10
10886,Cliente 10886,Chalatenango,ELS,Mayorista,2025-09-08
10887,,La Libertad,GT,,2025-02-15
10888,Cliente 10888,Chalatenango,ELS,,2025-10-16
10889,Cliente 10889,San Salvador,sv,Constructor,2025-11-07
10890,Cliente 10890,,ELS,PyME,2025-07-24
10891,Cliente 10891,San Vicente,sv,Constructor,2025-12-08
10892,Cliente 10892,Usulutan,ELS,PyME,2025-12-11
10893,Cliente 10893,La Paz,GT,Mayorista,2025-06-19
10894,Cliente 10894,Cuscatlan,NI,PyME,2025-11-15
10895,Cliente 10895,Usulutan,sv,Mayorista,2025-01-04
10896,Cliente 10896,Cuscatlan,ELS,PyME,2025-06-28
10897,Cliente 10897,La Union,NI,Constructor,2025-03-13
10898,Cliente 10898,La Paz,GT,Constructor,2025-07-01
10899,Cliente 10899,,HN,Constructor,2025-04-13
10900,Cliente 10900,Ahuachapan,HN,PyME,2025-09-12
10901,Cliente 10901,Ahuachapan,ELS,Hogar,2025-09-04
10902,Cliente 10902,Morazan,sv,Constructor,2025-03-17
10903,Cliente 10903,La Paz,NI,PyME,2025-07-09
10904,Cliente 10904,San Miguel,sv,Hogar,2025-08-09
10905,Cliente 10905,Cuscatlan,NI,Hogar,2025-12-04
C10906,Cliente 10906,Sonsonate,sv,Hogar,2025-06-10
10907,Cliente 10907,Cuscatlan,sv,Constructor,2025-08-26
10908,Cliente 10908,,NI,,2025-02-13
10909,Cliente 10909,Chalatenango,SV,Constructor,2025-08-27
10910,Cliente 10910,La Union,SV,Constructor,2025-09-01
10911,Cliente 10911,Chalatenango,sv,,2025-08-01
10912,Cliente 10912,La Paz,HN,Constructor,2025-03-11
10913,Cliente 10913,Santa Ana,NI,Hogar,2025-11-02
10914,Cliente 10914,Usulutan,GT,PyME,2025-11-08
10915,Cliente 10915,Usulutan,ELS,Hogar,2025-03-22
10916,Cliente 10916,Santa Ana,HN,Constructor,2025-08-25
10917,Cliente 10917,,NI,Constructor,2025-02-12
10918,Cliente 10918,San Miguel,ELS,,2025-08-02
10919,Cliente 10919,san salvador,ELS,Hogar,2025-03-08
10920,Cliente 10920,Usulutan,NI,Mayorista,2025-01-06
10921,Cliente 10921,Morazan,GT,Constructor,2025-10-20
10922,Cliente 10922,Morazan,SV,,2025-04-27
10923,Cliente 10923,La Libertad,ELS,Mayorista,2025-04-26
10924,Cliente 10924,SAN SALVADOR,HN,Hogar,2025-08-16
10925,Cliente 10925,santa ana,HN,Constructor,2025-09-20
10926,Cliente 10926,,GT,PyME,2025-02-26
10927,Cliente 10927,Chalatenango,SV,Hogar,2025-01-05
10928,Cliente 10928,Chalatenango,NI,Constructor,2025-07-28
10929,Cliente 10929,Santa Ana,sv,Constructor,2025-02-01
10930,Cliente 10930,santa ana,NI,,2025-11-26
10931,Cliente 10931,San Vicente,HN,Mayorista,2025-09-03
10932,Cliente 10932,San Miguel,HN,Hogar,2025-01-16
10933,Cliente 10933,Chalatenango,HN,Constructor,2025-07-22
10934,Cliente 10934,san salvador,HN,,2025-07-04
10935,Cliente 10935,,sv,Constructor,2025-10-11
10936,Cliente 10936,Usulutan,sv,PyME,2025-08-23
10937,Cliente 10937,La Union,SV,Hogar,2025-09-18
10938,Cliente 10938,Cuscatlan,ELS,,2025-05-04
10939,Cliente 10939,Morazan,GT,Constructor,2025-04-14
10940,Cliente 10940,san salvador,HN,Hogar,2025-02-19
10941,Cliente 10941,Ahuachapan,NI,PyME,2025-03-14
10942,Cliente 10942,Usulutan,ELS,,2025-09-04
10943,Cliente 10943,Morazan,sv,Constructor,2025-07-20
10944,,,NI,Mayorista,2025-07-01
10945,Cliente 10945,Cuscatlan,ELS,Mayorista,2025-11-15
10946,Cliente 10946,Morazan,sv,Constructor,2025-12-11
C10947,Cliente 10947,santa ana,ELS,Hogar,2025-07-03
10948,Cliente 10948,Morazan,GT,PyME,2025-06-14
10949,Cliente 10949,San Miguel,HN,Mayorista,2025-07-10
10950,Cliente 10950,Cuscatlan,NI,PyME,2025-05-24
10951,Cliente 10951,san salvador,ELS,Hogar,2025-01-01
10952,Cliente 10952,san salvador,HN,Constructor,2025-01-16
10953,Cliente 10953,,sv,PyME,2025-05-23
10954,Cliente 10954,santa ana,SV,Hogar,2025-12-28
10955,Cliente 10955,San Salvador,SV,Mayorista,2025-04-24
10956,Cliente 10956,La Union,ELS,Constructor,2025-09-24
10957,Cliente 10957,La Libertad,sv,PyME,2025-08-08
10958,Cliente 10958,san salvador,GT,PyME,2025-08-11
10959,Cliente 10959,San Miguel,ELS,Constructor,2025-12-08
10960,Cliente 10960,Sonsonate,NI,Hogar,2025-03-09
10961,Cliente 10961,Santa Ana,SV,,ayer
10962,Cliente 10962,,GT,PyME,2025-01-07
10963,Cliente 10963,Morazan,HN,Constructor,2025-04-02
10964,Cliente 10964,La Paz,sv,Hogar,2025-11-17
10965,Cliente 10965,SAN SALVADOR,ELS,PyME,2025-04-01
10966,Cliente 10966,Morazan,GT,Mayorista,2025-08-07
10967,Cliente 10967,La Paz,ELS,,2025-03-24
10968,Cliente 10968,Sonsonate,GT,PyME,2025-05-25
10969,Cliente 10969,La Libertad,SV,PyME,2025-10-11
10970,Cliente 10970,Morazan,GT,Mayorista,2025-06-09
10971,Cliente 10971,,HN,,2025-12-25
10972,Cliente 10972,san salvador,HN,Constructor,2025-10-14
10973,Cliente 10973,Cuscatlan,GT,PyME,2025-04-25
10974,Cliente 10974,La Libertad,ELS,,2025-08-21
10975,Cliente 10975,Cuscatlan,ELS,Hogar,2025-06-20
10976,Cliente 10976,Sonsonate,HN,Hogar,2025-03-28
10977,Cliente 10977,SAN SALVADOR,GT,Hogar,2025-07-07
10978,Cliente 10978,Ahuachapan,NI,Constructor,2025-07-04
10979,Cliente 10979,Sonsonate,ELS,Constructor,2025-08-06
10980,Cliente 10980,,HN,,2025-03-16
10980,Cliente 10980,,HN,,2025-03-16
10981,Cliente 10981,La Union,NI,Constructor,2025-08-27
10982,Cliente 10982,San Salvador,NI,PyME,2025-06-22
10983,Cliente 10983,santa ana,ELS,PyME,2025-06-21
10984,Cliente 10984,La Union,NI,Constructor,2025-06-19
10985,Cliente 10985,Cuscatlan,sv,Mayorista,2025-09-26
10986,Cliente 10986,Usulutan,HN,Constructor,2025-08-20
10987,Cliente 10987,Usulutan,ELS,,2025-08-27
C10988,Cliente 10988,San Vicente,HN,Mayorista,2025-09-02
10989,Cliente 10989,,SV,Mayorista,2025-10-05
10990,Cliente 10990,santa ana,NI,Mayorista,2025-10-15
10991,Cliente 10991,Santa Ana,HN,,2025-06-15
10992,Cliente 10992,La Paz,NI,Mayorista,2025-03-08
10993,Cliente 10993,Ahuachapan,sv,PyME,2025-05-07
10994,Cliente 10994,Santa Ana,ELS,Mayorista,2025-10-05
10995,Cliente 10995,Cuscatlan,HN,,2025-07-22
10996,Cliente 10996,La Libertad,HN,,2025-12-20
10997,Cliente 10997,La Libertad,HN,PyME,2025-02-27
10998,Cliente 10998,,SV,Constructor,2025-06-07
10999,Cliente 10999,Morazan,GT,,2025-03-07
11000,Cliente 11000,San Salvador,NI,,2025-12-07
11001,,SAN SALVADOR,NI,Mayorista,2025-04-24
11002,Cliente 11002,Usulutan,GT,Mayorista,2025-07-03
11003,Cliente 11003,La Union,SV,,2025-11-28
11004,Cliente 11004,La Libertad,sv,Hogar,2025-03-19
11005,Cliente 11005,La Libertad,HN,Mayorista,2025-02-06
11006,Cliente 11006,Usulutan,sv,Hogar,2025-05-14
11007,Cliente 11007,,sv,Hogar,2025-03-02
11008,Cliente 11008,Chalatenango,NI,Mayorista,2025-01-21
11009,Cliente 11009,La Libertad,HN,Mayorista,2025-09-05
11010,Cliente 11010,Morazan,NI,PyME,2025-05-07
11011,Cliente 11011,Usulutan,sv,Constructor,2025-08-09
11012,Cliente 11012,San Vicente,HN,,2025-05-14
11013,Cliente 11013,La Libertad,sv,PyME,2025-02-22
11014,Cliente 11014,Ahuachapan,NI,Hogar,2025-04-09
11015,Cliente 11015,San Miguel,sv,Hogar,2025-06-01
11016,Cliente 11016,,ELS,Mayorista,2025-01-25
11017,Cliente 11017,SAN SALVADOR,NI,Mayorista,2025-05-04
11018,Cliente 11018,SAN SALVADOR,HN,,2025-01-08
11019,Cliente 11019,san salvador,HN,Mayorista,2025-02-16
11020,Cliente 11020,santa ana,NI,Mayorista,2025-01-08
11021,Cliente 11021,Cuscatlan,ELS,Hogar,2025-12-27
11022,Cliente 11022,Santa Ana,HN,Hogar,2025-01-06
11023,Cliente 11023,Santa Ana,NI,,2025-04-04
11024,Cliente 11024,Morazan,sv,Mayorista,2025-10-28
11025,Cliente 11025,,GT,Hogar,2025-05-06
11026,Cliente 11026,Sonsonate,SV,,2025-04-18
11027,Cliente 11027,Cuscatlan,SV,,2025-06-01
11028,Cliente 11028,Sonsonate,HN,Mayorista,2025-04-06
C11029,Cliente 11029,Chalatenango,NI,Mayorista,2025-12-27
11030,Cliente 11030,san salvador,sv,Mayorista,2025-04-15
11031,Cliente 11031,La Union,sv,Hogar,2025-09-26
11032,Cliente 11032,La Libertad,HN,PyME,2025-01-15
11033,Cliente 11033,San Miguel,HN,,2025-04-15
11034,Cliente 11034,,GT,Constructor,2025-11-05
11035,Cliente 11035,La Libertad,sv,,2025-01-06
11036,Cliente 11036,san salvador,NI,Mayorista,2025-10-04
11037,Cliente 11037,san salvador,SV,Hogar,2025-07-25
11038,Cliente 11038,san salvador,sv,Constructor,2025-06-22
11039,Cliente 11039,Ahuachapan,HN,,2025-10-13
11040,Cliente 11040,Santa Ana,HN,Hogar,2025-07-08
11041,Cliente 11041,Usulutan,ELS,Hogar,2025-05-01
11042,Cliente 11042,Santa Ana,sv,PyME,2025-05-22
11043,Cliente 11043,,ELS,Mayorista,2025-02-02
11044,Cliente 11044,San Vicente,ELS,PyME,2025-12-13
11045,Cliente 11045,La Union,NI,Mayorista,2025-09-22
11046,Cliente 11046,Usulutan,sv,Mayorista,2025-07-20
11047,Cliente 11047,Chalatenango,SV,Mayorista,2025-09-08
11048,Cliente 11048,La Paz,sv,,2025-04-14
11049,Cliente 11049,Ahuachapan,NI,,2025-10-08
11050,Cliente 11050,Santa Ana,HN,,2025-05-17
11051,Cliente 11051,San Salvador,SV,PyME,2025-11-02
11052,Cliente 11052,,sv,Constructor,2025-12-22
11053,Cliente 11053,Santa Ana,sv,Constructor,2025-05-14
11054,Cliente 11054,Morazan,SV,Hogar,2025-01-02
11055,Cliente 11055,La Union,sv,Mayorista,2025-09-22
11056,Cliente 11056,San Salvador,SV,PyME,2025-02-24
11057,Cliente 11057,Cuscatlan,sv,Mayorista,2025-01-19
11058,,Cuscatlan,GT,Mayorista,2025-08-16
11059,Cliente 11059,La Libertad,ELS,Hogar,2025-09-14
11060,Cliente 11060,Santa Ana,sv,Constructor,2025-12-16
11061,Cliente 11061,,NI,,2025-07-21
11062,Cliente 11062,santa ana,HN,Hogar,2025-06-04
11063,Cliente 11063,Usulutan,NI,Hogar,2025-01-12
11064,Cliente 11064,La Paz,sv,Mayorista,2025-09-28
11065,Cliente 11065,La Paz,ELS,Hogar,2025-02-13
11066,Cliente 11066,Sonsonate,sv,Mayorista,2025-07-28
11067,Cliente 11067,Cuscatlan,GT,Mayorista,2025-08-11
11068,Cliente 11068,santa ana,HN,,2025-05-13
11069,Cliente 11069,Chalatenango,GT,PyME,2025-08-20
C11070,Cliente 11070,,sv,,2025-12-02
11071,Cliente 11071,san salvador,SV,Hogar,2025-04-01
11072,Cliente 11072,San Miguel,SV,Hogar,2025-08-23
11073,Cliente 11073,santa ana,sv,Hogar,2025-02-20
11074,Cliente 11074,La Union,ELS,,ayer
11075,Cliente 11075,Santa Ana,GT,PyME,2025-05-15
11076,Cliente 11076,Cuscatlan,ELS,Hogar,2025-08-03
11077,Cliente 11077,Sonsonate,GT,PyME,2025-02-08
11078,Cliente 11078,Cuscatlan,HN,Constructor,2025-12-19
11079,Cliente 11079,,ELS,Hogar,2025-11-13
11080,Cliente 11080,Cuscatlan,ELS,Hogar,2025-05-05
11081,Cliente 11081,Usulutan,NI,,2025-08-05
11082,Cliente 11082,Usulutan,GT,,2025-12-17
11083,Cliente 11083,Sonsonate,ELS,Constructor,2025-11-01
11084,Cliente 11084,Santa Ana,HN,PyME,2025-10-27
11085,Cliente 11085,Santa Ana,HN,Hogar,2025-08-22
11086,Cliente 11086,SAN SALVADOR,ELS,Constructor,2025-03-09
11087,Cliente 11087,La Union,NI,PyME,2025-12-04
11088,Cliente 11088,,SV,Mayorista,2025-11-02
11089,Cliente 11089,San Salvador,HN,Hogar,2025-06-04
11090,Cliente 11090,Cuscatlan,SV,PyME,2025-10-11
11091,Cliente 11091,La Paz,SV,PyME,2025-05-09
11092,Cliente 11092,Santa Ana,sv,,2025-08-28
11093,Cliente 11093,La Libertad,sv,Constructor,2025-10-26
11094,Cliente 11094,SAN SALVADOR,ELS,Mayorista,2025-05-06
11095,Cliente 11095,San Miguel,HN,,2025-09-01
11096,Cliente 11096,San Miguel,GT,,2025-11-19
11097,Cliente 11097,,sv,Hogar,2025-01-28
11098,Cliente 11098,Morazan,sv,Constructor,2025-03-13
11099,Cliente 11099,La Paz,NI,Constructor,2025-05-23
11100,Cliente 11100,La Union,HN,Hogar,2025-02-27
11101,Cliente 11101,Chalatenango,SV,Hogar,2025-08-10
11102,Cliente 11102,Santa Ana,sv,Hogar,2025-06-27
11103,Cliente 11103,La Libertad,SV,PyME,2025-01-16
11104,Cliente 11104,san salvador,HN,Hogar,2025-06-21
11105,Cliente 11105,Chalatenango,ELS,Mayorista,2025-06-04
11106,Cliente 11106,,HN,Mayorista,2025-08-17
11107,Cliente 11107,Morazan,ELS,,2025-10-05
11108,Cliente 11108,Santa Ana,SV,PyME,2025-01-06
11109,Cliente 11109,La Union,HN,Mayorista,2025-04-06
11110,Cliente 11110,Sonsonate,NI,,2025-06-15
C11111,Cliente 11111,Morazan,NI,Hogar,2025-11-08
11112,Cliente 11112,San Miguel,NI,,2025-02-03
11113,Cliente 11113,La Paz,GT,Mayorista,2025-04-17
11114,Cliente 11114,SAN SALVADOR,ELS,Hogar,2025-08-02
11115,,,HN,Hogar,2025-09-02
11116,Cliente 11116,SAN SALVADOR,SV,,2025-02-19
11117,Cliente 11117,san salvador,SV,Constructor,2025-12-09
11118,Cliente 11118,Usulutan,HN,Mayorista,2025-02-07
11119,Cliente 11119,Morazan,GT,Hogar,2025-05-11
11120,Cliente 11120,Chalatenango,NI,Constructor,2025-12-22
11121,Cliente 11121,La Union,HN,PyME,2025-10-24
11122,Cliente 11122,La Union,GT,Mayorista,2025-10-25
11123,Cliente 11123,Morazan,ELS,Hogar,2025-06-21
11124,Cliente 11124,,sv,,2025-08-26
11125,Cliente 11125,La Libertad,NI,Hogar,2025-04-21
11126,Cliente 11126,La Union,HN,Mayorista,2025-05-20
11127,Cliente 11127,La Union,sv,PyME,2025-01-22
11128,Cliente 11128,Santa Ana,HN,Mayorista,2025-08-16
11129,Cliente 11129,Chalatenango,GT,Hogar,2025-03-20
11130,Cliente 11130,san salvador,HN,PyME,2025-06-20
11131,Cliente 11131,san salvador,SV,Mayorista,2025-01-05
11132,Cliente 11132,San Miguel,GT,Constructor,2025-02-16
11133,Cliente 11133,,sv,Constructor,2025-03-19
11134,Cliente 11134,La Paz,HN,Hogar,2025-06-28
11135,Cliente 11135,Sonsonate,HN,Constructor,2025-09-25
11136,Cliente 11136,Chalatenango,sv,Mayorista,2025-04-05
11137,Cliente 11137,La Union,ELS,Hogar,2025-05-21
11138,Cliente 11138,Morazan,SV,,2025-08-02
11139,Cliente 11139,Santa Ana,NI,PyME,2025-08-11
11140,Cliente 11140,Chalatenango,ELS,Hogar,2025-11-12
11141,Cliente 11141,San Salvador,SV,Constructor,2025-04-14
11142,Cliente 11142,,ELS,,2025-10-02
11143,Cliente 11143,Sonsonate,ELS,,2025-12-19
11144,Cliente 11144,santa ana,ELS,PyME,2025-03-25
11145,Cliente 11145,Santa Ana,GT,Hogar,2025-11-15
11146,Cliente 11146,San Vicente,ELS,Hogar,2025-09-26
11147,Cliente 11147,Sonsonate,NI,Constructor,2025-12-09
11148,Cliente 11148,santa ana,SV,PyME,2025-02-04
11149,Cliente 11149,SAN SALVADOR,sv,Hogar,2025-11-09
11150,Cliente 11150,La Paz,HN,Constructor,2025-09-03
11151,Cliente 11151,,HN,Mayorista,2025-07-23
C11152,Cliente 11152,Morazan,ELS,,2025-11-11
11153,Cliente 11153,Cuscatlan,NI,Constructor,2025-12-15
11154,Cliente 11154,Usulutan,SV,Constructor,2025-07-15
11155,Cliente 11155,Usulutan,sv,Hogar,2025-01-01
11156,Cliente 11156,Cuscatlan,sv,Constructor,2025-01-28
11157,Cliente 11157,San Vicente,SV,,2025-01-03
11158,Cliente 11158,Morazan,ELS,Constructor,2025-11-04
11159,Cliente 11159,La Paz,ELS,Mayorista,2025-09-02
11160,Cliente 11160,,sv,,2025-07-13
11160,Cliente 11160,,sv,,2025-07-13
11161,Cliente 11161,santa ana,NI,,2025-08-07
11162,Cliente 11162,Ahuachapan,sv,PyME,2025-08-15
11163,Cliente 11163,Chalatenango,sv,Hogar,2025-12-09
11164,Cliente 11164,Morazan,sv,Hogar,2025-01-19
11165,Cliente 11165,SAN SALVADOR,GT,Constructor,2025-05-26
11166,Cliente 11166,Morazan,HN,,2025-04-05
11167,Cliente 11167,Sonsonate,SV,Constructor,2025-12-26
11168,Cliente 11168,Ahuachapan,sv,Constructor,2025-08-17
11169,Cliente 11169,,sv,Hogar,2025-12-18
11170,Cliente 11170,San Miguel,NI,PyME,2025-09-27
11171,Cliente 11171,La Paz,sv,Constructor,2025-09-15
11172,,SAN SALVADOR,sv,Mayorista,2025-10-15
11173,Cliente 11173,Morazan,NI,,2025-02-03
11174,Cliente 11174,La Paz,ELS,Hogar,2025-09-28
11175,Cliente 11175,Chalatenango,ELS,Hogar,2025-10-19
11176,Cliente 11176,Sonsonate,ELS,,2025-05-26
11177,Cliente 11177,SAN SALVADOR,GT,Hogar,2025-03-13
11178,Cliente 11178,,SV,Mayorista,2025-06-10
11179,Cliente 11179,Cuscatlan,GT,Hogar,2025-09-23
11180,Cliente 11180,Sonsonate,NI,Constructor,2025-02-10
11181,Cliente 11181,La Paz,HN,,2025-09-13
11182,Cliente 11182,Sonsonate,ELS,Constructor,2025-01-05
11183,Cliente 11183,La Union,GT,Hogar,2025-01-25
11184,Cliente 11184,La Union,HN,Hogar,2025-08-04
11185,Cliente 11185,Cuscatlan,SV,PyME,2025-03-17
11186,Cliente 11186,San Miguel,SV,Hogar,2025-02-28
11187,Cliente 11187,,GT,PyME,ayer
11188,Cliente 11188,san salvador,sv,Constructor,2025-02-06
11189,Cliente 11189,Ahuachapan,SV,,2025-11-14
11190,Cliente 11190,San Salvador,NI,PyME,2025-12-16
11191,Cliente 11191,Ahuachapan,HN,Mayorista,2025-08-19
11192,Cliente 11192,La Libertad,HN,Constructor,2025-07-23
C11193,Cliente 11193,Ahuachapan,NI,Hogar,2025-08-18
11194,Cliente 11194,La Libertad,NI,Mayorista,2025-11-19
11195,Cliente 11195,Usulutan,sv,Mayorista,2025-06-15
11196,Cliente 11196,,GT,,2025-02-17
11197,Cliente 11197,San Miguel,ELS,Constructor,2025-09-03
11198,Cliente 11198,Morazan,ELS,Hogar,2025-04-17
11199,Cliente 11199,La Libertad,ELS,Hogar,2025-03-20
11200,Cliente 11200,La Paz,GT,,2025-07-27
11201,Cliente 11201,San Miguel,ELS,PyME,2025-04-01
11202,Cliente 11202,Santa Ana,ELS,Constructor,2025-06-08
11203,Cliente 11203,Chalatenango,GT,Hogar,2025-12-25
11204,Cliente 11204,San Vicente,NI,Hogar,2025-07-14
11205,Cliente 11205,,SV,Constructor,2025-05-09
11206,Cliente 11206,Sonsonate,ELS,,2025-11-02
11207,Cliente 11207,SAN SALVADOR,sv,PyME,2025-12-27
11208,Cliente 11208,Cuscatlan,HN,,2025-03-06
11209,Cliente 11209,Usulutan,HN,,2025-03-22
11210,Cliente 11210,Chalatenango,sv,Constructor,2025-09-06
11211,Cliente 11211,Usulutan,GT,,2025-06-11
11212,Cliente 11212,San Miguel,GT,PyME,2025-06-24
11213,Cliente 11213,La Union,NI,PyME,2025-04-07
11214,Cliente 11214,,NI,Hogar,2025-01-04
11215,Cliente 11215,san salvador,HN,Constructor,2025-09-01
11216,Cliente 11216,santa ana,SV,Hogar,2025-12-18
11217,Cliente 11217,San Salvador,ELS,Constructor,2025-10-25
11218,Cliente 11218,San Miguel,HN,Constructor,2025-06-19
11219,Cliente 11219,San Salvador,sv,PyME,2025-08-10
11220,Cliente 11220,Santa Ana,sv,Mayorista,2025-01-16
11221,Cliente 11221,La Libertad,sv,PyME,2025-04-27
11222,Cliente 11222,San Salvador,GT,Hogar,2025-04-28
11223,Cliente 11223,,ELS,PyME,2025-12-11
11224,Cliente 11224,santa ana,sv,Mayorista,2025-01-10
11225,Cliente 11225,Santa Ana,ELS,Mayorista,2025-01-23
11226,Cliente 11226,San Salvador,SV,Hogar,2025-10-18
11227,Cliente 11227,San Miguel,HN,Hogar,2025-11-27
11228,Cliente 11228,San Vicente,HN,Mayorista,2025-08-28
11229,,La Union,ELS,Mayorista,2025-02-04
11230,Cliente 11230,santa ana,GT,Mayorista,2025-07-13
11231,Cliente 11231,La Libertad,HN,Hogar,2025-10-17
11232,Cliente 11232,,GT,,2025-10-12
11233,Cliente 11233,Chalatenango,ELS,PyME,2025-01-04
C11234,Cliente 11234,San Salvador,SV,Constructor,2025-05-25
11235,Cliente 11235,SAN SALVADOR,NI,,2025-07-27
11236,Cliente 11236,Morazan,NI,,2025-04-06
11237,Cliente 11237,santa ana,sv,Constructor,2025-09-01
11238,Cliente 11238,SAN SALVADOR,ELS,PyME,2025-11-27
11239,Cliente 11239,Chalatenango,HN,Hogar,2025-01-28
11240,Cliente 11240,Usulutan,HN,Constructor,2025-05-16
11241,Cliente 11241,,SV,Constructor,2025-08-19
11242,Cliente 11242,Chalatenango,sv,Hogar,2025-05-08
11243,Cliente 11243,San Vicente,HN,PyME,2025-07-08
11244,Cliente 11244,Cuscatlan,HN,Mayorista,2025-10-25
11245,Cliente 11245,La Paz,sv,Constructor,2025-02-10
11246,Cliente 11246,Ahuachapan,GT,Mayorista,2025-06-11
11247,Cliente 11247,San Miguel,NI,Mayorista,2025-03-03
11248,Cliente 11248,Santa Ana,ELS,PyME,2025-01-15
11249,Cliente 11249,Sonsonate,GT,Constructor,2025-02-03
11250,Cliente 11250,,ELS,,2025-11-15
11251,Cliente 11251,Usulutan,SV,Constructor,2025-12-16
11252,Cliente 11252,Cuscatlan,GT,Constructor,2025-12-03
11253,Cliente 11253,Usulutan,GT,,2025-04-27
11254,Cliente 11254,La Paz,NI,,2025-03-28
11255,Cliente 11255,Usulutan,sv,Mayorista,2025-07-17
11256,Cliente 11256,Usulutan,GT,Mayorista,2025-07-27
11257,Cliente 11257,La Union,sv,Constructor,2025-12-06
11258,Cliente 11258,La Union,HN,,2025-01-19
11259,Cliente 11259,,NI,PyME,2025-09-19
11260,Cliente 11260,La Libertad,NI,Constructor,2025-09-16
11261,Cliente 11261,san salvador,HN,Hogar,2025-05-12
11262,Cliente 11262,Santa Ana,sv,Mayorista,2025-12-18
11263,Cliente 11263,San Salvador,GT,PyME,2025-06-14
11264,Cliente 11264,La Paz,HN,Mayorista,2025-12-19
11265,Cliente 11265,Sonsonate,GT,Constructor,2025-12-12
11266,Cliente 11266,La Libertad,ELS,Constructor,2025-06-22
11267,Cliente 11267,santa ana,NI,PyME,2025-06-03
11268,Cliente 11268,,NI,PyME,2025-10-09
11269,Cliente 11269,San Salvador,SV,Hogar,2025-03-22
11270,Cliente 11270,Santa Ana,NI,PyME,2025-10-07
11271,Cliente 11271,Sonsonate,SV,Hogar,2025-01-22
11272,Cliente 11272,Morazan,HN,,2025-11-07
11273,Cliente 11273,La Libertad,SV,Constructor,2025-10-03
11274,Cliente 11274,San Salvador,sv,Constructor,2025-06-26
C11275,Cliente 11275,San Miguel,GT,Constructor,2025-01-18
11276,Cliente 11276,SAN SALVADOR,NI,Mayorista,2025-02-17
11277,Cliente 11277,,NI,PyME,2025-10-12
11278,Cliente 11278,La Libertad,GT,Hogar,2025-07-17
11279,Cliente 11279,Ahuachapan,sv,PyME,2025-05-03
11280,Cliente 11280,Santa Ana,sv,,2025-10-11
11281,Cliente 11281,San Salvador,ELS,,2025-07-12
11282,Cliente 11282,San Miguel,GT,,2025-06-05
11283,Cliente 11283,Ahuachapan,GT,,2025-07-01
11284,Cliente 11284,Chalatenango,SV,Mayorista,2025-08-09
11285,Cliente 11285,Santa Ana,ELS,PyME,2025-01-28
11286,,,sv,Constructor,2025-08-03
11287,Cliente 11287,San Miguel,GT,Constructor,2025-08-27
11288,Cliente 11288,SAN SALVADOR,SV,Constructor,2025-11-23
11289,Cliente 11289,Usulutan,sv,PyME,2025-04-06
11290,Cliente 11290,Morazan,ELS,,2025-05-20
11291,Cliente 11291,Chalatenango,sv,,2025-07-21
11292,Cliente 11292,San Vicente,ELS,Constructor,2025-04-18
11293,Cliente 11293,San Miguel,ELS,Mayorista,2025-10-27
11294,Cliente 11294,San Miguel,NI,Constructor,2025-06-03
11295,Cliente 11295,,sv,Mayorista,2025-07-10
11296,Cliente 11296,Ahuachapan,HN,Mayorista,2025-04-18
11297,Cliente 11297,SAN SALVADOR,GT,Hogar,2025-12-12
11298,Cliente 11298,Usulutan,sv,Mayorista,2025-07-08
11299,Cliente 11299,San Salvador,ELS,,2025-12-13
11300,Cliente 11300,San Salvador,SV,,ayer
11301,Cliente 11301,Chalatenango,NI,Hogar,2025-01-20
11302,Cliente 11302,La Paz,SV,Hogar,2025-02-20
11303,Cliente 11303,Morazan,HN,Constructor,2025-07-07
11304,Cliente 11304,,ELS,Constructor,2025-10-15
11305,Cliente 11305,SAN SALVADOR,GT,PyME,2025-02-04
11306,Cliente 11306,La Union,SV,,2025-06-09
11307,Cliente 11307,San Miguel,ELS,,2025-04-25
11308,Cliente 11308,santa ana,HN,Mayorista,2025-09-23
11309,Cliente 11309,Ahuachapan,GT,Mayorista,2025-05-27
11310,Cliente 11310,Santa Ana,ELS,Mayorista,2025-05-12
11311,Cliente 11311,La Libertad,HN,Constructor,2025-01-20
11312,Cliente 11312,La Paz,sv,,2025-11-01
11313,Cliente 11313,,ELS,,2025-08-16
11314,Cliente 11314,san salvador,SV,Mayorista,2025-02-01
11315,Cliente 11315,Sonsonate,SV,,2025-11-08
C11316,Cliente 11316,La Union,ELS,Mayorista,2025-09-13
11317,Cliente 11317,san salvador,HN,Constructor,2025-09-06
11318,Cliente 11318,san salvador,ELS,Hogar,2025-04-03
11319,Cliente 11319,SAN SALVADOR,SV,Hogar,2025-08-03
11320,Cliente 11320,Cuscatlan,GT,PyME,2025-01-14
11321,Cliente 11321,san salvador,sv,Constructor,2025-10-27
11322,Cliente 11322,,sv,Constructor,2025-01-05
11323,Cliente 11323,Santa Ana,NI,Hogar,2025-05-21
11324,Cliente 11324,Chalatenango,GT,PyME,2025-07-24
11325,Cliente 11325,San Salvador,HN,Mayorista,2025-03-05
11326,Cliente 11326,La Libertad,ELS,,2025-05-14
11327,Cliente 11327,Chalatenango,GT,PyME,2025-05-19
11328,Cliente 11328,La Libertad,sv,Mayorista,2025-09-20
11329,Cliente 11329,La Libertad,ELS,Constructor,2025-04-25
11330,Cliente 11330,Cuscatlan,GT,,2025-02-07
11331,Cliente 11331,,HN,,2025-02-28
11332,Cliente 11332,san salvador,SV,,2025-11-28
11333,Cliente 11333,San Miguel,NI,Mayorista,2025-07-21
11334,Cliente 11334,La Paz,NI,Mayorista,2025-09-17
11335,Cliente 11335,Ahuachapan,HN,Mayorista,2025-07-20
11336,Cliente 11336,San Salvador,NI,Hogar,2025-06-19
11337,Cliente 11337,La Paz,HN,Constructor,2025-07-06
11338,Cliente 11338,Cuscatlan,sv,,2025-03-09
11339,Cliente 11339,Santa Ana,sv,,2025-05-23
11340,Cliente 11340,,sv,,2025-12-03
11340,Cliente 11340,,sv,,2025-12-03
11341,Cliente 11341,Santa Ana,sv,PyME,2025-11-08
11342,Cliente 11342,Ahuachapan,GT,Constructor,2025-03-04
11343,,La Paz,GT,PyME,2025-09-24
11344,Cliente 11344,Usulutan,HN,PyME,2025-07-02
11345,Cliente 11345,Usulutan,ELS,Hogar,2025-05-10
11346,Cliente 11346,Sonsonate,SV,PyME,2025-05-04
11347,Cliente 11347,La Libertad,sv,Constructor,2025-01-25
11348,Cliente 11348,Santa Ana,sv,Constructor,2025-02-05
11349,Cliente 11349,,NI,PyME,2025-01-25
11350,Cliente 11350,La Paz,SV,Mayorista,2025-06-13
11351,Cliente 11351,La Paz,ELS,Constructor,2025-06-14
11352,Cliente 11352,La Libertad,sv,Mayorista,2025-06-10
11353,Cliente 11353,Cuscatlan,HN,Hogar,2025-06-23
11354,Cliente 11354,Chalatenango,ELS,,2025-01-11
11355,Cliente 11355,SAN SALVADOR,HN,Hogar,2025-07-03
11356,Cliente 11356,San Salvador,sv,,2025-04-10
C11357,Cliente 11357,San Salvador,GT,Hogar,2025-04-01
11358,Cliente 11358,,SV,,2025-12-21
11359,Cliente 11359,San Vicente,ELS,PyME,2025-12-17
11360,Cliente 11360,santa ana,NI,Hogar,2025-03-16
11361,Cliente 11361,santa ana,sv,Hogar,2025-05-02
11362,Cliente 11362,La Union,sv,Constructor,2025-05-24
11363,Cliente 11363,La Union,ELS,Hogar,2025-04-04
11364,Cliente 11364,Santa Ana,GT,Mayorista,2025-03-24
11365,Cliente 11365,La Paz,ELS,Mayorista,2025-02-15
11366,Cliente 11366,San Miguel,HN,PyME,2025-05-04
11367,Cliente 11367,,sv,PyME,2025-10-13
11368,Cliente 11368,Chalatenango,ELS,PyME,2025-02-14
11369,Cliente 11369,Cuscatlan,GT,PyME,2025-01-26
11370,Cliente 11370,Chalatenango,sv,,2025-10-20
11371,Cliente 11371,Usulutan,sv,,2025-09-09
11372,Cliente 11372,Santa Ana,GT,,2025-11-03
11373,Cliente 11373,La Paz,HN,Mayorista,2025-01-26
11374,Cliente 11374,Cuscatlan,HN,Hogar,2025-05-15
11375,Cliente 11375,Cuscatlan,HN,,2025-04-17
11376,Cliente 11376,,NI,PyME,2025-12-12
11377,Cliente 11377,Ahuachapan,GT,Hogar,2025-08-17
11378,Cliente 11378,Santa Ana,GT,,2025-01-03
11379,Cliente 11379,San Vicente,sv,PyME,2025-03-21
11380,Cliente 11380,La Paz,NI,Hogar,2025-12-03
11381,Cliente 11381,Chalatenango,ELS,Hogar,2025-02-17
11382,Cliente 11382,San Miguel,ELS,,2025-03-24
11383,Cliente 11383,san salvador,GT,Mayorista,2025-12-04
11384,Cliente 11384,San Miguel,SV,Mayorista,2025-11-11
11385,Cliente 11385,,SV,Hogar,2025-11-28
11386,Cliente 11386,Ahuachapan,sv,,2025-05-10
11387,Cliente 11387,Cuscatlan,GT,PyME,2025-05-13
11388,Cliente 11388,Santa Ana,sv,Hogar,2025-06-09
11389,Cliente 11389,SAN SALVADOR,GT,Constructor,2025-11-17
11390,Cliente 11390,Sonsonate,SV,PyME,2025-09-21
11391,Cliente 11391,La Union,sv,Hogar,2025-10-12
11392,Cliente 11392,San Vicente,ELS,Mayorista,2025-07-12
11393,Cliente 11393,Sonsonate,SV,Hogar,2025-06-21
11394,Cliente 11394,,SV,,2025-05-22
11395,Cliente 11395,San Miguel,GT,PyME,2025-01-07
11396,Cliente 11396,Usulutan,HN,,2025-11-19
11397,Cliente 11397,San Miguel,HN,Constructor,2025-09-06
C11398,Cliente 11398,Usulutan,SV,Constructor,2025-09-20
11399,Cliente 11399,La Paz,SV,Mayorista,2025-04-16
11400,,San Vicente,GT,Hogar,2025-05-08
11401,Cliente 11401,Santa Ana,SV,PyME,2025-05-27
11402,Cliente 11402,Santa Ana,sv,PyME,2025-06-21
11403,Cliente 11403,,SV,Constructor,2025-03-15
11404,Cliente 11404,Santa Ana,NI,Constructor,2025-03-21
11405,Cliente 11405,Santa Ana,ELS,Hogar,2025-12-07
11406,Cliente 11406,Morazan,sv,,2025-08-08
11407,Cliente 11407,Usulutan,sv,PyME,2025-01-19
11408,Cliente 11408,Cuscatlan,GT,Constructor,2025-07-12
11409,Cliente 11409,San Vicente,NI,Mayorista,2025-04-20
11410,Cliente 11410,La Paz,NI,Constructor,2025-11-10
11411,Cliente 11411,La Union,SV,,2025-06-26
11412,Cliente 11412,,HN,,2025-12-18
11413,Cliente 11413,San Vicente,GT,Constructor,ayer
11414,Cliente 11414,Ahuachapan,ELS,,2025-11-25
11415,Cliente 11415,san salvador,HN,Mayorista,2025-06-28
11416,Cliente 11416,Chalatenango,SV,PyME,2025-07-03
11417,Cliente 11417,Chalatenango,HN,Hogar,2025-08-22
11418,Cliente 11418,san salvador,ELS,Constructor,2025-04-17
11419,Cliente 11419,San Vicente,sv,Hogar,2025-02-10
11420,Cliente 11420,santa ana,NI,Hogar,2025-08-27
11421,Cliente 11421,,GT,Mayorista,2025-05-16
11422,Cliente 11422,San Vicente,SV,Mayorista,2025-01-22
11423,Cliente 11423,Santa Ana,ELS,Hogar,2025-04-16
11424,Cliente 11424,San Vicente,SV,,2025-08-19
11425,Cliente 11425,Sonsonate,NI,Mayorista,2025-02-18
11426,Cliente 11426,SAN SALVADOR,GT,Hogar,2025-10-27
11427,Cliente 11427,SAN SALVADOR,SV,Mayorista,2025-05-09
11428,Cliente 11428,Chalatenango,ELS,PyME,2025-06-12
11429,Cliente 11429,Santa Ana,SV,Constructor,2025-11-26
11430,Cliente 11430,,ELS,Constructor,2025-12-20
11431,Cliente 11431,San Miguel,NI,Mayorista,2025-01-24
11432,Cliente 11432,San Vicente,SV,Constructor,2025-10-14
11433,Cliente 11433,San Miguel,HN,Hogar,2025-04-27
11434,Cliente 11434,San Salvador,HN,Mayorista,2025-02-12
11435,Cliente 11435,Ahuachapan,SV,Constructor,2025-02-06
11436,Cliente 11436,san salvador,ELS,Mayorista,2025-10-01
11437,Cliente 11437,San Vicente,NI,Mayorista,2025-03-15
11438,Cliente 11438,Morazan,ELS,Hogar,2025-07-20
C11439,Cliente 11439,,GT,Hogar,2025-01-14
11440,Cliente 11440,Morazan,ELS,Hogar,2025-07-06
11441,Cliente 11441,San Miguel,sv,PyME,2025-12-27
11442,Cliente 11442,San Vicente,NI,Hogar,2025-03-13
11443,Cliente 11443,Usulutan,ELS,PyME,2025-03-26
11444,Cliente 11444,Sonsonate,GT,,2025-12-22
11445,Cliente 11445,Sonsonate,NI,,2025-02-03
11446,Cliente 11446,San Vicente,GT,PyME,2025-11-22
11447,Cliente 11447,Morazan,sv,,2025-07-25
11448,Cliente 11448,,sv,,2025-12-06
11449,Cliente 11449,San Vicente,sv,PyME,2025-07-13
11450,Cliente 11450,Morazan,NI,Constructor,2025-06-02
11451,Cliente 11451,Santa Ana,NI,Hogar,2025-10-26
11452,Cliente 11452,La Libertad,HN,,2025-08-01
11453,Cliente 11453,san salvador,GT,PyME,2025-09-10
11454,Cliente 11454,La Union,HN,Constructor,2025-04-09
11455,Cliente 11455,Santa Ana,SV,PyME,2025-06-27
11456,Cliente 11456,Chalatenango,sv,PyME,2025-07-23
11457,,,GT,Hogar,2025-12-10
11458,Cliente 11458,santa ana,ELS,,2025-02-18
11459,Cliente 11459,Chalatenango,GT,Constructor,2025-05-03
11460,Cliente 11460,Santa Ana,SV,Hogar,2025-11-06
11461,Cliente 11461,Cuscatlan,sv,PyME,2025-02-14
11462,Cliente 11462,La Paz,NI,Mayorista,2025-12-28
11463,Cliente 11463,La Libertad,NI,Mayorista,2025-03-12
11464,Cliente 11464,La Paz,sv,PyME,2025-12-24
11465,Cliente 11465,Sonsonate,SV,Mayorista,2025-12-22
11466,Cliente 11466,,SV,Mayorista,2025-08-26
11467,Cliente 11467,La Paz,sv,PyME,2025-04-10
11468,Cliente 11468,san salvador,SV,Mayorista,2025-08-20
11469,Cliente 11469,Ahuachapan,SV,PyME,2025-04-01
11470,Cliente 11470,santa ana,HN,,2025-10-19
11471,Cliente 11471,San Vicente,ELS,,2025-08-19
11472,Cliente 11472,San Vicente,ELS,Mayorista,2025-09-09
11473,Cliente 11473,Ahuachapan,GT,,2025-09-11
11474,Cliente 11474,san salvador,GT,,2025-10-26
11475,Cliente 11475,,sv,Hogar,2025-05-07
11476,Cliente 11476,La Paz,HN,Constructor,2025-03-11
11477,Cliente 11477,Santa Ana,sv,Mayorista,2025-11-03
11478,Cliente 11478,Usulutan,NI,Hogar,2025-09-09
11479,Cliente 11479,Ahuachapan,SV,Constructor,2025-12-02
C11480,Cliente 11480,San Vicente,NI,Mayorista,2025-05-09
11481,Cliente 11481,Morazan,NI,Mayorista,2025-04-07
11482,Cliente 11482,La Union,sv,Mayorista,2025-07-02
11483,Cliente 11483,Sonsonate,NI,Constructor,2025-05-28
11484,Cliente 11484,,GT,PyME,2025-03-26
11485,Cliente 11485,Sonsonate,HN,Constructor,2025-10-10
11486,Cliente 11486,La Union,ELS,Mayorista,2025-12-09
11487,Cliente 11487,santa ana,GT,Hogar,2025-12-17
11488,Cliente 11488,Usulutan,GT,Constructor,2025-02-01
11489,Cliente 11489,San Miguel,NI,Constructor,2025-07-14
11490,Cliente 11490,santa ana,HN,Mayorista,2025-07-23
11491,Cliente 11491,San Miguel,SV,Constructor,2025-03-23
11492,Cliente 11492,SAN SALVADOR,SV,Mayorista,2025-05-25
11493,Cliente 11493,,GT,Hogar,2025-01-15
11494,Cliente 11494,San Miguel,GT,,2025-01-20
11495,Cliente 11495,San Miguel,SV,Hogar,2025-05-27
11496,Cliente 11496,La Libertad,SV,Mayorista,2025-10-07
11497,Cliente 11497,San Vicente,SV,Constructor,2025-06-09
11498,Cliente 11498,Ahuachapan,ELS,Hogar,2025-09-19
11499,Cliente 11499,Morazan,NI,PyME,2025-07-15
11500,Cliente 11500,san salvador,HN,Mayorista,2025-10-26
11501,Cliente 11501,Ahuachapan,ELS,Constructor,2025-01-24
11502,Cliente 11502,,GT,PyME,2025-04-26
11503,Cliente 11503,San Vicente,sv,Constructor,2025-11-21
11504,Cliente 11504,Morazan,SV,,2025-12-02
11505,Cliente 11505,santa ana,ELS,Hogar,2025-07-02
11506,Cliente 11506,San Salvador,NI,Hogar,2025-04-18
11507,Cliente 11507,SAN SALVADOR,GT,Hogar,2025-02-08
11508,Cliente 11508,Usulutan,NI,Mayorista,2025-04-05
11509,Cliente 11509,Santa Ana,NI,,2025-08-08
11510,Cliente 11510,Cuscatlan,SV,Mayorista,2025-04-14
11511,Cliente 11511,,ELS,PyME,2025-09-19
11512,Cliente 11512,Usulutan,SV,,2025-06-20
11513,Cliente 11513,San Miguel,GT,,2025-06-25
11514,,Chalatenango,HN,PyME,2025-08-01
11515,Cliente 11515,Santa Ana,GT,Constructor,2025-09-03
11516,Cliente 11516,La Paz,sv,Mayorista,2025-07-02
11517,Cliente 11517,san salvador,HN,Constructor,2025-08-03
11518,Cliente 11518,San Salvador,SV,PyME,2025-05-07
11519,Cliente 11519,Santa Ana,NI,Hogar,2025-05-25
11520,Cliente 11520,,SV,Constructor,2025-08-18
11520,Cliente 11520,,SV,Constructor,2025-08-18
C11521,Cliente 11521,Ahuachapan,ELS,PyME,2025-04-08
11522,Cliente 11522,san salvador,NI,Constructor,2025-10-14
11523,Cliente 11523,Santa Ana,SV,Hogar,2025-01-16
11524,Cliente 11524,Morazan,SV,Mayorista,2025-03-10
11525,Cliente 11525,SAN SALVADOR,GT,,2025-10-23
11526,Cliente 11526,Sonsonate,sv,Hogar,ayer
11527,Cliente 11527,Morazan,GT,Hogar,2025-10-05
11528,Cliente 11528,San Vicente,ELS,Hogar,2025-07-26
11529,Cliente 11529,,NI,PyME,2025-06-25
11530,Cliente 11530,San Salvador,sv,Mayorista,2025-05-25
11531,Cliente 11531,Morazan,sv,Hogar,2025-10-06
11532,Cliente 11532,Morazan,NI,Mayorista,2025-05-25
11533,Cliente 11533,Sonsonate,NI,PyME,2025-07-24
11534,Cliente 11534,Santa Ana,sv,Hogar,2025-10-14
11535,Cliente 11535,San Miguel,sv,Hogar,2025-12-10
11536,Cliente 11536,Santa Ana,GT,PyME,2025-07-04
11537,Cliente 11537,San Miguel,sv,Mayorista,2025-07-23
11538,Cliente 11538,,GT,Mayorista,2025-12-02
11539,Cliente 11539,SAN SALVADOR,NI,,2025-05-20
11540,Cliente 11540,Sonsonate,sv,Mayorista,2025-11-07
11541,Cliente 11541,santa ana,NI,Mayorista,2025-07-24
11542,Cliente 11542,Chalatenango,NI,PyME,2025-06-21
11543,Cliente 11543,Sonsonate,SV,Hogar,2025-09-21
11544,Cliente 11544,Sonsonate,sv,PyME,2025-11-15
11545,Cliente 11545,Sonsonate,NI,,2025-02-14
11546,Cliente 11546,La Libertad,GT,Mayorista,2025-10-24
11547,Cliente 11547,,HN,Mayorista,2025-11-03
11548,Cliente 11548,Ahuachapan,NI,Mayorista,2025-07-27
11549,Cliente 11549,San Miguel,ELS,Mayorista,2025-12-24
11550,Cliente 11550,La Union,SV,Hogar,2025-03-06
11551,Cliente 11551,San Vicente,HN,,2025-12-08
11552,Cliente 11552,Chalatenango,NI,Hogar,2025-09-15
11553,Cliente 11553,Ahuachapan,ELS,,2025-10-02
11554,Cliente 11554,Cuscatlan,NI,Hogar,2025-02-22
11555,Cliente 11555,San Salvador,HN,Mayorista,2025-10-16
11556,Cliente 11556,,SV,Hogar,2025-09-26
11557,Cliente 11557,Usulutan,GT,Hogar,2025-03-04
11558,Cliente 11558,SAN SALVADOR,NI,Constructor,2025-02-01
11559,Cliente 11559,San Vicente,NI,Constructor,2025-11-05
11560,Cliente 11560,Santa Ana,SV,Mayorista,2025-11-04
11561,Cliente 11561,La Libertad,HN,Mayorista,2025-11-23
C11562,Cliente 11562,san salvador,ELS,Hogar,2025-02-04
11563,Cliente 11563,La Libertad,HN,Hogar,2025-05-23
11564,Cliente 11564,Chalatenango,GT,Mayorista,2025-06-03
11565,Cliente 11565,,NI,PyME,2025-09-10
11566,Cliente 11566,Sonsonate,SV,,2025-04-24
11567,Cliente 11567,Cuscatlan,ELS,Constructor,2025-09-20
11568,Cliente 11568,La Libertad,sv,,2025-03-21
11569,Cliente 11569,Morazan,sv,Constructor,2025-09-02
11570,Cliente 11570,Cuscatlan,HN,PyME,2025-03-09
11571,,Morazan,GT,Hogar,2025-03-03
11572,Cliente 11572,Santa Ana,NI,Mayorista,2025-04-12
11573,Cliente 11573,SAN SALVADOR,GT,,2025-03-14
11574,Cliente 11574,,GT,Constructor,2025-04-14
11575,Cliente 11575,Usulutan,SV,PyME,2025-01-23
11576,Cliente 11576,Usulutan,GT,,2025-09-21
11577,Cliente 11577,santa ana,GT,Mayorista,2025-08-02
11578,Cliente 11578,La Libertad,GT,PyME,2025-01-26
11579,Cliente 11579,san salvador,ELS,,2025-07-04
11580,Cliente 11580,santa ana,ELS,,2025-08-03
11581,Cliente 11581,Usulutan,NI,Mayorista,2025-09-27
11582,Cliente 11582,Ahuachapan,SV,Mayorista,2025-08-20
11583,Cliente 11583,,SV,Hogar,2025-04-19
11584,Cliente 11584,San Vicente,NI,PyME,2025-01-20
11585,Cliente 11585,Ahuachapan,SV,Hogar,2025-04-25
11586,Cliente 11586,Morazan,HN,PyME,2025-06-06
11587,Cliente 11587,La Libertad,sv,Hogar,2025-11-27
11588,Cliente 11588,Cuscatlan,SV,,2025-03-05
11589,Cliente 11589,La Union,ELS,Constructor,2025-05-13
11590,Cliente 11590,Cuscatlan,GT,Hogar,2025-03-02
11591,Cliente 11591,Chalatenango,sv,PyME,2025-08-14
11592,Cliente 11592,,HN,PyME,2025-06-28
11593,Cliente 11593,Usulutan,ELS,Constructor,2025-01-22
11594,Cliente 11594,La Libertad,NI,PyME,2025-06-23
11595,Cliente 11595,Ahuachapan,ELS,,2025-06-14
11596,Cliente 11596,Chalatenango,sv,Mayorista,2025-07-01
11597,Cliente 11597,La Libertad,GT,Mayorista,2025-04-09
11598,Cliente 11598,Sonsonate,GT,Hogar,2025-12-14
11599,Cliente 11599,San Salvador,HN,,2025-05-07
11600,Cliente 11600,Morazan,ELS,PyME,2025-07-27
11601,Cliente 11601,,NI,Mayorista,2025-07-13
11602,Cliente 11602,Morazan,HN,Constructor,2025-03-22
C11603,Cliente 11603,Usulutan,ELS,Constructor,2025-05-06
11604,Cliente 11604,Chalatenango,HN,Constructor,2025-02-20
11605,Cliente 11605,San Vicente,sv,,2025-02-05
11606,Cliente 11606,La Libertad,NI,PyME,2025-04-18
11607,Cliente 11607,La Libertad,HN,PyME,2025-09-07
11608,Cliente 11608,Santa Ana,sv,Constructor,2025-06-22
11609,Cliente 11609,Cuscatlan,sv,Mayorista,2025-04-03
11610,Cliente 11610,,GT,Constructor,2025-11-22
11611,Cliente 11611,Sonsonate,ELS,Constructor,2025-08-25
11612,Cliente 11612,santa ana,GT,,2025-10-15
11613,Cliente 11613,San Vicente,GT,,2025-10-16
11614,Cliente 11614,san salvador,ELS,PyME,2025-08-27
11615,Cliente 11615,Usulutan,SV,Hogar,2025-06-18
11616,Cliente 11616,Morazan,HN,PyME,2025-09-10
11617,Cliente 11617,Santa Ana,sv,Hogar,2025-11-14
11618,Cliente 11618,San Miguel,sv,PyME,2025-10-22
11619,Cliente 11619,,SV,Hogar,2025-07-24
11620,Cliente 11620,Chalatenango,NI,Mayorista,2025-08-13
11621,Cliente 11621,La Paz,GT,PyME,2025-05-01
11622,Cliente 11622,Santa Ana,sv,PyME,2025-01-09
11623,Cliente 11623,Cuscatlan,ELS,,2025-03-25
11624,Cliente 11624,santa ana,sv,PyME,2025-12-10
11625,Cliente 11625,San Salvador,SV,,2025-09-22
11626,Cliente 11626,La Union,NI,PyME,2025-08-20
11627,Cliente 11627,San Vicente,GT,Hogar,2025-07-25
11628,,,HN,Hogar,2025-12-24
11629,Cliente 11629,Usulutan,sv,,2025-11-12
11630,Cliente 11630,San Salvador,ELS,Mayorista,2025-05-19
11631,Cliente 11631,Usulutan,NI,Hogar,2025-07-27
11632,Cliente 11632,Cuscatlan,SV,PyME,2025-10-10
11633,Cliente 11633,san salvador,SV,PyME,2025-08-25
11634,Cliente 11634,Usulutan,ELS,Constructor,2025-08-06
11635,Cliente 11635,Usulutan,GT,Hogar,2025-10-22
11636,Cliente 11636,Ahuachapan,NI,PyME,2025-01-28
11637,Cliente 11637,,SV,Constructor,2025-11-28
11638,Cliente 11638,Sonsonate,ELS,PyME,2025-02-28
11639,Cliente 11639,san salvador,NI,,ayer
11640,Cliente 11640,san salvador,ELS,,2025-02-27
11641,Cliente 11641,Ahuachapan,GT,Mayorista,2025-10-02
11642,Cliente 11642,San Miguel,GT,Hogar,2025-06-15
11643,Cliente 11643,Sonsonate,NI,Constructor,2025-12-21
C11644,Cliente 11644,Santa Ana,SV,Constructor,2025-09-06
11645,Cliente 11645,Chalatenango,GT,Mayorista,2025-10-09
11646,Cliente 11646,,SV,,2025-12-04
11647,Cliente 11647,San Vicente,HN,PyME,2025-09-16
11648,Cliente 11648,Chalatenango,sv,PyME,2025-10-25
11649,Cliente 11649,Ahuachapan,NI,Mayorista,2025-11-10
11650,Cliente 11650,Cuscatlan,sv,Hogar,2025-07-06
11651,Cliente 11651,Santa Ana,sv,Constructor,2025-12-26
11652,Cliente 11652,san salvador,ELS,,2025-05-21
11653,Cliente 11653,San Salvador,GT,Mayorista,2025-02-21
11654,Cliente 11654,SAN SALVADOR,SV,Constructor,2025-05-12
11655,Cliente 11655,,GT,,2025-12-01
11656,Cliente 11656,Sonsonate,SV,,2025-04-26
11657,Cliente 11657,Usulutan,ELS,,2025-09-11
11658,Cliente 11658,San Vicente,ELS,Mayorista,2025-10-09
11659,Cliente 11659,Usulutan,sv,PyME,2025-08-13
11660,Cliente 11660,san salvador,SV,Mayorista,2025-04-01
11661,Cliente 11661,Morazan,GT,,2025-11-02
11662,Cliente 11662,San Vicente,GT,Mayorista,2025-08-08
11663,Cliente 11663,Cuscatlan,sv,,2025-09-26
11664,Cliente 11664,,ELS,Hogar,2025-07-19
11665,Cliente 11665,santa ana,ELS,Constructor,2025-01-11
11666,Cliente 11666,San Vicente,NI,,2025-05-20
11667,Cliente 11667,Cuscatlan,ELS,,2025-06-13
11668,Cliente 11668,Ahuachapan,ELS,PyME,2025-03-01
11669,Cliente 11669,Sonsonate,GT,,2025-04-06
11670,Cliente 11670,SAN SALVADOR,HN,PyME,2025-10-06
11671,Cliente 11671,SAN SALVADOR,SV,Hogar,2025-09-09
11672,Cliente 11672,La Union,GT,Mayorista,2025-08-05
11673,Cliente 11673,,NI,Hogar,2025-05-14
11674,Cliente 11674,Cuscatlan,HN,Constructor,2025-12-07
11675,Cliente 11675,santa ana,SV,PyME,2025-12-12
11676,Cliente 11676,La Union,SV,Hogar,2025-11-04
11677,Cliente 11677,san salvador,SV,PyME,2025-10-06
11678,Cliente 11678,San Vicente,SV,PyME,2025-11-20
11679,Cliente 11679,La Paz,HN,Constructor,2025-09-22
11680,Cliente 11680,La Union,NI,Mayorista,2025-02-06
11681,Cliente 11681,santa ana,sv,Constructor,2025-08-17
11682,Cliente 11682,,ELS,Hogar,2025-08-18
11683,Cliente 11683,SAN SALVADOR,HN,Hogar,2025-05-12
11684,Cliente 11684,San Salvador,SV,PyME,2025-06-15
C11685,,Usulutan,ELS,Mayorista,2025-08-20
11686,Cliente 11686,La Libertad,sv,Mayorista,2025-02-01
11687,Cliente 11687,Sonsonate,NI,PyME,2025-02-24
11688,Cliente 11688,Sonsonate,HN,Mayorista,2025-07-07
11689,Cliente 11689,Ahuachapan,NI,PyME,2025-10-27
11690,Cliente 11690,Chalatenango,GT,Hogar,2025-11-22
11691,Cliente 11691,,GT,PyME,2025-03-23
11692,Cliente 11692,san salvador,GT,Mayorista,2025-12-09
11693,Cliente 11693,San Salvador,NI,Constructor,2025-02-16
11694,Cliente 11694,La Paz,SV,Constructor,2025-02-04
11695,Cliente 11695,santa ana,HN,Constructor,2025-08-20
11696,Cliente 11696,San Salvador,NI,PyME,2025-09-03
11697,Cliente 11697,Usulutan,NI,Constructor,2025-09-07
11698,Cliente 11698,San Salvador,NI,Hogar,2025-07-22
11699,Cliente 11699,san salvador,HN,Mayorista,2025-09-15
11700,Cliente 11700,,SV,,2025-02-11
11700,Cliente 11700,,SV,,2025-02-11
11701,Cliente 11701,Santa Ana,NI,Mayorista,2025-12-18
11702,Cliente 11702,La Libertad,NI,PyME,2025-12-13
11703,Cliente 11703,Cuscatlan,ELS,Constructor,2025-11-07
11704,Cliente 11704,Cuscatlan,GT,Mayorista,2025-01-28
11705,Cliente 11705,La Paz,GT,,2025-11-06
11706,Cliente 11706,Ahuachapan,GT,Mayorista,2025-11-19
11707,Cliente 11707,San Vicente,NI,Constructor,2025-03-06
11708,Cliente 11708,SAN SALVADOR,NI,Hogar,2025-09-25
11709,Cliente 11709,,GT,PyME,2025-10-09
11710,Cliente 11710,Usulutan,SV,Mayorista,2025-05-11
11711,Cliente 11711,santa ana,sv,,2025-03-01
11712,Cliente 11712,San Salvador,NI,Constructor,2025-12-09
11713,Cliente 11713,La Union,ELS,Constructor,2025-10-16
11714,Cliente 11714,San Vicente,ELS,,2025-03-02
11715,Cliente 11715,Sonsonate,HN,Hogar,2025-09-14
11716,Cliente 11716,La Union,ELS,,2025-01-01
11717,Cliente 11717,San Vicente,sv,Constructor,2025-02-13
11718,Cliente 11718,,HN,Constructor,2025-03-14
11719,Cliente 11719,La Paz,HN,Hogar,2025-10-11
11720,Cliente 11720,Cuscatlan,NI,,2025-09-26
11721,Cliente 11721,La Union,ELS,PyME,2025-02-02
11722,Cliente 11722,Sonsonate,NI,,2025-07-08
11723,Cliente 11723,Sonsonate,SV,Constructor,2025-07-10
11724,Cliente 11724,San Miguel,ELS,Mayorista,2025-10-13
11725,Cliente 11725,San Miguel,SV,Constructor,2025-03-22
C11726,Cliente 11726,Usulutan,ELS,Constructor,2025-12-05
11727,Cliente 11727,,NI,Mayorista,2025-11-23
11728,Cliente 11728,San Miguel,NI,PyME,2025-01-28
11729,Cliente 11729,Chalatenango,GT,Mayorista,2025-03-21
11730,Cliente 11730,Cuscatlan,SV,PyME,2025-12-05
11731,Cliente 11731,San Vicente,sv,Mayorista,2025-11-26
11732,Cliente 11732,SAN SALVADOR,GT,Hogar,2025-05-02
11733,Cliente 11733,Ahuachapan,HN,Constructor,2025-07-13
11734,Cliente 11734,San Vicente,HN,Hogar,2025-12-18
11735,Cliente 11735,Usulutan,HN,Constructor,2025-08-09
11736,Cliente 11736,,NI,Constructor,2025-12-11
11737,Cliente 11737,santa ana,ELS,Hogar,2025-01-06
11738,Cliente 11738,Cuscatlan,HN,Mayorista,2025-03-23
11739,Cliente 11739,Sonsonate,HN,Mayorista,2025-12-21
11740,Cliente 11740,SAN SALVADOR,ELS,Hogar,2025-02-27
11741,Cliente 11741,La Paz,ELS,,2025-04-11
11742,,San Miguel,GT,Hogar,2025-06-23
11743,Cliente 11743,Morazan,sv,Hogar,2025-09-04
11744,Cliente 11744,Chalatenango,sv,Constructor,2025-10-05
11745,Cliente 11745,,SV,Mayorista,2025-12-25
11746,Cliente 11746,Usulutan,HN,,2025-11-26
11747,Cliente 11747,santa ana,NI,Hogar,2025-08-16
11748,Cliente 11748,san salvador,GT,Hogar,2025-07-01
11749,Cliente 11749,Morazan,NI,PyME,2025-10-15
11750,Cliente 11750,san salvador,sv,PyME,2025-11-21
11751,Cliente 11751,Morazan,ELS,PyME,2025-12-14
11752,Cliente 11752,SAN SALVADOR,sv,Constructor,ayer
11753,Cliente 11753,San Salvador,sv,Hogar,2025-09-28
11754,Cliente 11754,,SV,,2025-04-02
11755,Cliente 11755,San Salvador,GT,Mayorista,2025-09-22
11756,Cliente 11756,SAN SALVADOR,HN,Constructor,2025-08-06
11757,Cliente 11757,Santa Ana,ELS,Mayorista,2025-03-01
11758,Cliente 11758,San Vicente,HN,Hogar,2025-12-21
11759,Cliente 11759,Santa Ana,sv,Hogar,2025-03-18
11760,Cliente 11760,Santa Ana,ELS,Mayorista,2025-02-01
11761,Cliente 11761,Santa Ana,ELS,,2025-01-27
11762,Cliente 11762,san salvador,SV,,2025-10-06
11763,Cliente 11763,,HN,Mayorista,2025-05-06
11764,Cliente 11764,San Miguel,SV,Constructor,2025-08-13
11765,Cliente 11765,Chalatenango,NI,Constructor,2025-09-05
11766,Cliente 11766,Chalatenango,HN,PyME,2025-12-18
C11767,Cliente 11767,Cuscatlan,NI,,2025-10-15
11768,Cliente 11768,san salvador,GT,Mayorista,2025-09-07
11769,Cliente 11769,Ahuachapan,NI,Constructor,2025-12-13
11770,Cliente 11770,santa ana,sv,Hogar,2025-05-14
11771,Cliente 11771,La Libertad,SV,PyME,2025-05-02
11772,Cliente 11772,,ELS,,2025-10-17
11773,Cliente 11773,San Salvador,ELS,,2025-09-09
11774,Cliente 11774,Santa Ana,HN,Mayorista,2025-08-07
11775,Cliente 11775,La Libertad,SV,PyME,2025-07-10
11776,Cliente 11776,Santa Ana,SV,Constructor,2025-05-14
11777,Cliente 11777,Usulutan,HN,Mayorista,2025-10-27
11778,Cliente 11778,Ahuachapan,ELS,Constructor,2025-11-13
11779,Cliente 11779,San Salvador,GT,,2025-09-07
11780,Cliente 11780,La Paz,NI,Constructor,2025-05-26
11781,Cliente 11781,,SV,Mayorista,2025-11-04
11782,Cliente 11782,santa ana,HN,,2025-05-18
11783,Cliente 11783,La Union,GT,Constructor,2025-02-26
11784,Cliente 11784,San Salvador,sv,PyME,2025-06-01
11785,Cliente 11785,La Paz,GT,PyME,2025-02-23
11786,Cliente 11786,San Salvador,sv,PyME,2025-11-24
11787,Cliente 11787,La Libertad,HN,Constructor,2025-02-18
11788,Cliente 11788,Chalatenango,ELS,Hogar,2025-05-01
11789,Cliente 11789,La Union,ELS,Constructor,2025-07-19
11790,Cliente 11790,,GT,Mayorista,2025-11-22
11791,Cliente 11791,santa ana,HN,Constructor,2025-04-24
11792,Cliente 11792,Chalatenango,ELS,Mayorista,2025-09-28
11793,Cliente 11793,san salvador,GT,Mayorista,2025-11-22
11794,Cliente 11794,San Vicente,SV,Constructor,2025-07-11
11795,Cliente 11795,La Union,NI,Hogar,2025-12-14
11796,Cliente 11796,Morazan,ELS,Mayorista,2025-12-22
11797,Cliente 11797,Cuscatlan,NI,Mayorista,2025-03-04
11798,Cliente 11798,La Libertad,GT,Constructor,2025-03-15
11799,,,GT,Constructor,2025-11-24
11800,Cliente 11800,Chalatenango,sv,Constructor,2025-01-12
11801,Cliente 11801,Morazan,SV,,2025-12-23
11802,Cliente 11802,La Libertad,SV,,2025-05-07
11803,Cliente 11803,La Libertad,NI,,2025-02-16
11804,Cliente 11804,Morazan,GT,Constructor,2025-04-12
11805,Cliente 11805,Usulutan,GT,PyME,2025-02-12
11806,Cliente 11806,La Paz,ELS,Mayorista,2025-06-10
11807,Cliente 11807,SAN SALVADOR,ELS,Hogar,2025-02-03
C11808,Cliente 11808,,sv,Hogar,2025-06-11
11809,Cliente 11809,La Libertad,SV,PyME,2025-06-10
11810,Cliente 11810,La Union,GT,Hogar,2025-06-02
11811,Cliente 11811,La Paz,NI,Mayorista,2025-11-08
11812,Cliente 11812,La Union,NI,PyME,2025-09-11
11813,Cliente 11813,La Paz,GT,PyME,2025-10-11
11814,Cliente 11814,Sonsonate,SV,PyME,2025-11-11
11815,Cliente 11815,La Paz,NI,Hogar,2025-09-26
11816,Cliente 11816,Chalatenango,SV,PyME,2025-08-13
11817,Cliente 11817,,GT,PyME,2025-04-11
11818,Cliente 11818,San Vicente,SV,,2025-06-10
11819,Cliente 11819,Chalatenango,ELS,PyME,2025-02-27
11820,Cliente 11820,santa ana,HN,,2025-05-24
11821,Cliente 11821,San Vicente,sv,Mayorista,2025-02-13
11822,Cliente 11822,Ahuachapan,GT,Mayorista,2025-06-17
11823,Cliente 11823,santa ana,ELS,,2025-10-02
11824,Cliente 11824,Santa Ana,HN,PyME,2025-02-20
11825,Cliente 11825,san salvador,SV,PyME,2025-02-15
11826,Cliente 11826,,HN,Hogar,2025-07-23
11827,Cliente 11827,san salvador,sv,Constructor,2025-10-16
11828,Cliente 11828,Santa Ana,sv,Mayorista,2025-10-09
11829,Cliente 11829,Morazan,GT,Constructor,2025-02-17
11830,Cliente 11830,Ahuachapan,SV,Hogar,2025-07-20
11831,Cliente 11831,SAN SALVADOR,ELS,,2025-12-26
11832,Cliente 11832,san salvador,ELS,,2025-09-07
11833,Cliente 11833,santa ana,sv,Hogar,2025-09-17
11834,Cliente 11834,San Vicente,GT,Constructor,2025-04-05
11835,Cliente 11835,,NI,Constructor,2025-01-10
11836,Cliente 11836,SAN SALVADOR,GT,Constructor,2025-07-20
11837,Cliente 11837,SAN SALVADOR,SV,PyME,2025-07-02
11838,Cliente 11838,santa ana,SV,Hogar,2025-02-17
11839,Cliente 11839,San Vicente,sv,Mayorista,2025-10-12
11840,Cliente 11840,Chalatenango,ELS,Mayorista,2025-03-16
11841,Cliente 11841,Chalatenango,NI,Constructor,2025-12-09
11842,Cliente 11842,Sonsonate,SV,Mayorista,2025-11-12
11843,Cliente 11843,Sonsonate,ELS,Mayorista,2025-09-08
11844,Cliente 11844,,NI,PyME,2025-10-05
11845,Cliente 11845,San Salvador,GT,Hogar,2025-02-19
11846,Cliente 11846,Morazan,GT,Constructor,2025-01-15
11847,Cliente 11847,La Paz,sv,,2025-02-09
11848,Cliente 11848,Usulutan,HN,Constructor,2025-01-28
C11849,Cliente 11849,La Paz,ELS,,2025-08-15
11850,Cliente 11850,San Vicente,GT,Mayorista,2025-08-13
11851,Cliente 11851,La Libertad,HN,PyME,2025-03-07
11852,Cliente 11852,Morazan,GT,PyME,2025-12-16
11853,Cliente 11853,,ELS,Constructor,2025-04-05
11854,Cliente 11854,San Salvador,SV,Constructor,2025-09-12
11855,Cliente 11855,santa ana,sv,Mayorista,2025-12-25
11856,,Santa Ana,GT,,2025-04-08
11857,Cliente 11857,Usulutan,NI,Mayorista,2025-06-21
11858,Cliente 11858,Sonsonate,GT,,2025-02-09
11859,Cliente 11859,Santa Ana,SV,PyME,2025-12-09
11860,Cliente 11860,La Paz,sv,Mayorista,2025-09-16
11861,Cliente 11861,San Salvador,GT,Mayorista,2025-08-07
11862,Cliente 11862,,SV,Mayorista,2025-10-02
11863,Cliente 11863,Cuscatlan,ELS,PyME,2025-01-19
11864,Cliente 11864,Chalatenango,ELS,Constructor,2025-09-11
11865,Cliente 11865,Usulutan,NI,Hogar,ayer
11866,Cliente 11866,Morazan,GT,PyME,2025-11-01
11867,Cliente 11867,Ahuachapan,HN,PyME,2025-12-25
11868,Cliente 11868,Morazan,GT,Mayorista,2025-10-26
11869,Cliente 11869,San Salvador,ELS,Constructor,2025-09-20
11870,Cliente 11870,La Paz,sv,Hogar,2025-03-13
11871,Cliente 11871,,GT,PyME,2025-03-03
11872,Cliente 11872,Usulutan,SV,Hogar,2025-10-03
11873,Cliente 11873,Sonsonate,NI,Constructor,2025-12-26
11874,Cliente 11874,La Paz,GT,Constructor,2025-09-28
11875,Cliente 11875,Cuscatlan,GT,Hogar,2025-05-09
11876,Cliente 11876,La Libertad,SV,PyME,2025-02-16
11877,Cliente 11877,Morazan,NI,Mayorista,2025-02-14
11878,Cliente 11878,SAN SALVADOR,GT,Hogar,2025-09-23
11879,Cliente 11879,Chalatenango,ELS,Hogar,2025-10-26
11880,Cliente 11880,,ELS,Hogar,2025-05-02
11880,Cliente 11880,,ELS,Hogar,2025-05-02
11881,Cliente 11881,La Union,HN,Hogar,2025-03-09
11882,Cliente 11882,La Union,HN,,2025-06-02
11883,Cliente 11883,Santa Ana,sv,Hogar,2025-08-22
11884,Cliente 11884,Chalatenango,NI,PyME,2025-07-04
11885,Cliente 11885,San Salvador,NI,Mayorista,2025-12-25
11886,Cliente 11886,San Vicente,HN,PyME,2025-03-12
11887,Cliente 11887,SAN SALVADOR,ELS,Mayorista,2025-10-23
11888,Cliente 11888,San Salvador,SV,,2025-11-03
11889,Cliente 11889,,NI,,2025-11-11
C11890,Cliente 11890,Morazan,ELS,Constructor,2025-05-16
11891,Cliente 11891,Usulutan,SV,Hogar,2025-02-08
11892,Cliente 11892,Chalatenango,HN,PyME,2025-08-13
11893,Cliente 11893,San Salvador,sv,Hogar,2025-09-18
11894,Cliente 11894,San Miguel,ELS,,2025-03-19
11895,Cliente 11895,Sonsonate,sv,Mayorista,2025-04-05
11896,Cliente 11896,San Miguel,sv,Constructor,2025-12-21
11897,Cliente 11897,San Vicente,GT,Constructor,2025-06-14
11898,Cliente 11898,,NI,Constructor,2025-04-28
11899,Cliente 11899,Chalatenango,HN,,2025-09-03
11900,Cliente 11900,SAN SALVADOR,sv,PyME,2025-01-28
11901,Cliente 11901,Sonsonate,ELS,,2025-04-05
11902,Cliente 11902,Ahuachapan,ELS,,2025-01-20
11903,Cliente 11903,Morazan,NI,Hogar,2025-10-26
11904,Cliente 11904,Sonsonate,NI,Hogar,2025-08-17
11905,Cliente 11905,Cuscatlan,SV,PyME,2025-06-11
11906,Cliente 11906,Ahuachapan,GT,PyME,2025-02-07
11907,Cliente 11907,,sv,Mayorista,2025-05-10
11908,Cliente 11908,Usulutan,sv,Constructor,2025-09-27
11909,Cliente 11909,La Libertad,SV,PyME,2025-11-11
11910,Cliente 11910,La Libertad,GT,Constructor,2025-04-02
11911,Cliente 11911,Cuscatlan,SV,Constructor,2025-10-26
11912,Cliente 11912,Chalatenango,NI,Mayorista,2025-10-17
11913,,La Libertad,sv,,2025-04-20
11914,Cliente 11914,Morazan,ELS,Hogar,2025-09-02
11915,Cliente 11915,San Miguel,GT,Hogar,2025-09-18
11916,Cliente 11916,,sv,PyME,2025-04-22
11917,Cliente 11917,Santa Ana,sv,,2025-09-26
11918,Cliente 11918,SAN SALVADOR,sv,Constructor,2025-05-17
11919,Cliente 11919,San Salvador,ELS,Mayorista,2025-12-23
11920,Cliente 11920,Sonsonate,sv,Hogar,2025-10-05
11921,Cliente 11921,Santa Ana,ELS,Constructor,2025-12-26
11922,Cliente 11922,San Vicente,HN,,2025-05-13
11923,Cliente 11923,Sonsonate,HN,Mayorista,2025-12-04
11924,Cliente 11924,La Union,GT,Hogar,2025-02-25
11925,Cliente 11925,,sv,PyME,2025-08-09
11926,Cliente 11926,Ahuachapan,NI,PyME,2025-10-22
11927,Cliente 11927,Santa Ana,SV,Mayorista,2025-04-25
11928,Cliente 11928,Santa Ana,ELS,Hogar,2025-01-27
11929,Cliente 11929,Chalatenango,NI,Constructor,2025-11-01
11930,Cliente 11930,San Salvador,HN,PyME,2025-04-08
C11931,Cliente 11931,La Libertad,SV,Mayorista,2025-06-03
11932,Cliente 11932,Santa Ana,NI,,2025-05-13
11933,Cliente 11933,san salvador,NI,Mayorista,2025-12-07
11934,Cliente 11934,,SV,Constructor,2025-11-16
11935,Cliente 11935,Usulutan,SV,,2025-08-10
11936,Cliente 11936,Morazan,sv,PyME,2025-05-17
11937,Cliente 11937,Cuscatlan,SV,PyME,2025-05-20
11938,Cliente 11938,La Libertad,NI,Mayorista,2025-11-17
11939,Cliente 11939,La Paz,SV,PyME,2025-04-20
11940,Cliente 11940,San Salvador,HN,PyME,2025-11-27
11941,Cliente 11941,Sonsonate,SV,,2025-04-24
11942,Cliente 11942,SAN SALVADOR,ELS,Hogar,2025-03-04
11943,Cliente 11943,,GT,Mayorista,2025-07-19
11944,Cliente 11944,La Libertad,GT,Hogar,2025-11-09
11945,Cliente 11945,San Salvador,GT,Hogar,2025-11-20
11946,Cliente 11946,Chalatenango,NI,,2025-08-13
11947,Cliente 11947,La Libertad,SV,Mayorista,2025-12-14
11948,Cliente 11948,San Vicente,SV,PyME,2025-12-20
11949,Cliente 11949,San Miguel,HN,PyME,2025-05-18
11950,Cliente 11950,San Salvador,sv,Mayorista,2025-12-08
11951,Cliente 11951,Cuscatlan,NI,Constructor,2025-01-13
11952,Cliente 11952,,GT,Constructor,2025-10-08
11953,Cliente 11953,Santa Ana,SV,Hogar,2025-04-10
11954,Cliente 11954,santa ana,HN,Constructor,2025-01-11
11955,Cliente 11955,santa ana,GT,,2025-04-04
11956,Cliente 11956,San Vicente,sv,Mayorista,2025-02-18
11957,Cliente 11957,san salvador,NI,PyME,2025-02-01
11958,Cliente 11958,Sonsonate,sv,PyME,2025-04-26
11959,Cliente 11959,Morazan,SV,,2025-07-01
11960,Cliente 11960,Ahuachapan,NI,Hogar,2025-10-11
11961,Cliente 11961,,NI,Mayorista,2025-10-20
11962,Cliente 11962,La Paz,sv,Mayorista,2025-01-21
11963,Cliente 11963,La Paz,ELS,Constructor,2025-04-26
11964,Cliente 11964,Morazan,sv,Hogar,2025-04-19
11965,Cliente 11965,San Salvador,HN,Constructor,2025-08-08
11966,Cliente 11966,San Salvador,NI,Hogar,2025-01-14
11967,Cliente 11967,Sonsonate,ELS,Hogar,2025-02-08
11968,Cliente 11968,Chalatenango,SV,Mayorista,2025-10-22
11969,Cliente 11969,Cuscatlan,GT,Hogar,2025-07-02
11970,,,SV,,2025-03-11
11971,Cliente 11971,La Union,HN,Mayorista,2025-10-27
C11972,Cliente 11972,Morazan,ELS,PyME,2025-05-27
11973,Cliente 11973,San Vicente,GT,Mayorista,2025-06-23
11974,Cliente 11974,Ahuachapan,NI,Hogar,2025-09-12
11975,Cliente 11975,san salvador,NI,PyME,2025-01-07
11976,Cliente 11976,La Paz,ELS,Constructor,2025-01-04
11977,Cliente 11977,La Paz,SV,,2025-08-04
11978,Cliente 11978,Sonsonate,SV,Hogar,ayer
11979,Cliente 11979,,sv,,2025-10-03
11980,Cliente 11980,La Paz,SV,Constructor,2025-07-15
11981,Cliente 11981,Morazan,sv,Hogar,2025-04-10
11982,Cliente 11982,San Salvador,GT,Mayorista,2025-09-16
11983,Cliente 11983,santa ana,NI,Constructor,2025-07-21
11984,Cliente 11984,La Libertad,SV,PyME,2025-10-11
11985,Cliente 11985,San Salvador,HN,Mayorista,2025-12-14
11986,Cliente 11986,san salvador,NI,Constructor,2025-08-08
11987,Cliente 11987,Ahuachapan,sv,Mayorista,2025-10-11
11988,Cliente 11988,,NI,Constructor,2025-03-18
11989,Cliente 11989,La Libertad,ELS,,2025-12-15
11990,Cliente 11990,Chalatenango,sv,Constructor,2025-01-07
11991,Cliente 11991,San Vicente,NI,PyME,2025-01-10
11992,Cliente 11992,Chalatenango,ELS,Hogar,2025-10-08
11993,Cliente 11993,San Vicente,sv,Mayorista,2025-07-23
11994,Cliente 11994,La Libertad,GT,Mayorista,2025-04-06
11995,Cliente 11995,San Miguel,ELS,Hogar,2025-11-18
11996,Cliente 11996,San Vicente,NI,PyME,2025-06-26
11997,Cliente 11997,,SV,Constructor,2025-09-03
11998,Cliente 11998,San Salvador,HN,Constructor,2025-04-25
11999,Cliente 11999,Usulutan,sv,,2025-05-21
12000,Cliente 12000,La Union,ELS,Mayorista,2025-12-07
