id_categoria,nombre
1,Categoria 00001
2,Categoria 00002
3,Categoria 00003
4,Categoria 00004
5,Categoria 00005
6,Categoria 00006
7,Categoria 00007
8,Categoria 00008
9,Categoria 00009
10,Categoria 00010
11,Categoria 00011
12,Categoria 00012
13,Categoria 00013
14,Categoria 00014
15,Categoria 00015
16,Categoria 00016
17,Categoria 00017
18,Categoria 00018
19,Categoria 00019
20,Categoria 00020
21,Categoria 00021
22,Categoria 00022
23,Categoria 00023
24,Categoria 00024
25,Categoria 00025
26,Categoria 00026
27,Categoria 00027
28,Categoria 00028
29,Categoria 00029
30,Categoria 00030
31,Categoria 00031
32,Categoria 00032
33,Categoria 00033
34,Categoria 00034
35,Categoria 00035
36,Categoria 00036
37,Categoria 00037
38,Categoria 00038
39,Categoria 00039
40,Categoria 00040
41,Categoria 00041
42,Categoria 00042
43,Categoria 00043
44,Categoria 00044
45,Categoria 00045
46,Categoria 00046
47,Categoria 00047
48,Categoria 00048
49,Categoria 00049
50,Categoria 00050
51,Categoria 00051
52,Categoria 00052
53,Categoria 00053
54,Categoria 00054
55,Categoria 00055
56,Categoria 00056
57,Categoria 00057
58,Categoria 00058
59,Categoria 00059
60,Categoria 00060
61,Categoria 00061
62,Categoria 00062
63,Categoria 00063
64,Categoria 00064
65,Categoria 00065
66,Categoria 00066
67,Categoria 00067
68,Categoria 00068
69,Categoria 00069
70,
71,Categoria 00071
72,Categoria 00072
73,Categoria 00073
74,Categoria 00074
75,Categoria 00075
76,Categoria 00076
77,Categoria 00077
78,Categoria 00078
79,Categoria 00079
80,Categoria 00080
81,Categoria 00081
82,Categoria 00082
83,Categoria 00083
84,Categoria 00084
85,Categoria 00085
86,Categoria 00086
87,Categoria 00087
88,Categoria 00088
89,Categoria 00089
90,Categoria 00090
91,Categoria 00091
92,Categoria 00092
93,Categoria 00093
94,Categoria 00094
95,Categoria 00095
96,Categoria 00096
97,Categoria 00097
98,Categoria 00098
99,Categoria 00099
100,Categoria 00100
101,Categoria 00101
102,Categoria 00102
103,Categoria 00103
104,Categoria 00104
105,Categoria 00105
106,Categoria 00106
107,Categoria 00107
108,Categoria 00108
109,Categoria 00109
110,Categoria 00110
111,Categoria 00111
112,Categoria 00112
113,Categoria 00113
114,Categoria 00114
115,Categoria 00115
116,Categoria 00116
117,Categoria 00117
118,Categoria 00118
119,Categoria 00119
120,Categoria 00120
121,Categoria 00121
122,Categoria 00122
123,Categoria 00123
124,Categoria 00124
CAT125,Categoria 00125
126,Categoria 00126
127,Categoria 00127
128,Categoria 00128
129,Categoria 00129
130,Categoria 00130
131,Categoria 00131
132,Categoria 00132
133,Categoria 00133
134,Categoria 00134
135,Categoria 00135
136,Categoria 00136
137,Categoria 00137
138,Categoria 00138
139,Categoria 00139
140,
141,Categoria 00141
142,Categoria 00142
143,Categoria 00143
144,Categoria 00144
145,Categoria 00145
146,Categoria 00146
147,Categoria 00147
148,Categoria 00148
149,Categoria 00149
150,Categoria 00150
151,Categoria 00151
152,Categoria 00152
153,Categoria 00153
154,Categoria 00154
155,Categoria 00155
156,Categoria 00156
157,Categoria 00157
158,Categoria 00158
159,Categoria 00159
160,Categoria 00160
161,Categoria 00161
162,Categoria 00162
163,Categoria 00163
164,Categoria 00164
165,Categoria 00165
166,Categoria 00166
167,Categoria 00167
168,Categoria 00168
169,Categoria 00169
170,Categoria 00170
171,Categoria 00171
172,Categoria 00172
173,Categoria 00173
174,Categoria 00174
175,Categoria 00175
176,Categoria 00176
177,Categoria 00177
178,Categoria 00178
179,Categoria 00179
180,Categoria 00180
181,Categoria 00181
182,Categoria 00182
183,Categoria 00183
184,Categoria 00184
185,Categoria 00185
186,Categoria 00186
187,Categoria 00187
188,Categoria 00188
189,Categoria 00189
190,Categoria 00190
191,Categoria 00191
192,Categoria 00192
193,Categoria 00193
194,Categoria 00194
195,Categoria 00195
196,Categoria 00196
197,Categoria 00197
198,Categoria 00198
199,Categoria 00199
200,Categoria 00200
201,Categoria 00201
202,Categoria 00202
203,Categoria 00203
204,Categoria 00204
205,Categoria 00205
206,Categoria 00206
207,Categoria 00207
208,Categoria 00208
209,Categoria 00209
210,
211,Categoria 00211
212,Categoria 00212
213,Categoria 00213
214,Categoria 00214
215,Categoria 00215
216,Categoria 00216
217,Categoria 00217
218,Categoria 00218
219,Categoria 00219
220,Categoria 00220
221,Categoria 00221
222,Categoria 00222
223,Categoria 00223
224,Categoria 00224
225,Categoria 00225
226,Categoria 00226
227,Categoria 00227
228,Categoria 00228
229,Categoria 00229
230,Categoria 00230
231,Categoria 00231
232,Categoria 00232
233,Categoria 00233
234,Categoria 00234
235,Categoria 00235
236,Categoria 00236
237,Categoria 00237
238,Categoria 00238
239,Categoria 00239
240,Categoria 00240
241,Categoria 00241
242,Categoria 00242
243,Categoria 00243
244,Categoria 00244
245,Categoria 00245
246,Categoria 00246
247,Categoria 00247
248,Categoria 00248
249,Categoria 00249
CAT250,Categoria 00250
251,Categoria 00251
252,Categoria 00252
253,Categoria 00253
254,Categoria 00254
255,Categoria 00255
256,Categoria 00256
257,Categoria 00257
258,Categoria 00258
259,Categoria 00259
260,Categoria 00260
261,Categoria 00261
262,Categoria 00262
263,Categoria 00263
264,Categoria 00264
265,Categoria 00265
266,Categoria 00266
267,Categoria 00267
268,Categoria 00268
269,Categoria 00269
270,Categoria 00270
271,Categoria 00271
272,Categoria 00272
273,Categoria 00273
274,Categoria 00274
275,Categoria 00275
276,Categoria 00276
277,Categoria 00277
278,Categoria 00278
279,Categoria 00279
280,
281,Categoria 00281
282,Categoria 00282
283,Categoria 00283
284,Categoria 00284
285,Categoria 00285
286,Categoria 00286
287,Categoria 00287
288,Categoria 00288
289,Categoria 00289
290,Categoria 00290
291,Categoria 00291
292,Categoria 00292
293,Categoria 00293
294,Categoria 00294
295,Categoria 00295
296,Categoria 00296
297,Categoria 00297
298,Categoria 00298
299,Categoria 00299
300,Categoria 00300
301,Categoria 00301
302,Categoria 00302
303,Categoria 00303
304,Categoria 00304
305,Categoria 00305
306,Categoria 00306
307,Categoria 00307
308,Categoria 00308
309,Categoria 00309
310,Categoria 00310
311,Categoria 00311
312,Categoria 00312
313,Categoria 00313
314,Categoria 00314
315,Categoria 00315
316,Categoria 00316
317,Categoria 00317
318,Categoria 00318
319,Categoria 00319
320,Categoria 00320
321,Categoria 00321
322,Categoria 00322
323,Categoria 00323
324,Categoria 00324
325,Categoria 00325
326,Categoria 00326
327,Categoria 00327
328,Categoria 00328
329,Categoria 00329
330,Categoria 00330
331,Categoria 00331
332,Categoria 00332
333,Categoria 00333
334,Categoria 00334
335,Categoria 00335
336,Categoria 00336
337,Categoria 00337
338,Categoria 00338
339,Categoria 00339
340,Categoria 00340
341,Categoria 00341
342,Categoria 00342
343,Categoria 00343
344,Categoria 00344
345,Categoria 00345
346,Categoria 00346
347,Categoria 00347
348,Categoria 00348
349,Categoria 00349
350,
351,Categoria 00351
352,Categoria 00352
353,Categoria 00353
354,Categoria 00354
355,Categoria 00355
356,Categoria 00356
357,Categoria 00357
358,Categoria 00358
359,Categoria 00359
360,Categoria 00360
361,Categoria 00361
362,Categoria 00362
363,Categoria 00363
364,Categoria 00364
365,Categoria 00365
366,Categoria 00366
367,Categoria 00367
368,Categoria 00368
369,Categoria 00369
370,Categoria 00370
371,Categoria 00371
372,Categoria 00372
373,Categoria 00373
374,Categoria 00374
CAT375,Categoria 00375
376,Categoria 00376
377,Categoria 00377
378,Categoria 00378
379,Categoria 00379
380,Categoria 00380
381,Categoria 00381
382,Categoria 00382
383,Categoria 00383
384,Categoria 00384
385,Categoria 00385
386,Categoria 00386
387,Categoria 00387
388,Categoria 00388
389,Categoria 00389
390,Categoria 00390
391,Categoria 00391
392,Categoria 00392
393,Categoria 00393
394,Categoria 00394
395,Categoria 00395
396,Categoria 00396
397,Categoria 00397
398,Categoria 00398
399,Categoria 00399
400,Categoria 00400
400,Categoria 00400
401,Categoria 00401
402,Categoria 00402
403,Categoria 00403
404,Categoria 00404
405,Categoria 00405
406,Categoria 00406
407,Categoria 00407
408,Categoria 00408
409,Categoria 00409
410,Categoria 00410
411,Categoria 00411
412,Categoria 00412
413,Categoria 00413
414,Categoria 00414
415,Categoria 00415
416,Categoria 00416
417,Categoria 00417
418,Categoria 00418
419,Categoria 00419
420,
421,Categoria 00421
422,Categoria 00422
423,Categoria 00423
424,Categoria 00424
425,Categoria 00425
426,Categoria 00426
427,Categoria 00427
428,Categoria 00428
429,Categoria 00429
430,Categoria 00430
431,Categoria 00431
432,Categoria 00432
433,Categoria 00433
434,Categoria 00434
435,Categoria 00435
436,Categoria 00436
437,Categoria 00437
438,Categoria 00438
439,Categoria 00439
440,Categoria 00440
441,Categoria 00441
442,Categoria 00442
443,Categoria 00443
444,Categoria 00444
445,Categoria 00445
446,Categoria 00446
447,Categoria 00447
448,Categoria 00448
449,Categoria 00449
450,Categoria 00450
451,Categoria 00451
452,Categoria 00452
453,Categoria 00453
454,Categoria 00454
455,Categoria 00455
456,Categoria 00456
457,Categoria 00457
458,Categoria 00458
459,Categoria 00459
460,Categoria 00460
461,Categoria 00461
462,Categoria 00462
463,Categoria 00463
464,Categoria 00464
465,Categoria 00465
466,Categoria 00466
467,Categoria 00467
468,Categoria 00468
469,Categoria 00469
470,Categoria 00470
471,Categoria 00471
472,Categoria 00472
473,Categoria 00473
474,Categoria 00474
475,Categoria 00475
476,Categoria 00476
477,Categoria 00477
478,Categoria 00478
479,Categoria 00479
480,Categoria 00480
481,Categoria 00481
482,Categoria 00482
483,Categoria 00483
484,Categoria 00484
485,Categoria 00485
486,Categoria 00486
487,Categoria 00487
488,Categoria 00488
489,Categoria 00489
490,
491,Categoria 00491
492,Categoria 00492
493,Categoria 00493
494,Categoria 00494
495,Categoria 00495
496,Categoria 00496
497,Categoria 00497
498,Categoria 00498
499,Categoria 00499
CAT500,Categoria 00500
501,Categoria 00501
502,Categoria 00502
503,Categoria 00503
504,Categoria 00504
505,Categoria 00505
506,Categoria 00506
507,Categoria 00507
508,Categoria 00508
509,Categoria 00509
510,Categoria 00510
511,Categoria 00511
512,Categoria 00512
513,Categoria 00513
514,Categoria 00514
515,Categoria 00515
516,Categoria 00516
517,Categoria 00517
518,Categoria 00518
519,Categoria 00519
520,Categoria 00520
521,Categoria 00521
522,Categoria 00522
523,Categoria 00523
524,Categoria 00524
525,Categoria 00525
526,Categoria 00526
527,Categoria 00527
528,Categoria 00528
529,Categoria 00529
530,Categoria 00530
531,Categoria 00531
532,Categoria 00532
533,Categoria 00533
534,Categoria 00534
535,Categoria 00535
536,Categoria 00536
537,Categoria 00537
538,Categoria 00538
539,Categoria 00539
540,Categoria 00540
541,Categoria 00541
542,Categoria 00542
543,Categoria 00543
544,Categoria 00544
545,Categoria 00545
546,Categoria 00546
547,Categoria 00547
548,Categoria 00548
549,Categoria 00549
550,Categoria 00550
551,Categoria 00551
552,Categoria 00552
553,Categoria 00553
554,Categoria 00554
555,Categoria 00555
556,Categoria 00556
557,Categoria 00557
558,Categoria 00558
559,Categoria 00559
560,
561,Categoria 00561
562,Categoria 00562
563,Categoria 00563
564,Categoria 00564
565,Categoria 00565
566,Categoria 00566
567,Categoria 00567
568,Categoria 00568
569,Categoria 00569
570,Categoria 00570
571,Categoria 00571
572,Categoria 00572
573,Categoria 00573
574,Categoria 00574
575,Categoria 00575
576,Categoria 00576
577,Categoria 00577
578,Categoria 00578
579,Categoria 00579
580,Categoria 00580
581,Categoria 00581
582,Categoria 00582
583,Categoria 00583
584,Categoria 00584
585,Categoria 00585
586,Categoria 00586
587,Categoria 00587
588,Categoria 00588
589,Categoria 00589
590,Categoria 00590
591,Categoria 00591
592,Categoria 00592
593,Categoria 00593
594,Categoria 00594
595,Categoria 00595
596,Categoria 00596
597,Categoria 00597
598,Categoria 00598
599,Categoria 00599
600,Categoria 00600
601,Categoria 00601
602,Categoria 00602
603,Categoria 00603
604,Categoria 00604
605,Categoria 00605
606,Categoria 00606
607,Categoria 00607
608,Categoria 00608
609,Categoria 00609
610,Categoria 00610
611,Categoria 00611
612,Categoria 00612
613,Categoria 00613
614,Categoria 00614
615,Categoria 00615
616,Categoria 00616
617,Categoria 00617
618,Categoria 00618
619,Categoria 00619
620,Categoria 00620
621,Categoria 00621
622,Categoria 00622
623,Categoria 00623
624,Categoria 00624
CAT625,Categoria 00625
626,Categoria 00626
627,Categoria 00627
628,Categoria 00628
629,Categoria 00629
630,
631,Categoria 00631
632,Categoria 00632
633,Categoria 00633
634,Categoria 00634
635,Categoria 00635
636,Categoria 00636
637,Categoria 00637
638,Categoria 00638
639,Categoria 00639
640,Categoria 00640
641,Categoria 00641
642,Categoria 00642
643,Categoria 00643
644,Categoria 00644
645,Categoria 00645
646,Categoria 00646
647,Categoria 00647
648,Categoria 00648
649,Categoria 00649
650,Categoria 00650
651,Categoria 00651
652,Categoria 00652
653,Categoria 00653
654,Categoria 00654
655,Categoria 00655
656,Categoria 00656
657,Categoria 00657
658,Categoria 00658
659,Categoria 00659
660,Categoria 00660
661,Categoria 00661
662,Categoria 00662
663,Categoria 00663
664,Categoria 00664
665,Categoria 00665
666,Categoria 00666
667,Categoria 00667
668,Categoria 00668
669,Categoria 00669
670,Categoria 00670
671,Categoria 00671
672,Categoria 00672
673,Categoria 00673
674,Categoria 00674
675,Categoria 00675
676,Categoria 00676
677,Categoria 00677
678,Categoria 00678
679,Categoria 00679
680,Categoria 00680
681,Categoria 00681
682,Categoria 00682
683,Categoria 00683
684,Categoria 00684
685,Categoria 00685
686,Categoria 00686
687,Categoria 00687
688,Categoria 00688
689,Categoria 00689
690,Categoria 00690
691,Categoria 00691
692,Categoria 00692
693,Categoria 00693
694,Categoria 00694
695,Categoria 00695
696,Categoria 00696
697,Categoria 00697
698,Categoria 00698
699,Categoria 00699
700,
701,Categoria 00701
702,Categoria 00702
703,Categoria 00703
704,Categoria 00704
705,Categoria 00705
706,Categoria 00706
707,Categoria 00707
708,Categoria 00708
709,Categoria 00709
710,Categoria 00710
711,Categoria 00711
712,Categoria 00712
713,Categoria 00713
714,Categoria 00714
715,Categoria 00715
716,Categoria 00716
717,Categoria 00717
718,Categoria 00718
719,Categoria 00719
720,Categoria 00720
721,Categoria 00721
722,Categoria 00722
723,Categoria 00723
724,Categoria 00724
725,Categoria 00725
726,Categoria 00726
727,Categoria 00727
728,Categoria 00728
729,Categoria 00729
730,Categoria 00730
731,Categoria 00731
732,Categoria 00732
733,Categoria 00733
734,Categoria 00734
735,Categoria 00735
736,Categoria 00736
737,Categoria 00737
738,Categoria 00738
739,Categoria 00739
740,Categoria 00740
741,Categoria 00741
742,Categoria 00742
743,Categoria 00743
744,Categoria 00744
745,Categoria 00745
746,Categoria 00746
747,Categoria 00747
748,Categoria 00748
749,Categoria 00749
CAT750,Categoria 00750
751,Categoria 00751
752,Categoria 00752
753,Categoria 00753
754,Categoria 00754
755,Categoria 00755
756,Categoria 00756
757,Categoria 00757
758,Categoria 00758
759,Categoria 00759
760,Categoria 00760
761,Categoria 00761
762,Categoria 00762
763,Categoria 00763
764,Categoria 00764
765,Categoria 00765
766,Categoria 00766
767,Categoria 00767
768,Categoria 00768
769,Categoria 00769
770,
771,Categoria 00771
772,Categoria 00772
773,Categoria 00773
774,Categoria 00774
775,Categoria 00775
776,Categoria 00776
777,Categoria 00777
778,Categoria 00778
779,Categoria 00779
780,Categoria 00780
781,Categoria 00781
782,Categoria 00782
783,Categoria 00783
784,Categoria 00784
785,Categoria 00785
786,Categoria 00786
787,Categoria 00787
788,Categoria 00788
789,Categoria 00789
790,Categoria 00790
791,Categoria 00791
792,Categoria 00792
793,Categoria 00793
794,Categoria 00794
795,Categoria 00795
796,Categoria 00796
797,Categoria 00797
798,Categoria 00798
799,Categoria 00799
800,Categoria 00800
800,Categoria 00800
801,Categoria 00801
802,Categoria 00802
803,Categoria 00803
804,Categoria 00804
805,Categoria 00805
806,Categoria 00806
807,Categoria 00807
808,Categoria 00808
809,Categoria 00809
810,Categoria 00810
811,Categoria 00811
812,Categoria 00812
813,Categoria 00813
814,Categoria 00814
815,Categoria 00815
816,Categoria 00816
817,Categoria 00817
818,Categoria 00818
819,Categoria 00819
820,Categoria 00820
821,Categoria 00821
822,Categoria 00822
823,Categoria 00823
824,Categoria 00824
825,Categoria 00825
826,Categoria 00826
827,Categoria 00827
828,Categoria 00828
829,Categoria 00829
830,Categoria 00830
831,Categoria 00831
832,Categoria 00832
833,Categoria 00833
834,Categoria 00834
835,Categoria 00835
836,Categoria 00836
837,Categoria 00837
838,Categoria 00838
839,Categoria 00839
840,
841,Categoria 00841
842,Categoria 00842
843,Categoria 00843
844,Categoria 00844
845,Categoria 00845
846,Categoria 00846
847,Categoria 00847
848,Categoria 00848
849,Categoria 00849
850,Categoria 00850
851,Categoria 00851
852,Categoria 00852
853,Categoria 00853
854,Categoria 00854
855,Categoria 00855
856,Categoria 00856
857,Categoria 00857
858,Categoria 00858
859,Categoria 00859
860,Categoria 00860
861,Categoria 00861
862,Categoria 00862
863,Categoria 00863
864,Categoria 00864
865,Categoria 00865
866,Categoria 00866
867,Categoria 00867
868,Categoria 00868
869,Categoria 00869
870,Categoria 00870
871,Categoria 00871
872,Categoria 00872
873,Categoria 00873
874,Categoria 00874
CAT875,Categoria 00875
876,Categoria 00876
877,Categoria 00877
878,Categoria 00878
879,Categoria 00879
880,Categoria 00880
881,Categoria 00881
882,Categoria 00882
883,Categoria 00883
884,Categoria 00884
885,Categoria 00885
886,Categoria 00886
887,Categoria 00887
888,Categoria 00888
889,Categoria 00889
890,Categoria 00890
891,Categoria 00891
892,Categoria 00892
893,Categoria 00893
894,Categoria 00894
895,Categoria 00895
896,Categoria 00896
897,Categoria 00897
898,Categoria 00898
899,Categoria 00899
900,Categoria 00900
901,Categoria 00901
902,Categoria 00902
903,Categoria 00903
904,Categoria 00904
905,Categoria 00905
906,Categoria 00906
907,Categoria 00907
908,Categoria 00908
909,Categoria 00909
910,
911,Categoria 00911
912,Categoria 00912
913,Categoria 00913
914,Categoria 00914
915,Categoria 00915
916,Categoria 00916
917,Categoria 00917
918,Categoria 00918
919,Categoria 00919
920,Categoria 00920
921,Categoria 00921
922,Categoria 00922
923,Categoria 00923
924,Categoria 00924
925,Categoria 00925
926,Categoria 00926
927,Categoria 00927
928,Categoria 00928
929,Categoria 00929
930,Categoria 00930
931,Categoria 00931
932,Categoria 00932
933,Categoria 00933
934,Categoria 00934
935,Categoria 00935
936,Categoria 00936
937,Categoria 00937
938,Categoria 00938
939,Categoria 00939
940,Categoria 00940
941,Categoria 00941
942,Categoria 00942
943,Categoria 00943
944,Categoria 00944
945,Categoria 00945
946,Categoria 00946
947,Categoria 00947
948,Categoria 00948
949,Categoria 00949
950,Categoria 00950
951,Categoria 00951
952,Categoria 00952
953,Categoria 00953
954,Categoria 00954
955,Categoria 00955
956,Categoria 00956
957,Categoria 00957
958,Categoria 00958
959,Categoria 00959
960,Categoria 00960
961,Categoria 00961
962,Categoria 00962
963,Categoria 00963
964,Categoria 00964
965,Categoria 00965
966,Categoria 00966
967,Categoria 00967
968,Categoria 00968
969,Categoria 00969
970,Categoria 00970
971,Categoria 00971
972,Categoria 00972
973,Categoria 00973
974,Categoria 00974
975,Categoria 00975
976,Categoria 00976
977,Categoria 00977
978,Categoria 00978
979,Categoria 00979
980,
981,Categoria 00981
982,Categoria 00982
983,Categoria 00983
984,Categoria 00984
985,Categoria 00985
986,Categoria 00986
987,Categoria 00987
988,Categoria 00988
989,Categoria 00989
990,Categoria 00990
991,Categoria 00991
992,Categoria 00992
993,Categoria 00993
994,Categoria 00994
995,Categoria 00995
996,Categoria 00996
997,Categoria 00997
998,Categoria 00998
999,Categoria 00999
CAT1000,Categoria 01000
1001,Categoria 01001
1002,Categoria 01002
1003,Categoria 01003
1004,Categoria 01004
1005,Categoria 01005
1006,Categoria 01006
1007,Categoria 01007
1008,Categoria 01008
1009,Categoria 01009
1010,Categoria 01010
1011,Categoria 01011
1012,Categoria 01012
1013,Categoria 01013
1014,Categoria 01014
1015,Categoria 01015
1016,Categoria 01016
1017,Categoria 01017
1018,Categoria 01018
1019,Categoria 01019
1020,Categoria 01020
1021,Categoria 01021
1022,Categoria 01022
1023,Categoria 01023
1024,Categoria 01024
1025,Categoria 01025
1026,Categoria 01026
1027,Categoria 01027
1028,Categoria 01028
1029,Categoria 01029
1030,Categoria 01030
1031,Categoria 01031
1032,Categoria 01032
1033,Categoria 01033
1034,Categoria 01034
1035,Categoria 01035
1036,Categoria 01036
1037,Categoria 01037
1038,Categoria 01038
1039,Categoria 01039
1040,Categoria 01040
1041,Categoria 01041
1042,Categoria 01042
1043,Categoria 01043
1044,Categoria 01044
1045,Categoria 01045
1046,Categoria 01046
1047,Categoria 01047
1048,Categoria 01048
1049,Categoria 01049
1050,
1051,Categoria 01051
1052,Categoria 01052
1053,Categoria 01053
1054,Categoria 01054
1055,Categoria 01055
1056,Categoria 01056
1057,Categoria 01057
1058,Categoria 01058
1059,Categoria 01059
1060,Categoria 01060
1061,Categoria 01061
1062,Categoria 01062
1063,Categoria 01063
1064,Categoria 01064
1065,Categoria 01065
1066,Categoria 01066
1067,Categoria 01067
1068,Categoria 01068
1069,Categoria 01069
1070,Categoria 01070
1071,Categoria 01071
1072,Categoria 01072
1073,Categoria 01073
1074,Categoria 01074
1075,Categoria 01075
1076,Categoria 01076
1077,Categoria 01077
1078,Categoria 01078
1079,Categoria 01079
1080,Categoria 01080
1081,Categoria 01081
1082,Categoria 01082
1083,Categoria 01083
1084,Categoria 01084
1085,Categoria 01085
1086,Categoria 01086
1087,Categoria 01087
1088,Categoria 01088
1089,Categoria 01089
1090,Categoria 01090
1091,Categoria 01091
1092,Categoria 01092
1093,Categoria 01093
1094,Categoria 01094
1095,Categoria 01095
1096,Categoria 01096
1097,Categoria 01097
1098,Categoria 01098
1099,Categoria 01099
1100,Categoria 01100
1101,Categoria 01101
1102,Categoria 01102
1103,Categoria 01103
1104,Categoria 01104
1105,Categoria 01105
1106,Categoria 01106
1107,Categoria 01107
1108,Categoria 01108
1109,Categoria 01109
1110,Categoria 01110
1111,Categoria 01111
1112,Categoria 01112
1113,Categoria 01113
1114,Categoria 01114
1115,Categoria 01115
1116,Categoria 01116
1117,Categoria 01117
1118,Categoria 01118
1119,Categoria 01119
1120,
1121,Categoria 01121
1122,Categoria 01122
1123,Categoria 01123
1124,Categoria 01124
CAT1125,Categoria 01125
1126,Categoria 01126
1127,Categoria 01127
1128,Categoria 01128
1129,Categoria 01129
1130,Categoria 01130
1131,Categoria 01131
1132,Categoria 01132
1133,Categoria 01133
1134,Categoria 01134
1135,Categoria 01135
1136,Categoria 01136
1137,Categoria 01137
1138,Categoria 01138
1139,Categoria 01139
1140,Categoria 01140
1141,Categoria 01141
1142,Categoria 01142
1143,Categoria 01143
1144,Categoria 01144
1145,Categoria 01145
1146,Categoria 01146
1147,Categoria 01147
1148,Categoria 01148
1149,Categoria 01149
1150,Categoria 01150
1151,Categoria 01151
1152,Categoria 01152
1153,Categoria 01153
1154,Categoria 01154
1155,Categoria 01155
1156,Categoria 01156
1157,Categoria 01157
1158,Categoria 01158
1159,Categoria 01159
1160,Categoria 01160
1161,Categoria 01161
1162,Categoria 01162
1163,Categoria 01163
1164,Categoria 01164
1165,Categoria 01165
1166,Categoria 01166
1167,Categoria 01167
1168,Categoria 01168
1169,Categoria 01169
1170,Categoria 01170
1171,Categoria 01171
1172,Categoria 01172
1173,Categoria 01173
1174,Categoria 01174
1175,Categoria 01175
1176,Categoria 01176
1177,Categoria 01177
1178,Categoria 01178
1179,Categoria 01179
1180,Categoria 01180
1181,Categoria 01181
1182,Categoria 01182
1183,Categoria 01183
1184,Categoria 01184
1185,Categoria 01185
1186,Categoria 01186
1187,Categoria 01187
1188,Categoria 01188
1189,Categoria 01189
1190,
1191,Categoria 01191
1192,Categoria 01192
1193,Categoria 01193
1194,Categoria 01194
1195,Categoria 01195
1196,Categoria 01196
1197,Categoria 01197
1198,Categoria 01198
1199,Categoria 01199
1200,Categoria 01200
1200,Categoria 01200
1201,Categoria 01201
1202,Categoria 01202
1203,Categoria 01203
1204,Categoria 01204
1205,Categoria 01205
1206,Categoria 01206
1207,Categoria 01207
1208,Categoria 01208
1209,Categoria 01209
1210,Categoria 01210
1211,Categoria 01211
1212,Categoria 01212
1213,Categoria 01213
1214,Categoria 01214
1215,Categoria 01215
1216,Categoria 01216
1217,Categoria 01217
1218,Categoria 01218
1219,Categoria 01219
1220,Categoria 01220
1221,Categoria 01221
1222,Categoria 01222
1223,Categoria 01223
1224,Categoria 01224
1225,Categoria 01225
1226,Categoria 01226
1227,Categoria 01227
1228,Categoria 01228
1229,Categoria 01229
1230,Categoria 01230
1231,Categoria 01231
1232,Categoria 01232
1233,Categoria 01233
1234,Categoria 01234
1235,Categoria 01235
1236,Categoria 01236
1237,Categoria 01237
1238,Categoria 01238
1239,Categoria 01239
1240,Categoria 01240
1241,Categoria 01241
1242,Categoria 01242
1243,Categoria 01243
1244,Categoria 01244
1245,Categoria 01245
1246,Categoria 01246
1247,Categoria 01247
1248,Categoria 01248
1249,Categoria 01249
CAT1250,Categoria 01250
1251,Categoria 01251
1252,Categoria 01252
1253,Categoria 01253
1254,Categoria 01254
1255,Categoria 01255
1256,Categoria 01256
1257,Categoria 01257
1258,Categoria 01258
1259,Categoria 01259
1260,
1261,Categoria 01261
1262,Categoria 01262
1263,Categoria 01263
1264,Categoria 01264
1265,Categoria 01265
1266,Categoria 01266
1267,Categoria 01267
1268,Categoria 01268
1269,Categoria 01269
1270,Categoria 01270
1271,Categoria 01271
1272,Categoria 01272
1273,Categoria 01273
1274,Categoria 01274
1275,Categoria 01275
1276,Categoria 01276
1277,Categoria 01277
1278,Categoria 01278
1279,Categoria 01279
1280,Categoria 01280
1281,Categoria 01281
1282,Categoria 01282
1283,Categoria 01283
1284,Categoria 01284
1285,Categoria 01285
1286,Categoria 01286
1287,Categoria 01287
1288,Categoria 01288
1289,Categoria 01289
1290,Categoria 01290
1291,Categoria 01291
1292,Categoria 01292
1293,Categoria 01293
1294,Categoria 01294
1295,Categoria 01295
1296,Categoria 01296
1297,Categoria 01297
1298,Categoria 01298
1299,Categoria 01299
1300,Categoria 01300
1301,Categoria 01301
1302,Categoria 01302
1303,Categoria 01303
1304,Categoria 01304
1305,Categoria 01305
1306,Categoria 01306
1307,Categoria 01307
1308,Categoria 01308
1309,Categoria 01309
1310,Categoria 01310
1311,Categoria 01311
1312,Categoria 01312
1313,Categoria 01313
1314,Categoria 01314
1315,Categoria 01315
1316,Categoria 01316
1317,Categoria 01317
1318,Categoria 01318
1319,Categoria 01319
1320,Categoria 01320
1321,Categoria 01321
1322,Categoria 01322
1323,Categoria 01323
1324,Categoria 01324
1325,Categoria 01325
1326,Categoria 01326
1327,Categoria 01327
1328,Categoria 01328
1329,Categoria 01329
1330,
1331,Categoria 01331
1332,Categoria 01332
1333,Categoria 01333
1334,Categoria 01334
1335,Categoria 01335
1336,Categoria 01336
1337,Categoria 01337
1338,Categoria 01338
1339,Categoria 01339
1340,Categoria 01340
1341,Categoria 01341
1342,Categoria 01342
1343,Categoria 01343
1344,Categoria 01344
1345,Categoria 01345
1346,Categoria 01346
1347,Categoria 01347
1348,Categoria 01348
1349,Categoria 01349
1350,Categoria 01350
1351,Categoria 01351
1352,Categoria 01352
1353,Categoria 01353
1354,Categoria 01354
1355,Categoria 01355
1356,Categoria 01356
1357,Categoria 01357
1358,Categoria 01358
1359,Categoria 01359
1360,Categoria 01360
1361,Categoria 01361
1362,Categoria 01362
1363,Categoria 01363
1364,Categoria 01364
1365,Categoria 01365
1366,Categoria 01366
1367,Categoria 01367
1368,Categoria 01368
1369,Categoria 01369
1370,Categoria 01370
1371,Categoria 01371
1372,Categoria 01372
1373,Categoria 01373
1374,Categoria 01374
CAT1375,Categoria 01375
1376,Categoria 01376
1377,Categoria 01377
1378,Categoria 01378
1379,Categoria 01379
1380,Categoria 01380
1381,Categoria 01381
1382,Categoria 01382
1383,Categoria 01383
1384,Categoria 01384
1385,Categoria 01385
1386,Categoria 01386
1387,Categoria 01387
1388,Categoria 01388
1389,Categoria 01389
1390,Categoria 01390
1391,Categoria 01391
1392,Categoria 01392
1393,Categoria 01393
1394,Categoria 01394
1395,Categoria 01395
1396,Categoria 01396
1397,Categoria 01397
1398,Categoria 01398
1399,Categoria 01399
1400,
1401,Categoria 01401
1402,Categoria 01402
1403,Categoria 01403
1404,Categoria 01404
1405,Categoria 01405
1406,Categoria 01406
1407,Categoria 01407
1408,Categoria 01408
1409,Categoria 01409
1410,Categoria 01410
1411,Categoria 01411
1412,Categoria 01412
1413,Categoria 01413
1414,Categoria 01414
1415,Categoria 01415
1416,Categoria 01416
1417,Categoria 01417
1418,Categoria 01418
1419,Categoria 01419
1420,Categoria 01420
1421,Categoria 01421
1422,Categoria 01422
1423,Categoria 01423
1424,Categoria 01424
1425,Categoria 01425
1426,Categoria 01426
1427,Categoria 01427
1428,Categoria 01428
1429,Categoria 01429
1430,Categoria 01430
1431,Categoria 01431
1432,Categoria 01432
1433,Categoria 01433
1434,Categoria 01434
1435,Categoria 01435
1436,Categoria 01436
1437,Categoria 01437
1438,Categoria 01438
1439,Categoria 01439
1440,Categoria 01440
1441,Categoria 01441
1442,Categoria 01442
1443,Categoria 01443
1444,Categoria 01444
1445,Categoria 01445
1446,Categoria 01446
1447,Categoria 01447
1448,Categoria 01448
1449,Categoria 01449
1450,Categoria 01450
1451,Categoria 01451
1452,Categoria 01452
1453,Categoria 01453
1454,Categoria 01454
1455,Categoria 01455
1456,Categoria 01456
1457,Categoria 01457
1458,Categoria 01458
1459,Categoria 01459
1460,Categoria 01460
1461,Categoria 01461
1462,Categoria 01462
1463,Categoria 01463
1464,Categoria 01464
1465,Categoria 01465
1466,Categoria 01466
1467,Categoria 01467
1468,Categoria 01468
1469,Categoria 01469
1470,
1471,Categoria 01471
1472,Categoria 01472
1473,Categoria 01473
1474,Categoria 01474
1475,Categoria 01475
1476,Categoria 01476
1477,Categoria 01477
1478,Categoria 01478
1479,Categoria 01479
1480,Categoria 01480
1481,Categoria 01481
1482,Categoria 01482
1483,Categoria 01483
1484,Categoria 01484
1485,Categoria 01485
1486,Categoria 01486
1487,Categoria 01487
1488,Categoria 01488
1489,Categoria 01489
1490,Categoria 01490
1491,Categoria 01491
1492,Categoria 01492
1493,Categoria 01493
1494,Categoria 01494
1495,Categoria 01495
1496,Categoria 01496
1497,Categoria 01497
1498,Categoria 01498
1499,Categoria 01499
CAT1500,Categoria 01500
1501,Categoria 01501
1502,Categoria 01502
1503,Categoria 01503
1504,Categoria 01504
1505,Categoria 01505
1506,Categoria 01506
1507,Categoria 01507
1508,Categoria 01508
1509,Categoria 01509
1510,Categoria 01510
1511,Categoria 01511
1512,Categoria 01512
1513,Categoria 01513
1514,Categoria 01514
1515,Categoria 01515
1516,Categoria 01516
1517,Categoria 01517
1518,Categoria 01518
1519,Categoria 01519
1520,Categoria 01520
1521,Categoria 01521
1522,Categoria 01522
1523,Categoria 01523
1524,Categoria 01524
1525,Categoria 01525
1526,Categoria 01526
1527,Categoria 01527
1528,Categoria 01528
1529,Categoria 01529
1530,Categoria 01530
1531,Categoria 01531
1532,Categoria 01532
1533,Categoria 01533
1534,Categoria 01534
1535,Categoria 01535
1536,Categoria 01536
1537,Categoria 01537
1538,Categoria 01538
1539,Categoria 01539
1540,
1541,Categoria 01541
1542,Categoria 01542
1543,Categoria 01543
1544,Categoria 01544
1545,Categoria 01545
1546,Categoria 01546
1547,Categoria 01547
1548,Categoria 01548
1549,Categoria 01549
1550,Categoria 01550
1551,Categoria 01551
1552,Categoria 01552
1553,Categoria 01553
1554,Categoria 01554
1555,Categoria 01555
1556,Categoria 01556
1557,Categoria 01557
1558,Categoria 01558
1559,Categoria 01559
1560,Categoria 01560
1561,Categoria 01561
1562,Categoria 01562
1563,Categoria 01563
1564,Categoria 01564
1565,Categoria 01565
1566,Categoria 01566
1567,Categoria 01567
1568,Categoria 01568
1569,Categoria 01569
1570,Categoria 01570
1571,Categoria 01571
1572,Categoria 01572
1573,Categoria 01573
1574,Categoria 01574
1575,Categoria 01575
1576,Categoria 01576
1577,Categoria 01577
1578,Categoria 01578
1579,Categoria 01579
1580,Categoria 01580
1581,Categoria 01581
1582,Categoria 01582
1583,Categoria 01583
1584,Categoria 01584
1585,Categoria 01585
1586,Categoria 01586
1587,Categoria 01587
1588,Categoria 01588
1589,Categoria 01589
1590,Categoria 01590
1591,Categoria 01591
1592,Categoria 01592
1593,Categoria 01593
1594,Categoria 01594
1595,Categoria 01595
1596,Categoria 01596
1597,Categoria 01597
1598,Categoria 01598
1599,Categoria 01599
1600,Categoria 01600
1600,Categoria 01600
1601,Categoria 01601
1602,Categoria 01602
1603,Categoria 01603
1604,Categoria 01604
1605,Categoria 01605
1606,Categoria 01606
1607,Categoria 01607
1608,Categoria 01608
1609,Categoria 01609
1610,
1611,Categoria 01611
1612,Categoria 01612
1613,Categoria 01613
1614,Categoria 01614
1615,Categoria 01615
1616,Categoria 01616
1617,Categoria 01617
1618,Categoria 01618
1619,Categoria 01619
1620,Categoria 01620
1621,Categoria 01621
1622,Categoria 01622
1623,Categoria 01623
1624,Categoria 01624
CAT1625,Categoria 01625
1626,Categoria 01626
1627,Categoria 01627
1628,Categoria 01628
1629,Categoria 01629
1630,Categoria 01630
1631,Categoria 01631
1632,Categoria 01632
1633,Categoria 01633
1634,Categoria 01634
1635,Categoria 01635
1636,Categoria 01636
1637,Categoria 01637
1638,Categoria 01638
1639,Categoria 01639
1640,Categoria 01640
1641,Categoria 01641
1642,Categoria 01642
1643,Categoria 01643
1644,Categoria 01644
1645,Categoria 01645
1646,Categoria 01646
1647,Categoria 01647
1648,Categoria 01648
1649,Categoria 01649
1650,Categoria 01650
1651,Categoria 01651
1652,Categoria 01652
1653,Categoria 01653
1654,Categoria 01654
1655,Categoria 01655
1656,Categoria 01656
1657,Categoria 01657
1658,Categoria 01658
1659,Categoria 01659
1660,Categoria 01660
1661,Categoria 01661
1662,Categoria 01662
1663,Categoria 01663
1664,Categoria 01664
1665,Categoria 01665
1666,Categoria 01666
1667,Categoria 01667
1668,Categoria 01668
1669,Categoria 01669
1670,Categoria 01670
1671,Categoria 01671
1672,Categoria 01672
1673,Categoria 01673
1674,Categoria 01674
1675,Categoria 01675
1676,Categoria 01676
1677,Categoria 01677
1678,Categoria 01678
1679,Categoria 01679
1680,
1681,Categoria 01681
1682,Categoria 01682
1683,Categoria 01683
1684,Categoria 01684
1685,Categoria 01685
1686,Categoria 01686
1687,Categoria 01687
1688,Categoria 01688
1689,Categoria 01689
1690,Categoria 01690
1691,Categoria 01691
1692,Categoria 01692
1693,Categoria 01693
1694,Categoria 01694
1695,Categoria 01695
1696,Categoria 01696
1697,Categoria 01697
1698,Categoria 01698
1699,Categoria 01699
1700,Categoria 01700
1701,Categoria 01701
1702,Categoria 01702
1703,Categoria 01703
1704,Categoria 01704
1705,Categoria 01705
1706,Categoria 01706
1707,Categoria 01707
1708,Categoria 01708
1709,Categoria 01709
1710,Categoria 01710
1711,Categoria 01711
1712,Categoria 01712
1713,Categoria 01713
1714,Categoria 01714
1715,Categoria 01715
1716,Categoria 01716
1717,Categoria 01717
1718,Categoria 01718
1719,Categoria 01719
1720,Categoria 01720
1721,Categoria 01721
1722,Categoria 01722
1723,Categoria 01723
1724,Categoria 01724
1725,Categoria 01725
1726,Categoria 01726
1727,Categoria 01727
1728,Categoria 01728
1729,Categoria 01729
1730,Categoria 01730
1731,Categoria 01731
1732,Categoria 01732
1733,Categoria 01733
1734,Categoria 01734
1735,Categoria 01735
1736,Categoria 01736
1737,Categoria 01737
1738,Categoria 01738
1739,Categoria 01739
1740,Categoria 01740
1741,Categoria 01741
1742,Categoria 01742
1743,Categoria 01743
1744,Categoria 01744
1745,Categoria 01745
1746,Categoria 01746
1747,Categoria 01747
1748,Categoria 01748
1749,Categoria 01749
CAT1750,
1751,Categoria 01751
1752,Categoria 01752
1753,Categoria 01753
1754,Categoria 01754
1755,Categoria 01755
1756,Categoria 01756
1757,Categoria 01757
1758,Categoria 01758
1759,Categoria 01759
1760,Categoria 01760
1761,Categoria 01761
1762,Categoria 01762
1763,Categoria 01763
1764,Categoria 01764
1765,Categoria 01765
1766,Categoria 01766
1767,Categoria 01767
1768,Categoria 01768
1769,Categoria 01769
1770,Categoria 01770
1771,Categoria 01771
1772,Categoria 01772
1773,Categoria 01773
1774,Categoria 01774
1775,Categoria 01775
1776,Categoria 01776
1777,Categoria 01777
1778,Categoria 01778
1779,Categoria 01779
1780,Categoria 01780
1781,Categoria 01781
1782,Categoria 01782
1783,Categoria 01783
1784,Categoria 01784
1785,Categoria 01785
1786,Categoria 01786
1787,Categoria 01787
1788,Categoria 01788
1789,Categoria 01789
1790,Categoria 01790
1791,Categoria 01791
1792,Categoria 01792
1793,Categoria 01793
1794,Categoria 01794
1795,Categoria 01795
1796,Categoria 01796
1797,Categoria 01797
1798,Categoria 01798
1799,Categoria 01799
1800,Categoria 01800
1801,Categoria 01801
1802,Categoria 01802
1803,Categoria 01803
1804,Categoria 01804
1805,Categoria 01805
1806,Categoria 01806
1807,Categoria 01807
1808,Categoria 01808
1809,Categoria 01809
1810,Categoria 01810
1811,Categoria 01811
1812,Categoria 01812
1813,Categoria 01813
1814,Categoria 01814
1815,Categoria 01815
1816,Categoria 01816
1817,Categoria 01817
1818,Categoria 01818
1819,Categoria 01819
1820,
1821,Categoria 01821
1822,Categoria 01822
1823,Categoria 01823
1824,Categoria 01824
1825,Categoria 01825
1826,Categoria 01826
1827,Categoria 01827
1828,Categoria 01828
1829,Categoria 01829
1830,Categoria 01830
1831,Categoria 01831
1832,Categoria 01832
1833,Categoria 01833
1834,Categoria 01834
1835,Categoria 01835
1836,Categoria 01836
1837,Categoria 01837
1838,Categoria 01838
1839,Categoria 01839
1840,Categoria 01840
1841,Categoria 01841
1842,Categoria 01842
1843,Categoria 01843
1844,Categoria 01844
1845,Categoria 01845
1846,Categoria 01846
1847,Categoria 01847
1848,Categoria 01848
1849,Categoria 01849
1850,Categoria 01850
1851,Categoria 01851
1852,Categoria 01852
1853,Categoria 01853
1854,Categoria 01854
1855,Categoria 01855
1856,Categoria 01856
1857,Categoria 01857
1858,Categoria 01858
1859,Categoria 01859
1860,Categoria 01860
1861,Categoria 01861
1862,Categoria 01862
1863,Categoria 01863
1864,Categoria 01864
1865,Categoria 01865
1866,Categoria 01866
1867,Categoria 01867
1868,Categoria 01868
1869,Categoria 01869
1870,Categoria 01870
1871,Categoria 01871
1872,Categoria 01872
1873,Categoria 01873
1874,Categoria 01874
CAT1875,Categoria 01875
1876,Categoria 01876
1877,Categoria 01877
1878,Categoria 01878
1879,Categoria 01879
1880,Categoria 01880
1881,Categoria 01881
1882,Categoria 01882
1883,Categoria 01883
1884,Categoria 01884
1885,Categoria 01885
1886,Categoria 01886
1887,Categoria 01887
1888,Categoria 01888
1889,Categoria 01889
1890,
1891,Categoria 01891
1892,Categoria 01892
1893,Categoria 01893
1894,Categoria 01894
1895,Categoria 01895
1896,Categoria 01896
1897,Categoria 01897
1898,Categoria 01898
1899,Categoria 01899
1900,Categoria 01900
1901,Categoria 01901
1902,Categoria 01902
1903,Categoria 01903
1904,Categoria 01904
1905,Categoria 01905
1906,Categoria 01906
1907,Categoria 01907
1908,Categoria 01908
1909,Categoria 01909
1910,Categoria 01910
1911,Categoria 01911
1912,Categoria 01912
1913,Categoria 01913
1914,Categoria 01914
1915,Categoria 01915
1916,Categoria 01916
1917,Categoria 01917
1918,Categoria 01918
1919,Categoria 01919
1920,Categoria 01920
1921,Categoria 01921
1922,Categoria 01922
1923,Categoria 01923
1924,Categoria 01924
1925,Categoria 01925
1926,Categoria 01926
1927,Categoria 01927
1928,Categoria 01928
1929,Categoria 01929
1930,Categoria 01930
1931,Categoria 01931
1932,Categoria 01932
1933,Categoria 01933
1934,Categoria 01934
1935,Categoria 01935
1936,Categoria 01936
1937,Categoria 01937
1938,Categoria 01938
1939,Categoria 01939
1940,Categoria 01940
1941,Categoria 01941
1942,Categoria 01942
1943,Categoria 01943
1944,Categoria 01944
1945,Categoria 01945
1946,Categoria 01946
1947,Categoria 01947
1948,Categoria 01948
1949,Categoria 01949
1950,Categoria 01950
1951,Categoria 01951
1952,Categoria 01952
1953,Categoria 01953
1954,Categoria 01954
1955,Categoria 01955
1956,Categoria 01956
1957,Categoria 01957
1958,Categoria 01958
1959,Categoria 01959
1960,
1961,Categoria 01961
1962,Categoria 01962
1963,Categoria 01963
1964,Categoria 01964
1965,Categoria 01965
1966,Categoria 01966
1967,Categoria 01967
1968,Categoria 01968
1969,Categoria 01969
1970,Categoria 01970
1971,Categoria 01971
1972,Categoria 01972
1973,Categoria 01973
1974,Categoria 01974
1975,Categoria 01975
1976,Categoria 01976
1977,Categoria 01977
1978,Categoria 01978
1979,Categoria 01979
1980,Categoria 01980
1981,Categoria 01981
1982,Categoria 01982
1983,Categoria 01983
1984,Categoria 01984
1985,Categoria 01985
1986,Categoria 01986
1987,Categoria 01987
1988,Categoria 01988
1989,Categoria 01989
1990,Categoria 01990
1991,Categoria 01991
1992,Categoria 01992
1993,Categoria 01993
1994,Categoria 01994
1995,Categoria 01995
1996,Categoria 01996
1997,Categoria 01997
1998,Categoria 01998
1999,Categoria 01999
CAT2000,Categoria 02000
CAT2000,Categoria 02000
2001,Categoria 02001
2002,Categoria 02002
2003,Categoria 02003
2004,Categoria 02004
2005,Categoria 02005
2006,Categoria 02006
2007,Categoria 02007
2008,Categoria 02008
2009,Categoria 02009
2010,Categoria 02010
2011,Categoria 02011
2012,Categoria 02012
2013,Categoria 02013
2014,Categoria 02014
2015,Categoria 02015
2016,Categoria 02016
2017,Categoria 02017
2018,Categoria 02018
2019,Categoria 02019
2020,Categoria 02020
2021,Categoria 02021
2022,Categoria 02022
2023,Categoria 02023
2024,Categoria 02024
2025,Categoria 02025
2026,Categoria 02026
2027,Categoria 02027
2028,Categoria 02028
2029,Categoria 02029
2030,
2031,Categoria 02031
2032,Categoria 02032
2033,Categoria 02033
2034,Categoria 02034
2035,Categoria 02035
2036,Categoria 02036
2037,Categoria 02037
2038,Categoria 02038
2039,Categoria 02039
2040,Categoria 02040
2041,Categoria 02041
2042,Categoria 02042
2043,Categoria 02043
2044,Categoria 02044
2045,Categoria 02045
2046,Categoria 02046
2047,Categoria 02047
2048,Categoria 02048
2049,Categoria 02049
2050,Categoria 02050
2051,Categoria 02051
2052,Categoria 02052
2053,Categoria 02053
2054,Categoria 02054
2055,Categoria 02055
2056,Categoria 02056
2057,Categoria 02057
2058,Categoria 02058
2059,Categoria 02059
2060,Categoria 02060
2061,Categoria 02061
2062,Categoria 02062
2063,Categoria 02063
2064,Categoria 02064
2065,Categoria 02065
2066,Categoria 02066
2067,Categoria 02067
2068,Categoria 02068
2069,Categoria 02069
2070,Categoria 02070
2071,Categoria 02071
2072,Categoria 02072
2073,Categoria 02073
2074,Categoria 02074
2075,Categoria 02075
2076,Categoria 02076
2077,Categoria 02077
2078,Categoria 02078
2079,Categoria 02079
2080,Categoria 02080
2081,Categoria 02081
2082,Categoria 02082
2083,Categoria 02083
2084,Categoria 02084
2085,Categoria 02085
2086,Categoria 02086
2087,Categoria 02087
2088,Categoria 02088
2089,Categoria 02089
2090,Categoria 02090
2091,Categoria 02091
2092,Categoria 02092
2093,Categoria 02093
2094,Categoria 02094
2095,Categoria 02095
2096,Categoria 02096
2097,Categoria 02097
2098,Categoria 02098
2099,Categoria 02099
2100,
2101,Categoria 02101
2102,Categoria 02102
2103,Categoria 02103
2104,Categoria 02104
2105,Categoria 02105
2106,Categoria 02106
2107,Categoria 02107
2108,Categoria 02108
2109,Categoria 02109
2110,Categoria 02110
2111,Categoria 02111
2112,Categoria 02112
2113,Categoria 02113
2114,Categoria 02114
2115,Categoria 02115
2116,Categoria 02116
2117,Categoria 02117
2118,Categoria 02118
2119,Categoria 02119
2120,Categoria 02120
2121,Categoria 02121
2122,Categoria 02122
2123,Categoria 02123
2124,Categoria 02124
CAT2125,Categoria 02125
2126,Categoria 02126
2127,Categoria 02127
2128,Categoria 02128
2129,Categoria 02129
2130,Categoria 02130
2131,Categoria 02131
2132,Categoria 02132
2133,Categoria 02133
2134,Categoria 02134
2135,Categoria 02135
2136,Categoria 02136
2137,Categoria 02137
2138,Categoria 02138
2139,Categoria 02139
2140,Categoria 02140
2141,Categoria 02141
2142,Categoria 02142
2143,Categoria 02143
2144,Categoria 02144
2145,Categoria 02145
2146,Categoria 02146
2147,Categoria 02147
2148,Categoria 02148
2149,Categoria 02149
2150,Categoria 02150
2151,Categoria 02151
2152,Categoria 02152
2153,Categoria 02153
2154,Categoria 02154
2155,Categoria 02155
2156,Categoria 02156
2157,Categoria 02157
2158,Categoria 02158
2159,Categoria 02159
2160,Categoria 02160
2161,Categoria 02161
2162,Categoria 02162
2163,Categoria 02163
2164,Categoria 02164
2165,Categoria 02165
2166,Categoria 02166
2167,Categoria 02167
2168,Categoria 02168
2169,Categoria 02169
2170,
2171,Categoria 02171
2172,Categoria 02172
2173,Categoria 02173
2174,Categoria 02174
2175,Categoria 02175
2176,Categoria 02176
2177,Categoria 02177
2178,Categoria 02178
2179,Categoria 02179
2180,Categoria 02180
2181,Categoria 02181
2182,Categoria 02182
2183,Categoria 02183
2184,Categoria 02184
2185,Categoria 02185
2186,Categoria 02186
2187,Categoria 02187
2188,Categoria 02188
2189,Categoria 02189
2190,Categoria 02190
2191,Categoria 02191
2192,Categoria 02192
2193,Categoria 02193
2194,Categoria 02194
2195,Categoria 02195
2196,Categoria 02196
2197,Categoria 02197
2198,Categoria 02198
2199,Categoria 02199
2200,Categoria 02200
2201,Categoria 02201
2202,Categoria 02202
2203,Categoria 02203
2204,Categoria 02204
2205,Categoria 02205
2206,Categoria 02206
2207,Categoria 02207
2208,Categoria 02208
2209,Categoria 02209
2210,Categoria 02210
2211,Categoria 02211
2212,Categoria 02212
2213,Categoria 02213
2214,Categoria 02214
2215,Categoria 02215
2216,Categoria 02216
2217,Categoria 02217
2218,Categoria 02218
2219,Categoria 02219
2220,Categoria 02220
2221,Categoria 02221
2222,Categoria 02222
2223,Categoria 02223
2224,Categoria 02224
2225,Categoria 02225
2226,Categoria 02226
2227,Categoria 02227
2228,Categoria 02228
2229,Categoria 02229
2230,Categoria 02230
2231,Categoria 02231
2232,Categoria 02232
2233,Categoria 02233
2234,Categoria 02234
2235,Categoria 02235
2236,Categoria 02236
2237,Categoria 02237
2238,Categoria 02238
2239,Categoria 02239
2240,
2241,Categoria 02241
2242,Categoria 02242
2243,Categoria 02243
2244,Categoria 02244
2245,Categoria 02245
2246,Categoria 02246
2247,Categoria 02247
2248,Categoria 02248
2249,Categoria 02249
CAT2250,Categoria 02250
2251,Categoria 02251
2252,Categoria 02252
2253,Categoria 02253
2254,Categoria 02254
2255,Categoria 02255
2256,Categoria 02256
2257,Categoria 02257
2258,Categoria 02258
2259,Categoria 02259
2260,Categoria 02260
2261,Categoria 02261
2262,Categoria 02262
2263,Categoria 02263
2264,Categoria 02264
2265,Categoria 02265
2266,Categoria 02266
2267,Categoria 02267
2268,Categoria 02268
2269,Categoria 02269
2270,Categoria 02270
2271,Categoria 02271
2272,Categoria 02272
2273,Categoria 02273
2274,Categoria 02274
2275,Categoria 02275
2276,Categoria 02276
2277,Categoria 02277
2278,Categoria 02278
2279,Categoria 02279
2280,Categoria 02280
2281,Categoria 02281
2282,Categoria 02282
2283,Categoria 02283
2284,Categoria 02284
2285,Categoria 02285
2286,Categoria 02286
2287,Categoria 02287
2288,Categoria 02288
2289,Categoria 02289
2290,Categoria 02290
2291,Categoria 02291
2292,Categoria 02292
2293,Categoria 02293
2294,Categoria 02294
2295,Categoria 02295
2296,Categoria 02296
2297,Categoria 02297
2298,Categoria 02298
2299,Categoria 02299
2300,Categoria 02300
2301,Categoria 02301
2302,Categoria 02302
2303,Categoria 02303
2304,Categoria 02304
2305,Categoria 02305
2306,Categoria 02306
2307,Categoria 02307
2308,Categoria 02308
2309,Categoria 02309
2310,
2311,Categoria 02311
2312,Categoria 02312
2313,Categoria 02313
2314,Categoria 02314
2315,Categoria 02315
2316,Categoria 02316
2317,Categoria 02317
2318,Categoria 02318
2319,Categoria 02319
2320,Categoria 02320
2321,Categoria 02321
2322,Categoria 02322
2323,Categoria 02323
2324,Categoria 02324
2325,Categoria 02325
2326,Categoria 02326
2327,Categoria 02327
2328,Categoria 02328
2329,Categoria 02329
2330,Categoria 02330
2331,Categoria 02331
2332,Categoria 02332
2333,Categoria 02333
2334,Categoria 02334
2335,Categoria 02335
2336,Categoria 02336
2337,Categoria 02337
2338,Categoria 02338
2339,Categoria 02339
2340,Categoria 02340
2341,Categoria 02341
2342,Categoria 02342
2343,Categoria 02343
2344,Categoria 02344
2345,Categoria 02345
2346,Categoria 02346
2347,Categoria 02347
2348,Categoria 02348
2349,Categoria 02349
2350,Categoria 02350
2351,Categoria 02351
2352,Categoria 02352
2353,Categoria 02353
2354,Categoria 02354
2355,Categoria 02355
2356,Categoria 02356
2357,Categoria 02357
2358,Categoria 02358
2359,Categoria 02359
2360,Categoria 02360
2361,Categoria 02361
2362,Categoria 02362
2363,Categoria 02363
2364,Categoria 02364
2365,Categoria 02365
2366,Categoria 02366
2367,Categoria 02367
2368,Categoria 02368
2369,Categoria 02369
2370,Categoria 02370
2371,Categoria 02371
2372,Categoria 02372
2373,Categoria 02373
2374,Categoria 02374
CAT2375,Categoria 02375
2376,Categoria 02376
2377,Categoria 02377
2378,Categoria 02378
2379,Categoria 02379
2380,
2381,Categoria 02381
2382,Categoria 02382
2383,Categoria 02383
2384,Categoria 02384
2385,Categoria 02385
2386,Categoria 02386
2387,Categoria 02387
2388,Categoria 02388
2389,Categoria 02389
2390,Categoria 02390
2391,Categoria 02391
2392,Categoria 02392
2393,Categoria 02393
2394,Categoria 02394
2395,Categoria 02395
2396,Categoria 02396
2397,Categoria 02397
2398,Categoria 02398
2399,Categoria 02399
2400,Categoria 02400
2400,Categoria 02400
2401,Categoria 02401
2402,Categoria 02402
2403,Categoria 02403
2404,Categoria 02404
2405,Categoria 02405
2406,Categoria 02406
2407,Categoria 02407
2408,Categoria 02408
2409,Categoria 02409
2410,Categoria 02410
2411,Categoria 02411
2412,Categoria 02412
2413,Categoria 02413
2414,Categoria 02414
2415,Categoria 02415
2416,Categoria 02416
2417,Categoria 02417
2418,Categoria 02418
2419,Categoria 02419
2420,Categoria 02420
2421,Categoria 02421
2422,Categoria 02422
2423,Categoria 02423
2424,Categoria 02424
2425,Categoria 02425
2426,Categoria 02426
2427,Categoria 02427
2428,Categoria 02428
2429,Categoria 02429
2430,Categoria 02430
2431,Categoria 02431
2432,Categoria 02432
2433,Categoria 02433
2434,Categoria 02434
2435,Categoria 02435
2436,Categoria 02436
2437,Categoria 02437
2438,Categoria 02438
2439,Categoria 02439
2440,Categoria 02440
2441,Categoria 02441
2442,Categoria 02442
2443,Categoria 02443
2444,Categoria 02444
2445,Categoria 02445
2446,Categoria 02446
2447,Categoria 02447
2448,Categoria 02448
2449,Categoria 02449
2450,
2451,Categoria 02451
2452,Categoria 02452
2453,Categoria 02453
2454,Categoria 02454
2455,Categoria 02455
2456,Categoria 02456
2457,Categoria 02457
2458,Categoria 02458
2459,Categoria 02459
2460,Categoria 02460
2461,Categoria 02461
2462,Categoria 02462
2463,Categoria 02463
2464,Categoria 02464
2465,Categoria 02465
2466,Categoria 02466
2467,Categoria 02467
2468,Categoria 02468
2469,Categoria 02469
2470,Categoria 02470
2471,Categoria 02471
2472,Categoria 02472
2473,Categoria 02473
2474,Categoria 02474
2475,Categoria 02475
2476,Categoria 02476
2477,Categoria 02477
2478,Categoria 02478
2479,Categoria 02479
2480,Categoria 02480
2481,Categoria 02481
2482,Categoria 02482
2483,Categoria 02483
2484,Categoria 02484
2485,Categoria 02485
2486,Categoria 02486
2487,Categoria 02487
2488,Categoria 02488
2489,Categoria 02489
2490,Categoria 02490
2491,Categoria 02491
2492,Categoria 02492
2493,Categoria 02493
2494,Categoria 02494
2495,Categoria 02495
2496,Categoria 02496
2497,Categoria 02497
2498,Categoria 02498
2499,Categoria 02499
CAT2500,Categoria 02500
2501,Categoria 02501
2502,Categoria 02502
2503,Categoria 02503
2504,Categoria 02504
2505,Categoria 02505
2506,Categoria 02506
2507,Categoria 02507
2508,Categoria 02508
2509,Categoria 02509
2510,Categoria 02510
2511,Categoria 02511
2512,Categoria 02512
2513,Categoria 02513
2514,Categoria 02514
2515,Categoria 02515
2516,Categoria 02516
2517,Categoria 02517
2518,Categoria 02518
2519,Categoria 02519
2520,
2521,Categoria 02521
2522,Categoria 02522
2523,Categoria 02523
2524,Categoria 02524
2525,Categoria 02525
2526,Categoria 02526
2527,Categoria 02527
2528,Categoria 02528
2529,Categoria 02529
2530,Categoria 02530
2531,Categoria 02531
2532,Categoria 02532
2533,Categoria 02533
2534,Categoria 02534
2535,Categoria 02535
2536,Categoria 02536
2537,Categoria 02537
2538,Categoria 02538
2539,Categoria 02539
2540,Categoria 02540
2541,Categoria 02541
2542,Categoria 02542
2543,Categoria 02543
2544,Categoria 02544
2545,Categoria 02545
2546,Categoria 02546
2547,Categoria 02547
2548,Categoria 02548
2549,Categoria 02549
2550,Categoria 02550
2551,Categoria 02551
2552,Categoria 02552
2553,Categoria 02553
2554,Categoria 02554
2555,Categoria 02555
2556,Categoria 02556
2557,Categoria 02557
2558,Categoria 02558
2559,Categoria 02559
2560,Categoria 02560
2561,Categoria 02561
2562,Categoria 02562
2563,Categoria 02563
2564,Categoria 02564
2565,Categoria 02565
2566,Categoria 02566
2567,Categoria 02567
2568,Categoria 02568
2569,Categoria 02569
2570,Categoria 02570
2571,Categoria 02571
2572,Categoria 02572
2573,Categoria 02573
2574,Categoria 02574
2575,Categoria 02575
2576,Categoria 02576
2577,Categoria 02577
2578,Categoria 02578
2579,Categoria 02579
2580,Categoria 02580
2581,Categoria 02581
2582,Categoria 02582
2583,Categoria 02583
2584,Categoria 02584
2585,Categoria 02585
2586,Categoria 02586
2587,Categoria 02587
2588,Categoria 02588
2589,Categoria 02589
2590,
2591,Categoria 02591
2592,Categoria 02592
2593,Categoria 02593
2594,Categoria 02594
2595,Categoria 02595
2596,Categoria 02596
2597,Categoria 02597
2598,Categoria 02598
2599,Categoria 02599
2600,Categoria 02600
2601,Categoria 02601
2602,Categoria 02602
2603,Categoria 02603
2604,Categoria 02604
2605,Categoria 02605
2606,Categoria 02606
2607,Categoria 02607
2608,Categoria 02608
2609,Categoria 02609
2610,Categoria 02610
2611,Categoria 02611
2612,Categoria 02612
2613,Categoria 02613
2614,Categoria 02614
2615,Categoria 02615
2616,Categoria 02616
2617,Categoria 02617
2618,Categoria 02618
2619,Categoria 02619
2620,Categoria 02620
2621,Categoria 02621
2622,Categoria 02622
2623,Categoria 02623
2624,Categoria 02624
CAT2625,Categoria 02625
2626,Categoria 02626
2627,Categoria 02627
2628,Categoria 02628
2629,Categoria 02629
2630,Categoria 02630
2631,Categoria 02631
2632,Categoria 02632
2633,Categoria 02633
2634,Categoria 02634
2635,Categoria 02635
2636,Categoria 02636
2637,Categoria 02637
2638,Categoria 02638
2639,Categoria 02639
2640,Categoria 02640
2641,Categoria 02641
2642,Categoria 02642
2643,Categoria 02643
2644,Categoria 02644
2645,Categoria 02645
2646,Categoria 02646
2647,Categoria 02647
2648,Categoria 02648
2649,Categoria 02649
2650,Categoria 02650
2651,Categoria 02651
2652,Categoria 02652
2653,Categoria 02653
2654,Categoria 02654
2655,Categoria 02655
2656,Categoria 02656
2657,Categoria 02657
2658,Categoria 02658
2659,Categoria 02659
2660,
2661,Categoria 02661
2662,Categoria 02662
2663,Categoria 02663
2664,Categoria 02664
2665,Categoria 02665
2666,Categoria 02666
2667,Categoria 02667
2668,Categoria 02668
2669,Categoria 02669
2670,Categoria 02670
2671,Categoria 02671
2672,Categoria 02672
2673,Categoria 02673
2674,Categoria 02674
2675,Categoria 02675
2676,Categoria 02676
2677,Categoria 02677
2678,Categoria 02678
2679,Categoria 02679
2680,Categoria 02680
2681,Categoria 02681
2682,Categoria 02682
2683,Categoria 02683
2684,Categoria 02684
2685,Categoria 02685
2686,Categoria 02686
2687,Categoria 02687
2688,Categoria 02688
2689,Categoria 02689
2690,Categoria 02690
2691,Categoria 02691
2692,Categoria 02692
2693,Categoria 02693
2694,Categoria 02694
2695,Categoria 02695
2696,Categoria 02696
2697,Categoria 02697
2698,Categoria 02698
2699,Categoria 02699
2700,Categoria 02700
2701,Categoria 02701
2702,Categoria 02702
2703,Categoria 02703
2704,Categoria 02704
2705,Categoria 02705
2706,Categoria 02706
2707,Categoria 02707
2708,Categoria 02708
2709,Categoria 02709
2710,Categoria 02710
2711,Categoria 02711
2712,Categoria 02712
2713,Categoria 02713
2714,Categoria 02714
2715,Categoria 02715
2716,Categoria 02716
2717,Categoria 02717
2718,Categoria 02718
2719,Categoria 02719
2720,Categoria 02720
2721,Categoria 02721
2722,Categoria 02722
2723,Categoria 02723
2724,Categoria 02724
2725,Categoria 02725
2726,Categoria 02726
2727,Categoria 02727
2728,Categoria 02728
2729,Categoria 02729
2730,
2731,Categoria 02731
2732,Categoria 02732
2733,Categoria 02733
2734,Categoria 02734
2735,Categoria 02735
2736,Categoria 02736
2737,Categoria 02737
2738,Categoria 02738
2739,Categoria 02739
2740,Categoria 02740
2741,Categoria 02741
2742,Categoria 02742
2743,Categoria 02743
2744,Categoria 02744
2745,Categoria 02745
2746,Categoria 02746
2747,Categoria 02747
2748,Categoria 02748
2749,Categoria 02749
CAT2750,Categoria 02750
2751,Categoria 02751
2752,Categoria 02752
2753,Categoria 02753
2754,Categoria 02754
2755,Categoria 02755
2756,Categoria 02756
2757,Categoria 02757
2758,Categoria 02758
2759,Categoria 02759
2760,Categoria 02760
2761,Categoria 02761
2762,Categoria 02762
2763,Categoria 02763
2764,Categoria 02764
2765,Categoria 02765
2766,Categoria 02766
2767,Categoria 02767
2768,Categoria 02768
2769,Categoria 02769
2770,Categoria 02770
2771,Categoria 02771
2772,Categoria 02772
2773,Categoria 02773
2774,Categoria 02774
2775,Categoria 02775
2776,Categoria 02776
2777,Categoria 02777
2778,Categoria 02778
2779,Categoria 02779
2780,Categoria 02780
2781,Categoria 02781
2782,Categoria 02782
2783,Categoria 02783
2784,Categoria 02784
2785,Categoria 02785
2786,Categoria 02786
2787,Categoria 02787
2788,Categoria 02788
2789,Categoria 02789
2790,Categoria 02790
2791,Categoria 02791
2792,Categoria 02792
2793,Categoria 02793
2794,Categoria 02794
2795,Categoria 02795
2796,Categoria 02796
2797,Categoria 02797
2798,Categoria 02798
2799,Categoria 02799
2800,
2800,
2801,Categoria 02801
2802,Categoria 02802
2803,Categoria 02803
2804,Categoria 02804
2805,Categoria 02805
2806,Categoria 02806
2807,Categoria 02807
2808,Categoria 02808
2809,Categoria 02809
2810,Categoria 02810
2811,Categoria 02811
2812,Categoria 02812
2813,Categoria 02813
2814,Categoria 02814
2815,Categoria 02815
2816,Categoria 02816
2817,Categoria 02817
2818,Categoria 02818
2819,Categoria 02819
2820,Categoria 02820
2821,Categoria 02821
2822,Categoria 02822
2823,Categoria 02823
2824,Categoria 02824
2825,Categoria 02825
2826,Categoria 02826
2827,Categoria 02827
2828,Categoria 02828
2829,Categoria 02829
2830,Categoria 02830
2831,Categoria 02831
2832,Categoria 02832
2833,Categoria 02833
2834,Categoria 02834
2835,Categoria 02835
2836,Categoria 02836
2837,Categoria 02837
2838,Categoria 02838
2839,Categoria 02839
2840,Categoria 02840
2841,Categoria 02841
2842,Categoria 02842
2843,Categoria 02843
2844,Categoria 02844
2845,Categoria 02845
2846,Categoria 02846
2847,Categoria 02847
2848,Categoria 02848
2849,Categoria 02849
2850,Categoria 02850
2851,Categoria 02851
2852,Categoria 02852
2853,Categoria 02853
2854,Categoria 02854
2855,Categoria 02855
2856,Categoria 02856
2857,Categoria 02857
2858,Categoria 02858
2859,Categoria 02859
2860,Categoria 02860
2861,Categoria 02861
2862,Categoria 02862
2863,Categoria 02863
2864,Categoria 02864
2865,Categoria 02865
2866,Categoria 02866
2867,Categoria 02867
2868,Categoria 02868
2869,Categoria 02869
2870,
2871,Categoria 02871
2872,Categoria 02872
2873,Categoria 02873
2874,Categoria 02874
CAT2875,Categoria 02875
2876,Categoria 02876
2877,Categoria 02877
2878,Categoria 02878
2879,Categoria 02879
2880,Categoria 02880
2881,Categoria 02881
2882,Categoria 02882
2883,Categoria 02883
2884,Categoria 02884
2885,Categoria 02885
2886,Categoria 02886
2887,Categoria 02887
2888,Categoria 02888
2889,Categoria 02889
2890,Categoria 02890
2891,Categoria 02891
2892,Categoria 02892
2893,Categoria 02893
2894,Categoria 02894
2895,Categoria 02895
2896,Categoria 02896
2897,Categoria 02897
2898,Categoria 02898
2899,Categoria 02899
2900,Categoria 02900
2901,Categoria 02901
2902,Categoria 02902
2903,Categoria 02903
2904,Categoria 02904
2905,Categoria 02905
2906,Categoria 02906
2907,Categoria 02907
2908,Categoria 02908
2909,Categoria 02909
2910,Categoria 02910
2911,Categoria 02911
2912,Categoria 02912
2913,Categoria 02913
2914,Categoria 02914
2915,Categoria 02915
2916,Categoria 02916
2917,Categoria 02917
2918,Categoria 02918
2919,Categoria 02919
2920,Categoria 02920
2921,Categoria 02921
2922,Categoria 02922
2923,Categoria 02923
2924,Categoria 02924
2925,Categoria 02925
2926,Categoria 02926
2927,Categoria 02927
2928,Categoria 02928
2929,Categoria 02929
2930,Categoria 02930
2931,Categoria 02931
2932,Categoria 02932
2933,Categoria 02933
2934,Categoria 02934
2935,Categoria 02935
2936,Categoria 02936
2937,Categoria 02937
2938,Categoria 02938
2939,Categoria 02939
2940,
2941,Categoria 02941
2942,Categoria 02942
2943,Categoria 02943
2944,Categoria 02944
2945,Categoria 02945
2946,Categoria 02946
2947,Categoria 02947
2948,Categoria 02948
2949,Categoria 02949
2950,Categoria 02950
2951,Categoria 02951
2952,Categoria 02952
2953,Categoria 02953
2954,Categoria 02954
2955,Categoria 02955
2956,Categoria 02956
2957,Categoria 02957
2958,Categoria 02958
2959,Categoria 02959
2960,Categoria 02960
2961,Categoria 02961
2962,Categoria 02962
2963,Categoria 02963
2964,Categoria 02964
2965,Categoria 02965
2966,Categoria 02966
2967,Categoria 02967
2968,Categoria 02968
2969,Categoria 02969
2970,Categoria 02970
2971,Categoria 02971
2972,Categoria 02972
2973,Categoria 02973
2974,Categoria 02974
2975,Categoria 02975
2976,Categoria 02976
2977,Categoria 02977
2978,Categoria 02978
2979,Categoria 02979
2980,Categoria 02980
2981,Categoria 02981
2982,Categoria 02982
2983,Categoria 02983
2984,Categoria 02984
2985,Categoria 02985
2986,Categoria 02986
2987,Categoria 02987
2988,Categoria 02988
2989,Categoria 02989
2990,Categoria 02990
2991,Categoria 02991
2992,Categoria 02992
2993,Categoria 02993
2994,Categoria 02994
2995,Categoria 02995
2996,Categoria 02996
2997,Categoria 02997
2998,Categoria 02998
2999,Categoria 02999
CAT3000,Categoria 03000
3001,Categoria 03001
3002,Categoria 03002
3003,Categoria 03003
3004,Categoria 03004
3005,Categoria 03005
3006,Categoria 03006
3007,Categoria 03007
3008,Categoria 03008
3009,Categoria 03009
3010,
3011,Categoria 03011
3012,Categoria 03012
3013,Categoria 03013
3014,Categoria 03014
3015,Categoria 03015
3016,Categoria 03016
3017,Categoria 03017
3018,Categoria 03018
3019,Categoria 03019
3020,Categoria 03020
3021,Categoria 03021
3022,Categoria 03022
3023,Categoria 03023
3024,Categoria 03024
3025,Categoria 03025
3026,Categoria 03026
3027,Categoria 03027
3028,Categoria 03028
3029,Categoria 03029
3030,Categoria 03030
3031,Categoria 03031
3032,Categoria 03032
3033,Categoria 03033
3034,Categoria 03034
3035,Categoria 03035
3036,Categoria 03036
3037,Categoria 03037
3038,Categoria 03038
3039,Categoria 03039
3040,Categoria 03040
3041,Categoria 03041
3042,Categoria 03042
3043,Categoria 03043
3044,Categoria 03044
3045,Categoria 03045
3046,Categoria 03046
3047,Categoria 03047
3048,Categoria 03048
3049,Categoria 03049
3050,Categoria 03050
3051,Categoria 03051
3052,Categoria 03052
3053,Categoria 03053
3054,Categoria 03054
3055,Categoria 03055
3056,Categoria 03056
3057,Categoria 03057
3058,Categoria 03058
3059,Categoria 03059
3060,Categoria 03060
3061,Categoria 03061
3062,Categoria 03062
3063,Categoria 03063
3064,Categoria 03064
3065,Categoria 03065
3066,Categoria 03066
3067,Categoria 03067
3068,Categoria 03068
3069,Categoria 03069
3070,Categoria 03070
3071,Categoria 03071
3072,Categoria 03072
3073,Categoria 03073
3074,Categoria 03074
3075,Categoria 03075
3076,Categoria 03076
3077,Categoria 03077
3078,Categoria 03078
3079,Categoria 03079
3080,
3081,Categoria 03081
3082,Categoria 03082
3083,Categoria 03083
3084,Categoria 03084
3085,Categoria 03085
3086,Categoria 03086
3087,Categoria 03087
3088,Categoria 03088
3089,Categoria 03089
3090,Categoria 03090
3091,Categoria 03091
3092,Categoria 03092
3093,Categoria 03093
3094,Categoria 03094
3095,Categoria 03095
3096,Categoria 03096
3097,Categoria 03097
3098,Categoria 03098
3099,Categoria 03099
3100,Categoria 03100
3101,Categoria 03101
3102,Categoria 03102
3103,Categoria 03103
3104,Categoria 03104
3105,Categoria 03105
3106,Categoria 03106
3107,Categoria 03107
3108,Categoria 03108
3109,Categoria 03109
3110,Categoria 03110
3111,Categoria 03111
3112,Categoria 03112
3113,Categoria 03113
3114,Categoria 03114
3115,Categoria 03115
3116,Categoria 03116
3117,Categoria 03117
3118,Categoria 03118
3119,Categoria 03119
3120,Categoria 03120
3121,Categoria 03121
3122,Categoria 03122
3123,Categoria 03123
3124,Categoria 03124
CAT3125,Categoria 03125
3126,Categoria 03126
3127,Categoria 03127
3128,Categoria 03128
3129,Categoria 03129
3130,Categoria 03130
3131,Categoria 03131
3132,Categoria 03132
3133,Categoria 03133
3134,Categoria 03134
3135,Categoria 03135
3136,Categoria 03136
3137,Categoria 03137
3138,Categoria 03138
3139,Categoria 03139
3140,Categoria 03140
3141,Categoria 03141
3142,Categoria 03142
3143,Categoria 03143
3144,Categoria 03144
3145,Categoria 03145
3146,Categoria 03146
3147,Categoria 03147
3148,Categoria 03148
3149,Categoria 03149
3150,
3151,Categoria 03151
3152,Categoria 03152
3153,Categoria 03153
3154,Categoria 03154
3155,Categoria 03155
3156,Categoria 03156
3157,Categoria 03157
3158,Categoria 03158
3159,Categoria 03159
3160,Categoria 03160
3161,Categoria 03161
3162,Categoria 03162
3163,Categoria 03163
3164,Categoria 03164
3165,Categoria 03165
3166,Categoria 03166
3167,Categoria 03167
3168,Categoria 03168
3169,Categoria 03169
3170,Categoria 03170
3171,Categoria 03171
3172,Categoria 03172
3173,Categoria 03173
3174,Categoria 03174
3175,Categoria 03175
3176,Categoria 03176
3177,Categoria 03177
3178,Categoria 03178
3179,Categoria 03179
3180,Categoria 03180
3181,Categoria 03181
3182,Categoria 03182
3183,Categoria 03183
3184,Categoria 03184
3185,Categoria 03185
3186,Categoria 03186
3187,Categoria 03187
3188,Categoria 03188
3189,Categoria 03189
3190,Categoria 03190
3191,Categoria 03191
3192,Categoria 03192
3193,Categoria 03193
3194,Categoria 03194
3195,Categoria 03195
3196,Categoria 03196
3197,Categoria 03197
3198,Categoria 03198
3199,Categoria 03199
3200,Categoria 03200
3200,Categoria 03200
3201,Categoria 03201
3202,Categoria 03202
3203,Categoria 03203
3204,Categoria 03204
3205,Categoria 03205
3206,Categoria 03206
3207,Categoria 03207
3208,Categoria 03208
3209,Categoria 03209
3210,Categoria 03210
3211,Categoria 03211
3212,Categoria 03212
3213,Categoria 03213
3214,Categoria 03214
3215,Categoria 03215
3216,Categoria 03216
3217,Categoria 03217
3218,Categoria 03218
3219,Categoria 03219
3220,
3221,Categoria 03221
3222,Categoria 03222
3223,Categoria 03223
3224,Categoria 03224
3225,Categoria 03225
3226,Categoria 03226
3227,Categoria 03227
3228,Categoria 03228
3229,Categoria 03229
3230,Categoria 03230
3231,Categoria 03231
3232,Categoria 03232
3233,Categoria 03233
3234,Categoria 03234
3235,Categoria 03235
3236,Categoria 03236
3237,Categoria 03237
3238,Categoria 03238
3239,Categoria 03239
3240,Categoria 03240
3241,Categoria 03241
3242,Categoria 03242
3243,Categoria 03243
3244,Categoria 03244
3245,Categoria 03245
3246,Categoria 03246
3247,Categoria 03247
3248,Categoria 03248
3249,Categoria 03249
CAT3250,Categoria 03250
3251,Categoria 03251
3252,Categoria 03252
3253,Categoria 03253
3254,Categoria 03254
3255,Categoria 03255
3256,Categoria 03256
3257,Categoria 03257
3258,Categoria 03258
3259,Categoria 03259
3260,Categoria 03260
3261,Categoria 03261
3262,Categoria 03262
3263,Categoria 03263
3264,Categoria 03264
3265,Categoria 03265
3266,Categoria 03266
3267,Categoria 03267
3268,Categoria 03268
3269,Categoria 03269
3270,Categoria 03270
3271,Categoria 03271
3272,Categoria 03272
3273,Categoria 03273
3274,Categoria 03274
3275,Categoria 03275
3276,Categoria 03276
3277,Categoria 03277
3278,Categoria 03278
3279,Categoria 03279
3280,Categoria 03280
3281,Categoria 03281
3282,Categoria 03282
3283,Categoria 03283
3284,Categoria 03284
3285,Categoria 03285
3286,Categoria 03286
3287,Categoria 03287
3288,Categoria 03288
3289,Categoria 03289
3290,
3291,Categoria 03291
3292,Categoria 03292
3293,Categoria 03293
3294,Categoria 03294
3295,Categoria 03295
3296,Categoria 03296
3297,Categoria 03297
3298,Categoria 03298
3299,Categoria 03299
3300,Categoria 03300
3301,Categoria 03301
3302,Categoria 03302
3303,Categoria 03303
3304,Categoria 03304
3305,Categoria 03305
3306,Categoria 03306
3307,Categoria 03307
3308,Categoria 03308
3309,Categoria 03309
3310,Categoria 03310
3311,Categoria 03311
3312,Categoria 03312
3313,Categoria 03313
3314,Categoria 03314
3315,Categoria 03315
3316,Categoria 03316
3317,Categoria 03317
3318,Categoria 03318
3319,Categoria 03319
3320,Categoria 03320
3321,Categoria 03321
3322,Categoria 03322
3323,Categoria 03323
3324,Categoria 03324
3325,Categoria 03325
3326,Categoria 03326
3327,Categoria 03327
3328,Categoria 03328
3329,Categoria 03329
3330,Categoria 03330
3331,Categoria 03331
3332,Categoria 03332
3333,Categoria 03333
3334,Categoria 03334
3335,Categoria 03335
3336,Categoria 03336
3337,Categoria 03337
3338,Categoria 03338
3339,Categoria 03339
3340,Categoria 03340
3341,Categoria 03341
3342,Categoria 03342
3343,Categoria 03343
3344,Categoria 03344
3345,Categoria 03345
3346,Categoria 03346
3347,Categoria 03347
3348,Categoria 03348
3349,Categoria 03349
3350,Categoria 03350
3351,Categoria 03351
3352,Categoria 03352
3353,Categoria 03353
3354,Categoria 03354
3355,Categoria 03355
3356,Categoria 03356
3357,Categoria 03357
3358,Categoria 03358
3359,Categoria 03359
3360,
3361,Categoria 03361
3362,Categoria 03362
3363,Categoria 03363
3364,Categoria 03364
3365,Categoria 03365
3366,Categoria 03366
3367,Categoria 03367
3368,Categoria 03368
3369,Categoria 03369
3370,Categoria 03370
3371,Categoria 03371
3372,Categoria 03372
3373,Categoria 03373
3374,Categoria 03374
CAT3375,Categoria 03375
3376,Categoria 03376
3377,Categoria 03377
3378,Categoria 03378
3379,Categoria 03379
3380,Categoria 03380
3381,Categoria 03381
3382,Categoria 03382
3383,Categoria 03383
3384,Categoria 03384
3385,Categoria 03385
3386,Categoria 03386
3387,Categoria 03387
3388,Categoria 03388
3389,Categoria 03389
3390,Categoria 03390
3391,Categoria 03391
3392,Categoria 03392
3393,Categoria 03393
3394,Categoria 03394
3395,Categoria 03395
3396,Categoria 03396
3397,Categoria 03397
3398,Categoria 03398
3399,Categoria 03399
3400,Categoria 03400
3401,Categoria 03401
3402,Categoria 03402
3403,Categoria 03403
3404,Categoria 03404
3405,Categoria 03405
3406,Categoria 03406
3407,Categoria 03407
3408,Categoria 03408
3409,Categoria 03409
3410,Categoria 03410
3411,Categoria 03411
3412,Categoria 03412
3413,Categoria 03413
3414,Categoria 03414
3415,Categoria 03415
3416,Categoria 03416
3417,Categoria 03417
3418,Categoria 03418
3419,Categoria 03419
3420,Categoria 03420
3421,Categoria 03421
3422,Categoria 03422
3423,Categoria 03423
3424,Categoria 03424
3425,Categoria 03425
3426,Categoria 03426
3427,Categoria 03427
3428,Categoria 03428
3429,Categoria 03429
3430,
3431,Categoria 03431
3432,Categoria 03432
3433,Categoria 03433
3434,Categoria 03434
3435,Categoria 03435
3436,Categoria 03436
3437,Categoria 03437
3438,Categoria 03438
3439,Categoria 03439
3440,Categoria 03440
3441,Categoria 03441
3442,Categoria 03442
3443,Categoria 03443
3444,Categoria 03444
3445,Categoria 03445
3446,Categoria 03446
3447,Categoria 03447
3448,Categoria 03448
3449,Categoria 03449
3450,Categoria 03450
3451,Categoria 03451
3452,Categoria 03452
3453,Categoria 03453
3454,Categoria 03454
3455,Categoria 03455
3456,Categoria 03456
3457,Categoria 03457
3458,Categoria 03458
3459,Categoria 03459
3460,Categoria 03460
3461,Categoria 03461
3462,Categoria 03462
3463,Categoria 03463
3464,Categoria 03464
3465,Categoria 03465
3466,Categoria 03466
3467,Categoria 03467
3468,Categoria 03468
3469,Categoria 03469
3470,Categoria 03470
3471,Categoria 03471
3472,Categoria 03472
3473,Categoria 03473
3474,Categoria 03474
3475,Categoria 03475
3476,Categoria 03476
3477,Categoria 03477
3478,Categoria 03478
3479,Categoria 03479
3480,Categoria 03480
3481,Categoria 03481
3482,Categoria 03482
3483,Categoria 03483
3484,Categoria 03484
3485,Categoria 03485
3486,Categoria 03486
3487,Categoria 03487
3488,Categoria 03488
3489,Categoria 03489
3490,Categoria 03490
3491,Categoria 03491
3492,Categoria 03492
3493,Categoria 03493
3494,Categoria 03494
3495,Categoria 03495
3496,Categoria 03496
3497,Categoria 03497
3498,Categoria 03498
3499,Categoria 03499
CAT3500,
3501,Categoria 03501
3502,Categoria 03502
3503,Categoria 03503
3504,Categoria 03504
3505,Categoria 03505
3506,Categoria 03506
3507,Categoria 03507
3508,Categoria 03508
3509,Categoria 03509
3510,Categoria 03510
3511,Categoria 03511
3512,Categoria 03512
3513,Categoria 03513
3514,Categoria 03514
3515,Categoria 03515
3516,Categoria 03516
3517,Categoria 03517
3518,Categoria 03518
3519,Categoria 03519
3520,Categoria 03520
3521,Categoria 03521
3522,Categoria 03522
3523,Categoria 03523
3524,Categoria 03524
3525,Categoria 03525
3526,Categoria 03526
3527,Categoria 03527
3528,Categoria 03528
3529,Categoria 03529
3530,Categoria 03530
3531,Categoria 03531
3532,Categoria 03532
3533,Categoria 03533
3534,Categoria 03534
3535,Categoria 03535
3536,Categoria 03536
3537,Categoria 03537
3538,Categoria 03538
3539,Categoria 03539
3540,Categoria 03540
3541,Categoria 03541
3542,Categoria 03542
3543,Categoria 03543
3544,Categoria 03544
3545,Categoria 03545
3546,Categoria 03546
3547,Categoria 03547
3548,Categoria 03548
3549,Categoria 03549
3550,Categoria 03550
3551,Categoria 03551
3552,Categoria 03552
3553,Categoria 03553
3554,Categoria 03554
3555,Categoria 03555
3556,Categoria 03556
3557,Categoria 03557
3558,Categoria 03558
3559,Categoria 03559
3560,Categoria 03560
3561,Categoria 03561
3562,Categoria 03562
3563,Categoria 03563
3564,Categoria 03564
3565,Categoria 03565
3566,Categoria 03566
3567,Categoria 03567
3568,Categoria 03568
3569,Categoria 03569
3570,
3571,Categoria 03571
3572,Categoria 03572
3573,Categoria 03573
3574,Categoria 03574
3575,Categoria 03575
3576,Categoria 03576
3577,Categoria 03577
3578,Categoria 03578
3579,Categoria 03579
3580,Categoria 03580
3581,Categoria 03581
3582,Categoria 03582
3583,Categoria 03583
3584,Categoria 03584
3585,Categoria 03585
3586,Categoria 03586
3587,Categoria 03587
3588,Categoria 03588
3589,Categoria 03589
3590,Categoria 03590
3591,Categoria 03591
3592,Categoria 03592
3593,Categoria 03593
3594,Categoria 03594
3595,Categoria 03595
3596,Categoria 03596
3597,Categoria 03597
3598,Categoria 03598
3599,Categoria 03599
3600,Categoria 03600
3600,Categoria 03600
3601,Categoria 03601
3602,Categoria 03602
3603,Categoria 03603
3604,Categoria 03604
3605,Categoria 03605
3606,Categoria 03606
3607,Categoria 03607
3608,Categoria 03608
3609,Categoria 03609
3610,Categoria 03610
3611,Categoria 03611
3612,Categoria 03612
3613,Categoria 03613
3614,Categoria 03614
3615,Categoria 03615
3616,Categoria 03616
3617,Categoria 03617
3618,Categoria 03618
3619,Categoria 03619
3620,Categoria 03620
3621,Categoria 03621
3622,Categoria 03622
3623,Categoria 03623
3624,Categoria 03624
CAT3625,Categoria 03625
3626,Categoria 03626
3627,Categoria 03627
3628,Categoria 03628
3629,Categoria 03629
3630,Categoria 03630
3631,Categoria 03631
3632,Categoria 03632
3633,Categoria 03633
3634,Categoria 03634
3635,Categoria 03635
3636,Categoria 03636
3637,Categoria 03637
3638,Categoria 03638
3639,Categoria 03639
3640,
3641,Categoria 03641
3642,Categoria 03642
3643,Categoria 03643
3644,Categoria 03644
3645,Categoria 03645
3646,Categoria 03646
3647,Categoria 03647
3648,Categoria 03648
3649,Categoria 03649
3650,Categoria 03650
3651,Categoria 03651
3652,Categoria 03652
3653,Categoria 03653
3654,Categoria 03654
3655,Categoria 03655
3656,Categoria 03656
3657,Categoria 03657
3658,Categoria 03658
3659,Categoria 03659
3660,Categoria 03660
3661,Categoria 03661
3662,Categoria 03662
3663,Categoria 03663
3664,Categoria 03664
3665,Categoria 03665
3666,Categoria 03666
3667,Categoria 03667
3668,Categoria 03668
3669,Categoria 03669
3670,Categoria 03670
3671,Categoria 03671
3672,Categoria 03672
3673,Categoria 03673
3674,Categoria 03674
3675,Categoria 03675
3676,Categoria 03676
3677,Categoria 03677
3678,Categoria 03678
3679,Categoria 03679
3680,Categoria 03680
3681,Categoria 03681
3682,Categoria 03682
3683,Categoria 03683
3684,Categoria 03684
3685,Categoria 03685
3686,Categoria 03686
3687,Categoria 03687
3688,Categoria 03688
3689,Categoria 03689
3690,Categoria 03690
3691,Categoria 03691
3692,Categoria 03692
3693,Categoria 03693
3694,Categoria 03694
3695,Categoria 03695
3696,Categoria 03696
3697,Categoria 03697
3698,Categoria 03698
3699,Categoria 03699
3700,Categoria 03700
3701,Categoria 03701
3702,Categoria 03702
3703,Categoria 03703
3704,Categoria 03704
3705,Categoria 03705
3706,Categoria 03706
3707,Categoria 03707
3708,Categoria 03708
3709,Categoria 03709
3710,
3711,Categoria 03711
3712,Categoria 03712
3713,Categoria 03713
3714,Categoria 03714
3715,Categoria 03715
3716,Categoria 03716
3717,Categoria 03717
3718,Categoria 03718
3719,Categoria 03719
3720,Categoria 03720
3721,Categoria 03721
3722,Categoria 03722
3723,Categoria 03723
3724,Categoria 03724
3725,Categoria 03725
3726,Categoria 03726
3727,Categoria 03727
3728,Categoria 03728
3729,Categoria 03729
3730,Categoria 03730
3731,Categoria 03731
3732,Categoria 03732
3733,Categoria 03733
3734,Categoria 03734
3735,Categoria 03735
3736,Categoria 03736
3737,Categoria 03737
3738,Categoria 03738
3739,Categoria 03739
3740,Categoria 03740
3741,Categoria 03741
3742,Categoria 03742
3743,Categoria 03743
3744,Categoria 03744
3745,Categoria 03745
3746,Categoria 03746
3747,Categoria 03747
3748,Categoria 03748
3749,Categoria 03749
CAT3750,Categoria 03750
3751,Categoria 03751
3752,Categoria 03752
3753,Categoria 03753
3754,Categoria 03754
3755,Categoria 03755
3756,Categoria 03756
3757,Categoria 03757
3758,Categoria 03758
3759,Categoria 03759
3760,Categoria 03760
3761,Categoria 03761
3762,Categoria 03762
3763,Categoria 03763
3764,Categoria 03764
3765,Categoria 03765
3766,Categoria 03766
3767,Categoria 03767
3768,Categoria 03768
3769,Categoria 03769
3770,Categoria 03770
3771,Categoria 03771
3772,Categoria 03772
3773,Categoria 03773
3774,Categoria 03774
3775,Categoria 03775
3776,Categoria 03776
3777,Categoria 03777
3778,Categoria 03778
3779,Categoria 03779
3780,
3781,Categoria 03781
3782,Categoria 03782
3783,Categoria 03783
3784,Categoria 03784
3785,Categoria 03785
3786,Categoria 03786
3787,Categoria 03787
3788,Categoria 03788
3789,Categoria 03789
3790,Categoria 03790
3791,Categoria 03791
3792,Categoria 03792
3793,Categoria 03793
3794,Categoria 03794
3795,Categoria 03795
3796,Categoria 03796
3797,Categoria 03797
3798,Categoria 03798
3799,Categoria 03799
3800,Categoria 03800
3801,Categoria 03801
3802,Categoria 03802
3803,Categoria 03803
3804,Categoria 03804
3805,Categoria 03805
3806,Categoria 03806
3807,Categoria 03807
3808,Categoria 03808
3809,Categoria 03809
3810,Categoria 03810
3811,Categoria 03811
3812,Categoria 03812
3813,Categoria 03813
3814,Categoria 03814
3815,Categoria 03815
3816,Categoria 03816
3817,Categoria 03817
3818,Categoria 03818
3819,Categoria 03819
3820,Categoria 03820
3821,Categoria 03821
3822,Categoria 03822
3823,Categoria 03823
3824,Categoria 03824
3825,Categoria 03825
3826,Categoria 03826
3827,Categoria 03827
3828,Categoria 03828
3829,Categoria 03829
3830,Categoria 03830
3831,Categoria 03831
3832,Categoria 03832
3833,Categoria 03833
3834,Categoria 03834
3835,Categoria 03835
3836,Categoria 03836
3837,Categoria 03837
3838,Categoria 03838
3839,Categoria 03839
3840,Categoria 03840
3841,Categoria 03841
3842,Categoria 03842
3843,Categoria 03843
3844,Categoria 03844
3845,Categoria 03845
3846,Categoria 03846
3847,Categoria 03847
3848,Categoria 03848
3849,Categoria 03849
3850,
3851,Categoria 03851
3852,Categoria 03852
3853,Categoria 03853
3854,Categoria 03854
3855,Categoria 03855
3856,Categoria 03856
3857,Categoria 03857
3858,Categoria 03858
3859,Categoria 03859
3860,Categoria 03860
3861,Categoria 03861
3862,Categoria 03862
3863,Categoria 03863
3864,Categoria 03864
3865,Categoria 03865
3866,Categoria 03866
3867,Categoria 03867
3868,Categoria 03868
3869,Categoria 03869
3870,Categoria 03870
3871,Categoria 03871
3872,Categoria 03872
3873,Categoria 03873
3874,Categoria 03874
CAT3875,Categoria 03875
3876,Categoria 03876
3877,Categoria 03877
3878,Categoria 03878
3879,Categoria 03879
3880,Categoria 03880
3881,Categoria 03881
3882,Categoria 03882
3883,Categoria 03883
3884,Categoria 03884
3885,Categoria 03885
3886,Categoria 03886
3887,Categoria 03887
3888,Categoria 03888
3889,Categoria 03889
3890,Categoria 03890
3891,Categoria 03891
3892,Categoria 03892
3893,Categoria 03893
3894,Categoria 03894
3895,Categoria 03895
3896,Categoria 03896
3897,Categoria 03897
3898,Categoria 03898
3899,Categoria 03899
3900,Categoria 03900
3901,Categoria 03901
3902,Categoria 03902
3903,Categoria 03903
3904,Categoria 03904
3905,Categoria 03905
3906,Categoria 03906
3907,Categoria 03907
3908,Categoria 03908
3909,Categoria 03909
3910,Categoria 03910
3911,Categoria 03911
3912,Categoria 03912
3913,Categoria 03913
3914,Categoria 03914
3915,Categoria 03915
3916,Categoria 03916
3917,Categoria 03917
3918,Categoria 03918
3919,Categoria 03919
3920,
3921,Categoria 03921
3922,Categoria 03922
3923,Categoria 03923
3924,Categoria 03924
3925,Categoria 03925
3926,Categoria 03926
3927,Categoria 03927
3928,Categoria 03928
3929,Categoria 03929
3930,Categoria 03930
3931,Categoria 03931
3932,Categoria 03932
3933,Categoria 03933
3934,Categoria 03934
3935,Categoria 03935
3936,Categoria 03936
3937,Categoria 03937
3938,Categoria 03938
3939,Categoria 03939
3940,Categoria 03940
3941,Categoria 03941
3942,Categoria 03942
3943,Categoria 03943
3944,Categoria 03944
3945,Categoria 03945
3946,Categoria 03946
3947,Categoria 03947
3948,Categoria 03948
3949,Categoria 03949
3950,Categoria 03950
3951,Categoria 03951
3952,Categoria 03952
3953,Categoria 03953
3954,Categoria 03954
3955,Categoria 03955
3956,Categoria 03956
3957,Categoria 03957
3958,Categoria 03958
3959,Categoria 03959
3960,Categoria 03960
3961,Categoria 03961
3962,Categoria 03962
3963,Categoria 03963
3964,Categoria 03964
3965,Categoria 03965
3966,Categoria 03966
3967,Categoria 03967
3968,Categoria 03968
3969,Categoria 03969
3970,Categoria 03970
3971,Categoria 03971
3972,Categoria 03972
3973,Categoria 03973
3974,Categoria 03974
3975,Categoria 03975
3976,Categoria 03976
3977,Categoria 03977
3978,Categoria 03978
3979,Categoria 03979
3980,Categoria 03980
3981,Categoria 03981
3982,Categoria 03982
3983,Categoria 03983
3984,Categoria 03984
3985,Categoria 03985
3986,Categoria 03986
3987,Categoria 03987
3988,Categoria 03988
3989,Categoria 03989
3990,
3991,Categoria 03991
3992,Categoria 03992
3993,Categoria 03993
3994,Categoria 03994
3995,Categoria 03995
3996,Categoria 03996
3997,Categoria 03997
3998,Categoria 03998
3999,Categoria 03999
CAT4000,Categoria 04000
CAT4000,Categoria 04000
4001,Categoria 04001
4002,Categoria 04002
4003,Categoria 04003
4004,Categoria 04004
4005,Categoria 04005
4006,Categoria 04006
4007,Categoria 04007
4008,Categoria 04008
4009,Categoria 04009
4010,Categoria 04010
4011,Categoria 04011
4012,Categoria 04012
4013,Categoria 04013
4014,Categoria 04014
4015,Categoria 04015
4016,Categoria 04016
4017,Categoria 04017
4018,Categoria 04018
4019,Categoria 04019
4020,Categoria 04020
4021,Categoria 04021
4022,Categoria 04022
4023,Categoria 04023
4024,Categoria 04024
4025,Categoria 04025
4026,Categoria 04026
4027,Categoria 04027
4028,Categoria 04028
4029,Categoria 04029
4030,Categoria 04030
4031,Categoria 04031
4032,Categoria 04032
4033,Categoria 04033
4034,Categoria 04034
4035,Categoria 04035
4036,Categoria 04036
4037,Categoria 04037
4038,Categoria 04038
4039,Categoria 04039
4040,Categoria 04040
4041,Categoria 04041
4042,Categoria 04042
4043,Categoria 04043
4044,Categoria 04044
4045,Categoria 04045
4046,Categoria 04046
4047,Categoria 04047
4048,Categoria 04048
4049,Categoria 04049
4050,Categoria 04050
4051,Categoria 04051
4052,Categoria 04052
4053,Categoria 04053
4054,Categoria 04054
4055,Categoria 04055
4056,Categoria 04056
4057,Categoria 04057
4058,Categoria 04058
4059,Categoria 04059
4060,
4061,Categoria 04061
4062,Categoria 04062
4063,Categoria 04063
4064,Categoria 04064
4065,Categoria 04065
4066,Categoria 04066
4067,Categoria 04067
4068,Categoria 04068
4069,Categoria 04069
4070,Categoria 04070
4071,Categoria 04071
4072,Categoria 04072
4073,Categoria 04073
4074,Categoria 04074
4075,Categoria 04075
4076,Categoria 04076
4077,Categoria 04077
4078,Categoria 04078
4079,Categoria 04079
4080,Categoria 04080
4081,Categoria 04081
4082,Categoria 04082
4083,Categoria 04083
4084,Categoria 04084
4085,Categoria 04085
4086,Categoria 04086
4087,Categoria 04087
4088,Categoria 04088
4089,Categoria 04089
4090,Categoria 04090
4091,Categoria 04091
4092,Categoria 04092
4093,Categoria 04093
4094,Categoria 04094
4095,Categoria 04095
4096,Categoria 04096
4097,Categoria 04097
4098,Categoria 04098
4099,Categoria 04099
4100,Categoria 04100
4101,Categoria 04101
4102,Categoria 04102
4103,Categoria 04103
4104,Categoria 04104
4105,Categoria 04105
4106,Categoria 04106
4107,Categoria 04107
4108,Categoria 04108
4109,Categoria 04109
4110,Categoria 04110
4111,Categoria 04111
4112,Categoria 04112
4113,Categoria 04113
4114,Categoria 04114
4115,Categoria 04115
4116,Categoria 04116
4117,Categoria 04117
4118,Categoria 04118
4119,Categoria 04119
4120,Categoria 04120
4121,Categoria 04121
4122,Categoria 04122
4123,Categoria 04123
4124,Categoria 04124
CAT4125,Categoria 04125
4126,Categoria 04126
4127,Categoria 04127
4128,Categoria 04128
4129,Categoria 04129
4130,
4131,Categoria 04131
4132,Categoria 04132
4133,Categoria 04133
4134,Categoria 04134
4135,Categoria 04135
4136,Categoria 04136
4137,Categoria 04137
4138,Categoria 04138
4139,Categoria 04139
4140,Categoria 04140
4141,Categoria 04141
4142,Categoria 04142
4143,Categoria 04143
4144,Categoria 04144
4145,Categoria 04145
4146,Categoria 04146
4147,Categoria 04147
4148,Categoria 04148
4149,Categoria 04149
4150,Categoria 04150
4151,Categoria 04151
4152,Categoria 04152
4153,Categoria 04153
4154,Categoria 04154
4155,Categoria 04155
4156,Categoria 04156
4157,Categoria 04157
4158,Categoria 04158
4159,Categoria 04159
4160,Categoria 04160
4161,Categoria 04161
4162,Categoria 04162
4163,Categoria 04163
4164,Categoria 04164
4165,Categoria 04165
4166,Categoria 04166
4167,Categoria 04167
4168,Categoria 04168
4169,Categoria 04169
4170,Categoria 04170
4171,Categoria 04171
4172,Categoria 04172
4173,Categoria 04173
4174,Categoria 04174
4175,Categoria 04175
4176,Categoria 04176
4177,Categoria 04177
4178,Categoria 04178
4179,Categoria 04179
4180,Categoria 04180
4181,Categoria 04181
4182,Categoria 04182
4183,Categoria 04183
4184,Categoria 04184
4185,Categoria 04185
4186,Categoria 04186
4187,Categoria 04187
4188,Categoria 04188
4189,Categoria 04189
4190,Categoria 04190
4191,Categoria 04191
4192,Categoria 04192
4193,Categoria 04193
4194,Categoria 04194
4195,Categoria 04195
4196,Categoria 04196
4197,Categoria 04197
4198,Categoria 04198
4199,Categoria 04199
4200,
4201,Categoria 04201
4202,Categoria 04202
4203,Categoria 04203
4204,Categoria 04204
4205,Categoria 04205
4206,Categoria 04206
4207,Categoria 04207
4208,Categoria 04208
4209,Categoria 04209
4210,Categoria 04210
4211,Categoria 04211
4212,Categoria 04212
4213,Categoria 04213
4214,Categoria 04214
4215,Categoria 04215
4216,Categoria 04216
4217,Categoria 04217
4218,Categoria 04218
4219,Categoria 04219
4220,Categoria 04220
4221,Categoria 04221
4222,Categoria 04222
4223,Categoria 04223
4224,Categoria 04224
4225,Categoria 04225
4226,Categoria 04226
4227,Categoria 04227
4228,Categoria 04228
4229,Categoria 04229
4230,Categoria 04230
4231,Categoria 04231
4232,Categoria 04232
4233,Categoria 04233
4234,Categoria 04234
4235,Categoria 04235
4236,Categoria 04236
4237,Categoria 04237
4238,Categoria 04238
4239,Categoria 04239
4240,Categoria 04240
4241,Categoria 04241
4242,Categoria 04242
4243,Categoria 04243
4244,Categoria 04244
4245,Categoria 04245
4246,Categoria 04246
4247,Categoria 04247
4248,Categoria 04248
4249,Categoria 04249
CAT4250,Categoria 04250
4251,Categoria 04251
4252,Categoria 04252
4253,Categoria 04253
4254,Categoria 04254
4255,Categoria 04255
4256,Categoria 04256
4257,Categoria 04257
4258,Categoria 04258
4259,Categoria 04259
4260,Categoria 04260
4261,Categoria 04261
4262,Categoria 04262
4263,Categoria 04263
4264,Categoria 04264
4265,Categoria 04265
4266,Categoria 04266
4267,Categoria 04267
4268,Categoria 04268
4269,Categoria 04269
4270,
4271,Categoria 04271
4272,Categoria 04272
4273,Categoria 04273
4274,Categoria 04274
4275,Categoria 04275
4276,Categoria 04276
4277,Categoria 04277
4278,Categoria 04278
4279,Categoria 04279
4280,Categoria 04280
4281,Categoria 04281
4282,Categoria 04282
4283,Categoria 04283
4284,Categoria 04284
4285,Categoria 04285
4286,Categoria 04286
4287,Categoria 04287
4288,Categoria 04288
4289,Categoria 04289
4290,Categoria 04290
4291,Categoria 04291
4292,Categoria 04292
4293,Categoria 04293
4294,Categoria 04294
4295,Categoria 04295
4296,Categoria 04296
4297,Categoria 04297
4298,Categoria 04298
4299,Categoria 04299
4300,Categoria 04300
4301,Categoria 04301
4302,Categoria 04302
4303,Categoria 04303
4304,Categoria 04304
4305,Categoria 04305
4306,Categoria 04306
4307,Categoria 04307
4308,Categoria 04308
4309,Categoria 04309
4310,Categoria 04310
4311,Categoria 04311
4312,Categoria 04312
4313,Categoria 04313
4314,Categoria 04314
4315,Categoria 04315
4316,Categoria 04316
4317,Categoria 04317
4318,Categoria 04318
4319,Categoria 04319
4320,Categoria 04320
4321,Categoria 04321
4322,Categoria 04322
4323,Categoria 04323
4324,Categoria 04324
4325,Categoria 04325
4326,Categoria 04326
4327,Categoria 04327
4328,Categoria 04328
4329,Categoria 04329
4330,Categoria 04330
4331,Categoria 04331
4332,Categoria 04332
4333,Categoria 04333
4334,Categoria 04334
4335,Categoria 04335
4336,Categoria 04336
4337,Categoria 04337
4338,Categoria 04338
4339,Categoria 04339
4340,
4341,Categoria 04341
4342,Categoria 04342
4343,Categoria 04343
4344,Categoria 04344
4345,Categoria 04345
4346,Categoria 04346
4347,Categoria 04347
4348,Categoria 04348
4349,Categoria 04349
4350,Categoria 04350
4351,Categoria 04351
4352,Categoria 04352
4353,Categoria 04353
4354,Categoria 04354
4355,Categoria 04355
4356,Categoria 04356
4357,Categoria 04357
4358,Categoria 04358
4359,Categoria 04359
4360,Categoria 04360
4361,Categoria 04361
4362,Categoria 04362
4363,Categoria 04363
4364,Categoria 04364
4365,Categoria 04365
4366,Categoria 04366
4367,Categoria 04367
4368,Categoria 04368
4369,Categoria 04369
4370,Categoria 04370
4371,Categoria 04371
4372,Categoria 04372
4373,Categoria 04373
4374,Categoria 04374
CAT4375,Categoria 04375
4376,Categoria 04376
4377,Categoria 04377
4378,Categoria 04378
4379,Categoria 04379
4380,Categoria 04380
4381,Categoria 04381
4382,Categoria 04382
4383,Categoria 04383
4384,Categoria 04384
4385,Categoria 04385
4386,Categoria 04386
4387,Categoria 04387
4388,Categoria 04388
4389,Categoria 04389
4390,Categoria 04390
4391,Categoria 04391
4392,Categoria 04392
4393,Categoria 04393
4394,Categoria 04394
4395,Categoria 04395
4396,Categoria 04396
4397,Categoria 04397
4398,Categoria 04398
4399,Categoria 04399
4400,Categoria 04400
4400,Categoria 04400
4401,Categoria 04401
4402,Categoria 04402
4403,Categoria 04403
4404,Categoria 04404
4405,Categoria 04405
4406,Categoria 04406
4407,Categoria 04407
4408,Categoria 04408
4409,Categoria 04409
4410,
4411,Categoria 04411
4412,Categoria 04412
4413,Categoria 04413
4414,Categoria 04414
4415,Categoria 04415
4416,Categoria 04416
4417,Categoria 04417
4418,Categoria 04418
4419,Categoria 04419
4420,Categoria 04420
4421,Categoria 04421
4422,Categoria 04422
4423,Categoria 04423
4424,Categoria 04424
4425,Categoria 04425
4426,Categoria 04426
4427,Categoria 04427
4428,Categoria 04428
4429,Categoria 04429
4430,Categoria 04430
4431,Categoria 04431
4432,Categoria 04432
4433,Categoria 04433
4434,Categoria 04434
4435,Categoria 04435
4436,Categoria 04436
4437,Categoria 04437
4438,Categoria 04438
4439,Categoria 04439
4440,Categoria 04440
4441,Categoria 04441
4442,Categoria 04442
4443,Categoria 04443
4444,Categoria 04444
4445,Categoria 04445
4446,Categoria 04446
4447,Categoria 04447
4448,Categoria 04448
4449,Categoria 04449
4450,Categoria 04450
4451,Categoria 04451
4452,Categoria 04452
4453,Categoria 04453
4454,Categoria 04454
4455,Categoria 04455
4456,Categoria 04456
4457,Categoria 04457
4458,Categoria 04458
4459,Categoria 04459
4460,Categoria 04460
4461,Categoria 04461
4462,Categoria 04462
4463,Categoria 04463
4464,Categoria 04464
4465,Categoria 04465
4466,Categoria 04466
4467,Categoria 04467
4468,Categoria 04468
4469,Categoria 04469
4470,Categoria 04470
4471,Categoria 04471
4472,Categoria 04472
4473,Categoria 04473
4474,Categoria 04474
4475,Categoria 04475
4476,Categoria 04476
4477,Categoria 04477
4478,Categoria 04478
4479,Categoria 04479
4480,
4481,Categoria 04481
4482,Categoria 04482
4483,Categoria 04483
4484,Categoria 04484
4485,Categoria 04485
4486,Categoria 04486
4487,Categoria 04487
4488,Categoria 04488
4489,Categoria 04489
4490,Categoria 04490
4491,Categoria 04491
4492,Categoria 04492
4493,Categoria 04493
4494,Categoria 04494
4495,Categoria 04495
4496,Categoria 04496
4497,Categoria 04497
4498,Categoria 04498
4499,Categoria 04499
CAT4500,Categoria 04500
4501,Categoria 04501
4502,Categoria 04502
4503,Categoria 04503
4504,Categoria 04504
4505,Categoria 04505
4506,Categoria 04506
4507,Categoria 04507
4508,Categoria 04508
4509,Categoria 04509
4510,Categoria 04510
4511,Categoria 04511
4512,Categoria 04512
4513,Categoria 04513
4514,Categoria 04514
4515,Categoria 04515
4516,Categoria 04516
4517,Categoria 04517
4518,Categoria 04518
4519,Categoria 04519
4520,Categoria 04520
4521,Categoria 04521
4522,Categoria 04522
4523,Categoria 04523
4524,Categoria 04524
4525,Categoria 04525
4526,Categoria 04526
4527,Categoria 04527
4528,Categoria 04528
4529,Categoria 04529
4530,Categoria 04530
4531,Categoria 04531
4532,Categoria 04532
4533,Categoria 04533
4534,Categoria 04534
4535,Categoria 04535
4536,Categoria 04536
4537,Categoria 04537
4538,Categoria 04538
4539,Categoria 04539
4540,Categoria 04540
4541,Categoria 04541
4542,Categoria 04542
4543,Categoria 04543
4544,Categoria 04544
4545,Categoria 04545
4546,Categoria 04546
4547,Categoria 04547
4548,Categoria 04548
4549,Categoria 04549
4550,
4551,Categoria 04551
4552,Categoria 04552
4553,Categoria 04553
4554,Categoria 04554
4555,Categoria 04555
4556,Categoria 04556
4557,Categoria 04557
4558,Categoria 04558
4559,Categoria 04559
4560,Categoria 04560
4561,Categoria 04561
4562,Categoria 04562
4563,Categoria 04563
4564,Categoria 04564
4565,Categoria 04565
4566,Categoria 04566
4567,Categoria 04567
4568,Categoria 04568
4569,Categoria 04569
4570,Categoria 04570
4571,Categoria 04571
4572,Categoria 04572
4573,Categoria 04573
4574,Categoria 04574
4575,Categoria 04575
4576,Categoria 04576
4577,Categoria 04577
4578,Categoria 04578
4579,Categoria 04579
4580,Categoria 04580
4581,Categoria 04581
4582,Categoria 04582
4583,Categoria 04583
4584,Categoria 04584
4585,Categoria 04585
4586,Categoria 04586
4587,Categoria 04587
4588,Categoria 04588
4589,Categoria 04589
4590,Categoria 04590
4591,Categoria 04591
4592,Categoria 04592
4593,Categoria 04593
4594,Categoria 04594
4595,Categoria 04595
4596,Categoria 04596
4597,Categoria 04597
4598,Categoria 04598
4599,Categoria 04599
4600,Categoria 04600
4601,Categoria 04601
4602,Categoria 04602
4603,Categoria 04603
4604,Categoria 04604
4605,Categoria 04605
4606,Categoria 04606
4607,Categoria 04607
4608,Categoria 04608
4609,Categoria 04609
4610,Categoria 04610
4611,Categoria 04611
4612,Categoria 04612
4613,Categoria 04613
4614,Categoria 04614
4615,Categoria 04615
4616,Categoria 04616
4617,Categoria 04617
4618,Categoria 04618
4619,Categoria 04619
4620,
4621,Categoria 04621
4622,Categoria 04622
4623,Categoria 04623
4624,Categoria 04624
CAT4625,Categoria 04625
4626,Categoria 04626
4627,Categoria 04627
4628,Categoria 04628
4629,Categoria 04629
4630,Categoria 04630
4631,Categoria 04631
4632,Categoria 04632
4633,Categoria 04633
4634,Categoria 04634
4635,Categoria 04635
4636,Categoria 04636
4637,Categoria 04637
4638,Categoria 04638
4639,Categoria 04639
4640,Categoria 04640
4641,Categoria 04641
4642,Categoria 04642
4643,Categoria 04643
4644,Categoria 04644
4645,Categoria 04645
4646,Categoria 04646
4647,Categoria 04647
4648,Categoria 04648
4649,Categoria 04649
4650,Categoria 04650
4651,Categoria 04651
4652,Categoria 04652
4653,Categoria 04653
4654,Categoria 04654
4655,Categoria 04655
4656,Categoria 04656
4657,Categoria 04657
4658,Categoria 04658
4659,Categoria 04659
4660,Categoria 04660
4661,Categoria 04661
4662,Categoria 04662
4663,Categoria 04663
4664,Categoria 04664
4665,Categoria 04665
4666,Categoria 04666
4667,Categoria 04667
4668,Categoria 04668
4669,Categoria 04669
4670,Categoria 04670
4671,Categoria 04671
4672,Categoria 04672
4673,Categoria 04673
4674,Categoria 04674
4675,Categoria 04675
4676,Categoria 04676
4677,Categoria 04677
4678,Categoria 04678
4679,Categoria 04679
4680,Categoria 04680
4681,Categoria 04681
4682,Categoria 04682
4683,Categoria 04683
4684,Categoria 04684
4685,Categoria 04685
4686,Categoria 04686
4687,Categoria 04687
4688,Categoria 04688
4689,Categoria 04689
4690,
4691,Categoria 04691
4692,Categoria 04692
4693,Categoria 04693
4694,Categoria 04694
4695,Categoria 04695
4696,Categoria 04696
4697,Categoria 04697
4698,Categoria 04698
4699,Categoria 04699
4700,Categoria 04700
4701,Categoria 04701
4702,Categoria 04702
4703,Categoria 04703
4704,Categoria 04704
4705,Categoria 04705
4706,Categoria 04706
4707,Categoria 04707
4708,Categoria 04708
4709,Categoria 04709
4710,Categoria 04710
4711,Categoria 04711
4712,Categoria 04712
4713,Categoria 04713
4714,Categoria 04714
4715,Categoria 04715
4716,Categoria 04716
4717,Categoria 04717
4718,Categoria 04718
4719,Categoria 04719
4720,Categoria 04720
4721,Categoria 04721
4722,Categoria 04722
4723,Categoria 04723
4724,Categoria 04724
4725,Categoria 04725
4726,Categoria 04726
4727,Categoria 04727
4728,Categoria 04728
4729,Categoria 04729
4730,Categoria 04730
4731,Categoria 04731
4732,Categoria 04732
4733,Categoria 04733
4734,Categoria 04734
4735,Categoria 04735
4736,Categoria 04736
4737,Categoria 04737
4738,Categoria 04738
4739,Categoria 04739
4740,Categoria 04740
4741,Categoria 04741
4742,Categoria 04742
4743,Categoria 04743
4744,Categoria 04744
4745,Categoria 04745
4746,Categoria 04746
4747,Categoria 04747
4748,Categoria 04748
4749,Categoria 04749
CAT4750,Categoria 04750
4751,Categoria 04751
4752,Categoria 04752
4753,Categoria 04753
4754,Categoria 04754
4755,Categoria 04755
4756,Categoria 04756
4757,Categoria 04757
4758,Categoria 04758
4759,Categoria 04759
4760,
4761,Categoria 04761
4762,Categoria 04762
4763,Categoria 04763
4764,Categoria 04764
4765,Categoria 04765
4766,Categoria 04766
4767,Categoria 04767
4768,Categoria 04768
4769,Categoria 04769
4770,Categoria 04770
4771,Categoria 04771
4772,Categoria 04772
4773,Categoria 04773
4774,Categoria 04774
4775,Categoria 04775
4776,Categoria 04776
4777,Categoria 04777
4778,Categoria 04778
4779,Categoria 04779
4780,Categoria 04780
4781,Categoria 04781
4782,Categoria 04782
4783,Categoria 04783
4784,Categoria 04784
4785,Categoria 04785
4786,Categoria 04786
4787,Categoria 04787
4788,Categoria 04788
4789,Categoria 04789
4790,Categoria 04790
4791,Categoria 04791
4792,Categoria 04792
4793,Categoria 04793
4794,Categoria 04794
4795,Categoria 04795
4796,Categoria 04796
4797,Categoria 04797
4798,Categoria 04798
4799,Categoria 04799
4800,Categoria 04800
4800,Categoria 04800
4801,Categoria 04801
4802,Categoria 04802
4803,Categoria 04803
4804,Categoria 04804
4805,Categoria 04805
4806,Categoria 04806
4807,Categoria 04807
4808,Categoria 04808
4809,Categoria 04809
4810,Categoria 04810
4811,Categoria 04811
4812,Categoria 04812
4813,Categoria 04813
4814,Categoria 04814
4815,Categoria 04815
4816,Categoria 04816
4817,Categoria 04817
4818,Categoria 04818
4819,Categoria 04819
4820,Categoria 04820
4821,Categoria 04821
4822,Categoria 04822
4823,Categoria 04823
4824,Categoria 04824
4825,Categoria 04825
4826,Categoria 04826
4827,Categoria 04827
4828,Categoria 04828
4829,Categoria 04829
4830,
4831,Categoria 04831
4832,Categoria 04832
4833,Categoria 04833
4834,Categoria 04834
4835,Categoria 04835
4836,Categoria 04836
4837,Categoria 04837
4838,Categoria 04838
4839,Categoria 04839
4840,Categoria 04840
4841,Categoria 04841
4842,Categoria 04842
4843,Categoria 04843
4844,Categoria 04844
4845,Categoria 04845
4846,Categoria 04846
4847,Categoria 04847
4848,Categoria 04848
4849,Categoria 04849
4850,Categoria 04850
4851,Categoria 04851
4852,Categoria 04852
4853,Categoria 04853
4854,Categoria 04854
4855,Categoria 04855
4856,Categoria 04856
4857,Categoria 04857
4858,Categoria 04858
4859,Categoria 04859
4860,Categoria 04860
4861,Categoria 04861
4862,Categoria 04862
4863,Categoria 04863
4864,Categoria 04864
4865,Categoria 04865
4866,Categoria 04866
4867,Categoria 04867
4868,Categoria 04868
4869,Categoria 04869
4870,Categoria 04870
4871,Categoria 04871
4872,Categoria 04872
4873,Categoria 04873
4874,Categoria 04874
CAT4875,Categoria 04875
4876,Categoria 04876
4877,Categoria 04877
4878,Categoria 04878
4879,Categoria 04879
4880,Categoria 04880
4881,Categoria 04881
4882,Categoria 04882
4883,Categoria 04883
4884,Categoria 04884
4885,Categoria 04885
4886,Categoria 04886
4887,Categoria 04887
4888,Categoria 04888
4889,Categoria 04889
4890,Categoria 04890
4891,Categoria 04891
4892,Categoria 04892
4893,Categoria 04893
4894,Categoria 04894
4895,Categoria 04895
4896,Categoria 04896
4897,Categoria 04897
4898,Categoria 04898
4899,Categoria 04899
4900,
4901,Categoria 04901
4902,Categoria 04902
4903,Categoria 04903
4904,Categoria 04904
4905,Categoria 04905
4906,Categoria 04906
4907,Categoria 04907
4908,Categoria 04908
4909,Categoria 04909
4910,Categoria 04910
4911,Categoria 04911
4912,Categoria 04912
4913,Categoria 04913
4914,Categoria 04914
4915,Categoria 04915
4916,Categoria 04916
4917,Categoria 04917
4918,Categoria 04918
4919,Categoria 04919
4920,Categoria 04920
4921,Categoria 04921
4922,Categoria 04922
4923,Categoria 04923
4924,Categoria 04924
4925,Categoria 04925
4926,Categoria 04926
4927,Categoria 04927
4928,Categoria 04928
4929,Categoria 04929
4930,Categoria 04930
4931,Categoria 04931
4932,Categoria 04932
4933,Categoria 04933
4934,Categoria 04934
4935,Categoria 04935
4936,Categoria 04936
4937,Categoria 04937
4938,Categoria 04938
4939,Categoria 04939
4940,Categoria 04940
4941,Categoria 04941
4942,Categoria 04942
4943,Categoria 04943
4944,Categoria 04944
4945,Categoria 04945
4946,Categoria 04946
4947,Categoria 04947
4948,Categoria 04948
4949,Categoria 04949
4950,Categoria 04950
4951,Categoria 04951
4952,Categoria 04952
4953,Categoria 04953
4954,Categoria 04954
4955,Categoria 04955
4956,Categoria 04956
4957,Categoria 04957
4958,Categoria 04958
4959,Categoria 04959
4960,Categoria 04960
4961,Categoria 04961
4962,Categoria 04962
4963,Categoria 04963
4964,Categoria 04964
4965,Categoria 04965
4966,Categoria 04966
4967,Categoria 04967
4968,Categoria 04968
4969,Categoria 04969
4970,
4971,Categoria 04971
4972,Categoria 04972
4973,Categoria 04973
4974,Categoria 04974
4975,Categoria 04975
4976,Categoria 04976
4977,Categoria 04977
4978,Categoria 04978
4979,Categoria 04979
4980,Categoria 04980
4981,Categoria 04981
4982,Categoria 04982
4983,Categoria 04983
4984,Categoria 04984
4985,Categoria 04985
4986,Categoria 04986
4987,Categoria 04987
4988,Categoria 04988
4989,Categoria 04989
4990,Categoria 04990
4991,Categoria 04991
4992,Categoria 04992
4993,Categoria 04993
4994,Categoria 04994
4995,Categoria 04995
4996,Categoria 04996
4997,Categoria 04997
4998,Categoria 04998
4999,Categoria 04999
CAT5000,Categoria 05000
5001,Categoria 05001
5002,Categoria 05002
5003,Categoria 05003
5004,Categoria 05004
5005,Categoria 05005
5006,Categoria 05006
5007,Categoria 05007
5008,Categoria 05008
5009,Categoria 05009
5010,Categoria 05010
5011,Categoria 05011
5012,Categoria 05012
5013,Categoria 05013
5014,Categoria 05014
5015,Categoria 05015
5016,Categoria 05016
5017,Categoria 05017
5018,Categoria 05018
5019,Categoria 05019
5020,Categoria 05020
5021,Categoria 05021
5022,Categoria 05022
5023,Categoria 05023
5024,Categoria 05024
5025,Categoria 05025
5026,Categoria 05026
5027,Categoria 05027
5028,Categoria 05028
5029,Categoria 05029
5030,Categoria 05030
5031,Categoria 05031
5032,Categoria 05032
5033,Categoria 05033
5034,Categoria 05034
5035,Categoria 05035
5036,Categoria 05036
5037,Categoria 05037
5038,Categoria 05038
5039,Categoria 05039
5040,
5041,Categoria 05041
5042,Categoria 05042
5043,Categoria 05043
5044,Categoria 05044
5045,Categoria 05045
5046,Categoria 05046
5047,Categoria 05047
5048,Categoria 05048
5049,Categoria 05049
5050,Categoria 05050
5051,Categoria 05051
5052,Categoria 05052
5053,Categoria 05053
5054,Categoria 05054
5055,Categoria 05055
5056,Categoria 05056
5057,Categoria 05057
5058,Categoria 05058
5059,Categoria 05059
5060,Categoria 05060
5061,Categoria 05061
5062,Categoria 05062
5063,Categoria 05063
5064,Categoria 05064
5065,Categoria 05065
5066,Categoria 05066
5067,Categoria 05067
5068,Categoria 05068
5069,Categoria 05069
5070,Categoria 05070
5071,Categoria 05071
5072,Categoria 05072
5073,Categoria 05073
5074,Categoria 05074
5075,Categoria 05075
5076,Categoria 05076
5077,Categoria 05077
5078,Categoria 05078
5079,Categoria 05079
5080,Categoria 05080
5081,Categoria 05081
5082,Categoria 05082
5083,Categoria 05083
5084,Categoria 05084
5085,Categoria 05085
5086,Categoria 05086
5087,Categoria 05087
5088,Categoria 05088
5089,Categoria 05089
5090,Categoria 05090
5091,Categoria 05091
5092,Categoria 05092
5093,Categoria 05093
5094,Categoria 05094
5095,Categoria 05095
5096,Categoria 05096
5097,Categoria 05097
5098,Categoria 05098
5099,Categoria 05099
5100,Categoria 05100
5101,Categoria 05101
5102,Categoria 05102
5103,Categoria 05103
5104,Categoria 05104
5105,Categoria 05105
5106,Categoria 05106
5107,Categoria 05107
5108,Categoria 05108
5109,Categoria 05109
5110,
5111,Categoria 05111
5112,Categoria 05112
5113,Categoria 05113
5114,Categoria 05114
5115,Categoria 05115
5116,Categoria 05116
5117,Categoria 05117
5118,Categoria 05118
5119,Categoria 05119
5120,Categoria 05120
5121,Categoria 05121
5122,Categoria 05122
5123,Categoria 05123
5124,Categoria 05124
CAT5125,Categoria 05125
5126,Categoria 05126
5127,Categoria 05127
5128,Categoria 05128
5129,Categoria 05129
5130,Categoria 05130
5131,Categoria 05131
5132,Categoria 05132
5133,Categoria 05133
5134,Categoria 05134
5135,Categoria 05135
5136,Categoria 05136
5137,Categoria 05137
5138,Categoria 05138
5139,Categoria 05139
5140,Categoria 05140
5141,Categoria 05141
5142,Categoria 05142
5143,Categoria 05143
5144,Categoria 05144
5145,Categoria 05145
5146,Categoria 05146
5147,Categoria 05147
5148,Categoria 05148
5149,Categoria 05149
5150,Categoria 05150
5151,Categoria 05151
5152,Categoria 05152
5153,Categoria 05153
5154,Categoria 05154
5155,Categoria 05155
5156,Categoria 05156
5157,Categoria 05157
5158,Categoria 05158
5159,Categoria 05159
5160,Categoria 05160
5161,Categoria 05161
5162,Categoria 05162
5163,Categoria 05163
5164,Categoria 05164
5165,Categoria 05165
5166,Categoria 05166
5167,Categoria 05167
5168,Categoria 05168
5169,Categoria 05169
5170,Categoria 05170
5171,Categoria 05171
5172,Categoria 05172
5173,Categoria 05173
5174,Categoria 05174
5175,Categoria 05175
5176,Categoria 05176
5177,Categoria 05177
5178,Categoria 05178
5179,Categoria 05179
5180,
5181,Categoria 05181
5182,Categoria 05182
5183,Categoria 05183
5184,Categoria 05184
5185,Categoria 05185
5186,Categoria 05186
5187,Categoria 05187
5188,Categoria 05188
5189,Categoria 05189
5190,Categoria 05190
5191,Categoria 05191
5192,Categoria 05192
5193,Categoria 05193
5194,Categoria 05194
5195,Categoria 05195
5196,Categoria 05196
5197,Categoria 05197
5198,Categoria 05198
5199,Categoria 05199
5200,Categoria 05200
5200,Categoria 05200
5201,Categoria 05201
5202,Categoria 05202
5203,Categoria 05203
5204,Categoria 05204
5205,Categoria 05205
5206,Categoria 05206
5207,Categoria 05207
5208,Categoria 05208
5209,Categoria 05209
5210,Categoria 05210
5211,Categoria 05211
5212,Categoria 05212
5213,Categoria 05213
5214,Categoria 05214
5215,Categoria 05215
5216,Categoria 05216
5217,Categoria 05217
5218,Categoria 05218
5219,Categoria 05219
5220,Categoria 05220
5221,Categoria 05221
5222,Categoria 05222
5223,Categoria 05223
5224,Categoria 05224
5225,Categoria 05225
5226,Categoria 05226
5227,Categoria 05227
5228,Categoria 05228
5229,Categoria 05229
5230,Categoria 05230
5231,Categoria 05231
5232,Categoria 05232
5233,Categoria 05233
5234,Categoria 05234
5235,Categoria 05235
5236,Categoria 05236
5237,Categoria 05237
5238,Categoria 05238
5239,Categoria 05239
5240,Categoria 05240
5241,Categoria 05241
5242,Categoria 05242
5243,Categoria 05243
5244,Categoria 05244
5245,Categoria 05245
5246,Categoria 05246
5247,Categoria 05247
5248,Categoria 05248
5249,Categoria 05249
CAT5250,
5251,Categoria 05251
5252,Categoria 05252
5253,Categoria 05253
5254,Categoria 05254
5255,Categoria 05255
5256,Categoria 05256
5257,Categoria 05257
5258,Categoria 05258
5259,Categoria 05259
5260,Categoria 05260
5261,Categoria 05261
5262,Categoria 05262
5263,Categoria 05263
5264,Categoria 05264
5265,Categoria 05265
5266,Categoria 05266
5267,Categoria 05267
5268,Categoria 05268
5269,Categoria 05269
5270,Categoria 05270
5271,Categoria 05271
5272,Categoria 05272
5273,Categoria 05273
5274,Categoria 05274
5275,Categoria 05275
5276,Categoria 05276
5277,Categoria 05277
5278,Categoria 05278
5279,Categoria 05279
5280,Categoria 05280
5281,Categoria 05281
5282,Categoria 05282
5283,Categoria 05283
5284,Categoria 05284
5285,Categoria 05285
5286,Categoria 05286
5287,Categoria 05287
5288,Categoria 05288
5289,Categoria 05289
5290,Categoria 05290
5291,Categoria 05291
5292,Categoria 05292
5293,Categoria 05293
5294,Categoria 05294
5295,Categoria 05295
5296,Categoria 05296
5297,Categoria 05297
5298,Categoria 05298
5299,Categoria 05299
5300,Categoria 05300
5301,Categoria 05301
5302,Categoria 05302
5303,Categoria 05303
5304,Categoria 05304
5305,Categoria 05305
5306,Categoria 05306
5307,Categoria 05307
5308,Categoria 05308
5309,Categoria 05309
5310,Categoria 05310
5311,Categoria 05311
5312,Categoria 05312
5313,Categoria 05313
5314,Categoria 05314
5315,Categoria 05315
5316,Categoria 05316
5317,Categoria 05317
5318,Categoria 05318
5319,Categoria 05319
5320,
5321,Categoria 05321
5322,Categoria 05322
5323,Categoria 05323
5324,Categoria 05324
5325,Categoria 05325
5326,Categoria 05326
5327,Categoria 05327
5328,Categoria 05328
5329,Categoria 05329
5330,Categoria 05330
5331,Categoria 05331
5332,Categoria 05332
5333,Categoria 05333
5334,Categoria 05334
5335,Categoria 05335
5336,Categoria 05336
5337,Categoria 05337
5338,Categoria 05338
5339,Categoria 05339
5340,Categoria 05340
5341,Categoria 05341
5342,Categoria 05342
5343,Categoria 05343
5344,Categoria 05344
5345,Categoria 05345
5346,Categoria 05346
5347,Categoria 05347
5348,Categoria 05348
5349,Categoria 05349
5350,Categoria 05350
5351,Categoria 05351
5352,Categoria 05352
5353,Categoria 05353
5354,Categoria 05354
5355,Categoria 05355
5356,Categoria 05356
5357,Categoria 05357
5358,Categoria 05358
5359,Categoria 05359
5360,Categoria 05360
5361,Categoria 05361
5362,Categoria 05362
5363,Categoria 05363
5364,Categoria 05364
5365,Categoria 05365
5366,Categoria 05366
5367,Categoria 05367
5368,Categoria 05368
5369,Categoria 05369
5370,Categoria 05370
5371,Categoria 05371
5372,Categoria 05372
5373,Categoria 05373
5374,Categoria 05374
CAT5375,Categoria 05375
5376,Categoria 05376
5377,Categoria 05377
5378,Categoria 05378
5379,Categoria 05379
5380,Categoria 05380
5381,Categoria 05381
5382,Categoria 05382
5383,Categoria 05383
5384,Categoria 05384
5385,Categoria 05385
5386,Categoria 05386
5387,Categoria 05387
5388,Categoria 05388
5389,Categoria 05389
5390,
5391,Categoria 05391
5392,Categoria 05392
5393,Categoria 05393
5394,Categoria 05394
5395,Categoria 05395
5396,Categoria 05396
5397,Categoria 05397
5398,Categoria 05398
5399,Categoria 05399
5400,Categoria 05400
5401,Categoria 05401
5402,Categoria 05402
5403,Categoria 05403
5404,Categoria 05404
5405,Categoria 05405
5406,Categoria 05406
5407,Categoria 05407
5408,Categoria 05408
5409,Categoria 05409
5410,Categoria 05410
5411,Categoria 05411
5412,Categoria 05412
5413,Categoria 05413
5414,Categoria 05414
5415,Categoria 05415
5416,Categoria 05416
5417,Categoria 05417
5418,Categoria 05418
5419,Categoria 05419
5420,Categoria 05420
5421,Categoria 05421
5422,Categoria 05422
5423,Categoria 05423
5424,Categoria 05424
5425,Categoria 05425
5426,Categoria 05426
5427,Categoria 05427
5428,Categoria 05428
5429,Categoria 05429
5430,Categoria 05430
5431,Categoria 05431
5432,Categoria 05432
5433,Categoria 05433
5434,Categoria 05434
5435,Categoria 05435
5436,Categoria 05436
5437,Categoria 05437
5438,Categoria 05438
5439,Categoria 05439
5440,Categoria 05440
5441,Categoria 05441
5442,Categoria 05442
5443,Categoria 05443
5444,Categoria 05444
5445,Categoria 05445
5446,Categoria 05446
5447,Categoria 05447
5448,Categoria 05448
5449,Categoria 05449
5450,Categoria 05450
5451,Categoria 05451
5452,Categoria 05452
5453,Categoria 05453
5454,Categoria 05454
5455,Categoria 05455
5456,Categoria 05456
5457,Categoria 05457
5458,Categoria 05458
5459,Categoria 05459
5460,
5461,Categoria 05461
5462,Categoria 05462
5463,Categoria 05463
5464,Categoria 05464
5465,Categoria 05465
5466,Categoria 05466
5467,Categoria 05467
5468,Categoria 05468
5469,Categoria 05469
5470,Categoria 05470
5471,Categoria 05471
5472,Categoria 05472
5473,Categoria 05473
5474,Categoria 05474
5475,Categoria 05475
5476,Categoria 05476
5477,Categoria 05477
5478,Categoria 05478
5479,Categoria 05479
5480,Categoria 05480
5481,Categoria 05481
5482,Categoria 05482
5483,Categoria 05483
5484,Categoria 05484
5485,Categoria 05485
5486,Categoria 05486
5487,Categoria 05487
5488,Categoria 05488
5489,Categoria 05489
5490,Categoria 05490
5491,Categoria 05491
5492,Categoria 05492
5493,Categoria 05493
5494,Categoria 05494
5495,Categoria 05495
5496,Categoria 05496
5497,Categoria 05497
5498,Categoria 05498
5499,Categoria 05499
CAT5500,Categoria 05500
5501,Categoria 05501
5502,Categoria 05502
5503,Categoria 05503
5504,Categoria 05504
5505,Categoria 05505
5506,Categoria 05506
5507,Categoria 05507
5508,Categoria 05508
5509,Categoria 05509
5510,Categoria 05510
5511,Categoria 05511
5512,Categoria 05512
5513,Categoria 05513
5514,Categoria 05514
5515,Categoria 05515
5516,Categoria 05516
5517,Categoria 05517
5518,Categoria 05518
5519,Categoria 05519
5520,Categoria 05520
5521,Categoria 05521
5522,Categoria 05522
5523,Categoria 05523
5524,Categoria 05524
5525,Categoria 05525
5526,Categoria 05526
5527,Categoria 05527
5528,Categoria 05528
5529,Categoria 05529
5530,
5531,Categoria 05531
5532,Categoria 05532
5533,Categoria 05533
5534,Categoria 05534
5535,Categoria 05535
5536,Categoria 05536
5537,Categoria 05537
5538,Categoria 05538
5539,Categoria 05539
5540,Categoria 05540
5541,Categoria 05541
5542,Categoria 05542
5543,Categoria 05543
5544,Categoria 05544
5545,Categoria 05545
5546,Categoria 05546
5547,Categoria 05547
5548,Categoria 05548
5549,Categoria 05549
5550,Categoria 05550
5551,Categoria 05551
5552,Categoria 05552
5553,Categoria 05553
5554,Categoria 05554
5555,Categoria 05555
5556,Categoria 05556
5557,Categoria 05557
5558,Categoria 05558
5559,Categoria 05559
5560,Categoria 05560
5561,Categoria 05561
5562,Categoria 05562
5563,Categoria 05563
5564,Categoria 05564
5565,Categoria 05565
5566,Categoria 05566
5567,Categoria 05567
5568,Categoria 05568
5569,Categoria 05569
5570,Categoria 05570
5571,Categoria 05571
5572,Categoria 05572
5573,Categoria 05573
5574,Categoria 05574
5575,Categoria 05575
5576,Categoria 05576
5577,Categoria 05577
5578,Categoria 05578
5579,Categoria 05579
5580,Categoria 05580
5581,Categoria 05581
5582,Categoria 05582
5583,Categoria 05583
5584,Categoria 05584
5585,Categoria 05585
5586,Categoria 05586
5587,Categoria 05587
5588,Categoria 05588
5589,Categoria 05589
5590,Categoria 05590
5591,Categoria 05591
5592,Categoria 05592
5593,Categoria 05593
5594,Categoria 05594
5595,Categoria 05595
5596,Categoria 05596
5597,Categoria 05597
5598,Categoria 05598
5599,Categoria 05599
5600,
5600,
5601,Categoria 05601
5602,Categoria 05602
5603,Categoria 05603
5604,Categoria 05604
5605,Categoria 05605
5606,Categoria 05606
5607,Categoria 05607
5608,Categoria 05608
5609,Categoria 05609
5610,Categoria 05610
5611,Categoria 05611
5612,Categoria 05612
5613,Categoria 05613
5614,Categoria 05614
5615,Categoria 05615
5616,Categoria 05616
5617,Categoria 05617
5618,Categoria 05618
5619,Categoria 05619
5620,Categoria 05620
5621,Categoria 05621
5622,Categoria 05622
5623,Categoria 05623
5624,Categoria 05624
CAT5625,Categoria 05625
5626,Categoria 05626
5627,Categoria 05627
5628,Categoria 05628
5629,Categoria 05629
5630,Categoria 05630
5631,Categoria 05631
5632,Categoria 05632
5633,Categoria 05633
5634,Categoria 05634
5635,Categoria 05635
5636,Categoria 05636
5637,Categoria 05637
5638,Categoria 05638
5639,Categoria 05639
5640,Categoria 05640
5641,Categoria 05641
5642,Categoria 05642
5643,Categoria 05643
5644,Categoria 05644
5645,Categoria 05645
5646,Categoria 05646
5647,Categoria 05647
5648,Categoria 05648
5649,Categoria 05649
5650,Categoria 05650
5651,Categoria 05651
5652,Categoria 05652
5653,Categoria 05653
5654,Categoria 05654
5655,Categoria 05655
5656,Categoria 05656
5657,Categoria 05657
5658,Categoria 05658
5659,Categoria 05659
5660,Categoria 05660
5661,Categoria 05661
5662,Categoria 05662
5663,Categoria 05663
5664,Categoria 05664
5665,Categoria 05665
5666,Categoria 05666
5667,Categoria 05667
5668,Categoria 05668
5669,Categoria 05669
5670,
5671,Categoria 05671
5672,Categoria 05672
5673,Categoria 05673
5674,Categoria 05674
5675,Categoria 05675
5676,Categoria 05676
5677,Categoria 05677
5678,Categoria 05678
5679,Categoria 05679
5680,Categoria 05680
5681,Categoria 05681
5682,Categoria 05682
5683,Categoria 05683
5684,Categoria 05684
5685,Categoria 05685
5686,Categoria 05686
5687,Categoria 05687
5688,Categoria 05688
5689,Categoria 05689
5690,Categoria 05690
5691,Categoria 05691
5692,Categoria 05692
5693,Categoria 05693
5694,Categoria 05694
5695,Categoria 05695
5696,Categoria 05696
5697,Categoria 05697
5698,Categoria 05698
5699,Categoria 05699
5700,Categoria 05700
5701,Categoria 05701
5702,Categoria 05702
5703,Categoria 05703
5704,Categoria 05704
5705,Categoria 05705
5706,Categoria 05706
5707,Categoria 05707
5708,Categoria 05708
5709,Categoria 05709
5710,Categoria 05710
5711,Categoria 05711
5712,Categoria 05712
5713,Categoria 05713
5714,Categoria 05714
5715,Categoria 05715
5716,Categoria 05716
5717,Categoria 05717
5718,Categoria 05718
5719,Categoria 05719
5720,Categoria 05720
5721,Categoria 05721
5722,Categoria 05722
5723,Categoria 05723
5724,Categoria 05724
5725,Categoria 05725
5726,Categoria 05726
5727,Categoria 05727
5728,Categoria 05728
5729,Categoria 05729
5730,Categoria 05730
5731,Categoria 05731
5732,Categoria 05732
5733,Categoria 05733
5734,Categoria 05734
5735,Categoria 05735
5736,Categoria 05736
5737,Categoria 05737
5738,Categoria 05738
5739,Categoria 05739
5740,
5741,Categoria 05741
5742,Categoria 05742
5743,Categoria 05743
5744,Categoria 05744
5745,Categoria 05745
5746,Categoria 05746
5747,Categoria 05747
5748,Categoria 05748
5749,Categoria 05749
CAT5750,Categoria 05750
5751,Categoria 05751
5752,Categoria 05752
5753,Categoria 05753
5754,Categoria 05754
5755,Categoria 05755
5756,Categoria 05756
5757,Categoria 05757
5758,Categoria 05758
5759,Categoria 05759
5760,Categoria 05760
5761,Categoria 05761
5762,Categoria 05762
5763,Categoria 05763
5764,Categoria 05764
5765,Categoria 05765
5766,Categoria 05766
5767,Categoria 05767
5768,Categoria 05768
5769,Categoria 05769
5770,Categoria 05770
5771,Categoria 05771
5772,Categoria 05772
5773,Categoria 05773
5774,Categoria 05774
5775,Categoria 05775
5776,Categoria 05776
5777,Categoria 05777
5778,Categoria 05778
5779,Categoria 05779
5780,Categoria 05780
5781,Categoria 05781
5782,Categoria 05782
5783,Categoria 05783
5784,Categoria 05784
5785,Categoria 05785
5786,Categoria 05786
5787,Categoria 05787
5788,Categoria 05788
5789,Categoria 05789
5790,Categoria 05790
5791,Categoria 05791
5792,Categoria 05792
5793,Categoria 05793
5794,Categoria 05794
5795,Categoria 05795
5796,Categoria 05796
5797,Categoria 05797
5798,Categoria 05798
5799,Categoria 05799
5800,Categoria 05800
5801,Categoria 05801
5802,Categoria 05802
5803,Categoria 05803
5804,Categoria 05804
5805,Categoria 05805
5806,Categoria 05806
5807,Categoria 05807
5808,Categoria 05808
5809,Categoria 05809
5810,
5811,Categoria 05811
5812,Categoria 05812
5813,Categoria 05813
5814,Categoria 05814
5815,Categoria 05815
5816,Categoria 05816
5817,Categoria 05817
5818,Categoria 05818
5819,Categoria 05819
5820,Categoria 05820
5821,Categoria 05821
5822,Categoria 05822
5823,Categoria 05823
5824,Categoria 05824
5825,Categoria 05825
5826,Categoria 05826
5827,Categoria 05827
5828,Categoria 05828
5829,Categoria 05829
5830,Categoria 05830
5831,Categoria 05831
5832,Categoria 05832
5833,Categoria 05833
5834,Categoria 05834
5835,Categoria 05835
5836,Categoria 05836
5837,Categoria 05837
5838,Categoria 05838
5839,Categoria 05839
5840,Categoria 05840
5841,Categoria 05841
5842,Categoria 05842
5843,Categoria 05843
5844,Categoria 05844
5845,Categoria 05845
5846,Categoria 05846
5847,Categoria 05847
5848,Categoria 05848
5849,Categoria 05849
5850,Categoria 05850
5851,Categoria 05851
5852,Categoria 05852
5853,Categoria 05853
5854,Categoria 05854
5855,Categoria 05855
5856,Categoria 05856
5857,Categoria 05857
5858,Categoria 05858
5859,Categoria 05859
5860,Categoria 05860
5861,Categoria 05861
5862,Categoria 05862
5863,Categoria 05863
5864,Categoria 05864
5865,Categoria 05865
5866,Categoria 05866
5867,Categoria 05867
5868,Categoria 05868
5869,Categoria 05869
5870,Categoria 05870
5871,Categoria 05871
5872,Categoria 05872
5873,Categoria 05873
5874,Categoria 05874
CAT5875,Categoria 05875
5876,Categoria 05876
5877,Categoria 05877
5878,Categoria 05878
5879,Categoria 05879
5880,
5881,Categoria 05881
5882,Categoria 05882
5883,Categoria 05883
5884,Categoria 05884
5885,Categoria 05885
5886,Categoria 05886
5887,Categoria 05887
5888,Categoria 05888
5889,Categoria 05889
5890,Categoria 05890
5891,Categoria 05891
5892,Categoria 05892
5893,Categoria 05893
5894,Categoria 05894
5895,Categoria 05895
5896,Categoria 05896
5897,Categoria 05897
5898,Categoria 05898
5899,Categoria 05899
5900,Categoria 05900
5901,Categoria 05901
5902,Categoria 05902
5903,Categoria 05903
5904,Categoria 05904
5905,Categoria 05905
5906,Categoria 05906
5907,Categoria 05907
5908,Categoria 05908
5909,Categoria 05909
5910,Categoria 05910
5911,Categoria 05911
5912,Categoria 05912
5913,Categoria 05913
5914,Categoria 05914
5915,Categoria 05915
5916,Categoria 05916
5917,Categoria 05917
5918,Categoria 05918
5919,Categoria 05919
5920,Categoria 05920
5921,Categoria 05921
5922,Categoria 05922
5923,Categoria 05923
5924,Categoria 05924
5925,Categoria 05925
5926,Categoria 05926
5927,Categoria 05927
5928,Categoria 05928
5929,Categoria 05929
5930,Categoria 05930
5931,Categoria 05931
5932,Categoria 05932
5933,Categoria 05933
5934,Categoria 05934
5935,Categoria 05935
5936,Categoria 05936
5937,Categoria 05937
5938,Categoria 05938
5939,Categoria 05939
5940,Categoria 05940
5941,Categoria 05941
5942,Categoria 05942
5943,Categoria 05943
5944,Categoria 05944
5945,Categoria 05945
5946,Categoria 05946
5947,Categoria 05947
5948,Categoria 05948
5949,Categoria 05949
5950,
5951,Categoria 05951
5952,Categoria 05952
5953,Categoria 05953
5954,Categoria 05954
5955,Categoria 05955
5956,Categoria 05956
5957,Categoria 05957
5958,Categoria 05958
5959,Categoria 05959
5960,Categoria 05960
5961,Categoria 05961
5962,Categoria 05962
5963,Categoria 05963
5964,Categoria 05964
5965,Categoria 05965
5966,Categoria 05966
5967,Categoria 05967
5968,Categoria 05968
5969,Categoria 05969
5970,Categoria 05970
5971,Categoria 05971
5972,Categoria 05972
5973,Categoria 05973
5974,Categoria 05974
5975,Categoria 05975
5976,Categoria 05976
5977,Categoria 05977
5978,Categoria 05978
5979,Categoria 05979
5980,Categoria 05980
5981,Categoria 05981
5982,Categoria 05982
5983,Categoria 05983
5984,Categoria 05984
5985,Categoria 05985
5986,Categoria 05986
5987,Categoria 05987
5988,Categoria 05988
5989,Categoria 05989
5990,Categoria 05990
5991,Categoria 05991
5992,Categoria 05992
5993,Categoria 05993
5994,Categoria 05994
5995,Categoria 05995
5996,Categoria 05996
5997,Categoria 05997
5998,Categoria 05998
5999,Categoria 05999
CAT6000,Categoria 06000
CAT6000,Categoria 06000
6001,Categoria 06001
6002,Categoria 06002
6003,Categoria 06003
6004,Categoria 06004
6005,Categoria 06005
6006,Categoria 06006
6007,Categoria 06007
6008,Categoria 06008
6009,Categoria 06009
6010,Categoria 06010
6011,Categoria 06011
6012,Categoria 06012
6013,Categoria 06013
6014,Categoria 06014
6015,Categoria 06015
6016,Categoria 06016
6017,Categoria 06017
6018,Categoria 06018
6019,Categoria 06019
6020,
6021,Categoria 06021
6022,Categoria 06022
6023,Categoria 06023
6024,Categoria 06024
6025,Categoria 06025
6026,Categoria 06026
6027,Categoria 06027
6028,Categoria 06028
6029,Categoria 06029
6030,Categoria 06030
6031,Categoria 06031
6032,Categoria 06032
6033,Categoria 06033
6034,Categoria 06034
6035,Categoria 06035
6036,Categoria 06036
6037,Categoria 06037
6038,Categoria 06038
6039,Categoria 06039
6040,Categoria 06040
6041,Categoria 06041
6042,Categoria 06042
6043,Categoria 06043
6044,Categoria 06044
6045,Categoria 06045
6046,Categoria 06046
6047,Categoria 06047
6048,Categoria 06048
6049,Categoria 06049
6050,Categoria 06050
6051,Categoria 06051
6052,Categoria 06052
6053,Categoria 06053
6054,Categoria 06054
6055,Categoria 06055
6056,Categoria 06056
6057,Categoria 06057
6058,Categoria 06058
6059,Categoria 06059
6060,Categoria 06060
6061,Categoria 06061
6062,Categoria 06062
6063,Categoria 06063
6064,Categoria 06064
6065,Categoria 06065
6066,Categoria 06066
6067,Categoria 06067
6068,Categoria 06068
6069,Categoria 06069
6070,Categoria 06070
6071,Categoria 06071
6072,Categoria 06072
6073,Categoria 06073
6074,Categoria 06074
6075,Categoria 06075
6076,Categoria 06076
6077,Categoria 06077
6078,Categoria 06078
6079,Categoria 06079
6080,Categoria 06080
6081,Categoria 06081
6082,Categoria 06082
6083,Categoria 06083
6084,Categoria 06084
6085,Categoria 06085
6086,Categoria 06086
6087,Categoria 06087
6088,Categoria 06088
6089,Categoria 06089
6090,
6091,Categoria 06091
6092,Categoria 06092
6093,Categoria 06093
6094,Categoria 06094
6095,Categoria 06095
6096,Categoria 06096
6097,Categoria 06097
6098,Categoria 06098
6099,Categoria 06099
6100,Categoria 06100
6101,Categoria 06101
6102,Categoria 06102
6103,Categoria 06103
6104,Categoria 06104
6105,Categoria 06105
6106,Categoria 06106
6107,Categoria 06107
6108,Categoria 06108
6109,Categoria 06109
6110,Categoria 06110
6111,Categoria 06111
6112,Categoria 06112
6113,Categoria 06113
6114,Categoria 06114
6115,Categoria 06115
6116,Categoria 06116
6117,Categoria 06117
6118,Categoria 06118
6119,Categoria 06119
6120,Categoria 06120
6121,Categoria 06121
6122,Categoria 06122
6123,Categoria 06123
6124,Categoria 06124
CAT6125,Categoria 06125
6126,Categoria 06126
6127,Categoria 06127
6128,Categoria 06128
6129,Categoria 06129
6130,Categoria 06130
6131,Categoria 06131
6132,Categoria 06132
6133,Categoria 06133
6134,Categoria 06134
6135,Categoria 06135
6136,Categoria 06136
6137,Categoria 06137
6138,Categoria 06138
6139,Categoria 06139
6140,Categoria 06140
6141,Categoria 06141
6142,Categoria 06142
6143,Categoria 06143
6144,Categoria 06144
6145,Categoria 06145
6146,Categoria 06146
6147,Categoria 06147
6148,Categoria 06148
6149,Categoria 06149
6150,Categoria 06150
6151,Categoria 06151
6152,Categoria 06152
6153,Categoria 06153
6154,Categoria 06154
6155,Categoria 06155
6156,Categoria 06156
6157,Categoria 06157
6158,Categoria 06158
6159,Categoria 06159
6160,
6161,Categoria 06161
6162,Categoria 06162
6163,Categoria 06163
6164,Categoria 06164
6165,Categoria 06165
6166,Categoria 06166
6167,Categoria 06167
6168,Categoria 06168
6169,Categoria 06169
6170,Categoria 06170
6171,Categoria 06171
6172,Categoria 06172
6173,Categoria 06173
6174,Categoria 06174
6175,Categoria 06175
6176,Categoria 06176
6177,Categoria 06177
6178,Categoria 06178
6179,Categoria 06179
6180,Categoria 06180
6181,Categoria 06181
6182,Categoria 06182
6183,Categoria 06183
6184,Categoria 06184
6185,Categoria 06185
6186,Categoria 06186
6187,Categoria 06187
6188,Categoria 06188
6189,Categoria 06189
6190,Categoria 06190
6191,Categoria 06191
6192,Categoria 06192
6193,Categoria 06193
6194,Categoria 06194
6195,Categoria 06195
6196,Categoria 06196
6197,Categoria 06197
6198,Categoria 06198
6199,Categoria 06199
6200,Categoria 06200
6201,Categoria 06201
6202,Categoria 06202
6203,Categoria 06203
6204,Categoria 06204
6205,Categoria 06205
6206,Categoria 06206
6207,Categoria 06207
6208,Categoria 06208
6209,Categoria 06209
6210,Categoria 06210
6211,Categoria 06211
6212,Categoria 06212
6213,Categoria 06213
6214,Categoria 06214
6215,Categoria 06215
6216,Categoria 06216
6217,Categoria 06217
6218,Categoria 06218
6219,Categoria 06219
6220,Categoria 06220
6221,Categoria 06221
6222,Categoria 06222
6223,Categoria 06223
6224,Categoria 06224
6225,Categoria 06225
6226,Categoria 06226
6227,Categoria 06227
6228,Categoria 06228
6229,Categoria 06229
6230,
6231,Categoria 06231
6232,Categoria 06232
6233,Categoria 06233
6234,Categoria 06234
6235,Categoria 06235
6236,Categoria 06236
6237,Categoria 06237
6238,Categoria 06238
6239,Categoria 06239
6240,Categoria 06240
6241,Categoria 06241
6242,Categoria 06242
6243,Categoria 06243
6244,Categoria 06244
6245,Categoria 06245
6246,Categoria 06246
6247,Categoria 06247
6248,Categoria 06248
6249,Categoria 06249
CAT6250,Categoria 06250
6251,Categoria 06251
6252,Categoria 06252
6253,Categoria 06253
6254,Categoria 06254
6255,Categoria 06255
6256,Categoria 06256
6257,Categoria 06257
6258,Categoria 06258
6259,Categoria 06259
6260,Categoria 06260
6261,Categoria 06261
6262,Categoria 06262
6263,Categoria 06263
6264,Categoria 06264
6265,Categoria 06265
6266,Categoria 06266
6267,Categoria 06267
6268,Categoria 06268
6269,Categoria 06269
6270,Categoria 06270
6271,Categoria 06271
6272,Categoria 06272
6273,Categoria 06273
6274,Categoria 06274
6275,Categoria 06275
6276,Categoria 06276
6277,Categoria 06277
6278,Categoria 06278
6279,Categoria 06279
6280,Categoria 06280
6281,Categoria 06281
6282,Categoria 06282
6283,Categoria 06283
6284,Categoria 06284
6285,Categoria 06285
6286,Categoria 06286
6287,Categoria 06287
6288,Categoria 06288
6289,Categoria 06289
6290,Categoria 06290
6291,Categoria 06291
6292,Categoria 06292
6293,Categoria 06293
6294,Categoria 06294
6295,Categoria 06295
6296,Categoria 06296
6297,Categoria 06297
6298,Categoria 06298
6299,Categoria 06299
6300,
6301,Categoria 06301
6302,Categoria 06302
6303,Categoria 06303
6304,Categoria 06304
6305,Categoria 06305
6306,Categoria 06306
6307,Categoria 06307
6308,Categoria 06308
6309,Categoria 06309
6310,Categoria 06310
6311,Categoria 06311
6312,Categoria 06312
6313,Categoria 06313
6314,Categoria 06314
6315,Categoria 06315
6316,Categoria 06316
6317,Categoria 06317
6318,Categoria 06318
6319,Categoria 06319
6320,Categoria 06320
6321,Categoria 06321
6322,Categoria 06322
6323,Categoria 06323
6324,Categoria 06324
6325,Categoria 06325
6326,Categoria 06326
6327,Categoria 06327
6328,Categoria 06328
6329,Categoria 06329
6330,Categoria 06330
6331,Categoria 06331
6332,Categoria 06332
6333,Categoria 06333
6334,Categoria 06334
6335,Categoria 06335
6336,Categoria 06336
6337,Categoria 06337
6338,Categoria 06338
6339,Categoria 06339
6340,Categoria 06340
6341,Categoria 06341
6342,Categoria 06342
6343,Categoria 06343
6344,Categoria 06344
6345,Categoria 06345
6346,Categoria 06346
6347,Categoria 06347
6348,Categoria 06348
6349,Categoria 06349
6350,Categoria 06350
6351,Categoria 06351
6352,Categoria 06352
6353,Categoria 06353
6354,Categoria 06354
6355,Categoria 06355
6356,Categoria 06356
6357,Categoria 06357
6358,Categoria 06358
6359,Categoria 06359
6360,Categoria 06360
6361,Categoria 06361
6362,Categoria 06362
6363,Categoria 06363
6364,Categoria 06364
6365,Categoria 06365
6366,Categoria 06366
6367,Categoria 06367
6368,Categoria 06368
6369,Categoria 06369
6370,
6371,Categoria 06371
6372,Categoria 06372
6373,Categoria 06373
6374,Categoria 06374
CAT6375,Categoria 06375
6376,Categoria 06376
6377,Categoria 06377
6378,Categoria 06378
6379,Categoria 06379
6380,Categoria 06380
6381,Categoria 06381
6382,Categoria 06382
6383,Categoria 06383
6384,Categoria 06384
6385,Categoria 06385
6386,Categoria 06386
6387,Categoria 06387
6388,Categoria 06388
6389,Categoria 06389
6390,Categoria 06390
6391,Categoria 06391
6392,Categoria 06392
6393,Categoria 06393
6394,Categoria 06394
6395,Categoria 06395
6396,Categoria 06396
6397,Categoria 06397
6398,Categoria 06398
6399,Categoria 06399
6400,Categoria 06400
6400,Categoria 06400
6401,Categoria 06401
6402,Categoria 06402
6403,Categoria 06403
6404,Categoria 06404
6405,Categoria 06405
6406,Categoria 06406
6407,Categoria 06407
6408,Categoria 06408
6409,Categoria 06409
6410,Categoria 06410
6411,Categoria 06411
6412,Categoria 06412
6413,Categoria 06413
6414,Categoria 06414
6415,Categoria 06415
6416,Categoria 06416
6417,Categoria 06417
6418,Categoria 06418
6419,Categoria 06419
6420,Categoria 06420
6421,Categoria 06421
6422,Categoria 06422
6423,Categoria 06423
6424,Categoria 06424
6425,Categoria 06425
6426,Categoria 06426
6427,Categoria 06427
6428,Categoria 06428
6429,Categoria 06429
6430,Categoria 06430
6431,Categoria 06431
6432,Categoria 06432
6433,Categoria 06433
6434,Categoria 06434
6435,Categoria 06435
6436,Categoria 06436
6437,Categoria 06437
6438,Categoria 06438
6439,Categoria 06439
6440,
6441,Categoria 06441
6442,Categoria 06442
6443,Categoria 06443
6444,Categoria 06444
6445,Categoria 06445
6446,Categoria 06446
6447,Categoria 06447
6448,Categoria 06448
6449,Categoria 06449
6450,Categoria 06450
6451,Categoria 06451
6452,Categoria 06452
6453,Categoria 06453
6454,Categoria 06454
6455,Categoria 06455
6456,Categoria 06456
6457,Categoria 06457
6458,Categoria 06458
6459,Categoria 06459
6460,Categoria 06460
6461,Categoria 06461
6462,Categoria 06462
6463,Categoria 06463
6464,Categoria 06464
6465,Categoria 06465
6466,Categoria 06466
6467,Categoria 06467
6468,Categoria 06468
6469,Categoria 06469
6470,Categoria 06470
6471,Categoria 06471
6472,Categoria 06472
6473,Categoria 06473
6474,Categoria 06474
6475,Categoria 06475
6476,Categoria 06476
6477,Categoria 06477
6478,Categoria 06478
6479,Categoria 06479
6480,Categoria 06480
6481,Categoria 06481
6482,Categoria 06482
6483,Categoria 06483
6484,Categoria 06484
6485,Categoria 06485
6486,Categoria 06486
6487,Categoria 06487
6488,Categoria 06488
6489,Categoria 06489
6490,Categoria 06490
6491,Categoria 06491
6492,Categoria 06492
6493,Categoria 06493
6494,Categoria 06494
6495,Categoria 06495
6496,Categoria 06496
6497,Categoria 06497
6498,Categoria 06498
6499,Categoria 06499
CAT6500,Categoria 06500
6501,Categoria 06501
6502,Categoria 06502
6503,Categoria 06503
6504,Categoria 06504
6505,Categoria 06505
6506,Categoria 06506
6507,Categoria 06507
6508,Categoria 06508
6509,Categoria 06509
6510,
6511,Categoria 06511
6512,Categoria 06512
6513,Categoria 06513
6514,Categoria 06514
6515,Categoria 06515
6516,Categoria 06516
6517,Categoria 06517
6518,Categoria 06518
6519,Categoria 06519
6520,Categoria 06520
6521,Categoria 06521
6522,Categoria 06522
6523,Categoria 06523
6524,Categoria 06524
6525,Categoria 06525
6526,Categoria 06526
6527,Categoria 06527
6528,Categoria 06528
6529,Categoria 06529
6530,Categoria 06530
6531,Categoria 06531
6532,Categoria 06532
6533,Categoria 06533
6534,Categoria 06534
6535,Categoria 06535
6536,Categoria 06536
6537,Categoria 06537
6538,Categoria 06538
6539,Categoria 06539
6540,Categoria 06540
6541,Categoria 06541
6542,Categoria 06542
6543,Categoria 06543
6544,Categoria 06544
6545,Categoria 06545
6546,Categoria 06546
6547,Categoria 06547
6548,Categoria 06548
6549,Categoria 06549
6550,Categoria 06550
6551,Categoria 06551
6552,Categoria 06552
6553,Categoria 06553
6554,Categoria 06554
6555,Categoria 06555
6556,Categoria 06556
6557,Categoria 06557
6558,Categoria 06558
6559,Categoria 06559
6560,Categoria 06560
6561,Categoria 06561
6562,Categoria 06562
6563,Categoria 06563
6564,Categoria 06564
6565,Categoria 06565
6566,Categoria 06566
6567,Categoria 06567
6568,Categoria 06568
6569,Categoria 06569
6570,Categoria 06570
6571,Categoria 06571
6572,Categoria 06572
6573,Categoria 06573
6574,Categoria 06574
6575,Categoria 06575
6576,Categoria 06576
6577,Categoria 06577
6578,Categoria 06578
6579,Categoria 06579
6580,
6581,Categoria 06581
6582,Categoria 06582
6583,Categoria 06583
6584,Categoria 06584
6585,Categoria 06585
6586,Categoria 06586
6587,Categoria 06587
6588,Categoria 06588
6589,Categoria 06589
6590,Categoria 06590
6591,Categoria 06591
6592,Categoria 06592
6593,Categoria 06593
6594,Categoria 06594
6595,Categoria 06595
6596,Categoria 06596
6597,Categoria 06597
6598,Categoria 06598
6599,Categoria 06599
6600,Categoria 06600
6601,Categoria 06601
6602,Categoria 06602
6603,Categoria 06603
6604,Categoria 06604
6605,Categoria 06605
6606,Categoria 06606
6607,Categoria 06607
6608,Categoria 06608
6609,Categoria 06609
6610,Categoria 06610
6611,Categoria 06611
6612,Categoria 06612
6613,Categoria 06613
6614,Categoria 06614
6615,Categoria 06615
6616,Categoria 06616
6617,Categoria 06617
6618,Categoria 06618
6619,Categoria 06619
6620,Categoria 06620
6621,Categoria 06621
6622,Categoria 06622
6623,Categoria 06623
6624,Categoria 06624
CAT6625,Categoria 06625
6626,Categoria 06626
6627,Categoria 06627
6628,Categoria 06628
6629,Categoria 06629
6630,Categoria 06630
6631,Categoria 06631
6632,Categoria 06632
6633,Categoria 06633
6634,Categoria 06634
6635,Categoria 06635
6636,Categoria 06636
6637,Categoria 06637
6638,Categoria 06638
6639,Categoria 06639
6640,Categoria 06640
6641,Categoria 06641
6642,Categoria 06642
6643,Categoria 06643
6644,Categoria 06644
6645,Categoria 06645
6646,Categoria 06646
6647,Categoria 06647
6648,Categoria 06648
6649,Categoria 06649
6650,
6651,Categoria 06651
6652,Categoria 06652
6653,Categoria 06653
6654,Categoria 06654
6655,Categoria 06655
6656,Categoria 06656
6657,Categoria 06657
6658,Categoria 06658
6659,Categoria 06659
6660,Categoria 06660
6661,Categoria 06661
6662,Categoria 06662
6663,Categoria 06663
6664,Categoria 06664
6665,Categoria 06665
6666,Categoria 06666
6667,Categoria 06667
6668,Categoria 06668
6669,Categoria 06669
6670,Categoria 06670
6671,Categoria 06671
6672,Categoria 06672
6673,Categoria 06673
6674,Categoria 06674
6675,Categoria 06675
6676,Categoria 06676
6677,Categoria 06677
6678,Categoria 06678
6679,Categoria 06679
6680,Categoria 06680
6681,Categoria 06681
6682,Categoria 06682
6683,Categoria 06683
6684,Categoria 06684
6685,Categoria 06685
6686,Categoria 06686
6687,Categoria 06687
6688,Categoria 06688
6689,Categoria 06689
6690,Categoria 06690
6691,Categoria 06691
6692,Categoria 06692
6693,Categoria 06693
6694,Categoria 06694
6695,Categoria 06695
6696,Categoria 06696
6697,Categoria 06697
6698,Categoria 06698
6699,Categoria 06699
6700,Categoria 06700
6701,Categoria 06701
6702,Categoria 06702
6703,Categoria 06703
6704,Categoria 06704
6705,Categoria 06705
6706,Categoria 06706
6707,Categoria 06707
6708,Categoria 06708
6709,Categoria 06709
6710,Categoria 06710
6711,Categoria 06711
6712,Categoria 06712
6713,Categoria 06713
6714,Categoria 06714
6715,Categoria 06715
6716,Categoria 06716
6717,Categoria 06717
6718,Categoria 06718
6719,Categoria 06719
6720,
6721,Categoria 06721
6722,Categoria 06722
6723,Categoria 06723
6724,Categoria 06724
6725,Categoria 06725
6726,Categoria 06726
6727,Categoria 06727
6728,Categoria 06728
6729,Categoria 06729
6730,Categoria 06730
6731,Categoria 06731
6732,Categoria 06732
6733,Categoria 06733
6734,Categoria 06734
6735,Categoria 06735
6736,Categoria 06736
6737,Categoria 06737
6738,Categoria 06738
6739,Categoria 06739
6740,Categoria 06740
6741,Categoria 06741
6742,Categoria 06742
6743,Categoria 06743
6744,Categoria 06744
6745,Categoria 06745
6746,Categoria 06746
6747,Categoria 06747
6748,Categoria 06748
6749,Categoria 06749
CAT6750,Categoria 06750
6751,Categoria 06751
6752,Categoria 06752
6753,Categoria 06753
6754,Categoria 06754
6755,Categoria 06755
6756,Categoria 06756
6757,Categoria 06757
6758,Categoria 06758
6759,Categoria 06759
6760,Categoria 06760
6761,Categoria 06761
6762,Categoria 06762
6763,Categoria 06763
6764,Categoria 06764
6765,Categoria 06765
6766,Categoria 06766
6767,Categoria 06767
6768,Categoria 06768
6769,Categoria 06769
6770,Categoria 06770
6771,Categoria 06771
6772,Categoria 06772
6773,Categoria 06773
6774,Categoria 06774
6775,Categoria 06775
6776,Categoria 06776
6777,Categoria 06777
6778,Categoria 06778
6779,Categoria 06779
6780,Categoria 06780
6781,Categoria 06781
6782,Categoria 06782
6783,Categoria 06783
6784,Categoria 06784
6785,Categoria 06785
6786,Categoria 06786
6787,Categoria 06787
6788,Categoria 06788
6789,Categoria 06789
6790,
6791,Categoria 06791
6792,Categoria 06792
6793,Categoria 06793
6794,Categoria 06794
6795,Categoria 06795
6796,Categoria 06796
6797,Categoria 06797
6798,Categoria 06798
6799,Categoria 06799
6800,Categoria 06800
6800,Categoria 06800
6801,Categoria 06801
6802,Categoria 06802
6803,Categoria 06803
6804,Categoria 06804
6805,Categoria 06805
6806,Categoria 06806
6807,Categoria 06807
6808,Categoria 06808
6809,Categoria 06809
6810,Categoria 06810
6811,Categoria 06811
6812,Categoria 06812
6813,Categoria 06813
6814,Categoria 06814
6815,Categoria 06815
6816,Categoria 06816
6817,Categoria 06817
6818,Categoria 06818
6819,Categoria 06819
6820,Categoria 06820
6821,Categoria 06821
6822,Categoria 06822
6823,Categoria 06823
6824,Categoria 06824
6825,Categoria 06825
6826,Categoria 06826
6827,Categoria 06827
6828,Categoria 06828
6829,Categoria 06829
6830,Categoria 06830
6831,Categoria 06831
6832,Categoria 06832
6833,Categoria 06833
6834,Categoria 06834
6835,Categoria 06835
6836,Categoria 06836
6837,Categoria 06837
6838,Categoria 06838
6839,Categoria 06839
6840,Categoria 06840
6841,Categoria 06841
6842,Categoria 06842
6843,Categoria 06843
6844,Categoria 06844
6845,Categoria 06845
6846,Categoria 06846
6847,Categoria 06847
6848,Categoria 06848
6849,Categoria 06849
6850,Categoria 06850
6851,Categoria 06851
6852,Categoria 06852
6853,Categoria 06853
6854,Categoria 06854
6855,Categoria 06855
6856,Categoria 06856
6857,Categoria 06857
6858,Categoria 06858
6859,Categoria 06859
6860,
6861,Categoria 06861
6862,Categoria 06862
6863,Categoria 06863
6864,Categoria 06864
6865,Categoria 06865
6866,Categoria 06866
6867,Categoria 06867
6868,Categoria 06868
6869,Categoria 06869
6870,Categoria 06870
6871,Categoria 06871
6872,Categoria 06872
6873,Categoria 06873
6874,Categoria 06874
CAT6875,Categoria 06875
6876,Categoria 06876
6877,Categoria 06877
6878,Categoria 06878
6879,Categoria 06879
6880,Categoria 06880
6881,Categoria 06881
6882,Categoria 06882
6883,Categoria 06883
6884,Categoria 06884
6885,Categoria 06885
6886,Categoria 06886
6887,Categoria 06887
6888,Categoria 06888
6889,Categoria 06889
6890,Categoria 06890
6891,Categoria 06891
6892,Categoria 06892
6893,Categoria 06893
6894,Categoria 06894
6895,Categoria 06895
6896,Categoria 06896
6897,Categoria 06897
6898,Categoria 06898
6899,Categoria 06899
6900,Categoria 06900
6901,Categoria 06901
6902,Categoria 06902
6903,Categoria 06903
6904,Categoria 06904
6905,Categoria 06905
6906,Categoria 06906
6907,Categoria 06907
6908,Categoria 06908
6909,Categoria 06909
6910,Categoria 06910
6911,Categoria 06911
6912,Categoria 06912
6913,Categoria 06913
6914,Categoria 06914
6915,Categoria 06915
6916,Categoria 06916
6917,Categoria 06917
6918,Categoria 06918
6919,Categoria 06919
6920,Categoria 06920
6921,Categoria 06921
6922,Categoria 06922
6923,Categoria 06923
6924,Categoria 06924
6925,Categoria 06925
6926,Categoria 06926
6927,Categoria 06927
6928,Categoria 06928
6929,Categoria 06929
6930,
6931,Categoria 06931
6932,Categoria 06932
6933,Categoria 06933
6934,Categoria 06934
6935,Categoria 06935
6936,Categoria 06936
6937,Categoria 06937
6938,Categoria 06938
6939,Categoria 06939
6940,Categoria 06940
6941,Categoria 06941
6942,Categoria 06942
6943,Categoria 06943
6944,Categoria 06944
6945,Categoria 06945
6946,Categoria 06946
6947,Categoria 06947
6948,Categoria 06948
6949,Categoria 06949
6950,Categoria 06950
6951,Categoria 06951
6952,Categoria 06952
6953,Categoria 06953
6954,Categoria 06954
6955,Categoria 06955
6956,Categoria 06956
6957,Categoria 06957
6958,Categoria 06958
6959,Categoria 06959
6960,Categoria 06960
6961,Categoria 06961
6962,Categoria 06962
6963,Categoria 06963
6964,Categoria 06964
6965,Categoria 06965
6966,Categoria 06966
6967,Categoria 06967
6968,Categoria 06968
6969,Categoria 06969
6970,Categoria 06970
6971,Categoria 06971
6972,Categoria 06972
6973,Categoria 06973
6974,Categoria 06974
6975,Categoria 06975
6976,Categoria 06976
6977,Categoria 06977
6978,Categoria 06978
6979,Categoria 06979
6980,Categoria 06980
6981,Categoria 06981
6982,Categoria 06982
6983,Categoria 06983
6984,Categoria 06984
6985,Categoria 06985
6986,Categoria 06986
6987,Categoria 06987
6988,Categoria 06988
6989,Categoria 06989
6990,Categoria 06990
6991,Categoria 06991
6992,Categoria 06992
6993,Categoria 06993
6994,Categoria 06994
6995,Categoria 06995
6996,Categoria 06996
6997,Categoria 06997
6998,Categoria 06998
6999,Categoria 06999
CAT7000,
7001,Categoria 07001
7002,Categoria 07002
7003,Categoria 07003
7004,Categoria 07004
7005,Categoria 07005
7006,Categoria 07006
7007,Categoria 07007
7008,Categoria 07008
7009,Categoria 07009
7010,Categoria 07010
7011,Categoria 07011
7012,Categoria 07012
7013,Categoria 07013
7014,Categoria 07014
7015,Categoria 07015
7016,Categoria 07016
7017,Categoria 07017
7018,Categoria 07018
7019,Categoria 07019
7020,Categoria 07020
7021,Categoria 07021
7022,Categoria 07022
7023,Categoria 07023
7024,Categoria 07024
7025,Categoria 07025
7026,Categoria 07026
7027,Categoria 07027
7028,Categoria 07028
7029,Categoria 07029
7030,Categoria 07030
7031,Categoria 07031
7032,Categoria 07032
7033,Categoria 07033
7034,Categoria 07034
7035,Categoria 07035
7036,Categoria 07036
7037,Categoria 07037
7038,Categoria 07038
7039,Categoria 07039
7040,Categoria 07040
7041,Categoria 07041
7042,Categoria 07042
7043,Categoria 07043
7044,Categoria 07044
7045,Categoria 07045
7046,Categoria 07046
7047,Categoria 07047
7048,Categoria 07048
7049,Categoria 07049
7050,Categoria 07050
7051,Categoria 07051
7052,Categoria 07052
7053,Categoria 07053
7054,Categoria 07054
7055,Categoria 07055
7056,Categoria 07056
7057,Categoria 07057
7058,Categoria 07058
7059,Categoria 07059
7060,Categoria 07060
7061,Categoria 07061
7062,Categoria 07062
7063,Categoria 07063
7064,Categoria 07064
7065,Categoria 07065
7066,Categoria 07066
7067,Categoria 07067
7068,Categoria 07068
7069,Categoria 07069
7070,
7071,Categoria 07071
7072,Categoria 07072
7073,Categoria 07073
7074,Categoria 07074
7075,Categoria 07075
7076,Categoria 07076
7077,Categoria 07077
7078,Categoria 07078
7079,Categoria 07079
7080,Categoria 07080
7081,Categoria 07081
7082,Categoria 07082
7083,Categoria 07083
7084,Categoria 07084
7085,Categoria 07085
7086,Categoria 07086
7087,Categoria 07087
7088,Categoria 07088
7089,Categoria 07089
7090,Categoria 07090
7091,Categoria 07091
7092,Categoria 07092
7093,Categoria 07093
7094,Categoria 07094
7095,Categoria 07095
7096,Categoria 07096
7097,Categoria 07097
7098,Categoria 07098
7099,Categoria 07099
7100,Categoria 07100
7101,Categoria 07101
7102,Categoria 07102
7103,Categoria 07103
7104,Categoria 07104
7105,Categoria 07105
7106,Categoria 07106
7107,Categoria 07107
7108,Categoria 07108
7109,Categoria 07109
7110,Categoria 07110
7111,Categoria 07111
7112,Categoria 07112
7113,Categoria 07113
7114,Categoria 07114
7115,Categoria 07115
7116,Categoria 07116
7117,Categoria 07117
7118,Categoria 07118
7119,Categoria 07119
7120,Categoria 07120
7121,Categoria 07121
7122,Categoria 07122
7123,Categoria 07123
7124,Categoria 07124
CAT7125,Categoria 07125
7126,Categoria 07126
7127,Categoria 07127
7128,Categoria 07128
7129,Categoria 07129
7130,Categoria 07130
7131,Categoria 07131
7132,Categoria 07132
7133,Categoria 07133
7134,Categoria 07134
7135,Categoria 07135
7136,Categoria 07136
7137,Categoria 07137
7138,Categoria 07138
7139,Categoria 07139
7140,
7141,Categoria 07141
7142,Categoria 07142
7143,Categoria 07143
7144,Categoria 07144
7145,Categoria 07145
7146,Categoria 07146
7147,Categoria 07147
7148,Categoria 07148
7149,Categoria 07149
7150,Categoria 07150
7151,Categoria 07151
7152,Categoria 07152
7153,Categoria 07153
7154,Categoria 07154
7155,Categoria 07155
7156,Categoria 07156
7157,Categoria 07157
7158,Categoria 07158
7159,Categoria 07159
7160,Categoria 07160
7161,Categoria 07161
7162,Categoria 07162
7163,Categoria 07163
7164,Categoria 07164
7165,Categoria 07165
7166,Categoria 07166
7167,Categoria 07167
7168,Categoria 07168
7169,Categoria 07169
7170,Categoria 07170
7171,Categoria 07171
7172,Categoria 07172
7173,Categoria 07173
7174,Categoria 07174
7175,Categoria 07175
7176,Categoria 07176
7177,Categoria 07177
7178,Categoria 07178
7179,Categoria 07179
7180,Categoria 07180
7181,Categoria 07181
7182,Categoria 07182
7183,Categoria 07183
7184,Categoria 07184
7185,Categoria 07185
7186,Categoria 07186
7187,Categoria 07187
7188,Categoria 07188
7189,Categoria 07189
7190,Categoria 07190
7191,Categoria 07191
7192,Categoria 07192
7193,Categoria 07193
7194,Categoria 07194
7195,Categoria 07195
7196,Categoria 07196
7197,Categoria 07197
7198,Categoria 07198
7199,Categoria 07199
7200,Categoria 07200
7200,Categoria 07200
7201,Categoria 07201
7202,Categoria 07202
7203,Categoria 07203
7204,Categoria 07204
7205,Categoria 07205
7206,Categoria 07206
7207,Categoria 07207
7208,Categoria 07208
7209,Categoria 07209
7210,
7211,Categoria 07211
7212,Categoria 07212
7213,Categoria 07213
7214,Categoria 07214
7215,Categoria 07215
7216,Categoria 07216
7217,Categoria 07217
7218,Categoria 07218
7219,Categoria 07219
7220,Categoria 07220
7221,Categoria 07221
7222,Categoria 07222
7223,Categoria 07223
7224,Categoria 07224
7225,Categoria 07225
7226,Categoria 07226
7227,Categoria 07227
7228,Categoria 07228
7229,Categoria 07229
7230,Categoria 07230
7231,Categoria 07231
7232,Categoria 07232
7233,Categoria 07233
7234,Categoria 07234
7235,Categoria 07235
7236,Categoria 07236
7237,Categoria 07237
7238,Categoria 07238
7239,Categoria 07239
7240,Categoria 07240
7241,Categoria 07241
7242,Categoria 07242
7243,Categoria 07243
7244,Categoria 07244
7245,Categoria 07245
7246,Categoria 07246
7247,Categoria 07247
7248,Categoria 07248
7249,Categoria 07249
CAT7250,Categoria 07250
7251,Categoria 07251
7252,Categoria 07252
7253,Categoria 07253
7254,Categoria 07254
7255,Categoria 07255
7256,Categoria 07256
7257,Categoria 07257
7258,Categoria 07258
7259,Categoria 07259
7260,Categoria 07260
7261,Categoria 07261
7262,Categoria 07262
7263,Categoria 07263
7264,Categoria 07264
7265,Categoria 07265
7266,Categoria 07266
7267,Categoria 07267
7268,Categoria 07268
7269,Categoria 07269
7270,Categoria 07270
7271,Categoria 07271
7272,Categoria 07272
7273,Categoria 07273
7274,Categoria 07274
7275,Categoria 07275
7276,Categoria 07276
7277,Categoria 07277
7278,Categoria 07278
7279,Categoria 07279
7280,
7281,Categoria 07281
7282,Categoria 07282
7283,Categoria 07283
7284,Categoria 07284
7285,Categoria 07285
7286,Categoria 07286
7287,Categoria 07287
7288,Categoria 07288
7289,Categoria 07289
7290,Categoria 07290
7291,Categoria 07291
7292,Categoria 07292
7293,Categoria 07293
7294,Categoria 07294
7295,Categoria 07295
7296,Categoria 07296
7297,Categoria 07297
7298,Categoria 07298
7299,Categoria 07299
7300,Categoria 07300
7301,Categoria 07301
7302,Categoria 07302
7303,Categoria 07303
7304,Categoria 07304
7305,Categoria 07305
7306,Categoria 07306
7307,Categoria 07307
7308,Categoria 07308
7309,Categoria 07309
7310,Categoria 07310
7311,Categoria 07311
7312,Categoria 07312
7313,Categoria 07313
7314,Categoria 07314
7315,Categoria 07315
7316,Categoria 07316
7317,Categoria 07317
7318,Categoria 07318
7319,Categoria 07319
7320,Categoria 07320
7321,Categoria 07321
7322,Categoria 07322
7323,Categoria 07323
7324,Categoria 07324
7325,Categoria 07325
7326,Categoria 07326
7327,Categoria 07327
7328,Categoria 07328
7329,Categoria 07329
7330,Categoria 07330
7331,Categoria 07331
7332,Categoria 07332
7333,Categoria 07333
7334,Categoria 07334
7335,Categoria 07335
7336,Categoria 07336
7337,Categoria 07337
7338,Categoria 07338
7339,Categoria 07339
7340,Categoria 07340
7341,Categoria 07341
7342,Categoria 07342
7343,Categoria 07343
7344,Categoria 07344
7345,Categoria 07345
7346,Categoria 07346
7347,Categoria 07347
7348,Categoria 07348
7349,Categoria 07349
7350,
7351,Categoria 07351
7352,Categoria 07352
7353,Categoria 07353
7354,Categoria 07354
7355,Categoria 07355
7356,Categoria 07356
7357,Categoria 07357
7358,Categoria 07358
7359,Categoria 07359
7360,Categoria 07360
7361,Categoria 07361
7362,Categoria 07362
7363,Categoria 07363
7364,Categoria 07364
7365,Categoria 07365
7366,Categoria 07366
7367,Categoria 07367
7368,Categoria 07368
7369,Categoria 07369
7370,Categoria 07370
7371,Categoria 07371
7372,Categoria 07372
7373,Categoria 07373
7374,Categoria 07374
CAT7375,Categoria 07375
7376,Categoria 07376
7377,Categoria 07377
7378,Categoria 07378
7379,Categoria 07379
7380,Categoria 07380
7381,Categoria 07381
7382,Categoria 07382
7383,Categoria 07383
7384,Categoria 07384
7385,Categoria 07385
7386,Categoria 07386
7387,Categoria 07387
7388,Categoria 07388
7389,Categoria 07389
7390,Categoria 07390
7391,Categoria 07391
7392,Categoria 07392
7393,Categoria 07393
7394,Categoria 07394
7395,Categoria 07395
7396,Categoria 07396
7397,Categoria 07397
7398,Categoria 07398
7399,Categoria 07399
7400,Categoria 07400
7401,Categoria 07401
7402,Categoria 07402
7403,Categoria 07403
7404,Categoria 07404
7405,Categoria 07405
7406,Categoria 07406
7407,Categoria 07407
7408,Categoria 07408
7409,Categoria 07409
7410,Categoria 07410
7411,Categoria 07411
7412,Categoria 07412
7413,Categoria 07413
7414,Categoria 07414
7415,Categoria 07415
7416,Categoria 07416
7417,Categoria 07417
7418,Categoria 07418
7419,Categoria 07419
7420,
7421,Categoria 07421
7422,Categoria 07422
7423,Categoria 07423
7424,Categoria 07424
7425,Categoria 07425
7426,Categoria 07426
7427,Categoria 07427
7428,Categoria 07428
7429,Categoria 07429
7430,Categoria 07430
7431,Categoria 07431
7432,Categoria 07432
7433,Categoria 07433
7434,Categoria 07434
7435,Categoria 07435
7436,Categoria 07436
7437,Categoria 07437
7438,Categoria 07438
7439,Categoria 07439
7440,Categoria 07440
7441,Categoria 07441
7442,Categoria 07442
7443,Categoria 07443
7444,Categoria 07444
7445,Categoria 07445
7446,Categoria 07446
7447,Categoria 07447
7448,Categoria 07448
7449,Categoria 07449
7450,Categoria 07450
7451,Categoria 07451
7452,Categoria 07452
7453,Categoria 07453
7454,Categoria 07454
7455,Categoria 07455
7456,Categoria 07456
7457,Categoria 07457
7458,Categoria 07458
7459,Categoria 07459
7460,Categoria 07460
7461,Categoria 07461
7462,Categoria 07462
7463,Categoria 07463
7464,Categoria 07464
7465,Categoria 07465
7466,Categoria 07466
7467,Categoria 07467
7468,Categoria 07468
7469,Categoria 07469
7470,Categoria 07470
7471,Categoria 07471
7472,Categoria 07472
7473,Categoria 07473
7474,Categoria 07474
7475,Categoria 07475
7476,Categoria 07476
7477,Categoria 07477
7478,Categoria 07478
7479,Categoria 07479
7480,Categoria 07480
7481,Categoria 07481
7482,Categoria 07482
7483,Categoria 07483
7484,Categoria 07484
7485,Categoria 07485
7486,Categoria 07486
7487,Categoria 07487
7488,Categoria 07488
7489,Categoria 07489
7490,
7491,Categoria 07491
7492,Categoria 07492
7493,Categoria 07493
7494,Categoria 07494
7495,Categoria 07495
7496,Categoria 07496
7497,Categoria 07497
7498,Categoria 07498
7499,Categoria 07499
CAT7500,Categoria 07500
7501,Categoria 07501
7502,Categoria 07502
7503,Categoria 07503
7504,Categoria 07504
7505,Categoria 07505
7506,Categoria 07506
7507,Categoria 07507
7508,Categoria 07508
7509,Categoria 07509
7510,Categoria 07510
7511,Categoria 07511
7512,Categoria 07512
7513,Categoria 07513
7514,Categoria 07514
7515,Categoria 07515
7516,Categoria 07516
7517,Categoria 07517
7518,Categoria 07518
7519,Categoria 07519
7520,Categoria 07520
7521,Categoria 07521
7522,Categoria 07522
7523,Categoria 07523
7524,Categoria 07524
7525,Categoria 07525
7526,Categoria 07526
7527,Categoria 07527
7528,Categoria 07528
7529,Categoria 07529
7530,Categoria 07530
7531,Categoria 07531
7532,Categoria 07532
7533,Categoria 07533
7534,Categoria 07534
7535,Categoria 07535
7536,Categoria 07536
7537,Categoria 07537
7538,Categoria 07538
7539,Categoria 07539
7540,Categoria 07540
7541,Categoria 07541
7542,Categoria 07542
7543,Categoria 07543
7544,Categoria 07544
7545,Categoria 07545
7546,Categoria 07546
7547,Categoria 07547
7548,Categoria 07548
7549,Categoria 07549
7550,Categoria 07550
7551,Categoria 07551
7552,Categoria 07552
7553,Categoria 07553
7554,Categoria 07554
7555,Categoria 07555
7556,Categoria 07556
7557,Categoria 07557
7558,Categoria 07558
7559,Categoria 07559
7560,
7561,Categoria 07561
7562,Categoria 07562
7563,Categoria 07563
7564,Categoria 07564
7565,Categoria 07565
7566,Categoria 07566
7567,Categoria 07567
7568,Categoria 07568
7569,Categoria 07569
7570,Categoria 07570
7571,Categoria 07571
7572,Categoria 07572
7573,Categoria 07573
7574,Categoria 07574
7575,Categoria 07575
7576,Categoria 07576
7577,Categoria 07577
7578,Categoria 07578
7579,Categoria 07579
7580,Categoria 07580
7581,Categoria 07581
7582,Categoria 07582
7583,Categoria 07583
7584,Categoria 07584
7585,Categoria 07585
7586,Categoria 07586
7587,Categoria 07587
7588,Categoria 07588
7589,Categoria 07589
7590,Categoria 07590
7591,Categoria 07591
7592,Categoria 07592
7593,Categoria 07593
7594,Categoria 07594
7595,Categoria 07595
7596,Categoria 07596
7597,Categoria 07597
7598,Categoria 07598
7599,Categoria 07599
7600,Categoria 07600
7600,Categoria 07600
7601,Categoria 07601
7602,Categoria 07602
7603,Categoria 07603
7604,Categoria 07604
7605,Categoria 07605
7606,Categoria 07606
7607,Categoria 07607
7608,Categoria 07608
7609,Categoria 07609
7610,Categoria 07610
7611,Categoria 07611
7612,Categoria 07612
7613,Categoria 07613
7614,Categoria 07614
7615,Categoria 07615
7616,Categoria 07616
7617,Categoria 07617
7618,Categoria 07618
7619,Categoria 07619
7620,Categoria 07620
7621,Categoria 07621
7622,Categoria 07622
7623,Categoria 07623
7624,Categoria 07624
CAT7625,Categoria 07625
7626,Categoria 07626
7627,Categoria 07627
7628,Categoria 07628
7629,Categoria 07629
7630,
7631,Categoria 07631
7632,Categoria 07632
7633,Categoria 07633
7634,Categoria 07634
7635,Categoria 07635
7636,Categoria 07636
7637,Categoria 07637
7638,Categoria 07638
7639,Categoria 07639
7640,Categoria 07640
7641,Categoria 07641
7642,Categoria 07642
7643,Categoria 07643
7644,Categoria 07644
7645,Categoria 07645
7646,Categoria 07646
7647,Categoria 07647
7648,Categoria 07648
7649,Categoria 07649
7650,Categoria 07650
7651,Categoria 07651
7652,Categoria 07652
7653,Categoria 07653
7654,Categoria 07654
7655,Categoria 07655
7656,Categoria 07656
7657,Categoria 07657
7658,Categoria 07658
7659,Categoria 07659
7660,Categoria 07660
7661,Categoria 07661
7662,Categoria 07662
7663,Categoria 07663
7664,Categoria 07664
7665,Categoria 07665
7666,Categoria 07666
7667,Categoria 07667
7668,Categoria 07668
7669,Categoria 07669
7670,Categoria 07670
7671,Categoria 07671
7672,Categoria 07672
7673,Categoria 07673
7674,Categoria 07674
7675,Categoria 07675
7676,Categoria 07676
7677,Categoria 07677
7678,Categoria 07678
7679,Categoria 07679
7680,Categoria 07680
7681,Categoria 07681
7682,Categoria 07682
7683,Categoria 07683
7684,Categoria 07684
7685,Categoria 07685
7686,Categoria 07686
7687,Categoria 07687
7688,Categoria 07688
7689,Categoria 07689
7690,Categoria 07690
7691,Categoria 07691
7692,Categoria 07692
7693,Categoria 07693
7694,Categoria 07694
7695,Categoria 07695
7696,Categoria 07696
7697,Categoria 07697
7698,Categoria 07698
7699,Categoria 07699
7700,
7701,Categoria 07701
7702,Categoria 07702
7703,Categoria 07703
7704,Categoria 07704
7705,Categoria 07705
7706,Categoria 07706
7707,Categoria 07707
7708,Categoria 07708
7709,Categoria 07709
7710,Categoria 07710
7711,Categoria 07711
7712,Categoria 07712
7713,Categoria 07713
7714,Categoria 07714
7715,Categoria 07715
7716,Categoria 07716
7717,Categoria 07717
7718,Categoria 07718
7719,Categoria 07719
7720,Categoria 07720
7721,Categoria 07721
7722,Categoria 07722
7723,Categoria 07723
7724,Categoria 07724
7725,Categoria 07725
7726,Categoria 07726
7727,Categoria 07727
7728,Categoria 07728
7729,Categoria 07729
7730,Categoria 07730
7731,Categoria 07731
7732,Categoria 07732
7733,Categoria 07733
7734,Categoria 07734
7735,Categoria 07735
7736,Categoria 07736
7737,Categoria 07737
7738,Categoria 07738
7739,Categoria 07739
7740,Categoria 07740
7741,Categoria 07741
7742,Categoria 07742
7743,Categoria 07743
7744,Categoria 07744
7745,Categoria 07745
7746,Categoria 07746
7747,Categoria 07747
7748,Categoria 07748
7749,Categoria 07749
CAT7750,Categoria 07750
7751,Categoria 07751
7752,Categoria 07752
7753,Categoria 07753
7754,Categoria 07754
7755,Categoria 07755
7756,Categoria 07756
7757,Categoria 07757
7758,Categoria 07758
7759,Categoria 07759
7760,Categoria 07760
7761,Categoria 07761
7762,Categoria 07762
7763,Categoria 07763
7764,Categoria 07764
7765,Categoria 07765
7766,Categoria 07766
7767,Categoria 07767
7768,Categoria 07768
7769,Categoria 07769
7770,
7771,Categoria 07771
7772,Categoria 07772
7773,Categoria 07773
7774,Categoria 07774
7775,Categoria 07775
7776,Categoria 07776
7777,Categoria 07777
7778,Categoria 07778
7779,Categoria 07779
7780,Categoria 07780
7781,Categoria 07781
7782,Categoria 07782
7783,Categoria 07783
7784,Categoria 07784
7785,Categoria 07785
7786,Categoria 07786
7787,Categoria 07787
7788,Categoria 07788
7789,Categoria 07789
7790,Categoria 07790
7791,Categoria 07791
7792,Categoria 07792
7793,Categoria 07793
7794,Categoria 07794
7795,Categoria 07795
7796,Categoria 07796
7797,Categoria 07797
7798,Categoria 07798
7799,Categoria 07799
7800,Categoria 07800
7801,Categoria 07801
7802,Categoria 07802
7803,Categoria 07803
7804,Categoria 07804
7805,Categoria 07805
7806,Categoria 07806
7807,Categoria 07807
7808,Categoria 07808
7809,Categoria 07809
7810,Categoria 07810
7811,Categoria 07811
7812,Categoria 07812
7813,Categoria 07813
7814,Categoria 07814
7815,Categoria 07815
7816,Categoria 07816
7817,Categoria 07817
7818,Categoria 07818
7819,Categoria 07819
7820,Categoria 07820
7821,Categoria 07821
7822,Categoria 07822
7823,Categoria 07823
7824,Categoria 07824
7825,Categoria 07825
7826,Categoria 07826
7827,Categoria 07827
7828,Categoria 07828
7829,Categoria 07829
7830,Categoria 07830
7831,Categoria 07831
7832,Categoria 07832
7833,Categoria 07833
7834,Categoria 07834
7835,Categoria 07835
7836,Categoria 07836
7837,Categoria 07837
7838,Categoria 07838
7839,Categoria 07839
7840,
7841,Categoria 07841
7842,Categoria 07842
7843,Categoria 07843
7844,Categoria 07844
7845,Categoria 07845
7846,Categoria 07846
7847,Categoria 07847
7848,Categoria 07848
7849,Categoria 07849
7850,Categoria 07850
7851,Categoria 07851
7852,Categoria 07852
7853,Categoria 07853
7854,Categoria 07854
7855,Categoria 07855
7856,Categoria 07856
7857,Categoria 07857
7858,Categoria 07858
7859,Categoria 07859
7860,Categoria 07860
7861,Categoria 07861
7862,Categoria 07862
7863,Categoria 07863
7864,Categoria 07864
7865,Categoria 07865
7866,Categoria 07866
7867,Categoria 07867
7868,Categoria 07868
7869,Categoria 07869
7870,Categoria 07870
7871,Categoria 07871
7872,Categoria 07872
7873,Categoria 07873
7874,Categoria 07874
CAT7875,Categoria 07875
7876,Categoria 07876
7877,Categoria 07877
7878,Categoria 07878
7879,Categoria 07879
7880,Categoria 07880
7881,Categoria 07881
7882,Categoria 07882
7883,Categoria 07883
7884,Categoria 07884
7885,Categoria 07885
7886,Categoria 07886
7887,Categoria 07887
7888,Categoria 07888
7889,Categoria 07889
7890,Categoria 07890
7891,Categoria 07891
7892,Categoria 07892
7893,Categoria 07893
7894,Categoria 07894
7895,Categoria 07895
7896,Categoria 07896
7897,Categoria 07897
7898,Categoria 07898
7899,Categoria 07899
7900,Categoria 07900
7901,Categoria 07901
7902,Categoria 07902
7903,Categoria 07903
7904,Categoria 07904
7905,Categoria 07905
7906,Categoria 07906
7907,Categoria 07907
7908,Categoria 07908
7909,Categoria 07909
7910,
7911,Categoria 07911
7912,Categoria 07912
7913,Categoria 07913
7914,Categoria 07914
7915,Categoria 07915
7916,Categoria 07916
7917,Categoria 07917
7918,Categoria 07918
7919,Categoria 07919
7920,Categoria 07920
7921,Categoria 07921
7922,Categoria 07922
7923,Categoria 07923
7924,Categoria 07924
7925,Categoria 07925
7926,Categoria 07926
7927,Categoria 07927
7928,Categoria 07928
7929,Categoria 07929
7930,Categoria 07930
7931,Categoria 07931
7932,Categoria 07932
7933,Categoria 07933
7934,Categoria 07934
7935,Categoria 07935
7936,Categoria 07936
7937,Categoria 07937
7938,Categoria 07938
7939,Categoria 07939
7940,Categoria 07940
7941,Categoria 07941
7942,Categoria 07942
7943,Categoria 07943
7944,Categoria 07944
7945,Categoria 07945
7946,Categoria 07946
7947,Categoria 07947
7948,Categoria 07948
7949,Categoria 07949
7950,Categoria 07950
7951,Categoria 07951
7952,Categoria 07952
7953,Categoria 07953
7954,Categoria 07954
7955,Categoria 07955
7956,Categoria 07956
7957,Categoria 07957
7958,Categoria 07958
7959,Categoria 07959
7960,Categoria 07960
7961,Categoria 07961
7962,Categoria 07962
7963,Categoria 07963
7964,Categoria 07964
7965,Categoria 07965
7966,Categoria 07966
7967,Categoria 07967
7968,Categoria 07968
7969,Categoria 07969
7970,Categoria 07970
7971,Categoria 07971
7972,Categoria 07972
7973,Categoria 07973
7974,Categoria 07974
7975,Categoria 07975
7976,Categoria 07976
7977,Categoria 07977
7978,Categoria 07978
7979,Categoria 07979
7980,
7981,Categoria 07981
7982,Categoria 07982
7983,Categoria 07983
7984,Categoria 07984
7985,Categoria 07985
7986,Categoria 07986
7987,Categoria 07987
7988,Categoria 07988
7989,Categoria 07989
7990,Categoria 07990
7991,Categoria 07991
7992,Categoria 07992
7993,Categoria 07993
7994,Categoria 07994
7995,Categoria 07995
7996,Categoria 07996
7997,Categoria 07997
7998,Categoria 07998
7999,Categoria 07999
CAT8000,Categoria 08000
CAT8000,Categoria 08000
8001,Categoria 08001
8002,Categoria 08002
8003,Categoria 08003
8004,Categoria 08004
8005,Categoria 08005
8006,Categoria 08006
8007,Categoria 08007
8008,Categoria 08008
8009,Categoria 08009
8010,Categoria 08010
8011,Categoria 08011
8012,Categoria 08012
8013,Categoria 08013
8014,Categoria 08014
8015,Categoria 08015
8016,Categoria 08016
8017,Categoria 08017
8018,Categoria 08018
8019,Categoria 08019
8020,Categoria 08020
8021,Categoria 08021
8022,Categoria 08022
8023,Categoria 08023
8024,Categoria 08024
8025,Categoria 08025
8026,Categoria 08026
8027,Categoria 08027
8028,Categoria 08028
8029,Categoria 08029
8030,Categoria 08030
8031,Categoria 08031
8032,Categoria 08032
8033,Categoria 08033
8034,Categoria 08034
8035,Categoria 08035
8036,Categoria 08036
8037,Categoria 08037
8038,Categoria 08038
8039,Categoria 08039
8040,Categoria 08040
8041,Categoria 08041
8042,Categoria 08042
8043,Categoria 08043
8044,Categoria 08044
8045,Categoria 08045
8046,Categoria 08046
8047,Categoria 08047
8048,Categoria 08048
8049,Categoria 08049
8050,
8051,Categoria 08051
8052,Categoria 08052
8053,Categoria 08053
8054,Categoria 08054
8055,Categoria 08055
8056,Categoria 08056
8057,Categoria 08057
8058,Categoria 08058
8059,Categoria 08059
8060,Categoria 08060
8061,Categoria 08061
8062,Categoria 08062
8063,Categoria 08063
8064,Categoria 08064
8065,Categoria 08065
8066,Categoria 08066
8067,Categoria 08067
8068,Categoria 08068
8069,Categoria 08069
8070,Categoria 08070
8071,Categoria 08071
8072,Categoria 08072
8073,Categoria 08073
8074,Categoria 08074
8075,Categoria 08075
8076,Categoria 08076
8077,Categoria 08077
8078,Categoria 08078
8079,Categoria 08079
8080,Categoria 08080
8081,Categoria 08081
8082,Categoria 08082
8083,Categoria 08083
8084,Categoria 08084
8085,Categoria 08085
8086,Categoria 08086
8087,Categoria 08087
8088,Categoria 08088
8089,Categoria 08089
8090,Categoria 08090
8091,Categoria 08091
8092,Categoria 08092
8093,Categoria 08093
8094,Categoria 08094
8095,Categoria 08095
8096,Categoria 08096
8097,Categoria 08097
8098,Categoria 08098
8099,Categoria 08099
8100,Categoria 08100
8101,Categoria 08101
8102,Categoria 08102
8103,Categoria 08103
8104,Categoria 08104
8105,Categoria 08105
8106,Categoria 08106
8107,Categoria 08107
8108,Categoria 08108
8109,Categoria 08109
8110,Categoria 08110
8111,Categoria 08111
8112,Categoria 08112
8113,Categoria 08113
8114,Categoria 08114
8115,Categoria 08115
8116,Categoria 08116
8117,Categoria 08117
8118,Categoria 08118
8119,Categoria 08119
8120,
8121,Categoria 08121
8122,Categoria 08122
8123,Categoria 08123
8124,Categoria 08124
CAT8125,Categoria 08125
8126,Categoria 08126
8127,Categoria 08127
8128,Categoria 08128
8129,Categoria 08129
8130,Categoria 08130
8131,Categoria 08131
8132,Categoria 08132
8133,Categoria 08133
8134,Categoria 08134
8135,Categoria 08135
8136,Categoria 08136
8137,Categoria 08137
8138,Categoria 08138
8139,Categoria 08139
8140,Categoria 08140
8141,Categoria 08141
8142,Categoria 08142
8143,Categoria 08143
8144,Categoria 08144
8145,Categoria 08145
8146,Categoria 08146
8147,Categoria 08147
8148,Categoria 08148
8149,Categoria 08149
8150,Categoria 08150
8151,Categoria 08151
8152,Categoria 08152
8153,Categoria 08153
8154,Categoria 08154
8155,Categoria 08155
8156,Categoria 08156
8157,Categoria 08157
8158,Categoria 08158
8159,Categoria 08159
8160,Categoria 08160
8161,Categoria 08161
8162,Categoria 08162
8163,Categoria 08163
8164,Categoria 08164
8165,Categoria 08165
8166,Categoria 08166
8167,Categoria 08167
8168,Categoria 08168
8169,Categoria 08169
8170,Categoria 08170
8171,Categoria 08171
8172,Categoria 08172
8173,Categoria 08173
8174,Categoria 08174
8175,Categoria 08175
8176,Categoria 08176
8177,Categoria 08177
8178,Categoria 08178
8179,Categoria 08179
8180,Categoria 08180
8181,Categoria 08181
8182,Categoria 08182
8183,Categoria 08183
8184,Categoria 08184
8185,Categoria 08185
8186,Categoria 08186
8187,Categoria 08187
8188,Categoria 08188
8189,Categoria 08189
8190,
8191,Categoria 08191
8192,Categoria 08192
8193,Categoria 08193
8194,Categoria 08194
8195,Categoria 08195
8196,Categoria 08196
8197,Categoria 08197
8198,Categoria 08198
8199,Categoria 08199
8200,Categoria 08200
8201,Categoria 08201
8202,Categoria 08202
8203,Categoria 08203
8204,Categoria 08204
8205,Categoria 08205
8206,Categoria 08206
8207,Categoria 08207
8208,Categoria 08208
8209,Categoria 08209
8210,Categoria 08210
8211,Categoria 08211
8212,Categoria 08212
8213,Categoria 08213
8214,Categoria 08214
8215,Categoria 08215
8216,Categoria 08216
8217,Categoria 08217
8218,Categoria 08218
8219,Categoria 08219
8220,Categoria 08220
8221,Categoria 08221
8222,Categoria 08222
8223,Categoria 08223
8224,Categoria 08224
8225,Categoria 08225
8226,Categoria 08226
8227,Categoria 08227
8228,Categoria 08228
8229,Categoria 08229
8230,Categoria 08230
8231,Categoria 08231
8232,Categoria 08232
8233,Categoria 08233
8234,Categoria 08234
8235,Categoria 08235
8236,Categoria 08236
8237,Categoria 08237
8238,Categoria 08238
8239,Categoria 08239
8240,Categoria 08240
8241,Categoria 08241
8242,Categoria 08242
8243,Categoria 08243
8244,Categoria 08244
8245,Categoria 08245
8246,Categoria 08246
8247,Categoria 08247
8248,Categoria 08248
8249,Categoria 08249
CAT8250,Categoria 08250
8251,Categoria 08251
8252,Categoria 08252
8253,Categoria 08253
8254,Categoria 08254
8255,Categoria 08255
8256,Categoria 08256
8257,Categoria 08257
8258,Categoria 08258
8259,Categoria 08259
8260,
8261,Categoria 08261
8262,Categoria 08262
8263,Categoria 08263
8264,Categoria 08264
8265,Categoria 08265
8266,Categoria 08266
8267,Categoria 08267
8268,Categoria 08268
8269,Categoria 08269
8270,Categoria 08270
8271,Categoria 08271
8272,Categoria 08272
8273,Categoria 08273
8274,Categoria 08274
8275,Categoria 08275
8276,Categoria 08276
8277,Categoria 08277
8278,Categoria 08278
8279,Categoria 08279
8280,Categoria 08280
8281,Categoria 08281
8282,Categoria 08282
8283,Categoria 08283
8284,Categoria 08284
8285,Categoria 08285
8286,Categoria 08286
8287,Categoria 08287
8288,Categoria 08288
8289,Categoria 08289
8290,Categoria 08290
8291,Categoria 08291
8292,Categoria 08292
8293,Categoria 08293
8294,Categoria 08294
8295,Categoria 08295
8296,Categoria 08296
8297,Categoria 08297
8298,Categoria 08298
8299,Categoria 08299
8300,Categoria 08300
8301,Categoria 08301
8302,Categoria 08302
8303,Categoria 08303
8304,Categoria 08304
8305,Categoria 08305
8306,Categoria 08306
8307,Categoria 08307
8308,Categoria 08308
8309,Categoria 08309
8310,Categoria 08310
8311,Categoria 08311
8312,Categoria 08312
8313,Categoria 08313
8314,Categoria 08314
8315,Categoria 08315
8316,Categoria 08316
8317,Categoria 08317
8318,Categoria 08318
8319,Categoria 08319
8320,Categoria 08320
8321,Categoria 08321
8322,Categoria 08322
8323,Categoria 08323
8324,Categoria 08324
8325,Categoria 08325
8326,Categoria 08326
8327,Categoria 08327
8328,Categoria 08328
8329,Categoria 08329
8330,
8331,Categoria 08331
8332,Categoria 08332
8333,Categoria 08333
8334,Categoria 08334
8335,Categoria 08335
8336,Categoria 08336
8337,Categoria 08337
8338,Categoria 08338
8339,Categoria 08339
8340,Categoria 08340
8341,Categoria 08341
8342,Categoria 08342
8343,Categoria 08343
8344,Categoria 08344
8345,Categoria 08345
8346,Categoria 08346
8347,Categoria 08347
8348,Categoria 08348
8349,Categoria 08349
8350,Categoria 08350
8351,Categoria 08351
8352,Categoria 08352
8353,Categoria 08353
8354,Categoria 08354
8355,Categoria 08355
8356,Categoria 08356
8357,Categoria 08357
8358,Categoria 08358
8359,Categoria 08359
8360,Categoria 08360
8361,Categoria 08361
8362,Categoria 08362
8363,Categoria 08363
8364,Categoria 08364
8365,Categoria 08365
8366,Categoria 08366
8367,Categoria 08367
8368,Categoria 08368
8369,Categoria 08369
8370,Categoria 08370
8371,Categoria 08371
8372,Categoria 08372
8373,Categoria 08373
8374,Categoria 08374
CAT8375,Categoria 08375
8376,Categoria 08376
8377,Categoria 08377
8378,Categoria 08378
8379,Categoria 08379
8380,Categoria 08380
8381,Categoria 08381
8382,Categoria 08382
8383,Categoria 08383
8384,Categoria 08384
8385,Categoria 08385
8386,Categoria 08386
8387,Categoria 08387
8388,Categoria 08388
8389,Categoria 08389
8390,Categoria 08390
8391,Categoria 08391
8392,Categoria 08392
8393,Categoria 08393
8394,Categoria 08394
8395,Categoria 08395
8396,Categoria 08396
8397,Categoria 08397
8398,Categoria 08398
8399,Categoria 08399
8400,
8400,
8401,Categoria 08401
8402,Categoria 08402
8403,Categoria 08403
8404,Categoria 08404
8405,Categoria 08405
8406,Categoria 08406
8407,Categoria 08407
8408,Categoria 08408
8409,Categoria 08409
8410,Categoria 08410
8411,Categoria 08411
8412,Categoria 08412
8413,Categoria 08413
8414,Categoria 08414
8415,Categoria 08415
8416,Categoria 08416
8417,Categoria 08417
8418,Categoria 08418
8419,Categoria 08419
8420,Categoria 08420
8421,Categoria 08421
8422,Categoria 08422
8423,Categoria 08423
8424,Categoria 08424
8425,Categoria 08425
8426,Categoria 08426
8427,Categoria 08427
8428,Categoria 08428
8429,Categoria 08429
8430,Categoria 08430
8431,Categoria 08431
8432,Categoria 08432
8433,Categoria 08433
8434,Categoria 08434
8435,Categoria 08435
8436,Categoria 08436
8437,Categoria 08437
8438,Categoria 08438
8439,Categoria 08439
8440,Categoria 08440
8441,Categoria 08441
8442,Categoria 08442
8443,Categoria 08443
8444,Categoria 08444
8445,Categoria 08445
8446,Categoria 08446
8447,Categoria 08447
8448,Categoria 08448
8449,Categoria 08449
8450,Categoria 08450
8451,Categoria 08451
8452,Categoria 08452
8453,Categoria 08453
8454,Categoria 08454
8455,Categoria 08455
8456,Categoria 08456
8457,Categoria 08457
8458,Categoria 08458
8459,Categoria 08459
8460,Categoria 08460
8461,Categoria 08461
8462,Categoria 08462
8463,Categoria 08463
8464,Categoria 08464
8465,Categoria 08465
8466,Categoria 08466
8467,Categoria 08467
8468,Categoria 08468
8469,Categoria 08469
8470,
8471,Categoria 08471
8472,Categoria 08472
8473,Categoria 08473
8474,Categoria 08474
8475,Categoria 08475
8476,Categoria 08476
8477,Categoria 08477
8478,Categoria 08478
8479,Categoria 08479
8480,Categoria 08480
8481,Categoria 08481
8482,Categoria 08482
8483,Categoria 08483
8484,Categoria 08484
8485,Categoria 08485
8486,Categoria 08486
8487,Categoria 08487
8488,Categoria 08488
8489,Categoria 08489
8490,Categoria 08490
8491,Categoria 08491
8492,Categoria 08492
8493,Categoria 08493
8494,Categoria 08494
8495,Categoria 08495
8496,Categoria 08496
8497,Categoria 08497
8498,Categoria 08498
8499,Categoria 08499
CAT8500,Categoria 08500
8501,Categoria 08501
8502,Categoria 08502
8503,Categoria 08503
8504,Categoria 08504
8505,Categoria 08505
8506,Categoria 08506
8507,Categoria 08507
8508,Categoria 08508
8509,Categoria 08509
8510,Categoria 08510
8511,Categoria 08511
8512,Categoria 08512
8513,Categoria 08513
8514,Categoria 08514
8515,Categoria 08515
8516,Categoria 08516
8517,Categoria 08517
8518,Categoria 08518
8519,Categoria 08519
8520,Categoria 08520
8521,Categoria 08521
8522,Categoria 08522
8523,Categoria 08523
8524,Categoria 08524
8525,Categoria 08525
8526,Categoria 08526
8527,Categoria 08527
8528,Categoria 08528
8529,Categoria 08529
8530,Categoria 08530
8531,Categoria 08531
8532,Categoria 08532
8533,Categoria 08533
8534,Categoria 08534
8535,Categoria 08535
8536,Categoria 08536
8537,Categoria 08537
8538,Categoria 08538
8539,Categoria 08539
8540,
8541,Categoria 08541
8542,Categoria 08542
8543,Categoria 08543
8544,Categoria 08544
8545,Categoria 08545
8546,Categoria 08546
8547,Categoria 08547
8548,Categoria 08548
8549,Categoria 08549
8550,Categoria 08550
8551,Categoria 08551
8552,Categoria 08552
8553,Categoria 08553
8554,Categoria 08554
8555,Categoria 08555
8556,Categoria 08556
8557,Categoria 08557
8558,Categoria 08558
8559,Categoria 08559
8560,Categoria 08560
8561,Categoria 08561
8562,Categoria 08562
8563,Categoria 08563
8564,Categoria 08564
8565,Categoria 08565
8566,Categoria 08566
8567,Categoria 08567
8568,Categoria 08568
8569,Categoria 08569
8570,Categoria 08570
8571,Categoria 08571
8572,Categoria 08572
8573,Categoria 08573
8574,Categoria 08574
8575,Categoria 08575
8576,Categoria 08576
8577,Categoria 08577
8578,Categoria 08578
8579,Categoria 08579
8580,Categoria 08580
8581,Categoria 08581
8582,Categoria 08582
8583,Categoria 08583
8584,Categoria 08584
8585,Categoria 08585
8586,Categoria 08586
8587,Categoria 08587
8588,Categoria 08588
8589,Categoria 08589
8590,Categoria 08590
8591,Categoria 08591
8592,Categoria 08592
8593,Categoria 08593
8594,Categoria 08594
8595,Categoria 08595
8596,Categoria 08596
8597,Categoria 08597
8598,Categoria 08598
8599,Categoria 08599
8600,Categoria 08600
8601,Categoria 08601
8602,Categoria 08602
8603,Categoria 08603
8604,Categoria 08604
8605,Categoria 08605
8606,Categoria 08606
8607,Categoria 08607
8608,Categoria 08608
8609,Categoria 08609
8610,
8611,Categoria 08611
8612,Categoria 08612
8613,Categoria 08613
8614,Categoria 08614
8615,Categoria 08615
8616,Categoria 08616
8617,Categoria 08617
8618,Categoria 08618
8619,Categoria 08619
8620,Categoria 08620
8621,Categoria 08621
8622,Categoria 08622
8623,Categoria 08623
8624,Categoria 08624
CAT8625,Categoria 08625
8626,Categoria 08626
8627,Categoria 08627
8628,Categoria 08628
8629,Categoria 08629
8630,Categoria 08630
8631,Categoria 08631
8632,Categoria 08632
8633,Categoria 08633
8634,Categoria 08634
8635,Categoria 08635
8636,Categoria 08636
8637,Categoria 08637
8638,Categoria 08638
8639,Categoria 08639
8640,Categoria 08640
8641,Categoria 08641
8642,Categoria 08642
8643,Categoria 08643
8644,Categoria 08644
8645,Categoria 08645
8646,Categoria 08646
8647,Categoria 08647
8648,Categoria 08648
8649,Categoria 08649
8650,Categoria 08650
8651,Categoria 08651
8652,Categoria 08652
8653,Categoria 08653
8654,Categoria 08654
8655,Categoria 08655
8656,Categoria 08656
8657,Categoria 08657
8658,Categoria 08658
8659,Categoria 08659
8660,Categoria 08660
8661,Categoria 08661
8662,Categoria 08662
8663,Categoria 08663
8664,Categoria 08664
8665,Categoria 08665
8666,Categoria 08666
8667,Categoria 08667
8668,Categoria 08668
8669,Categoria 08669
8670,Categoria 08670
8671,Categoria 08671
8672,Categoria 08672
8673,Categoria 08673
8674,Categoria 08674
8675,Categoria 08675
8676,Categoria 08676
8677,Categoria 08677
8678,Categoria 08678
8679,Categoria 08679
8680,
8681,Categoria 08681
8682,Categoria 08682
8683,Categoria 08683
8684,Categoria 08684
8685,Categoria 08685
8686,Categoria 08686
8687,Categoria 08687
8688,Categoria 08688
8689,Categoria 08689
8690,Categoria 08690
8691,Categoria 08691
8692,Categoria 08692
8693,Categoria 08693
8694,Categoria 08694
8695,Categoria 08695
8696,Categoria 08696
8697,Categoria 08697
8698,Categoria 08698
8699,Categoria 08699
8700,Categoria 08700
8701,Categoria 08701
8702,Categoria 08702
8703,Categoria 08703
8704,Categoria 08704
8705,Categoria 08705
8706,Categoria 08706
8707,Categoria 08707
8708,Categoria 08708
8709,Categoria 08709
8710,Categoria 08710
8711,Categoria 08711
8712,Categoria 08712
8713,Categoria 08713
8714,Categoria 08714
8715,Categoria 08715
8716,Categoria 08716
8717,Categoria 08717
8718,Categoria 08718
8719,Categoria 08719
8720,Categoria 08720
8721,Categoria 08721
8722,Categoria 08722
8723,Categoria 08723
8724,Categoria 08724
8725,Categoria 08725
8726,Categoria 08726
8727,Categoria 08727
8728,Categoria 08728
8729,Categoria 08729
8730,Categoria 08730
8731,Categoria 08731
8732,Categoria 08732
8733,Categoria 08733
8734,Categoria 08734
8735,Categoria 08735
8736,Categoria 08736
8737,Categoria 08737
8738,Categoria 08738
8739,Categoria 08739
8740,Categoria 08740
8741,Categoria 08741
8742,Categoria 08742
8743,Categoria 08743
8744,Categoria 08744
8745,Categoria 08745
8746,Categoria 08746
8747,Categoria 08747
8748,Categoria 08748
8749,Categoria 08749
CAT8750,
8751,Categoria 08751
8752,Categoria 08752
8753,Categoria 08753
8754,Categoria 08754
8755,Categoria 08755
8756,Categoria 08756
8757,Categoria 08757
8758,Categoria 08758
8759,Categoria 08759
8760,Categoria 08760
8761,Categoria 08761
8762,Categoria 08762
8763,Categoria 08763
8764,Categoria 08764
8765,Categoria 08765
8766,Categoria 08766
8767,Categoria 08767
8768,Categoria 08768
8769,Categoria 08769
8770,Categoria 08770
8771,Categoria 08771
8772,Categoria 08772
8773,Categoria 08773
8774,Categoria 08774
8775,Categoria 08775
8776,Categoria 08776
8777,Categoria 08777
8778,Categoria 08778
8779,Categoria 08779
8780,Categoria 08780
8781,Categoria 08781
8782,Categoria 08782
8783,Categoria 08783
8784,Categoria 08784
8785,Categoria 08785
8786,Categoria 08786
8787,Categoria 08787
8788,Categoria 08788
8789,Categoria 08789
8790,Categoria 08790
8791,Categoria 08791
8792,Categoria 08792
8793,Categoria 08793
8794,Categoria 08794
8795,Categoria 08795
8796,Categoria 08796
8797,Categoria 08797
8798,Categoria 08798
8799,Categoria 08799
8800,Categoria 08800
8800,Categoria 08800
8801,Categoria 08801
8802,Categoria 08802
8803,Categoria 08803
8804,Categoria 08804
8805,Categoria 08805
8806,Categoria 08806
8807,Categoria 08807
8808,Categoria 08808
8809,Categoria 08809
8810,Categoria 08810
8811,Categoria 08811
8812,Categoria 08812
8813,Categoria 08813
8814,Categoria 08814
8815,Categoria 08815
8816,Categoria 08816
8817,Categoria 08817
8818,Categoria 08818
8819,Categoria 08819
8820,
8821,Categoria 08821
8822,Categoria 08822
8823,Categoria 08823
8824,Categoria 08824
8825,Categoria 08825
8826,Categoria 08826
8827,Categoria 08827
8828,Categoria 08828
8829,Categoria 08829
8830,Categoria 08830
8831,Categoria 08831
8832,Categoria 08832
8833,Categoria 08833
8834,Categoria 08834
8835,Categoria 08835
8836,Categoria 08836
8837,Categoria 08837
8838,Categoria 08838
8839,Categoria 08839
8840,Categoria 08840
8841,Categoria 08841
8842,Categoria 08842
8843,Categoria 08843
8844,Categoria 08844
8845,Categoria 08845
8846,Categoria 08846
8847,Categoria 08847
8848,Categoria 08848
8849,Categoria 08849
8850,Categoria 08850
8851,Categoria 08851
8852,Categoria 08852
8853,Categoria 08853
8854,Categoria 08854
8855,Categoria 08855
8856,Categoria 08856
8857,Categoria 08857
8858,Categoria 08858
8859,Categoria 08859
8860,Categoria 08860
8861,Categoria 08861
8862,Categoria 08862
8863,Categoria 08863
8864,Categoria 08864
8865,Categoria 08865
8866,Categoria 08866
8867,Categoria 08867
8868,Categoria 08868
8869,Categoria 08869
8870,Categoria 08870
8871,Categoria 08871
8872,Categoria 08872
8873,Categoria 08873
8874,Categoria 08874
CAT8875,Categoria 08875
8876,Categoria 08876
8877,Categoria 08877
8878,Categoria 08878
8879,Categoria 08879
8880,Categoria 08880
8881,Categoria 08881
8882,Categoria 08882
8883,Categoria 08883
8884,Categoria 08884
8885,Categoria 08885
8886,Categoria 08886
8887,Categoria 08887
8888,Categoria 08888
8889,Categoria 08889
8890,
8891,Categoria 08891
8892,Categoria 08892
8893,Categoria 08893
8894,Categoria 08894
8895,Categoria 08895
8896,Categoria 08896
8897,Categoria 08897
8898,Categoria 08898
8899,Categoria 08899
8900,Categoria 08900
8901,Categoria 08901
8902,Categoria 08902
8903,Categoria 08903
8904,Categoria 08904
8905,Categoria 08905
8906,Categoria 08906
8907,Categoria 08907
8908,Categoria 08908
8909,Categoria 08909
8910,Categoria 08910
8911,Categoria 08911
8912,Categoria 08912
8913,Categoria 08913
8914,Categoria 08914
8915,Categoria 08915
8916,Categoria 08916
8917,Categoria 08917
8918,Categoria 08918
8919,Categoria 08919
8920,Categoria 08920
8921,Categoria 08921
8922,Categoria 08922
8923,Categoria 08923
8924,Categoria 08924
8925,Categoria 08925
8926,Categoria 08926
8927,Categoria 08927
8928,Categoria 08928
8929,Categoria 08929
8930,Categoria 08930
8931,Categoria 08931
8932,Categoria 08932
8933,Categoria 08933
8934,Categoria 08934
8935,Categoria 08935
8936,Categoria 08936
8937,Categoria 08937
8938,Categoria 08938
8939,Categoria 08939
8940,Categoria 08940
8941,Categoria 08941
8942,Categoria 08942
8943,Categoria 08943
8944,Categoria 08944
8945,Categoria 08945
8946,Categoria 08946
8947,Categoria 08947
8948,Categoria 08948
8949,Categoria 08949
8950,Categoria 08950
8951,Categoria 08951
8952,Categoria 08952
8953,Categoria 08953
8954,Categoria 08954
8955,Categoria 08955
8956,Categoria 08956
8957,Categoria 08957
8958,Categoria 08958
8959,Categoria 08959
8960,
8961,Categoria 08961
8962,Categoria 08962
8963,Categoria 08963
8964,Categoria 08964
8965,Categoria 08965
8966,Categoria 08966
8967,Categoria 08967
8968,Categoria 08968
8969,Categoria 08969
8970,Categoria 08970
8971,Categoria 08971
8972,Categoria 08972
8973,Categoria 08973
8974,Categoria 08974
8975,Categoria 08975
8976,Categoria 08976
8977,Categoria 08977
8978,Categoria 08978
8979,Categoria 08979
8980,Categoria 08980
8981,Categoria 08981
8982,Categoria 08982
8983,Categoria 08983
8984,Categoria 08984
8985,Categoria 08985
8986,Categoria 08986
8987,Categoria 08987
8988,Categoria 08988
8989,Categoria 08989
8990,Categoria 08990
8991,Categoria 08991
8992,Categoria 08992
8993,Categoria 08993
8994,Categoria 08994
8995,Categoria 08995
8996,Categoria 08996
8997,Categoria 08997
8998,Categoria 08998
8999,Categoria 08999
CAT9000,Categoria 09000
9001,Categoria 09001
9002,Categoria 09002
9003,Categoria 09003
9004,Categoria 09004
9005,Categoria 09005
9006,Categoria 09006
9007,Categoria 09007
9008,Categoria 09008
9009,Categoria 09009
9010,Categoria 09010
9011,Categoria 09011
9012,Categoria 09012
9013,Categoria 09013
9014,Categoria 09014
9015,Categoria 09015
9016,Categoria 09016
9017,Categoria 09017
9018,Categoria 09018
9019,Categoria 09019
9020,Categoria 09020
9021,Categoria 09021
9022,Categoria 09022
9023,Categoria 09023
9024,Categoria 09024
9025,Categoria 09025
9026,Categoria 09026
9027,Categoria 09027
9028,Categoria 09028
9029,Categoria 09029
9030,
9031,Categoria 09031
9032,Categoria 09032
9033,Categoria 09033
9034,Categoria 09034
9035,Categoria 09035
9036,Categoria 09036
9037,Categoria 09037
9038,Categoria 09038
9039,Categoria 09039
9040,Categoria 09040
9041,Categoria 09041
9042,Categoria 09042
9043,Categoria 09043
9044,Categoria 09044
9045,Categoria 09045
9046,Categoria 09046
9047,Categoria 09047
9048,Categoria 09048
9049,Categoria 09049
9050,Categoria 09050
9051,Categoria 09051
9052,Categoria 09052
9053,Categoria 09053
9054,Categoria 09054
9055,Categoria 09055
9056,Categoria 09056
9057,Categoria 09057
9058,Categoria 09058
9059,Categoria 09059
9060,Categoria 09060
9061,Categoria 09061
9062,Categoria 09062
9063,Categoria 09063
9064,Categoria 09064
9065,Categoria 09065
9066,Categoria 09066
9067,Categoria 09067
9068,Categoria 09068
9069,Categoria 09069
9070,Categoria 09070
9071,Categoria 09071
9072,Categoria 09072
9073,Categoria 09073
9074,Categoria 09074
9075,Categoria 09075
9076,Categoria 09076
9077,Categoria 09077
9078,Categoria 09078
9079,Categoria 09079
9080,Categoria 09080
9081,Categoria 09081
9082,Categoria 09082
9083,Categoria 09083
9084,Categoria 09084
9085,Categoria 09085
9086,Categoria 09086
9087,Categoria 09087
9088,Categoria 09088
9089,Categoria 09089
9090,Categoria 09090
9091,Categoria 09091
9092,Categoria 09092
9093,Categoria 09093
9094,Categoria 09094
9095,Categoria 09095
9096,Categoria 09096
9097,Categoria 09097
9098,Categoria 09098
9099,Categoria 09099
9100,
9101,Categoria 09101
9102,Categoria 09102
9103,Categoria 09103
9104,Categoria 09104
9105,Categoria 09105
9106,Categoria 09106
9107,Categoria 09107
9108,Categoria 09108
9109,Categoria 09109
9110,Categoria 09110
9111,Categoria 09111
9112,Categoria 09112
9113,Categoria 09113
9114,Categoria 09114
9115,Categoria 09115
9116,Categoria 09116
9117,Categoria 09117
9118,Categoria 09118
9119,Categoria 09119
9120,Categoria 09120
9121,Categoria 09121
9122,Categoria 09122
9123,Categoria 09123
9124,Categoria 09124
CAT9125,Categoria 09125
9126,Categoria 09126
9127,Categoria 09127
9128,Categoria 09128
9129,Categoria 09129
9130,Categoria 09130
9131,Categoria 09131
9132,Categoria 09132
9133,Categoria 09133
9134,Categoria 09134
9135,Categoria 09135
9136,Categoria 09136
9137,Categoria 09137
9138,Categoria 09138
9139,Categoria 09139
9140,Categoria 09140
9141,Categoria 09141
9142,Categoria 09142
9143,Categoria 09143
9144,Categoria 09144
9145,Categoria 09145
9146,Categoria 09146
9147,Categoria 09147
9148,Categoria 09148
9149,Categoria 09149
9150,Categoria 09150
9151,Categoria 09151
9152,Categoria 09152
9153,Categoria 09153
9154,Categoria 09154
9155,Categoria 09155
9156,Categoria 09156
9157,Categoria 09157
9158,Categoria 09158
9159,Categoria 09159
9160,Categoria 09160
9161,Categoria 09161
9162,Categoria 09162
9163,Categoria 09163
9164,Categoria 09164
9165,Categoria 09165
9166,Categoria 09166
9167,Categoria 09167
9168,Categoria 09168
9169,Categoria 09169
9170,
9171,Categoria 09171
9172,Categoria 09172
9173,Categoria 09173
9174,Categoria 09174
9175,Categoria 09175
9176,Categoria 09176
9177,Categoria 09177
9178,Categoria 09178
9179,Categoria 09179
9180,Categoria 09180
9181,Categoria 09181
9182,Categoria 09182
9183,Categoria 09183
9184,Categoria 09184
9185,Categoria 09185
9186,Categoria 09186
9187,Categoria 09187
9188,Categoria 09188
9189,Categoria 09189
9190,Categoria 09190
9191,Categoria 09191
9192,Categoria 09192
9193,Categoria 09193
9194,Categoria 09194
9195,Categoria 09195
9196,Categoria 09196
9197,Categoria 09197
9198,Categoria 09198
9199,Categoria 09199
9200,Categoria 09200
9200,Categoria 09200
9201,Categoria 09201
9202,Categoria 09202
9203,Categoria 09203
9204,Categoria 09204
9205,Categoria 09205
9206,Categoria 09206
9207,Categoria 09207
9208,Categoria 09208
9209,Categoria 09209
9210,Categoria 09210
9211,Categoria 09211
9212,Categoria 09212
9213,Categoria 09213
9214,Categoria 09214
9215,Categoria 09215
9216,Categoria 09216
9217,Categoria 09217
9218,Categoria 09218
9219,Categoria 09219
9220,Categoria 09220
9221,Categoria 09221
9222,Categoria 09222
9223,Categoria 09223
9224,Categoria 09224
9225,Categoria 09225
9226,Categoria 09226
9227,Categoria 09227
9228,Categoria 09228
9229,Categoria 09229
9230,Categoria 09230
9231,Categoria 09231
9232,Categoria 09232
9233,Categoria 09233
9234,Categoria 09234
9235,Categoria 09235
9236,Categoria 09236
9237,Categoria 09237
9238,Categoria 09238
9239,Categoria 09239
9240,
9241,Categoria 09241
9242,Categoria 09242
9243,Categoria 09243
9244,Categoria 09244
9245,Categoria 09245
9246,Categoria 09246
9247,Categoria 09247
9248,Categoria 09248
9249,Categoria 09249
CAT9250,Categoria 09250
9251,Categoria 09251
9252,Categoria 09252
9253,Categoria 09253
9254,Categoria 09254
9255,Categoria 09255
9256,Categoria 09256
9257,Categoria 09257
9258,Categoria 09258
9259,Categoria 09259
9260,Categoria 09260
9261,Categoria 09261
9262,Categoria 09262
9263,Categoria 09263
9264,Categoria 09264
9265,Categoria 09265
9266,Categoria 09266
9267,Categoria 09267
9268,Categoria 09268
9269,Categoria 09269
9270,Categoria 09270
9271,Categoria 09271
9272,Categoria 09272
9273,Categoria 09273
9274,Categoria 09274
9275,Categoria 09275
9276,Categoria 09276
9277,Categoria 09277
9278,Categoria 09278
9279,Categoria 09279
9280,Categoria 09280
9281,Categoria 09281
9282,Categoria 09282
9283,Categoria 09283
9284,Categoria 09284
9285,Categoria 09285
9286,Categoria 09286
9287,Categoria 09287
9288,Categoria 09288
9289,Categoria 09289
9290,Categoria 09290
9291,Categoria 09291
9292,Categoria 09292
9293,Categoria 09293
9294,Categoria 09294
9295,Categoria 09295
9296,Categoria 09296
9297,Categoria 09297
9298,Categoria 09298
9299,Categoria 09299
9300,Categoria 09300
9301,Categoria 09301
9302,Categoria 09302
9303,Categoria 09303
9304,Categoria 09304
9305,Categoria 09305
9306,Categoria 09306
9307,Categoria 09307
9308,Categoria 09308
9309,Categoria 09309
9310,
9311,Categoria 09311
9312,Categoria 09312
9313,Categoria 09313
9314,Categoria 09314
9315,Categoria 09315
9316,Categoria 09316
9317,Categoria 09317
9318,Categoria 09318
9319,Categoria 09319
9320,Categoria 09320
9321,Categoria 09321
9322,Categoria 09322
9323,Categoria 09323
9324,Categoria 09324
9325,Categoria 09325
9326,Categoria 09326
9327,Categoria 09327
9328,Categoria 09328
9329,Categoria 09329
9330,Categoria 09330
9331,Categoria 09331
9332,Categoria 09332
9333,Categoria 09333
9334,Categoria 09334
9335,Categoria 09335
9336,Categoria 09336
9337,Categoria 09337
9338,Categoria 09338
9339,Categoria 09339
9340,Categoria 09340
9341,Categoria 09341
9342,Categoria 09342
9343,Categoria 09343
9344,Categoria 09344
9345,Categoria 09345
9346,Categoria 09346
9347,Categoria 09347
9348,Categoria 09348
9349,Categoria 09349
9350,Categoria 09350
9351,Categoria 09351
9352,Categoria 09352
9353,Categoria 09353
9354,Categoria 09354
9355,Categoria 09355
9356,Categoria 09356
9357,Categoria 09357
9358,Categoria 09358
9359,Categoria 09359
9360,Categoria 09360
9361,Categoria 09361
9362,Categoria 09362
9363,Categoria 09363
9364,Categoria 09364
9365,Categoria 09365
9366,Categoria 09366
9367,Categoria 09367
9368,Categoria 09368
9369,Categoria 09369
9370,Categoria 09370
9371,Categoria 09371
9372,Categoria 09372
9373,Categoria 09373
9374,Categoria 09374
CAT9375,Categoria 09375
9376,Categoria 09376
9377,Categoria 09377
9378,Categoria 09378
9379,Categoria 09379
9380,
9381,Categoria 09381
9382,Categoria 09382
9383,Categoria 09383
9384,Categoria 09384
9385,Categoria 09385
9386,Categoria 09386
9387,Categoria 09387
9388,Categoria 09388
9389,Categoria 09389
9390,Categoria 09390
9391,Categoria 09391
9392,Categoria 09392
9393,Categoria 09393
9394,Categoria 09394
9395,Categoria 09395
9396,Categoria 09396
9397,Categoria 09397
9398,Categoria 09398
9399,Categoria 09399
9400,Categoria 09400
9401,Categoria 09401
9402,Categoria 09402
9403,Categoria 09403
9404,Categoria 09404
9405,Categoria 09405
9406,Categoria 09406
9407,Categoria 09407
9408,Categoria 09408
9409,Categoria 09409
9410,Categoria 09410
9411,Categoria 09411
9412,Categoria 09412
9413,Categoria 09413
9414,Categoria 09414
9415,Categoria 09415
9416,Categoria 09416
9417,Categoria 09417
9418,Categoria 09418
9419,Categoria 09419
9420,Categoria 09420
9421,Categoria 09421
9422,Categoria 09422
9423,Categoria 09423
9424,Categoria 09424
9425,Categoria 09425
9426,Categoria 09426
9427,Categoria 09427
9428,Categoria 09428
9429,Categoria 09429
9430,Categoria 09430
9431,Categoria 09431
9432,Categoria 09432
9433,Categoria 09433
9434,Categoria 09434
9435,Categoria 09435
9436,Categoria 09436
9437,Categoria 09437
9438,Categoria 09438
9439,Categoria 09439
9440,Categoria 09440
9441,Categoria 09441
9442,Categoria 09442
9443,Categoria 09443
9444,Categoria 09444
9445,Categoria 09445
9446,Categoria 09446
9447,Categoria 09447
9448,Categoria 09448
9449,Categoria 09449
9450,
9451,Categoria 09451
9452,Categoria 09452
9453,Categoria 09453
9454,Categoria 09454
9455,Categoria 09455
9456,Categoria 09456
9457,Categoria 09457
9458,Categoria 09458
9459,Categoria 09459
9460,Categoria 09460
9461,Categoria 09461
9462,Categoria 09462
9463,Categoria 09463
9464,Categoria 09464
9465,Categoria 09465
9466,Categoria 09466
9467,Categoria 09467
9468,Categoria 09468
9469,Categoria 09469
9470,Categoria 09470
9471,Categoria 09471
9472,Categoria 09472
9473,Categoria 09473
9474,Categoria 09474
9475,Categoria 09475
9476,Categoria 09476
9477,Categoria 09477
9478,Categoria 09478
9479,Categoria 09479
9480,Categoria 09480
9481,Categoria 09481
9482,Categoria 09482
9483,Categoria 09483
9484,Categoria 09484
9485,Categoria 09485
9486,Categoria 09486
9487,Categoria 09487
9488,Categoria 09488
9489,Categoria 09489
9490,Categoria 09490
9491,Categoria 09491
9492,Categoria 09492
9493,Categoria 09493
9494,Categoria 09494
9495,Categoria 09495
9496,Categoria 09496
9497,Categoria 09497
9498,Categoria 09498
9499,Categoria 09499
CAT9500,Categoria 09500
9501,Categoria 09501
9502,Categoria 09502
9503,Categoria 09503
9504,Categoria 09504
9505,Categoria 09505
9506,Categoria 09506
9507,Categoria 09507
9508,Categoria 09508
9509,Categoria 09509
9510,Categoria 09510
9511,Categoria 09511
9512,Categoria 09512
9513,Categoria 09513
9514,Categoria 09514
9515,Categoria 09515
9516,Categoria 09516
9517,Categoria 09517
9518,Categoria 09518
9519,Categoria 09519
9520,
9521,Categoria 09521
9522,Categoria 09522
9523,Categoria 09523
9524,Categoria 09524
9525,Categoria 09525
9526,Categoria 09526
9527,Categoria 09527
9528,Categoria 09528
9529,Categoria 09529
9530,Categoria 09530
9531,Categoria 09531
9532,Categoria 09532
9533,Categoria 09533
9534,Categoria 09534
9535,Categoria 09535
9536,Categoria 09536
9537,Categoria 09537
9538,Categoria 09538
9539,Categoria 09539
9540,Categoria 09540
9541,Categoria 09541
9542,Categoria 09542
9543,Categoria 09543
9544,Categoria 09544
9545,Categoria 09545
9546,Categoria 09546
9547,Categoria 09547
9548,Categoria 09548
9549,Categoria 09549
9550,Categoria 09550
9551,Categoria 09551
9552,Categoria 09552
9553,Categoria 09553
9554,Categoria 09554
9555,Categoria 09555
9556,Categoria 09556
9557,Categoria 09557
9558,Categoria 09558
9559,Categoria 09559
9560,Categoria 09560
9561,Categoria 09561
9562,Categoria 09562
9563,Categoria 09563
9564,Categoria 09564
9565,Categoria 09565
9566,Categoria 09566
9567,Categoria 09567
9568,Categoria 09568
9569,Categoria 09569
9570,Categoria 09570
9571,Categoria 09571
9572,Categoria 09572
9573,Categoria 09573
9574,Categoria 09574
9575,Categoria 09575
9576,Categoria 09576
9577,Categoria 09577
9578,Categoria 09578
9579,Categoria 09579
9580,Categoria 09580
9581,Categoria 09581
9582,Categoria 09582
9583,Categoria 09583
9584,Categoria 09584
9585,Categoria 09585
9586,Categoria 09586
9587,Categoria 09587
9588,Categoria 09588
9589,Categoria 09589
9590,
9591,Categoria 09591
9592,Categoria 09592
9593,Categoria 09593
9594,Categoria 09594
9595,Categoria 09595
9596,Categoria 09596
9597,Categoria 09597
9598,Categoria 09598
9599,Categoria 09599
9600,Categoria 09600
9600,Categoria 09600
9601,Categoria 09601
9602,Categoria 09602
9603,Categoria 09603
9604,Categoria 09604
9605,Categoria 09605
9606,Categoria 09606
9607,Categoria 09607
9608,Categoria 09608
9609,Categoria 09609
9610,Categoria 09610
9611,Categoria 09611
9612,Categoria 09612
9613,Categoria 09613
9614,Categoria 09614
9615,Categoria 09615
9616,Categoria 09616
9617,Categoria 09617
9618,Categoria 09618
9619,Categoria 09619
9620,Categoria 09620
9621,Categoria 09621
9622,Categoria 09622
9623,Categoria 09623
9624,Categoria 09624
CAT9625,Categoria 09625
9626,Categoria 09626
9627,Categoria 09627
9628,Categoria 09628
9629,Categoria 09629
9630,Categoria 09630
9631,Categoria 09631
9632,Categoria 09632
9633,Categoria 09633
9634,Categoria 09634
9635,Categoria 09635
9636,Categoria 09636
9637,Categoria 09637
9638,Categoria 09638
9639,Categoria 09639
9640,Categoria 09640
9641,Categoria 09641
9642,Categoria 09642
9643,Categoria 09643
9644,Categoria 09644
9645,Categoria 09645
9646,Categoria 09646
9647,Categoria 09647
9648,Categoria 09648
9649,Categoria 09649
9650,Categoria 09650
9651,Categoria 09651
9652,Categoria 09652
9653,Categoria 09653
9654,Categoria 09654
9655,Categoria 09655
9656,Categoria 09656
9657,Categoria 09657
9658,Categoria 09658
9659,Categoria 09659
9660,
9661,Categoria 09661
9662,Categoria 09662
9663,Categoria 09663
9664,Categoria 09664
9665,Categoria 09665
9666,Categoria 09666
9667,Categoria 09667
9668,Categoria 09668
9669,Categoria 09669
9670,Categoria 09670
9671,Categoria 09671
9672,Categoria 09672
9673,Categoria 09673
9674,Categoria 09674
9675,Categoria 09675
9676,Categoria 09676
9677,Categoria 09677
9678,Categoria 09678
9679,Categoria 09679
9680,Categoria 09680
9681,Categoria 09681
9682,Categoria 09682
9683,Categoria 09683
9684,Categoria 09684
9685,Categoria 09685
9686,Categoria 09686
9687,Categoria 09687
9688,Categoria 09688
9689,Categoria 09689
9690,Categoria 09690
9691,Categoria 09691
9692,Categoria 09692
9693,Categoria 09693
9694,Categoria 09694
9695,Categoria 09695
9696,Categoria 09696
9697,Categoria 09697
9698,Categoria 09698
9699,Categoria 09699
9700,Categoria 09700
9701,Categoria 09701
9702,Categoria 09702
9703,Categoria 09703
9704,Categoria 09704
9705,Categoria 09705
9706,Categoria 09706
9707,Categoria 09707
9708,Categoria 09708
9709,Categoria 09709
9710,Categoria 09710
9711,Categoria 09711
9712,Categoria 09712
9713,Categoria 09713
9714,Categoria 09714
9715,Categoria 09715
9716,Categoria 09716
9717,Categoria 09717
9718,Categoria 09718
9719,Categoria 09719
9720,Categoria 09720
9721,Categoria 09721
9722,Categoria 09722
9723,Categoria 09723
9724,Categoria 09724
9725,Categoria 09725
9726,Categoria 09726
9727,Categoria 09727
9728,Categoria 09728
9729,Categoria 09729
9730,
9731,Categoria 09731
9732,Categoria 09732
9733,Categoria 09733
9734,Categoria 09734
9735,Categoria 09735
9736,Categoria 09736
9737,Categoria 09737
9738,Categoria 09738
9739,Categoria 09739
9740,Categoria 09740
9741,Categoria 09741
9742,Categoria 09742
9743,Categoria 09743
9744,Categoria 09744
9745,Categoria 09745
9746,Categoria 09746
9747,Categoria 09747
9748,Categoria 09748
9749,Categoria 09749
CAT9750,Categoria 09750
9751,Categoria 09751
9752,Categoria 09752
9753,Categoria 09753
9754,Categoria 09754
9755,Categoria 09755
9756,Categoria 09756
9757,Categoria 09757
9758,Categoria 09758
9759,Categoria 09759
9760,Categoria 09760
9761,Categoria 09761
9762,Categoria 09762
9763,Categoria 09763
9764,Categoria 09764
9765,Categoria 09765
9766,Categoria 09766
9767,Categoria 09767
9768,Categoria 09768
9769,Categoria 09769
9770,Categoria 09770
9771,Categoria 09771
9772,Categoria 09772
9773,Categoria 09773
9774,Categoria 09774
9775,Categoria 09775
9776,Categoria 09776
9777,Categoria 09777
9778,Categoria 09778
9779,Categoria 09779
9780,Categoria 09780
9781,Categoria 09781
9782,Categoria 09782
9783,Categoria 09783
9784,Categoria 09784
9785,Categoria 09785
9786,Categoria 09786
9787,Categoria 09787
9788,Categoria 09788
9789,Categoria 09789
9790,Categoria 09790
9791,Categoria 09791
9792,Categoria 09792
9793,Categoria 09793
9794,Categoria 09794
9795,Categoria 09795
9796,Categoria 09796
9797,Categoria 09797
9798,Categoria 09798
9799,Categoria 09799
9800,
9801,Categoria 09801
9802,Categoria 09802
9803,Categoria 09803
9804,Categoria 09804
9805,Categoria 09805
9806,Categoria 09806
9807,Categoria 09807
9808,Categoria 09808
9809,Categoria 09809
9810,Categoria 09810
9811,Categoria 09811
9812,Categoria 09812
9813,Categoria 09813
9814,Categoria 09814
9815,Categoria 09815
9816,Categoria 09816
9817,Categoria 09817
9818,Categoria 09818
9819,Categoria 09819
9820,Categoria 09820
9821,Categoria 09821
9822,Categoria 09822
9823,Categoria 09823
9824,Categoria 09824
9825,Categoria 09825
9826,Categoria 09826
9827,Categoria 09827
9828,Categoria 09828
9829,Categoria 09829
9830,Categoria 09830
9831,Categoria 09831
9832,Categoria 09832
9833,Categoria 09833
9834,Categoria 09834
9835,Categoria 09835
9836,Categoria 09836
9837,Categoria 09837
9838,Categoria 09838
9839,Categoria 09839
9840,Categoria 09840
9841,Categoria 09841
9842,Categoria 09842
9843,Categoria 09843
9844,Categoria 09844
9845,Categoria 09845
9846,Categoria 09846
9847,Categoria 09847
9848,Categoria 09848
9849,Categoria 09849
9850,Categoria 09850
9851,Categoria 09851
9852,Categoria 09852
9853,Categoria 09853
9854,Categoria 09854
9855,Categoria 09855
9856,Categoria 09856
9857,Categoria 09857
9858,Categoria 09858
9859,Categoria 09859
9860,Categoria 09860
9861,Categoria 09861
9862,Categoria 09862
9863,Categoria 09863
9864,Categoria 09864
9865,Categoria 09865
9866,Categoria 09866
9867,Categoria 09867
9868,Categoria 09868
9869,Categoria 09869
9870,
9871,Categoria 09871
9872,Categoria 09872
9873,Categoria 09873
9874,Categoria 09874
CAT9875,Categoria 09875
9876,Categoria 09876
9877,Categoria 09877
9878,Categoria 09878
9879,Categoria 09879
9880,Categoria 09880
9881,Categoria 09881
9882,Categoria 09882
9883,Categoria 09883
9884,Categoria 09884
9885,Categoria 09885
9886,Categoria 09886
9887,Categoria 09887
9888,Categoria 09888
9889,Categoria 09889
9890,Categoria 09890
9891,Categoria 09891
9892,Categoria 09892
9893,Categoria 09893
9894,Categoria 09894
9895,Categoria 09895
9896,Categoria 09896
9897,Categoria 09897
9898,Categoria 09898
9899,Categoria 09899
9900,Categoria 09900
9901,Categoria 09901
9902,Categoria 09902
9903,Categoria 09903
9904,Categoria 09904
9905,Categoria 09905
9906,Categoria 09906
9907,Categoria 09907
9908,Categoria 09908
9909,Categoria 09909
9910,Categoria 09910
9911,Categoria 09911
9912,Categoria 09912
9913,Categoria 09913
9914,Categoria 09914
9915,Categoria 09915
9916,Categoria 09916
9917,Categoria 09917
9918,Categoria 09918
9919,Categoria 09919
9920,Categoria 09920
9921,Categoria 09921
9922,Categoria 09922
9923,Categoria 09923
9924,Categoria 09924
9925,Categoria 09925
9926,Categoria 09926
9927,Categoria 09927
9928,Categoria 09928
9929,Categoria 09929
9930,Categoria 09930
9931,Categoria 09931
9932,Categoria 09932
9933,Categoria 09933
9934,Categoria 09934
9935,Categoria 09935
9936,Categoria 09936
9937,Categoria 09937
9938,Categoria 09938
9939,Categoria 09939
9940,
9941,Categoria 09941
9942,Categoria 09942
9943,Categoria 09943
9944,Categoria 09944
9945,Categoria 09945
9946,Categoria 09946
9947,Categoria 09947
9948,Categoria 09948
9949,Categoria 09949
9950,Categoria 09950
9951,Categoria 09951
9952,Categoria 09952
9953,Categoria 09953
9954,Categoria 09954
9955,Categoria 09955
9956,Categoria 09956
9957,Categoria 09957
9958,Categoria 09958
9959,Categoria 09959
9960,Categoria 09960
9961,Categoria 09961
9962,Categoria 09962
9963,Categoria 09963
9964,Categoria 09964
9965,Categoria 09965
9966,Categoria 09966
9967,Categoria 09967
9968,Categoria 09968
9969,Categoria 09969
9970,Categoria 09970
9971,Categoria 09971
9972,Categoria 09972
9973,Categoria 09973
9974,Categoria 09974
9975,Categoria 09975
9976,Categoria 09976
9977,Categoria 09977
9978,Categoria 09978
9979,Categoria 09979
9980,Categoria 09980
9981,Categoria 09981
9982,Categoria 09982
9983,Categoria 09983
9984,Categoria 09984
9985,Categoria 09985
9986,Categoria 09986
9987,Categoria 09987
9988,Categoria 09988
9989,Categoria 09989
9990,Categoria 09990
9991,Categoria 09991
9992,Categoria 09992
9993,Categoria 09993
9994,Categoria 09994
9995,Categoria 09995
9996,Categoria 09996
9997,Categoria 09997
9998,Categoria 09998
9999,Categoria 09999
CAT10000,Categoria 10000
CAT10000,Categoria 10000
10001,Categoria 10001
10002,Categoria 10002
10003,Categoria 10003
10004,Categoria 10004
10005,Categoria 10005
10006,Categoria 10006
10007,Categoria 10007
10008,Categoria 10008
10009,Categoria 10009
10010,
10011,Categoria 10011
10012,Categoria 10012
10013,Categoria 10013
10014,Categoria 10014
10015,Categoria 10015
10016,Categoria 10016
10017,Categoria 10017
10018,Categoria 10018
10019,Categoria 10019
10020,Categoria 10020
10021,Categoria 10021
10022,Categoria 10022
10023,Categoria 10023
10024,Categoria 10024
10025,Categoria 10025
10026,Categoria 10026
10027,Categoria 10027
10028,Categoria 10028
10029,Categoria 10029
10030,Categoria 10030
10031,Categoria 10031
10032,Categoria 10032
10033,Categoria 10033
10034,Categoria 10034
10035,Categoria 10035
10036,Categoria 10036
10037,Categoria 10037
10038,Categoria 10038
10039,Categoria 10039
10040,Categoria 10040
10041,Categoria 10041
10042,Categoria 10042
10043,Categoria 10043
10044,Categoria 10044
10045,Categoria 10045
10046,Categoria 10046
10047,Categoria 10047
10048,Categoria 10048
10049,Categoria 10049
10050,Categoria 10050
